{"type":"FeatureCollection","features":[{"type":"Feature","properties":{"shapeName":"Andhra Pradesh","shapeISO":"IN-AP","shapeID":"1811400B84418948762846","shapeGroup":"IND","shapeType":"ADM1","displayName":"Andhra Pradesh","coverage":"context"},"geometry":{"type":"MultiPolygon","coordinates":[[[[80.92809268890723,15.715255098144302],[80.93007900144268,15.71568484206064],[80.9312328335262,15.717934221891843],[80.92809268890723,15.715255098144302]]],[[[80.8118201062017,15.730490124925055],[80.81326267029227,15.730741405146414],[80.81174459651386,15.733212899333914],[80.8118201062017,15.730490124925055]]],[[[80.79396110068673,15.770116797698698],[80.79250994061721,15.770394449803257],[80.79280647269584,15.768960958775457],[80.79396110068673,15.770116797698698]]],[[[80.79034340178127,15.82852924078106],[80.7924342395882,15.830335255777673],[80.78963342458468,15.83231962718339],[80.79034340178127,15.82852924078106]]],[[[80.78820183970348,15.837083918707863],[80.78917218370373,15.839281071263777],[80.78742126480704,15.842839284449038],[80.78820183970348,15.837083918707863]]],[[[81.00598346650791,15.791062127708708],[81.0075594358081,15.791570197211499],[81.00798975038875,15.795735192246836],[81.00598346650791,15.791062127708708]]],[[[81.0180516702917,15.801232843343916],[81.0159667649589,15.808057965630253],[81.0121518571025,15.813775250671855],[81.00854701847862,15.816157497207822],[81.00520216307778,15.816314869140674],[81.00958284876474,15.813695033460226],[81.01190469283857,15.808696543870225],[81.00837159636826,15.798954323029507],[81.01242154213055,15.804186559471905],[81.01796655761346,15.797180798499667],[81.01931552623462,15.79322858387899],[81.0180516702917,15.801232843343916]]],[[[80.78609203307101,15.854621394062834],[80.78353631800285,15.85469358011521],[80.78738578494657,15.844842144063408],[80.78777108674498,15.852805597203139],[80.78609203307101,15.854621394062834]]],[[[80.7783207542605,15.86356969598149],[80.77529285054302,15.8634426952346],[80.78389136993238,15.857831420239137],[80.7783207542605,15.86356969598149]]],[[[80.26826078906137,13.564496252786313],[80.26311205548458,13.577297515770026],[80.24279481378788,13.615799194618049],[80.23387262870672,13.657050371117977],[80.23314455764366,13.682987828981636],[80.23505666753996,13.705602989540928],[80.24284376478434,13.746308306759897],[80.247878067367,13.762668579896578],[80.25469628037347,13.776494759309518],[80.25402770742663,13.790407620160087],[80.24495587200228,13.807356416117473],[80.22624844543068,13.855016105608668],[80.21916530846715,13.8784716080474],[80.21753663141601,13.877212094062356],[80.21809844587952,13.881375286616594],[80.20168041264048,13.909950935520307],[80.15647700788053,14.01971491528862],[80.1521063752399,14.025892545935438],[80.14275389534099,14.054832090721304],[80.14073884839458,14.075255640742567],[80.13658348084209,14.08279480442769],[80.13381286719843,14.09294579888706],[80.12968487760084,14.120479982665762],[80.12719956709475,14.150182032434703],[80.1273645768327,14.195930257886136],[80.13116931306514,14.228776286660722],[80.13616219433004,14.246135049568704],[80.13905502466643,14.251255586412801],[80.14036686951013,14.270869779454252],[80.14364737948553,14.286843535077015],[80.14931734613288,14.304389440012173],[80.16716734693543,14.344433313321462],[80.16829151125837,14.351042550104854],[80.17246996192043,14.384477911217303],[80.18082452762467,14.515133909585222],[80.18396638083934,14.534455101970817],[80.19485677650462,14.577258541387586],[80.19599454581258,14.58654774306306],[80.18786926879635,14.605141257466416],[80.17948056711127,14.609531535090715],[80.17439058604899,14.609284251903086],[80.17075701660742,14.614117313798157],[80.15172725025738,14.669200037419488],[80.14484733826227,14.697728386880813],[80.139120245051,14.712158957268421],[80.13552936265341,14.717945246668037],[80.12320622238188,14.728453504275306],[80.11803489527736,14.735776586366388],[80.11205885734135,14.73621067673877],[80.11298080011406,14.73904301651501],[80.10972105110324,14.739249614381597],[80.11111518611854,14.743869791483684],[80.09720816149088,14.780590680082335],[80.09250546391053,14.811818744765715],[80.09114264326772,14.81241979718147],[80.08845543550322,14.82520648913227],[80.08654421044744,14.848574708024476],[80.08680249944781,14.869631992959611],[80.08492367752264,14.882078416582017],[80.0791141405279,14.903481708303778],[80.06679020524734,14.935288213249633],[80.0554862404966,14.996551687926507],[80.05589100878721,15.001123493077342],[80.05282456105586,15.012167736890222],[80.04700170653702,15.080596743134075],[80.05444644684344,15.118910125909881],[80.06151855429192,15.141856924572727],[80.07040440701144,15.1657479588822],[80.0793236222623,15.180548799543764],[80.08370967538308,15.190950101563711],[80.08766078220961,15.205998820280609],[80.0895638029519,15.215548818678158],[80.08971514841603,15.23008351889133],[80.08382819461009,15.252512200228768],[80.08452715486806,15.269887627980106],[80.09187323141016,15.293644875303544],[80.09730454353432,15.305774813380179],[80.1063746748546,15.320724548620557],[80.11127478171021,15.345643639162091],[80.12306909365546,15.36827638161907],[80.13351568473948,15.383141871974612],[80.15013314037837,15.404050588290831],[80.1812133445308,15.438507717542493],[80.20616829249369,15.473408504344558],[80.21964567987038,15.522922546002047],[80.23076377779896,15.541592992544462],[80.22772236072468,15.551244732870694],[80.22818144025905,15.55710318174648],[80.23223501341849,15.578562794647565],[80.23872065214047,15.5994474763633],[80.23823648984671,15.602417381133016],[80.25661641402189,15.64372746655185],[80.28416631097296,15.68815487157462],[80.31068706020532,15.71842882386163],[80.34388872213948,15.74859944666792],[80.34560957711855,15.75158671614836],[80.38309447909089,15.777696451342118],[80.42769379646671,15.803025267101493],[80.42856219425859,15.805060488461972],[80.43305624643612,15.805826472783645],[80.49679481233716,15.836210377010442],[80.5279783164591,15.846197336423776],[80.53645035305642,15.85268720179586],[80.54394422042911,15.851848648919143],[80.57452438187023,15.862826081077692],[80.6047173649323,15.870646033647523],[80.63537353013464,15.87551394375394],[80.64022533996732,15.877626600332755],[80.67664750621249,15.880657247069006],[80.67902310547292,15.88183566987883],[80.68059160528152,15.885782459768025],[80.68590654425384,15.881902588595834],[80.71912516548227,15.880459127495854],[80.7484539979871,15.874425010620657],[80.76741277766673,15.865121550266977],[80.7744155522433,15.867685953961397],[80.77492024373622,15.864117194495778],[80.77845787939367,15.864840562284279],[80.78191292304557,15.863334022059291],[80.79938113536082,15.84927541949271],[80.80699850761032,15.840830391858528],[80.8125710609483,15.831509494960738],[80.81263331779074,15.81433688348779],[80.81568795537108,15.811261471358542],[80.80946325747621,15.812125441314203],[80.80243376969806,15.816480958328818],[80.80089133810071,15.80617605116234],[80.79141595968781,15.82104719379112],[80.7908478399493,15.819075926768829],[80.79242223540105,15.815849484201278],[80.79085008034762,15.817759598073197],[80.79034461181196,15.820153109494822],[80.79117536839681,15.82280185717118],[80.78893819143683,15.832320682416793],[80.78769634062515,15.832969669791513],[80.78579670563315,15.831130950359048],[80.78544040324876,15.833298763008523],[80.78037956982249,15.839076402688391],[80.78015043384802,15.84203470280135],[80.77960863025578,15.83568081663815],[80.78944585545504,15.815477965630102],[80.79423305485922,15.801726082442206],[80.80415580506342,15.784679446782707],[80.80369854641413,15.782151564083653],[80.80724044727256,15.770839991722962],[80.81106477037146,15.764760280230993],[80.8158197588845,15.740963677491038],[80.81452400825744,15.739658678397209],[80.81326085030553,15.729054673965136],[80.81555996161276,15.72123638890299],[80.82225272309319,15.710805892244585],[80.81669306057954,15.717380752443182],[80.81355844239621,15.725567366682387],[80.81140858258016,15.727447482351392],[80.81022206529502,15.735649002793897],[80.79853158242695,15.74409609643924],[80.79119684621695,15.75402032383594],[80.79080049244561,15.761139572319962],[80.7924028704185,15.76758666728426],[80.79129506351853,15.766733456504065],[80.79084870502689,15.768326507826604],[80.78927362236392,15.764253064271857],[80.79033580113563,15.769054473395538],[80.79818503664484,15.774226997281778],[80.79962800946889,15.777159914561029],[80.79044068483495,15.770243800868878],[80.78769544949637,15.764648223010793],[80.788409190634,15.757614826934018],[80.79013962524726,15.753053500162704],[80.79806368862299,15.742803483235402],[80.80920846471889,15.735352164150315],[80.80977960818663,15.721977191138023],[80.81568796974413,15.713809937636935],[80.82149444348376,15.709726636419933],[80.83096260213672,15.706925928582207],[80.84368507858635,15.706945622018505],[80.92464640742261,15.719471931591357],[80.92800923362071,15.721985158551899],[80.93629997761732,15.71659493984118],[80.93933965106166,15.716773395012973],[80.96156280787247,15.727951467213881],[80.96200375670949,15.733139040957461],[80.96863497640638,15.73318283770948],[80.97338383751091,15.735049162699866],[81.00851532681371,15.754527186678457],[81.0087846722786,15.76089875087213],[81.01443565752403,15.772272910146675],[81.00965817070468,15.781239427616288],[81.00908452183563,15.789029096147175],[81.00738285576932,15.790258448245075],[81.00541064858048,15.789489893031462],[81.00600765274864,15.78402145521542],[81.00283292388953,15.786312804852296],[80.99930448787893,15.79682652997494],[80.99525824227726,15.803510025052995],[80.99841937603286,15.812452793145464],[80.99841921074282,15.814080507079188],[80.99625089144601,15.815587189196263],[81.0008980839216,15.832426031153222],[81.00288185512306,15.822503080463486],[81.006882297425,15.821005381396317],[81.00560389506272,15.821654812182228],[81.00575171374103,15.828534158381915],[81.0033664620829,15.834554424595373],[81.00473980559092,15.83819245067018],[81.01215445413197,15.845804923348616],[81.01487362754754,15.85095901654996],[81.03995096557797,15.87403940508334],[81.0569763641537,15.896147391390189],[81.07146520872624,15.911500036608992],[81.10825471675234,15.944376336951501],[81.10841424317377,15.946131025504455],[81.13950596013485,15.96980180901234],[81.14335866460688,15.969735547454178],[81.14800588672688,15.974086334832535],[81.14833212788858,15.979453587217984],[81.14514600300181,15.98717379409101],[81.14268490927915,15.999794935920475],[81.144040131073,16.00097600516096],[81.14550232425083,16.013329623021992],[81.14957966683266,16.024735704040108],[81.17668007915489,16.072275609695964],[81.1913211989479,16.103204137318986],[81.19759668758897,16.123815372991242],[81.20305013959161,16.157278597015864],[81.20440138813693,16.158688940187577],[81.20608579397334,16.17164568573034],[81.20923353923793,16.181263559242215],[81.20711168799411,16.187380162298357],[81.21017469338132,16.19314601632222],[81.21371834236128,16.207592186625856],[81.23794286657336,16.2468783335306],[81.26368225847663,16.273809832509517],[81.26501165819761,16.278503780322286],[81.26995522913997,16.279445541514598],[81.30529853310193,16.303904893360734],[81.34155832526625,16.322434326015337],[81.39066257611256,16.339968252948154],[81.39254574229045,16.340963940098472],[81.39243637509955,16.342678758277064],[81.39575914092757,16.343108266887988],[81.39587826831405,16.34158305659497],[81.39849782305616,16.34082191070755],[81.4279915404331,16.34751978121452],[81.48359598001409,16.353506146529536],[81.48717976482261,16.355438549614863],[81.4872963257223,16.354325487924875],[81.49133315428483,16.35310854777748],[81.5113950480654,16.35507871059219],[81.53594849131709,16.352980061936726],[81.53816263008328,16.352661628560416],[81.53768123100735,16.350917387154038],[81.5391272374421,16.34933571971738],[81.5426051468113,16.351297242165412],[81.54127025299404,16.34939502033414],[81.54701968640803,16.34800492966623],[81.62725492945805,16.33834631034555],[81.6754433227194,16.329063417910103],[81.69056929561059,16.327848234263136],[81.69900440785649,16.324802095714958],[81.71065175631958,16.316913285862487],[81.7174185973699,16.30923123861286],[81.71654987079461,16.307349976586316],[81.7207766975313,16.3069322297365],[81.73390864046044,16.315400140375353],[81.74503965346788,16.320332659430665],[81.74831388691433,16.324283758279645],[81.7762056332552,16.3367013600673],[81.83507171190237,16.36732550945259],[81.84974668201194,16.373229889898226],[81.86701107108075,16.379496167571723],[81.90595783924422,16.390222404696843],[81.92975349246831,16.394124839754877],[81.95628552723555,16.396051852339387],[81.97291258676316,16.409698789478707],[81.9920413600339,16.420409003699735],[82.01206401360622,16.42785134646344],[82.02588514851294,16.437127789102725],[82.03207080832053,16.438982712572503],[82.11117609381228,16.480130242753212],[82.12179778720642,16.483576241405128],[82.23304005315426,16.541740960680944],[82.2482502538831,16.546572686130983],[82.26157488274573,16.552798961934524],[82.27284796251871,16.554393915686507],[82.28761839389857,16.553844698389426],[82.29946410025782,16.556011159744823],[82.31183685897408,16.56157797050508],[82.31283059779923,16.563559276759747],[82.31365478230947,16.558804624327113],[82.31341533367555,16.5648890735105],[82.31081901295994,16.567674388107466],[82.31372135915012,16.574786265201308],[82.31762584790499,16.57560849384868],[82.32138459398817,16.58090407535997],[82.32123542693861,16.575450950750422],[82.32313782514841,16.57780386735421],[82.32995248711455,16.612804924470954],[82.32955565364286,16.623116022374365],[82.31695156796117,16.658699324839606],[82.31715960340794,16.66198659258372],[82.32903636722152,16.67677542383933],[82.34184471542575,16.684724058033122],[82.3495035000099,16.692196080404038],[82.35218006992478,16.696867321215358],[82.36142130156061,16.704939675327548],[82.36594347280315,16.706840473687848],[82.36396898119852,16.7099460047665],[82.35951296548677,16.711554745829122],[82.3594864723724,16.70827246800211],[82.3566691077064,16.70660961473877],[82.35707301002107,16.709125235796304],[82.35521765748103,16.712981246597852],[82.34842573277302,16.716228489858928],[82.34418885748157,16.747778756402244],[82.35847018224034,16.80965720507839],[82.36620429684923,16.87850502307234],[82.36696174731367,16.911335489591412],[82.36019740357985,16.958949676793594],[82.35637901924326,16.968502349966222],[82.34679419907928,16.981614833165313],[82.33676591030392,16.98966564230369],[82.32606597454684,16.991232405094806],[82.32476173843362,16.985546284032498],[82.33411111285658,16.975719778786072],[82.33845271913374,16.96515437797667],[82.34701381470838,16.96159766132176],[82.35151493483053,16.95812113948559],[82.3585581407814,16.940680491246702],[82.36273612970933,16.918056332411947],[82.36108021214554,16.898384715605836],[82.36251820740456,16.88856361760652],[82.3612978164467,16.876676524696556],[82.3621999342994,16.871236960264998],[82.36114512979785,16.85459293465703],[82.35997865662164,16.854795863638337],[82.3594968470156,16.86202564649552],[82.35816228377838,16.862892050151142],[82.35595553096046,16.859420860587964],[82.35485034264957,16.85131241770299],[82.35373491174778,16.851051031063182],[82.35286060304132,16.859040782905],[82.35091696497346,16.85807141723632],[82.34940052163729,16.85056869568166],[82.34826918426678,16.851040099429976],[82.34822740362293,16.85464474093637],[82.34460728285947,16.858234991824716],[82.33952694521174,16.85436675239673],[82.34029664420507,16.857833492029126],[82.3391802260548,16.860032210441634],[82.33262175013296,16.863837032790602],[82.32177803991294,16.859200261015413],[82.32060875950148,16.854747694042473],[82.32211142088457,16.852613457152582],[82.31852247166145,16.850545227214283],[82.32038282871594,16.84907330563659],[82.31840475732493,16.84945601011422],[82.31717793622624,16.84569526070814],[82.31421192733018,16.845950856484126],[82.31088919563813,16.855264759353314],[82.30981668893557,16.865959633657198],[82.30341221120288,16.8738099803853],[82.29910868990049,16.874647674054582],[82.29498227594794,16.87232606563304],[82.29187905029053,16.864297543088746],[82.29163901685337,16.871368982879545],[82.2904069190507,16.875412835989987],[82.28859650024118,16.876680854635165],[82.28704567568411,16.87607453503656],[82.28568408573324,16.868918132198193],[82.28321876004729,16.864728355451362],[82.28172507013896,16.865255975248708],[82.28491220473211,16.872808969604655],[82.28292949174602,16.877433861860215],[82.27973711458488,16.87711186140415],[82.27939260528352,16.871277326904643],[82.27633865760933,16.87005868505529],[82.27519973935613,16.867589126480038],[82.27359310786038,16.869249833274083],[82.27236339059323,16.868242633674722],[82.27160884977202,16.871495428851848],[82.26993520754932,16.872345664707993],[82.26548362682013,16.8704205408276],[82.26685696583661,16.87262567104268],[82.26418354900834,16.882614644362885],[82.2587359153938,16.889000439747466],[82.25097955131193,16.8808611478654],[82.2495131576118,16.877679639965503],[82.25086271552777,16.876763873903776],[82.24825987214484,16.87606633159454],[82.25007667168785,16.881266263229627],[82.25455892269748,16.886167808295532],[82.25101716736611,16.90306622943995],[82.2482424421334,16.90476192286523],[82.24821237372419,16.93045892907657],[82.24922119616132,16.935154277378796],[82.25159639567143,16.938028169706044],[82.26151631977577,16.93719560351192],[82.2696287032727,16.940230403020866],[82.27360913829662,16.947102985931018],[82.27786615471507,16.950771120778164],[82.27624067027644,16.951811281504128],[82.27136210052976,16.948026467887985],[82.26938000109301,16.950163754903862],[82.26861188403291,16.954624565825224],[82.27142593571216,16.956160756343685],[82.27736501246584,16.98043703716961],[82.28087478597645,16.986517261842476],[82.28770468336982,17.013003408186016],[82.3035656721995,17.038686570103973],[82.31948871485241,17.05738700359683],[82.422118153045,17.156063155987002],[82.4561526403841,17.185446189975224],[82.50039882014025,17.220056863957364],[82.54905095249734,17.253857570511364],[82.59390682512503,17.28144688145283],[82.6800386285646,17.331194139561674],[82.72622916504079,17.355223329558854],[82.77670505888437,17.37797144185045],[82.81871218330325,17.394627957252904],[82.81844899129806,17.39663446581503],[82.82528824913668,17.400299601085344],[82.86922509312642,17.4165447320838],[82.87255024487982,17.420276629757673],[82.87770509328875,17.4209886968793],[82.88933695569465,17.428187433021137],[82.92414909481226,17.44224359010879],[82.94214521198568,17.45141498423532],[82.94539641622154,17.45149482185925],[82.95047490244143,17.456382521820824],[82.9559879477817,17.459261973699476],[82.99018002477449,17.472910224046707],[82.99195669387879,17.472533112585197],[82.99183450683049,17.473759807408562],[82.99545608196641,17.47579217622373],[82.99551923532749,17.47788867502318],[82.9931385525009,17.476257688205244],[82.99429337812113,17.479865713131026],[83.00480192421367,17.487984033454918],[83.0040528577258,17.491515785002147],[83.0076784645007,17.49751868905758],[83.02040187789318,17.507028915849926],[83.05553366723329,17.522199805109896],[83.06587110223053,17.52468134142943],[83.06681265163266,17.526668608087906],[83.07029810505357,17.5280638663181],[83.08878201730772,17.53217389377399],[83.09162966687691,17.534034714308717],[83.0914104267436,17.536731058446474],[83.10225951158395,17.54174078961299],[83.12706636867897,17.550753125949928],[83.16187074814917,17.560089160961674],[83.17192978715504,17.566781957002693],[83.17055628734012,17.57024909182004],[83.17516586645644,17.574386330586094],[83.21292661500142,17.59100498987014],[83.21574921594721,17.593731641849505],[83.21547355532587,17.59626179481826],[83.21744322028245,17.598641723130143],[83.22683875194134,17.6036904089032],[83.22850181650158,17.606716211593145],[83.23524269893511,17.611720194060403],[83.2380466185163,17.612312569797126],[83.23388431776645,17.615146867017287],[83.23257442675849,17.620230988691507],[83.23956068491023,17.63158383396011],[83.24688047405222,17.63754669376727],[83.25925692933585,17.64349581170912],[83.26090175719747,17.647507457797715],[83.25972945395507,17.649855563413006],[83.28205928211261,17.66067517608891],[83.2849922707355,17.66666778504038],[83.29471664148392,17.674855348540657],[83.29527167276875,17.68166120065366],[83.29737372155041,17.68560686414215],[83.2963890260652,17.685069352249954],[83.29476301072226,17.689652486966384],[83.296129518051,17.6928764283609],[83.29928498433544,17.690568744879165],[83.29675341238887,17.693654162162044],[83.30019857547097,17.695376866877623],[83.30607722255546,17.69326020353869],[83.3061926407981,17.688398341968703],[83.30661852578609,17.69586618037621],[83.30818509691177,17.69750919383583],[83.3064746578984,17.696307170206754],[83.30554441559079,17.69350654502709],[83.30051494684267,17.69647105992573],[83.30444712975942,17.699375678553725],[83.30581791306892,17.697821080422262],[83.30607817656629,17.701507108229922],[83.32577821278072,17.714107990240038],[83.34264063630266,17.72216563503586],[83.34680636143035,17.726274120991867],[83.34732738519344,17.728671876042647],[83.34494791419415,17.731154589073075],[83.34429942667875,17.737789873742784],[83.34701847163524,17.742736212893185],[83.3509030671981,17.746143021211136],[83.3507522634181,17.749702516933816],[83.35438307593013,17.755658543409062],[83.35958463763215,17.760418174391024],[83.37367593008076,17.768132090841533],[83.38571517756968,17.77723841804718],[83.38704885147477,17.77976144858007],[83.38582713011195,17.78138777705255],[83.38643195052141,17.786035297965846],[83.39118336553625,17.793059112874815],[83.41136976671349,17.8098746530031],[83.41196838335759,17.813604960247904],[83.41663769684703,17.821927919244153],[83.41733047400088,17.834372429412205],[83.41340618188559,17.836482142735793],[83.41173767353474,17.841372885748616],[83.417861036974,17.85412757736219],[83.42392745710569,17.860247392050354],[83.4447212766202,17.87303517569805],[83.44764024793137,17.879960561749595],[83.45677672971681,17.889413370478096],[83.45666560721787,17.89463101452358],[83.45516730446053,17.89636865211238],[83.47150797299072,17.912573327556462],[83.49564535253542,17.927888929352022],[83.4994819753672,17.931972799472128],[83.5128372996631,17.93769238813802],[83.51568675484603,17.942469965726367],[83.53157335554279,17.951076321056863],[83.53232787570272,17.954275039184115],[83.54182062663496,17.961260497101318],[83.55076086515837,17.97590534602195],[83.5582691873223,17.982515645847627],[83.56096837501944,17.988569469220582],[83.55903141233247,17.991277760347778],[83.55881840650726,17.99666935671965],[83.56863683805244,18.00986112798744],[83.60554743358892,18.037023471508153],[83.63176100301155,18.052712509364035],[83.6607324758149,18.075105058860785],[83.69275811098979,18.096619004132645],[83.7497032385216,18.128911165120506],[83.80957112376353,18.15612216473861],[83.8603492710558,18.1743632991773],[83.87235324439844,18.18247684475991],[83.87842460706084,18.190348905328047],[83.88941565985206,18.196172809237794],[83.91364048410145,18.204758909676574],[83.93584076800849,18.209115588069203],[83.94534349832523,18.21590409338653],[83.94773625989913,18.215828958906986],[83.96139043931703,18.22199313545502],[84.01299745763036,18.250219754133266],[84.07169591693373,18.276560613612105],[84.08015245310088,18.28430743315467],[84.11198073110278,18.302090780973828],[84.1284979428408,18.313395944599954],[84.13014437509351,18.317168915402597],[84.12729676145695,18.33382554202358],[84.1302544941743,18.341553151502044],[84.12884160862407,18.344211418929802],[84.13102267501479,18.345788354356262],[84.133044833025,18.350815983484726],[84.13383439376925,18.34912621195604],[84.13243241286827,18.34611306146318],[84.13450979481057,18.345842284949352],[84.13627956754846,18.350693532564858],[84.13500169429385,18.352477514902237],[84.14840261437864,18.37383391614223],[84.23115471856411,18.45375525949924],[84.25471734071867,18.4747603961724],[84.28547199541215,18.500987065298393],[84.3233823233334,18.52918330608009],[84.35468481200965,18.55499387529996],[84.35774160554664,18.564600204200577],[84.35537270771823,18.56638345672994],[84.35705406826584,18.573524379289065],[84.36834462745762,18.593212089659257],[84.38500306693471,18.610434358599232],[84.43980545379908,18.659574858706588],[84.43717010667426,18.6579838481126],[84.44114716672767,18.66387462952053],[84.44359501658809,18.676046521149402],[84.45316437045784,18.692987086092334],[84.46961938823546,18.714499702936358],[84.48683648100459,18.732019033370673],[84.49367165420364,18.74089523469259],[84.51172715540719,18.757948622287554],[84.53094931483996,18.77160756530102],[84.55145176848697,18.790563144748063],[84.55404869197217,18.79612606427868],[84.5540477433512,18.80392052669618],[84.55778964063292,18.817828527787007],[84.56254532264538,18.824973036885485],[84.5748604122153,18.837725016135803],[84.57664114529798,18.845991490189185],[84.58445799564285,18.863545023786955],[84.60357139334921,18.889799620895126],[84.63668349504617,18.922327553748612],[84.67095030019247,18.952556937928385],[84.68442758785619,18.967547924715305],[84.68432150400767,18.968995756826164],[84.67633844557226,18.967756281744574],[84.68689831960351,18.970942328926643],[84.74394993881901,19.044978198665195],[84.76474238480944,19.07727724241187],[84.74991688760102,19.083387955113757],[84.74425156075208,19.089963161196163],[84.70609748485995,19.11660871279175],[84.70069331982369,19.11875010678612],[84.69934058276993,19.12307420562277],[84.70042049787862,19.12674669790535],[84.69573128401068,19.1273339710962],[84.70402113418358,19.141919923624133],[84.69825266367205,19.14386256052636],[84.69915634189842,19.14551817128201],[84.6979427547805,19.145290706503577],[84.69907010183452,19.147956495633917],[84.70841342879899,19.147354733490868],[84.7127527326941,19.153217937841944],[84.71044072068105,19.158506154073294],[84.70787389704608,19.160565862912293],[84.70262162005638,19.160202261864267],[84.70129317524454,19.162069431319132],[84.69481509494734,19.161658623930894],[84.69411544119001,19.160353372913026],[84.69078726121577,19.162109585223114],[84.6822384474077,19.16089068616251],[84.67861309216109,19.1661845289715],[84.67564453115128,19.16768745387382],[84.67115263043887,19.16698907514463],[84.67040892958819,19.16545727957927],[84.66879067748589,19.166945533448175],[84.66662341011629,19.163891289996304],[84.66581669424507,19.15507199520862],[84.6689010202472,19.15713048766125],[84.66954207869522,19.14911575070602],[84.66762949628503,19.13883720245308],[84.6645793026704,19.132731682617177],[84.66520619019481,19.13074747677233],[84.65783073245468,19.132392597619024],[84.65214865741557,19.13026451670665],[84.64195873566946,19.13461464377421],[84.64150782810924,19.130597505582664],[84.6354156442952,19.13155784469817],[84.63200787268848,19.12992819767636],[84.6289000898776,19.130565414347778],[84.62873388268544,19.12759545441339],[84.62765546596664,19.127567954173404],[84.61203202852897,19.128777603943064],[84.60507051896334,19.130071367082007],[84.60114757252431,19.132821132393264],[84.59339876417232,19.133345877919794],[84.59387600943838,19.129685673133807],[84.60072230557724,19.12751502370965],[84.59973726963055,19.124071151281196],[84.60339375689168,19.118433073778696],[84.60629225110594,19.108428427338715],[84.60916253732195,19.107742220424814],[84.60742737128209,19.10167488761155],[84.61654986719692,19.100977160854725],[84.61753665935,19.10528768137497],[84.62336283583876,19.0999835359059],[84.6227861560539,19.096526915362848],[84.62056501222511,19.094756387816048],[84.62289935366115,19.09255880602022],[84.6220000071111,19.089207579740442],[84.62389065625528,19.088558535271442],[84.62338454542422,19.08580720870935],[84.62830877563846,19.085281931992174],[84.62982100318101,19.087454279270975],[84.62908785843324,19.082993643270974],[84.6322178754457,19.08955652941832],[84.63467535075438,19.086837561961058],[84.63472960360765,19.090626136716743],[84.64213255967697,19.093792750045633],[84.644929766148,19.09714571961587],[84.65108011228345,19.09397105756464],[84.6568618095892,19.09530797625995],[84.65656912229997,19.092837875789655],[84.66149733205093,19.08873168360016],[84.6613662912072,19.083275559554764],[84.66874910974278,19.077207862171615],[84.66737575006503,19.075254289895597],[84.6609790220983,19.075487449257814],[84.65903103887945,19.063924075786897],[84.65547917750114,19.065194140745664],[84.65586018355586,19.066444914412493],[84.65257329644028,19.066783677804395],[84.65184208037542,19.068422459996988],[84.63951079238429,19.06816610466611],[84.63501422133069,19.060873239437374],[84.62890941798354,19.061316332344017],[84.62776994007993,19.062597764033047],[84.62853507473328,19.0655011730191],[84.62571892009795,19.06710482226942],[84.61620547647318,19.06677340281496],[84.61494321234494,19.061831967570352],[84.6203223027067,19.061001159157055],[84.61864191683115,19.057043293799715],[84.6155071378494,19.05543740668541],[84.6113264198396,19.057470500464127],[84.610710874444,19.05443343829328],[84.61216854190944,19.052844571670235],[84.60375670680916,19.042607749733797],[84.60227954769869,19.0365079271857],[84.59988543865182,19.03335359283841],[84.59918388046607,19.02619833372912],[84.59359130727367,19.026465843255504],[84.59205891434965,19.023177896847432],[84.58569244433663,19.025999465387557],[84.5841359621899,19.028801106467775],[84.57957319518137,19.031008912983925],[84.57916789598643,19.03843454188067],[84.58118805255016,19.043399297163514],[84.57519187528378,19.04139016756079],[84.57657695797597,19.046577134941888],[84.58094956241865,19.050154566463974],[84.57941617056804,19.05393626153486],[84.57971775117856,19.05982267738846],[84.57835231194669,19.060938301392344],[84.58126611345341,19.069056942851255],[84.58083954394917,19.074094439617134],[84.57451995521419,19.068523447116853],[84.57259221912351,19.06848054680758],[84.56946522045041,19.070489947710932],[84.57176581667284,19.074181092255603],[84.57075204092524,19.074633038538536],[84.56410143378785,19.06899411955457],[84.56023070192474,19.062668646421507],[84.55449538823035,19.0575017117931],[84.54116335814805,19.05597809044674],[84.5244088887671,19.047193880626388],[84.52201191858605,19.049627132924233],[84.5142703425704,19.0493576440467],[84.50962870168327,19.041174287438224],[84.50460297172337,19.036051102023283],[84.49450221944731,19.031805770626274],[84.49072674763188,19.028345257102817],[84.49018625019006,19.025055729222743],[84.48672699254114,19.02044380867241],[84.48293835322023,19.02017454504966],[84.48058540767464,19.0175009223919],[84.48076126097635,19.005228940736856],[84.47621056912185,18.99214500980931],[84.47395560102768,18.99029928438464],[84.47230685471474,18.991067337949428],[84.47212406372412,18.993440309115403],[84.46758936457664,18.992661115428106],[84.46328638944992,18.995714390418836],[84.46305353804344,18.99290689493771],[84.45892102093686,18.99441342800626],[84.45850748239414,18.998214782662053],[84.45544946355507,18.99957774784477],[84.45331530090031,18.998230039277],[84.45266631661654,19.000646313710394],[84.44658307014126,19.004348198593892],[84.44278975778427,19.00537343669774],[84.43956191423739,19.00445643992534],[84.43851637945122,19.008337515257544],[84.43507967760077,19.008053925869238],[84.4334814732007,19.011114516391412],[84.43058185968557,19.011718794174605],[84.42956356451378,19.01440392696525],[84.42254114557863,19.014872585462946],[84.42369565768686,19.02012571452186],[84.41904914074435,19.022907913238306],[84.41997253070298,19.013666557768573],[84.42201618539796,19.014115624955434],[84.42619588292158,19.00859557415674],[84.43045597427326,19.00747809515907],[84.42982366811107,18.995727673267666],[84.44124625270015,18.9926554490056],[84.44161003625423,18.986238741804303],[84.4499928952967,18.978590426342784],[84.44256148059921,18.973959695024014],[84.44369786470497,18.97256177759365],[84.44101746796694,18.97004148146822],[84.43497889560904,18.971485083402232],[84.4287668774344,18.969995251074128],[84.42721492998326,18.965697532044558],[84.42961757122869,18.963418489858416],[84.4301887775785,18.959904083351528],[84.42411732238962,18.95394553549973],[84.4222003526076,18.948423481024],[84.42886141164331,18.937285028869073],[84.42561287989544,18.93321694469765],[84.43621778377693,18.93333561572685],[84.43740099705849,18.928240255672225],[84.43604308301376,18.921814217413676],[84.42902712655875,18.917852547421663],[84.42837391839652,18.913133977180276],[84.4262699166774,18.910242161022538],[84.42228853932073,18.9116141190153],[84.41845722732891,18.918930407666387],[84.41692386871595,18.91901299247194],[84.4143293518174,18.915337567546462],[84.41836514013083,18.912300418422483],[84.42015064955584,18.906622201656702],[84.41875641482754,18.901392124363177],[84.41603662965927,18.89847370252415],[84.41081073978272,18.898459938543883],[84.40762788835683,18.896370200501625],[84.39801229640278,18.896556710403555],[84.39220470605726,18.901907430504327],[84.3916877175264,18.90555310141745],[84.38670142720075,18.904151079142974],[84.38346984306901,18.90155447437167],[84.37681653469758,18.90544321091519],[84.37603913265069,18.904515643135493],[84.37847796881556,18.901429976980136],[84.38301059375306,18.89908711510413],[84.38307947656907,18.897119430227693],[84.38803831348133,18.897220689542774],[84.39393981729991,18.89435952235993],[84.39535283849573,18.891936526750353],[84.39638463354959,18.885074174667828],[84.39557837581916,18.883261338070906],[84.39316437986855,18.883286188580826],[84.39333826945303,18.880954290835074],[84.39011526333397,18.877531662506286],[84.38621327099726,18.885378553105166],[84.3793199911724,18.887697147108526],[84.38129497415547,18.883927660588895],[84.37983568702754,18.882642855229538],[84.3718847155158,18.887980424321068],[84.36880158786622,18.88773356811489],[84.36289455761204,18.890932314876302],[84.35812168992989,18.89555134147566],[84.36046501092551,18.88833311924568],[84.36402523112751,18.886609198164813],[84.37039468175067,18.879339694076066],[84.37359218559716,18.88044605240277],[84.37671859317878,18.879438177884403],[84.38219184764354,18.875429049186845],[84.3769722244144,18.872966948257858],[84.37533835060935,18.865725143067138],[84.37231564005253,18.86272573313972],[84.36801516493726,18.86201977146209],[84.36454483465415,18.865298236321706],[84.36262845865856,18.862548983514166],[84.3601354558787,18.862125546340113],[84.35595135840681,18.870436536526576],[84.35405991694854,18.8706671146099],[84.33662606339628,18.88950369206004],[84.33065589325571,18.88304619065548],[84.32572679686754,18.875922677649417],[84.33106302142056,18.86751991119792],[84.33318278587795,18.860344137351728],[84.34175656566441,18.85408686930695],[84.34511085337574,18.84887912169532],[84.35983137615501,18.843169427780136],[84.36290633362708,18.839975999038625],[84.35760583417459,18.83254727468865],[84.35008041796914,18.83284705097158],[84.34763020643781,18.821490433967032],[84.34066742575607,18.822845018592254],[84.33647510959763,18.82047390397561],[84.33259702322728,18.821348464213212],[84.33163103964944,18.818847259030196],[84.32884188747325,18.81892476843264],[84.32888113756295,18.81672686015013],[84.33207292363262,18.816370756312516],[84.33501017296491,18.812286729323397],[84.34010199647183,18.80896465274058],[84.34245589962153,18.80304390126136],[84.33467107780977,18.80184955762908],[84.33461906894807,18.799420169820536],[84.32539044157404,18.800218033318547],[84.32219390341648,18.796086823848338],[84.32297400400246,18.791701235891928],[84.31897995411211,18.787960366782166],[84.310201700699,18.791490173988734],[84.3084769829642,18.794426474052614],[84.30325562149501,18.795447886340554],[84.30258279502527,18.79929767669934],[84.28694744053708,18.804938609166648],[84.28446663598044,18.793490560457688],[84.27392922881447,18.789900797465346],[84.2655289963544,18.785217909238927],[84.25769377097038,18.78402325289484],[84.25456759425576,18.785331096625466],[84.25290917218892,18.78849347071681],[84.24700421794132,18.78674303035693],[84.24111412991338,18.789575950136808],[84.2415596942943,18.792466986414283],[84.2392584827259,18.792328872670794],[84.23877994568247,18.79809516050846],[84.23471862365543,18.799501550655474],[84.2318088951102,18.79572041781275],[84.23022931907418,18.798102710351714],[84.22428743059369,18.79971534502565],[84.2218835766226,18.798040664372657],[84.21983321600406,18.798781749249784],[84.21717507323059,18.795866240295577],[84.21237950781615,18.796371759185643],[84.21175392195062,18.794944919323004],[84.2168956729227,18.7921334968719],[84.21606511217058,18.791055693423655],[84.20556407419717,18.7900935097268],[84.19843712100734,18.791434445989054],[84.19809562914703,18.793153547084437],[84.19608567385163,18.79175528590264],[84.19332701768269,18.792620560803982],[84.19140232508417,18.788686660838817],[84.19222249143016,18.784424454925958],[84.18792609556462,18.778648810454897],[84.18119102612927,18.78319973464262],[84.1737634454414,18.781022908521525],[84.17278105862646,18.783066164191354],[84.17027517759867,18.783835645019494],[84.16770647019656,18.789154164317814],[84.1635766507308,18.78869329857476],[84.1614839758691,18.79024088147986],[84.156331141483,18.787791389023916],[84.15661070708089,18.784175477635088],[84.15514120341327,18.783913541353996],[84.15449779946405,18.78551503564036],[84.14975246155211,18.78447546089601],[84.14421227900543,18.778096932045994],[84.13838131180124,18.778204656354962],[84.13690583613361,18.769736130031102],[84.13999215998896,18.765234255039953],[84.1355760645101,18.76245252305207],[84.1298298659294,18.761807461394085],[84.12779014046552,18.766054610230608],[84.12267867529488,18.764868562726484],[84.12038227061159,18.768872343431912],[84.1157088051089,18.766465115070403],[84.11149196404489,18.76779792607687],[84.10127648612726,18.7611905422917],[84.09488419943128,18.76146369311019],[84.08924055881165,18.758482556064166],[84.0897051369339,18.763813786791932],[84.0869671725592,18.763940180067316],[84.08759284106974,18.764904526390048],[84.08512559029414,18.765024534499272],[84.0853447639521,18.766314471684563],[84.0829082535255,18.765682897711994],[84.08276731145071,18.767418539450453],[84.07917806668185,18.7651086750246],[84.07771777613576,18.765419383813303],[84.07834275114693,18.7662599227399],[84.07598928727342,18.76569145862573],[84.07384271079972,18.775646474588335],[84.0689947134171,18.77898707076016],[84.06810463927741,18.782138362275084],[84.06598736315334,18.78321914926993],[84.06000861230515,18.78228773281023],[84.06067081889157,18.784721019718006],[84.05737954530247,18.789197059871622],[84.05883262866502,18.790678046424304],[84.06174027401708,18.790556829401552],[84.06148011562262,18.79216442527961],[84.05991464313654,18.792239071675695],[84.0598421131605,18.791502026465892],[84.058513917182,18.79156234252454],[84.059620097233,18.791634528888483],[84.05935933696723,18.793241890816148],[84.05739169142343,18.79258748004949],[84.0599914643647,18.799002732069045],[84.05675667055243,18.799398665095396],[84.05786819468105,18.80007924562292],[84.05648682382761,18.80099587413467],[84.04908687801284,18.799977810330297],[84.04467804181981,18.802507615370782],[84.04397803053294,18.805964064045323],[84.04225012737217,18.806956868424322],[84.04359980835731,18.813783004676047],[84.03648167123366,18.817339839618054],[84.03577817089028,18.81394655001139],[84.03110319442128,18.812544269486143],[84.02497726000368,18.81544975168838],[84.02533572553128,18.81687572807325],[84.02282726993192,18.81637948045952],[84.02322139138977,18.817948175070303],[84.02054772752481,18.816805755676192],[84.01711668865391,18.818815725865957],[84.0171757214428,18.817349191237493],[84.01346873538797,18.817961980520572],[84.01543959779883,18.813699811913917],[84.01378680457556,18.809881048324343],[84.00790125214148,18.812584174434814],[84.00363344426154,18.809552791423386],[83.99907856985106,18.81228257122237],[83.99453488575409,18.8122066080555],[83.99190349301315,18.81454753825536],[83.98526305390648,18.812443131669816],[83.98650406479338,18.811840879968745],[83.98509482101333,18.811038885392872],[83.97589791584689,18.815116618056468],[83.96362840409951,18.81562440130889],[83.96084515205811,18.813836433663976],[83.95899832991998,18.81503028744687],[83.95342089873006,18.80743292502355],[83.94819015166273,18.806125906061617],[83.94196768518304,18.808703885988173],[83.94243257412234,18.815285380461138],[83.93789658679074,18.816612701570325],[83.93556693995033,18.819102577533336],[83.932678503274,18.819098505480437],[83.93265434218613,18.817225899131824],[83.92967356229182,18.81682598186928],[83.92436997712635,18.82338143519841],[83.91738374861902,18.82499906089039],[83.91672903038881,18.827649645093857],[83.91507864824376,18.82674288280611],[83.91382998910055,18.828903836087232],[83.910014140708,18.826905344214588],[83.90277322274967,18.828340465599872],[83.89764521959466,18.825346597073146],[83.89413711156058,18.81658649260109],[83.89116658413862,18.81541834118213],[83.88916730442209,18.826033023561255],[83.88573717734121,18.831903676153896],[83.86671164475109,18.851698660144105],[83.85148442993075,18.859390110723137],[83.84611459760636,18.86892658642015],[83.84378497412213,18.87610432959963],[83.84900901436752,18.899726896498578],[83.84589757092189,18.913413405016122],[83.84350650177397,18.91699259711154],[83.83835594910869,18.919448115649573],[83.82945316494272,18.91587323873],[83.82668669882072,18.916114320668047],[83.82904863290904,18.93043557616713],[83.81983994184608,18.939088136512446],[83.81911542361998,18.9450289226811],[83.82187118721373,18.96006106154954],[83.81784256835456,18.971365788771408],[83.81063173587339,18.98505731899667],[83.80915321312031,18.991771811760206],[83.80762215958433,18.990966456626946],[83.80668548983087,18.993574365064333],[83.79491915861011,19.001778242977554],[83.79315358639448,19.00456866294139],[83.79151253864357,19.009128022467134],[83.7927209532621,19.018880704893114],[83.77856052018099,19.019513290483566],[83.7759415331741,19.018422322938886],[83.77609673600405,19.01635567200075],[83.77931717294143,19.014822414883916],[83.78001668925656,19.009278769480634],[83.76973272288335,19.008963730234232],[83.76494477158927,19.007267279735224],[83.76214368709113,19.005478632457365],[83.760816269952,18.99927408462612],[83.75881890993521,19.00329543840566],[83.75734593338068,19.003176801881192],[83.75304879281175,18.999542085093232],[83.7495935129029,18.99962463763711],[83.7455828756208,18.9966860257192],[83.74311516670441,18.987074265575067],[83.74586519455504,18.97499122308598],[83.75333979216656,18.972260294236733],[83.7521022451834,18.968115501805823],[83.7569831379734,18.951553735920687],[83.75965766781431,18.951405787141407],[83.7619300524452,18.953868930523107],[83.7676805512612,18.955698008847875],[83.7706127089424,18.945264959792212],[83.77424975845742,18.946190547736137],[83.77687566069534,18.93760419379918],[83.78248523270784,18.934535824082023],[83.783072729107,18.924729360643276],[83.78591294601556,18.916808117214668],[83.7782319478911,18.91271519912312],[83.77501377380992,18.91265948757281],[83.76985340345692,18.915585318667105],[83.76740379559348,18.915242506630907],[83.7611884177197,18.92822060714658],[83.75337432430442,18.926302204660757],[83.74777131718,18.936909667889164],[83.74691935765951,18.94341020757239],[83.74064835520497,18.949900607845134],[83.73889472519276,18.960188954340694],[83.73450690778074,18.969008222007613],[83.73256554245056,18.979741780208492],[83.73312009762826,18.987544400929245],[83.71621140547933,18.994352110492315],[83.71405981640635,18.99389495882998],[83.71372785117964,18.997225429561272],[83.70958377994184,19.002469455392564],[83.7089338614102,19.005418230369166],[83.71041209670241,19.0070083906706],[83.7181785012542,19.010267013882473],[83.72132157977086,19.009141704278175],[83.72399974239879,19.01008202733929],[83.73012450810818,19.021789103675395],[83.72718886496367,19.021296850016007],[83.72801831000822,19.02290394805833],[83.7231366590401,19.021613830239325],[83.70828142669744,19.025520508066492],[83.70301162806814,19.024329665779437],[83.70024572069822,19.02528487851423],[83.69794492864307,19.03037984530918],[83.6986407088649,19.031715136826456],[83.6931281845475,19.0384417038428],[83.69130763633481,19.047132572392105],[83.6853590949313,19.058366904918095],[83.67669621304849,19.065039597480336],[83.67473629301611,19.071917408057423],[83.66403108325,19.076492135744044],[83.66112407390514,19.08097301709613],[83.66048804153115,19.084260209600775],[83.66399851303274,19.092029554937053],[83.66292889351551,19.098786054491914],[83.6576906634819,19.102383516599904],[83.65567705563657,19.10863893681381],[83.65081458459807,19.110202882859213],[83.65056072069879,19.11722366572259],[83.64722251193271,19.118488355690303],[83.6497424587812,19.12309608792891],[83.65446984925211,19.121966882628612],[83.65506937499124,19.12945775115404],[83.65078163169851,19.13248555438757],[83.6449352574889,19.13075456260343],[83.6409493283687,19.132673372237708],[83.6366542287721,19.132731320224853],[83.63180879877457,19.140678288488818],[83.63504163336117,19.14949519678913],[83.63451561855834,19.151670013216165],[83.63778641055897,19.152995656681366],[83.63402862657146,19.159294044046522],[83.62410001306341,19.163592843438774],[83.62585700097817,19.1575755943497],[83.62554464866903,19.15157142492832],[83.62036605419387,19.14874292377014],[83.61887869291671,19.14260210436765],[83.61683566883906,19.14224768595361],[83.61403829977299,19.13797642973098],[83.6060473550277,19.140613562549426],[83.60278200502107,19.13691637161265],[83.59972930870006,19.13644905114642],[83.59720277091233,19.131084419628205],[83.59588347274672,19.119729590663994],[83.60148772044452,19.113054646634563],[83.60702856055802,19.10302141242944],[83.60868549321813,19.096988740170143],[83.60196321309748,19.093773541273556],[83.59926353671682,19.095838977444465],[83.59102130713546,19.093597626576518],[83.58365902318894,19.087478895587797],[83.5827833813826,19.08463326689287],[83.58508943936197,19.070284983879326],[83.58212099692976,19.06600121032083],[83.5825269959123,19.058880399463007],[83.57303236660285,19.062321589541156],[83.56527102585432,19.060911915931722],[83.5629750442775,19.059218362353047],[83.56163911470271,19.06088978172289],[83.56036268324418,19.06373859627984],[83.56172713073596,19.067539717284415],[83.56348480316696,19.070355390080135],[83.56710322521623,19.071573924486632],[83.56479237292822,19.079092580394903],[83.5602772920882,19.08690374449597],[83.55766782003681,19.08811383179352],[83.55251436940647,19.087453213019444],[83.54711698844721,19.081436713945596],[83.54660603300182,19.07878898531509],[83.55368072849663,19.06428586449155],[83.55348016074483,19.05898392772482],[83.55563546165656,19.05712597400676],[83.54974625757085,19.05547314489706],[83.5449504208652,19.044640585485347],[83.53980304823605,19.042408507881063],[83.53790936907443,19.03439398941769],[83.5395544107351,19.03053435037031],[83.53688025908491,19.023302656666342],[83.53529086356451,19.01165681208011],[83.53263228510811,19.014020227113505],[83.52397576778905,19.013767391355813],[83.52280512912488,19.015444443894726],[83.52074627403701,19.01322863566434],[83.51431208632292,19.01753173018123],[83.50103719987248,19.020494433612406],[83.49555942688185,19.031685835620955],[83.49757477296725,19.034372427428035],[83.49656783250066,19.035302716336773],[83.50755458595492,19.03569438681123],[83.51210596502062,19.029510891996722],[83.51492291735993,19.028289417739167],[83.51940364392851,19.038898507143088],[83.51323364804456,19.048212309311783],[83.5148881507618,19.049607631180578],[83.51689784913901,19.05691372805191],[83.51314372758293,19.060518311368643],[83.51109095319119,19.06610035226285],[83.51181680811045,19.07014992940828],[83.50921272864572,19.068595571639566],[83.50929687114342,19.07135304477724],[83.50362270038053,19.066959623527232],[83.49985975916498,19.066806762142452],[83.49889665019604,19.06274887006087],[83.48893809494123,19.073187628265263],[83.4809411503482,19.07833941221194],[83.48275018305728,19.081177890451286],[83.4819328868286,19.084968503959217],[83.48643350748748,19.087382337837067],[83.48349733972684,19.09209102653372],[83.47173956585749,19.096185002327974],[83.46606179374861,19.09403203523366],[83.46534526244369,19.088606005214128],[83.46981564311517,19.085551245319667],[83.47034903308648,19.086837941432577],[83.47277884208104,19.08550700300629],[83.47432303527464,19.086506784718726],[83.47645426493003,19.080187964448907],[83.47183602335943,19.078296339555333],[83.46844327248257,19.08106034870004],[83.46435643919973,19.080818009731747],[83.4611837989237,19.076883723403142],[83.46303777165146,19.0754409450994],[83.4632898209539,19.071929608273503],[83.46038182795381,19.064686974991456],[83.46590817285187,19.064074627876913],[83.46728288898565,19.06201529770049],[83.46760217628878,19.05856626006448],[83.46591315580673,19.05606568145609],[83.4690114928324,19.049558588535035],[83.46880804328516,19.04383247027002],[83.48142738595364,19.03446840462814],[83.47747930105969,19.02304242102173],[83.47766433065203,19.01863788782397],[83.48058677125684,19.016020202006924],[83.47949941630095,19.01071169077738],[83.47775605313412,19.009394238763814],[83.46966715429366,19.00815354746547],[83.45960002955191,19.013268970911398],[83.4503277386652,19.013519380963363],[83.44964451419605,19.010706588917476],[83.44807517176775,19.010831364041497],[83.44873502297148,19.005463192199],[83.45338949000423,18.99776142392166],[83.45334939549818,18.992191847333228],[83.46407282489487,18.99447846927587],[83.46591085881455,18.992009823837368],[83.4622581363928,18.981027243984986],[83.46343556452388,18.98010349567748],[83.46662849864053,18.98128925193826],[83.46788241652145,18.970241076772258],[83.46589946278688,18.965471348886666],[83.46405796855669,18.965500019493668],[83.46280583832322,18.963628836618838],[83.46123534515301,18.956514545198647],[83.45936668856359,18.95695897396618],[83.4598989843869,18.955696592565207],[83.44561613249216,18.95795915801769],[83.44365737847299,18.962146657493363],[83.44598803232482,18.965737512652584],[83.44042781105908,18.971446578088926],[83.43898309191016,18.976216148578686],[83.43454953048723,18.976653225986006],[83.42929686183203,18.9802541797849],[83.42645828794218,18.98483878509053],[83.41562445200377,18.99002375842216],[83.42008966915901,18.997760543109177],[83.4197057256133,19.00009571007884],[83.4121757747123,19.004609808020877],[83.41057930585734,19.001527841578834],[83.41010099518934,19.003666709757322],[83.40761895904248,19.005265338653217],[83.40210803372628,19.006109875264205],[83.40213036943751,19.00777501837632],[83.4000761388767,19.00721480006249],[83.39869707849019,19.010284920123887],[83.39653377538589,19.009410010743643],[83.39404775790571,19.010480672425544],[83.39276118177264,19.00689890841737],[83.38265304175168,19.00219401837498],[83.3756658170127,19.002532179005282],[83.37403824219443,19.003880510976796],[83.37068181379776,19.003196580020397],[83.36468958911864,19.007034266600343],[83.36399624961942,19.00932316036907],[83.36510195985149,19.010288769247868],[83.36337427947286,19.011295130356096],[83.36502683194765,19.012651136992964],[83.36412712247818,19.0138003935875],[83.3656978159727,19.017049274873862],[83.35614074027626,19.020308993897864],[83.3517655810249,19.018790733273864],[83.34855636494375,19.01945251216903],[83.34610755208938,19.01784903266878],[83.34100597467508,19.01897895861187],[83.33861171650787,19.01084141147887],[83.3349417967383,19.006792540618623],[83.33437154619595,19.003738488738787],[83.33687994250654,18.997860441822862],[83.33089023850007,18.999332667880267],[83.3252984306723,19.003265287929366],[83.31991184386953,19.000221797798602],[83.31520620969653,19.002212758710055],[83.30881325285733,18.999777944784782],[83.30849763517217,18.996511195539085],[83.31433037744732,18.987178044994113],[83.3133626250867,18.984122710674338],[83.31573570277611,18.980800172697208],[83.3172551267224,18.97353988021608],[83.32827177970259,18.967067160386538],[83.33283179606974,18.969353489237808],[83.33042546095186,18.959638152404505],[83.33178904336602,18.956020868304726],[83.33706639413197,18.954072604612133],[83.33633597846601,18.947950153687497],[83.3347762866388,18.946691405181877],[83.32527102846288,18.94557749323366],[83.32296192788968,18.938518974561784],[83.32388908178935,18.933538577319744],[83.33198484106367,18.929727917583506],[83.33212637961985,18.926474642491886],[83.33518969941738,18.924960072981655],[83.34840533119505,18.926319655110902],[83.34381500477188,18.941158019889386],[83.35013783013683,18.94329978968044],[83.35083163586168,18.947431980922413],[83.3481479908156,18.959812269405102],[83.35088528684369,18.966826709314034],[83.35394581916894,18.967293079720907],[83.35964485440059,18.964151882255813],[83.36461187676171,18.964377633930393],[83.36600185976376,18.963013661969782],[83.36392801808199,18.95799439808102],[83.36644062659293,18.954635750997443],[83.36937472822845,18.943596150950487],[83.35909579152253,18.941803159735887],[83.35050260632931,18.944460092807372],[83.35171615392134,18.93092502402002],[83.35565395400359,18.924880894389382],[83.3572247130751,18.917863996672015],[83.35990084461216,18.91690395225503],[83.35779586013611,18.915652460798533],[83.36057805036887,18.915815730899403],[83.36674762943454,18.909327351240158],[83.36968431731972,18.907909250979323],[83.37508510558888,18.909005314244098],[83.38177843121127,18.913923123152614],[83.3849511056233,18.913348013454574],[83.39145998915158,18.908548386755236],[83.38290469579536,18.90505004699935],[83.37638954112809,18.897911492089953],[83.3815667099769,18.89144892725995],[83.38973396975791,18.887730949433664],[83.38978087708712,18.883590712211703],[83.39507363755342,18.879740390599046],[83.41282106422526,18.874488968695275],[83.40305544194068,18.862748549072204],[83.40248238236641,18.8483666755862],[83.40393298458218,18.843273500597466],[83.4021656561602,18.843738338386586],[83.37749443389326,18.83178655548235],[83.37515211272255,18.83638617314475],[83.3717038675207,18.83905830605241],[83.3704115080338,18.842944775858044],[83.36703569668826,18.84485655586898],[83.3638708780434,18.844083166277223],[83.35687867843441,18.835745155248414],[83.34743639844814,18.83093140342039],[83.34597117974441,18.82782974233715],[83.33626127456698,18.8252353879536],[83.32636312562516,18.81886394435295],[83.3262494177748,18.812915014656987],[83.32879342509986,18.807150441274715],[83.31838657278904,18.805470999455114],[83.30704171762488,18.810199295256982],[83.29643455987035,18.802657329247022],[83.28266012837526,18.798766471891156],[83.27803685534074,18.793015191533055],[83.27346835618236,18.783564470377854],[83.2790139968927,18.77756431912112],[83.27947781054864,18.7749946499247],[83.2694531482721,18.76534844930679],[83.26251383248386,18.768550592383903],[83.26086986790321,18.770651470105555],[83.25171898253048,18.768473212886377],[83.24135382821854,18.76920961376033],[83.2380522689194,18.772752609975907],[83.2327099501955,18.774995764950837],[83.22272297673673,18.776025240536658],[83.2204632520631,18.773704080021755],[83.22624029340075,18.761956750427046],[83.22582556189533,18.756176987334385],[83.22347269180823,18.751852151652155],[83.21614710763436,18.74650706087982],[83.21274374406073,18.734407811768623],[83.21055831724765,18.73152381196543],[83.20939121075914,18.73357922597422],[83.21079954274919,18.73861806537387],[83.20547598174673,18.746797451083566],[83.20611780915259,18.750160113540154],[83.2046555306348,18.752379713087723],[83.19129563301577,18.75406439148723],[83.17602282959307,18.771801261288815],[83.16316834481417,18.76987835084913],[83.162269334234,18.767838576507103],[83.15459681081593,18.769173833031573],[83.15039721291382,18.773634193442554],[83.14993375139747,18.777012935556883],[83.13715228258316,18.786304298858674],[83.11326788479215,18.76903600724017],[83.11926017325166,18.766778104255437],[83.12175249870181,18.761466455807046],[83.12032500025687,18.758443522919872],[83.11053790194876,18.753753829356473],[83.10572983468052,18.748060723596893],[83.09981578948226,18.73374555785086],[83.09289302066155,18.732378989769703],[83.09073386957053,18.724519305369572],[83.07091621334267,18.706521361075897],[83.06949414072203,18.702615513209143],[83.07313824740191,18.702238073339164],[83.0609113274771,18.684605819715056],[83.05615005524864,18.666285122878023],[83.04292810382297,18.659580251253722],[83.02313399962524,18.65536751670623],[83.02077974074268,18.652175634099727],[83.01515473387698,18.651171836537046],[83.01126875131528,18.647001822368388],[83.01777061271298,18.63607244293416],[83.00704515671698,18.6277988548826],[83.00389664069789,18.62263213248383],[82.99895316587529,18.62147179850001],[82.99901562933026,18.608616912811367],[83.01337955867099,18.60598884118818],[83.01314619342818,18.603035222156088],[83.01083180896445,18.600312815987767],[83.0117008795945,18.595313150072823],[83.01423872537504,18.59371729695257],[83.01876932461158,18.593501677372327],[83.02375936091197,18.58968115744453],[83.02755485887003,18.59260788491982],[83.04440531054416,18.59950801415024],[83.04668942088448,18.598787611307266],[83.05098697917003,18.60021506323978],[83.0512082863268,18.589078414039413],[83.04608545567122,18.587506028272358],[83.03821124340385,18.587448004001278],[83.03579774422157,18.58199913233085],[83.0291708597942,18.5785268857442],[83.02793979056254,18.574538058898447],[83.031334933653,18.57064159232778],[83.03618287444175,18.557634112555732],[83.04129421474656,18.548115027636214],[83.04331308492283,18.547060225390865],[83.04313656417284,18.545431137449036],[83.04532473264419,18.54554530086435],[83.04568529933125,18.544038027117235],[83.05417665958868,18.544113025539442],[83.0618993602036,18.542082162075232],[83.07120710310303,18.54978958574102],[83.07881523707819,18.550428659414482],[83.08074307737346,18.553256691813598],[83.0835477497428,18.5528227202059],[83.08604582530906,18.554227336690108],[83.08794335824328,18.553727634812017],[83.0931547043954,18.54761711508343],[83.09164307602916,18.540812636260814],[83.08738956663356,18.539879105253597],[83.08176107250793,18.532026556375587],[83.07513126136935,18.527116520278035],[83.07319033711198,18.515537616083495],[83.06213404776652,18.50324913607772],[83.05860479159405,18.503011701477],[83.05610059580572,18.497807594539914],[83.05333635391236,18.496622165269823],[83.05423636701236,18.490739673812943],[83.05323992156325,18.486571691345695],[83.03578764536114,18.469574047581787],[83.02886505530519,18.46723065680557],[83.01908458566558,18.457197059706576],[83.02275049894898,18.44941140828967],[83.02538248817129,18.448308568097254],[83.03102489630236,18.44891739698204],[83.03385136629211,18.446660381926307],[83.0348095480017,18.443659851524192],[83.03906883715781,18.441748867371448],[83.03589125704603,18.435499432574304],[83.04125865493603,18.42691393704046],[83.04066097164153,18.425181260947326],[83.04269500448147,18.42653544608774],[83.0424984054866,18.424261280901312],[83.04544625673583,18.426243992213983],[83.050764557204,18.43416778257058],[83.05853232629669,18.436716972734676],[83.06152301281193,18.433024687637637],[83.06543546692843,18.431049054777127],[83.06362802693239,18.423949712130725],[83.05556146649806,18.42032832925977],[83.06237684621816,18.410362577989996],[83.07505839811834,18.40584973409535],[83.07528774519692,18.40408646574016],[83.05272953654804,18.38071589462449],[83.04131972779892,18.380101822006388],[83.03747566511997,18.384180982870838],[83.03046710269805,18.384223868829597],[83.02775469000329,18.38682273904028],[83.0240421972758,18.38765693074505],[83.02017247691569,18.392431542626237],[83.01423443232628,18.38777370369055],[83.01004831723827,18.38937144390393],[83.00858507303151,18.386771382027828],[83.00353365933935,18.383486118542727],[82.99508394677513,18.3862645846912],[82.99099119898447,18.379820748729838],[82.98853021305966,18.381342342244036],[82.98553855546557,18.379580546820076],[82.98636738606247,18.378406311731172],[82.98044320157959,18.36886031802655],[82.98143186312677,18.3671830671964],[82.96872618247804,18.360748203750134],[82.96524605516846,18.359668811281868],[82.95836707113301,18.367148844046923],[82.95198605649722,18.362318115576684],[82.9379780477569,18.361563317200115],[82.92427649927575,18.368885525187395],[82.92044345623039,18.37617017726428],[82.91610767642614,18.376028781987173],[82.911330295608,18.369224118546068],[82.90913142820163,18.373691306666657],[82.90177730365285,18.37421027057552],[82.89416304855737,18.381603083078765],[82.89338039945093,18.38704501227976],[82.89068837941146,18.39053186558666],[82.8977483838581,18.40353409270264],[82.89496930269456,18.424137212550118],[82.88941232794024,18.424713832949404],[82.87932591187779,18.42138436343374],[82.87464801768073,18.42237435314917],[82.86954591475201,18.419203225469676],[82.85466620780944,18.426182545119737],[82.8510944658156,18.421016186607186],[82.84859666333719,18.42375846662303],[82.8458074051598,18.433786660583046],[82.83626295258972,18.43764765883566],[82.83566500698714,18.439572162636082],[82.8311931620618,18.442325617030768],[82.82348127985782,18.443860361016092],[82.82245671534369,18.447780756378176],[82.81390364082624,18.451643256061793],[82.80141166668864,18.449984251567216],[82.79364588646594,18.440447022544774],[82.78043674142296,18.431519639272675],[82.78116609168698,18.4233406976379],[82.78570577109443,18.419906422592916],[82.78515452980177,18.411445737461843],[82.79780635644926,18.407484706200666],[82.79210152169411,18.402084908736555],[82.78973421208713,18.39687563791197],[82.79213145535603,18.38675727730236],[82.78092081119024,18.382623132189646],[82.78304822390396,18.381140044709763],[82.7872805474319,18.371926785984165],[82.78882449538544,18.363921664848224],[82.78220752296892,18.356072994196705],[82.77466348109435,18.3499671819191],[82.77239641628653,18.345159145522114],[82.77253979728734,18.341164831838533],[82.76938982689582,18.33831159508073],[82.76672318965299,18.338787484146327],[82.76381619018963,18.337263813545377],[82.76289520412267,18.339199056046734],[82.75796779477062,18.34034363712959],[82.75637782971833,18.33835682199753],[82.75747135789686,18.33475610418981],[82.75457983191423,18.334036802468738],[82.7534561212405,18.33092117035838],[82.74891961108938,18.331643856724806],[82.74554207857176,18.32980645539261],[82.74115158238357,18.330714488688997],[82.73658940017827,18.327680654488553],[82.73926120183565,18.323333244244658],[82.73432769741439,18.323839598665383],[82.7325536262379,18.320969620793722],[82.72318735450442,18.325256231593194],[82.71329981197117,18.32324590282229],[82.70683907454887,18.316574313169674],[82.70765419146461,18.31391281942647],[82.69994395407596,18.311369796260642],[82.6927938360299,18.313014725400457],[82.69022799066028,18.308376316262155],[82.68269707317201,18.30432408308262],[82.67963474511453,18.30383744694451],[82.67459965021783,18.307295421572228],[82.66504511136374,18.29876590762669],[82.66053093961881,18.299035672098817],[82.65570000304005,18.296805887401963],[82.64946867198512,18.302596032510298],[82.64092846763074,18.302768957062817],[82.63899703856592,18.29696353379582],[82.64210357721011,18.288748190471363],[82.65052362291206,18.28188262822585],[82.6468193497694,18.273608724953956],[82.64107126742157,18.272294162580053],[82.64056422593585,18.26451221683971],[82.64540101234373,18.262971121556895],[82.64794154947684,18.25856821879922],[82.64923477763459,18.251746331546343],[82.65079129212066,18.250750108123516],[82.6469196655355,18.24574396604997],[82.63597050657587,18.237452308413005],[82.63015540272133,18.24000954653352],[82.62584002275885,18.245332534763552],[82.62182292299661,18.247069954232124],[82.61828344579283,18.250407251980047],[82.61548787245897,18.256500892225354],[82.61213623657434,18.25917114819395],[82.60549643796647,18.262148904341046],[82.60250454142052,18.265430179845385],[82.59520023653909,18.265535940526583],[82.59506832882106,18.2751120229309],[82.58607040228674,18.27680308089274],[82.5863301609309,18.2810374455049],[82.59043540428713,18.281085009186395],[82.59234685032851,18.28544125040771],[82.59247116279077,18.287707494549586],[82.58930386479574,18.29051139875444],[82.59348401596857,18.2925771047215],[82.59294503218798,18.298950083897463],[82.59693345233646,18.304919750818726],[82.5947442714638,18.307119457723257],[82.59433921391567,18.311016267376157],[82.59150585115275,18.311536472772925],[82.59007872640697,18.309556335373454],[82.58344425570702,18.309195356656552],[82.5795822518752,18.315898254937878],[82.58216767782307,18.320484213400015],[82.58674888275283,18.318608325583124],[82.59315707771417,18.32960377428847],[82.59952587885535,18.326072982621525],[82.60721485312122,18.32785627509564],[82.60946942775334,18.3344412416441],[82.60680638017837,18.340769148389292],[82.60285258289755,18.344388016952003],[82.60201734641439,18.352309971506443],[82.61449454506217,18.350944351585976],[82.6211991023206,18.358115657880845],[82.62120006261964,18.35974202224911],[82.60595811632695,18.366091901932094],[82.60570172726338,18.370087680056624],[82.60318959935111,18.37268398066461],[82.60609444016289,18.375704403948152],[82.6052637823927,18.382063260138832],[82.60287563815933,18.383207419805238],[82.59923385362447,18.380028675089306],[82.59641437971418,18.383000572248598],[82.59476853585794,18.389262324421473],[82.58690994888666,18.392354561606936],[82.58285485308281,18.38755341334025],[82.5757996932505,18.396260150757257],[82.57274608513949,18.397016792759736],[82.56961458231355,18.395308089000288],[82.56071068962649,18.400680007696007],[82.55539988110782,18.39727156863057],[82.55396996439812,18.394446014257877],[82.5524872024952,18.39771229468236],[82.55046350926419,18.39863076895828],[82.54068551538151,18.399597342223217],[82.53550225056516,18.406203489916038],[82.54706006663883,18.412638017020292],[82.54716500783033,18.414322333586032],[82.5432237950483,18.414435846234323],[82.54138790540722,18.421940991728015],[82.54559527104159,18.422435393362477],[82.54571197567172,18.427553127401524],[82.55197866351791,18.428599820041082],[82.55055386181546,18.433327966567525],[82.5581277780631,18.439694765155068],[82.5564914033483,18.44300157605473],[82.56092784387171,18.44521047051845],[82.5613695625649,18.44852286590551],[82.55634041092206,18.45015558232655],[82.55418357478953,18.45481176487736],[82.55087042273169,18.455763333683706],[82.5471353562394,18.453775166805375],[82.54519885259154,18.456430215122417],[82.54066556379904,18.45835321669601],[82.5396310019341,18.454882351776092],[82.54275930406267,18.450108600362714],[82.53851472571765,18.444469524378594],[82.53322770458769,18.45869133243599],[82.5273388679129,18.45977301833025],[82.52831083427056,18.4642382405976],[82.52226436482297,18.46421153412231],[82.51939428072791,18.465629028468385],[82.51942746539281,18.467250691209312],[82.52365221791952,18.469588612436347],[82.52474116558838,18.471730267367327],[82.53081776542886,18.47306375615181],[82.53416429169619,18.477766814691517],[82.53186888504116,18.480523132548804],[82.52780868680651,18.480949372631976],[82.53324029088311,18.48831423205249],[82.53196557520675,18.492462822222056],[82.52741286124457,18.4942973174311],[82.52646930141283,18.496320131233055],[82.52963435541632,18.50133646710169],[82.52695216564099,18.505912017887415],[82.53213553825515,18.51102034903489],[82.52594621421952,18.516356096302857],[82.5189196540509,18.51821291678038],[82.51126850155342,18.518860066910438],[82.50289489426005,18.5143631839516],[82.49235426393882,18.525273738202166],[82.48457493173179,18.528773593343914],[82.48589312227466,18.533325171796715],[82.48224705277588,18.53617292518998],[82.47963916355602,18.541329535738818],[82.48230558699977,18.54403656734744],[82.49063840808428,18.54251075790891],[82.4918053034687,18.544353392450287],[82.49020125822263,18.548350315618865],[82.48728399730376,18.55005864337324],[82.48105439191252,18.549439932056053],[82.47070909755485,18.542245044017136],[82.46734416301076,18.53674808720569],[82.46242238519724,18.533597010697022],[82.46016614329199,18.52910055615358],[82.45593628474121,18.526801962117016],[82.45353718285799,18.52159070475286],[82.44422916866735,18.52010136890311],[82.44353419513261,18.51742752110976],[82.43796629237286,18.515897721899126],[82.442170104272,18.51458263960365],[82.44173442854571,18.510333382261376],[82.43660859841542,18.507229122680307],[82.43544972588482,18.501673324181287],[82.43234234821416,18.499314466477607],[82.43244696511384,18.49770479092866],[82.43621211798161,18.495597555892424],[82.43245922801579,18.49251241568134],[82.43022551046795,18.48765786586739],[82.4187827910401,18.477146984792405],[82.41326969988572,18.475172690282655],[82.40181778081102,18.46495902756438],[82.39509788931072,18.45495411882853],[82.39432241954002,18.449912396371225],[82.3849446188282,18.445751183364273],[82.3802896550271,18.43331809269139],[82.3740311768843,18.430769457211145],[82.36250511086604,18.422271010876628],[82.36922278442589,18.414980133318164],[82.37351679616272,18.40707389127684],[82.37791559458076,18.404534624896673],[82.37976825397159,18.390374574753064],[82.38435826688269,18.387006929749344],[82.38230461663358,18.385232552744046],[82.38383817736748,18.368237917298472],[82.37510916869996,18.360570446740727],[82.36816646716143,18.359246658039776],[82.36647465381715,18.35459164036625],[82.36277525762817,18.353497434365238],[82.3613994509396,18.34495478391524],[82.35409262808045,18.339169254520176],[82.34728563143862,18.331170787586203],[82.34523921262753,18.32956315668797],[82.34238686756436,18.331525607255575],[82.33642407977874,18.328761421867455],[82.3365136121682,18.327441676227068],[82.33877605424556,18.323138673920894],[82.3473182564531,18.317251503835458],[82.35261710749704,18.317950730634326],[82.35416843600895,18.31665684219018],[82.36229601720389,18.31919714318339],[82.36582261436313,18.324448770972637],[82.37338785468177,18.32942754574782],[82.37636526858871,18.327793391875257],[82.38256372220256,18.330332872750635],[82.38725789297425,18.32924170580266],[82.39112686234274,18.32669721519083],[82.39335913180636,18.316376023848463],[82.38987433325725,18.310537550675175],[82.39063778356947,18.298686835370855],[82.37919829358505,18.286184019996956],[82.37661686154695,18.285082182396366],[82.3748008929456,18.281417987857626],[82.36420261503764,18.27835398044857],[82.35724198671926,18.28220242525842],[82.34297139682813,18.28128594218252],[82.3387475533965,18.27296721003523],[82.33835709886164,18.263076984397802],[82.33443307713924,18.261911548660702],[82.33167660567308,18.253650451459166],[82.33185693977141,18.25181065768571],[82.33417059120983,18.250746786905697],[82.33484554668678,18.241510399241594],[82.32825405767825,18.23750262533484],[82.32505529080045,18.237117863258923],[82.3227344609246,18.231950875086948],[82.32976747009866,18.22587046050034],[82.33537770596615,18.22504555579189],[82.326752116744,18.216817992870443],[82.32321793960038,18.211153511088284],[82.3091767830261,18.20483256154162],[82.31187819135862,18.19789212938323],[82.31082070179268,18.1920888339565],[82.31379284079223,18.184767213878214],[82.33571062161043,18.17291533064174],[82.34451038877627,18.17366298320552],[82.35170285609978,18.172433355454825],[82.35745765425268,18.163438088987284],[82.36294719068198,18.158876567277243],[82.37065397404838,18.14890461313267],[82.36708698953227,18.143910564855627],[82.36587001217248,18.137896888134673],[82.36159015698621,18.135550726147457],[82.35490763450342,18.14250116985178],[82.34134156993345,18.150146090862222],[82.33809893652372,18.150574045859052],[82.33702459815632,18.144910733486153],[82.34042576175578,18.137359953709275],[82.33253780077301,18.127600001346142],[82.33450173717303,18.124889288936128],[82.33210578029164,18.119989852353935],[82.33400080782452,18.114487279564038],[82.33412410788546,18.106597856072955],[82.33683607501581,18.099851952534934],[82.34533441158977,18.09898946029929],[82.34791473241187,18.086370983568678],[82.34565474902345,18.08072566092874],[82.35011153279477,18.07732898646756],[82.3454062777108,18.070688596067594],[82.34220960480597,18.0587384633233],[82.33906238864907,18.05553891647837],[82.3324701675136,18.052073678349796],[82.33031546577817,18.053204114274322],[82.33046338596608,18.055855042477496],[82.32834189764166,18.058828531136328],[82.3205806197752,18.06064725087529],[82.31729977652486,18.057814118991807],[82.32055597629203,18.04936222733042],[82.31868152017914,18.045724589308968],[82.31490747578667,18.048180292623208],[82.3065047100775,18.045647571824468],[82.30558932949793,18.050794732474216],[82.30866035324733,18.05466858463957],[82.30449346210642,18.05644905841211],[82.29960594154626,18.05536096046273],[82.29697732819277,18.05630881331226],[82.29845139530205,18.063952217744806],[82.30212309014263,18.066019779176248],[82.30273010962789,18.068852923060362],[82.29903027955261,18.0699887269402],[82.29447397771915,18.067782209491334],[82.28971206589024,18.06964297427427],[82.28599595385043,18.06345519583046],[82.28181902313788,18.065230616937956],[82.27531092922875,18.058938601904433],[82.27093922130472,18.057954619110614],[82.26793467558129,18.052674405715393],[82.26727185095393,18.04592475893533],[82.25993648502491,18.042587525275167],[82.26733741000336,18.034752358015293],[82.27187370276218,18.022083528386798],[82.26633314382138,18.000744944696915],[82.26763709516867,17.999311381286915],[82.2645422418097,17.99562388457612],[82.25111774903357,17.993225543726258],[82.24448078910194,17.993740420559078],[82.24211602262554,17.998198468180295],[82.23556357529756,18.003293404935825],[82.22057420292344,18.00241931026237],[82.20743131042929,18.010670044778447],[82.2034182656622,18.015573845746307],[82.20415072230045,18.019433584538593],[82.18590387185654,18.01585594529825],[82.18229516688368,18.019338568358684],[82.1769892649631,18.021258875835485],[82.18264109372657,18.029527790544027],[82.16715808901894,18.05268919860622],[82.15658988580842,18.051076887462465],[82.15152916017999,18.04860438406092],[82.14509995542076,18.053047264760792],[82.1431507810358,18.049584724326362],[82.13550068765207,18.04467390087853],[82.13480474483517,18.051978446624716],[82.13181168227598,18.060624702986456],[82.1233020916082,18.06040745361734],[82.11894620121967,18.06496375820635],[82.11197377532669,18.06196332994803],[82.10618954387348,18.06399282127959],[82.10035112963563,18.06097178949908],[82.09471981030842,18.06413403043289],[82.09440836619602,18.06815656004649],[82.08556799697598,18.069578955069204],[82.07495141589412,18.07594396290617],[82.06913320566528,18.0698131947221],[82.06526759869088,18.058115076946546],[82.05988541632792,18.056178739292008],[82.04874126725609,18.05886775825166],[82.03877309912943,18.05803986526334],[82.03590793151389,18.067705851581778],[82.03065173786955,18.07004227499658],[82.02661479791594,18.065341783687753],[82.02138205658872,18.063611347698377],[82.01806015673661,18.064026045063905],[82.00573318874369,18.05704531000713],[82.00457605445314,18.053689626453476],[82.00507392683475,18.045821302914028],[82.00999807440401,18.03596513920598],[82.00768806473572,18.030799375802104],[82.00011536390865,18.03074277484165],[81.99262395163164,18.028050602623676],[81.98962343485223,18.020248740392024],[81.98086422033326,18.01886682854445],[81.96220349178341,18.000978481455434],[81.95686703636338,17.998681347720513],[81.94554942800008,18.00008396065682],[81.93960586685652,17.99609441017642],[81.9341429250512,17.994887599103336],[81.92009199211168,17.996317968113154],[81.90899622540276,17.989317423976104],[81.90606810385208,17.983425128770566],[81.9035390642563,17.981698029062887],[81.89304649919266,17.981356634064127],[81.88119586108247,17.973946875137962],[81.86566690485316,17.968457228811808],[81.84202263931398,17.962229100862054],[81.82962145520719,17.963309361996366],[81.81752380734335,17.95708472294341],[81.81151198232303,17.957584967522283],[81.80816898733315,17.95644373876537],[81.79504336135707,17.942650513259274],[81.79259617714827,17.938272003965544],[81.79130375298271,17.930717601839163],[81.78785683189757,17.9260075887184],[81.77590885413986,17.918023160574602],[81.76876772104325,17.917696705843596],[81.7656322144261,17.911461253077505],[81.74827607592572,17.899622116293102],[81.74727474813304,17.89587604110308],[81.74841129034228,17.8925971759458],[81.72586691125721,17.87907717666042],[81.71172263617315,17.872845858875547],[81.71042139683969,17.873910099396824],[81.70658817233463,17.878793082341716],[81.70647380871411,17.88374749815037],[81.70340859077638,17.889226398107816],[81.70480131364003,17.896807305517825],[81.70360897886512,17.90092207496467],[81.70089081964751,17.902841327230014],[81.6947270032744,17.898747176540173],[81.68742637968897,17.88649017897505],[81.67642846826057,17.889682683146987],[81.67156063787313,17.88806559646563],[81.66190458130711,17.881227824306443],[81.65382842147567,17.86812707235559],[81.65426387441973,17.863308257968797],[81.65199608017994,17.856130461766284],[81.64075499210917,17.840224104113695],[81.63095606658203,17.8331045627073],[81.62306216144705,17.834607514432832],[81.61932883319483,17.824867104553185],[81.6172208213963,17.823140620344567],[81.6075644090974,17.826840380771905],[81.59451869275743,17.835437189181828],[81.57440410559896,17.838759992608765],[81.5704120796129,17.836910450593845],[81.56353093872248,17.82722508472146],[81.54644933884765,17.82635637952085],[81.53726842189666,17.823259280355384],[81.52954024874502,17.824650078641987],[81.52049146409087,17.818801734836565],[81.50045525763586,17.817490905254864],[81.49729497638148,17.813310897810343],[81.49234777804205,17.812725617756946],[81.48853066571992,17.814418131665054],[81.48765841146049,17.82076298123096],[81.48379385461666,17.82382113273636],[81.4824927212844,17.830775127942477],[81.47964049120557,17.836324522037803],[81.47655948807166,17.838476701827684],[81.47406622208543,17.8366370080441],[81.47126412608428,17.83673834426955],[81.46214594387948,17.830062336425513],[81.45329949845488,17.828546429777628],[81.44597246080684,17.825516956068736],[81.44261886928986,17.82591179086884],[81.4384540523589,17.83232075286795],[81.43582191132131,17.832653407052646],[81.43211401347651,17.830783636831626],[81.42732010096219,17.822556151654563],[81.41688954121271,17.814034816357687],[81.41524137341484,17.81421559968436],[81.41171524787113,17.819128580801497],[81.40675974730182,17.820930681543516],[81.39974564766453,17.821643517288653],[81.39607140430347,17.819951703982543],[81.39279746640273,17.816239291889858],[81.39404868035467,17.808649986227362],[81.3933495682814,17.794674753414647],[81.38726993932175,17.79545142078198],[81.38612684480081,17.799159197795866],[81.37778251719584,17.805316806947676],[81.37011950963156,17.8084669307883],[81.35940686361148,17.810398756942327],[81.35449085477875,17.81331195318707],[81.34879562750557,17.813414640286418],[81.34588645501752,17.8113705300968],[81.32603802430468,17.815229433241278],[81.31500547473722,17.813408838283454],[81.30521575963671,17.81000504153267],[81.26535370881005,17.811131884767406],[81.24837050410322,17.817112129274705],[81.23929246042196,17.826066879164536],[81.23453883105992,17.827203501641797],[81.22928176335479,17.830621580477818],[81.21560527607346,17.834558586371926],[81.19930428253612,17.84698423578624],[81.16831472198912,17.855666969740557],[81.16613095256773,17.857650691707608],[81.15727507303599,17.850478302075132],[81.14213183452503,17.841512627547033],[81.12791451203529,17.82704788839816],[81.10243658198202,17.816077535325284],[81.09396249902244,17.80932243060053],[81.09045499735119,17.802459581006186],[81.08558432199924,17.798071960732894],[81.0897789288616,17.79108682375049],[81.09599553203746,17.774540557659552],[81.1038729342224,17.773245402302074],[81.10426012248291,17.77205375684865],[81.095647694478,17.76225169546998],[81.0825778853221,17.753147738888604],[81.0698310492569,17.740759683571124],[81.05816345905558,17.733132868904267],[81.0505100913126,17.734052323012687],[81.04415908489888,17.740463352833615],[81.0405630317985,17.747655155474447],[81.02763122363316,17.74817512307824],[81.01591478125003,17.74507563867129],[80.9913170959706,17.749963267092088],[80.98422678146795,17.755702189704913],[80.9768750024204,17.776363066594502],[80.97342106549287,17.780167850525853],[80.9721655216613,17.7780008526694],[80.96586639565021,17.77982721756997],[80.96342618236801,17.777436761933554],[80.95532336862378,17.774665077202837],[80.95562134249847,17.772951180135273],[80.9463120625816,17.76023240804723],[80.92785024529016,17.76182043316746],[80.92338227030703,17.757331538855333],[80.91945961402385,17.75624526382022],[80.91756950476713,17.74815290331704],[80.91499899893782,17.74840196622572],[80.91443728418731,17.75050056056562],[80.91273229076118,17.749522907153896],[80.91458466538609,17.74657200613063],[80.91300310137834,17.745969300177244],[80.90603306769896,17.747085604627735],[80.90237064167547,17.746247212512117],[80.8855466175387,17.735722858532565],[80.89076456091827,17.7219260791137],[80.89099358550163,17.713729982722498],[80.89474983426831,17.702955242434218],[80.89116932292067,17.690706696920532],[80.88576513991809,17.681264020733646],[80.89154883058548,17.680001339641866],[80.89454672967413,17.681682002761004],[80.90495432219676,17.677366128017287],[80.89950895413335,17.67297974348297],[80.89791624562619,17.668909674697126],[80.90053858424739,17.66450620096326],[80.91010477245406,17.661558855256164],[80.91244522782395,17.657851924043037],[80.91105521877074,17.638063163805345],[80.89998513399746,17.640177605429038],[80.89747692094322,17.638224380825008],[80.89245366224868,17.637243634234636],[80.88852502767729,17.63183493856718],[80.88459156645787,17.633501108130982],[80.87487934362704,17.633531885167073],[80.86834824655841,17.63539660161689],[80.86149566850074,17.63425998526619],[80.85514997562194,17.62920291287512],[80.85420125676555,17.625972159555882],[80.84964985075041,17.62225456972568],[80.85101029445097,17.613219985489415],[80.8554022872324,17.60191539242292],[80.8815537004239,17.59631001299005],[80.8930641474343,17.60071056420756],[80.91775402142143,17.599967756780668],[80.92390465591608,17.60169170293703],[80.93404174324876,17.600550226437502],[80.9488603467857,17.601763001791237],[80.9637664552145,17.60003598232201],[80.96939492239069,17.598102459228816],[80.97672680285638,17.587236399062466],[80.98282933975409,17.58278327568164],[80.98880395655534,17.572466864056018],[80.9983993076694,17.564732226075833],[81.00280764709407,17.550657523518034],[81.00842531202898,17.54705019328753],[81.01367624154578,17.536666669575105],[81.01482580393676,17.522174346808637],[81.01989515069695,17.520082552115067],[81.04720423716812,17.51956243410287],[81.08006638892546,17.51509512921461],[81.09134664444096,17.505701390344797],[81.09756173126061,17.504305220028183],[81.10110426902455,17.505651602541665],[81.12236560505058,17.52577696974249],[81.1244950156175,17.527108994706193],[81.12727783287434,17.52647246080858],[81.13847379946668,17.516285324055147],[81.14050453459123,17.504714531257864],[81.14486906677274,17.495126008145217],[81.14214347130122,17.488637538212508],[81.15967867907203,17.48442034676948],[81.14825175831507,17.463703550716676],[81.17554504611533,17.463686986655976],[81.17232492448662,17.449093972168342],[81.18298195131585,17.44029831015224],[81.19329480481365,17.4356762081945],[81.20269462772464,17.43400434962465],[81.20229473638773,17.440715087695818],[81.20526110011835,17.449639022329738],[81.21175644783193,17.4417914240164],[81.21904498997505,17.442327759649682],[81.2214225529527,17.439489491044665],[81.23632480940553,17.435627400546558],[81.24268880994984,17.432115101109872],[81.24550427557733,17.433077295266298],[81.25973821240825,17.422271382656703],[81.26853915726541,17.418311087242575],[81.30050857317488,17.41275930293509],[81.3123786678958,17.408776550923868],[81.31858972397478,17.398476200698905],[81.32263379475512,17.374597553268426],[81.31646615694876,17.369055437466052],[81.31631034056946,17.364537153831154],[81.31198645086633,17.36074647811682],[81.30529645709531,17.345959374532974],[81.30110382742484,17.340716630681854],[81.29740344308905,17.338392859331798],[81.28851621594718,17.32812582894876],[81.27850835665802,17.323464619211006],[81.27402587388303,17.31724568432279],[81.26825162181433,17.320078893919085],[81.24566864481643,17.32584246060331],[81.244627471351,17.323142204704236],[81.23913072683987,17.323545645529514],[81.23913018874902,17.32089599246801],[81.23356425150314,17.3204132624784],[81.22204473420331,17.321542160615373],[81.21031145649343,17.326103032130984],[81.19040843516076,17.324865984265447],[81.18667039614321,17.31400374474107],[81.18136538445304,17.304502787030323],[81.17665711462301,17.287720100841902],[81.1795666311658,17.278423436199773],[81.1781743583581,17.26909519433781],[81.1839351509689,17.25840125141722],[81.1875928302944,17.2547044108641],[81.18608904601719,17.24854620033222],[81.18337813620394,17.247071773533712],[81.17501470861934,17.23702400101625],[81.17300740065913,17.232079029495548],[81.17397560038079,17.23038939985671],[81.1594709167131,17.23085061382367],[81.12760053736878,17.22436295227412],[81.10943154930041,17.223520233742345],[81.0903691516477,17.219648904532608],[81.07960565289773,17.215328435846175],[81.05460902220734,17.224925154611526],[81.05559471661917,17.219610901493972],[81.04949511631413,17.2071195796884],[81.04356826563148,17.20237787250791],[81.03686562627618,17.19253284324153],[81.03286089721374,17.192018258883007],[81.0312711297908,17.190380824562045],[81.01542840910072,17.194453005852626],[81.01211592898267,17.194189694325708],[81.00861932926574,17.191910021990324],[80.99844983341255,17.19051409389376],[80.99435933769831,17.191373724777787],[80.98246943063384,17.196243615567585],[80.97628834235272,17.200322564781423],[80.9602877400565,17.204115133351458],[80.94128245010305,17.219343652133244],[80.91887846332382,17.219786557153427],[80.91675817425029,17.216141633056363],[80.9167615061017,17.21100951031335],[80.91885737537253,17.203255147156053],[80.92104819926385,17.200325246467834],[80.91844654075881,17.189787925399227],[80.92267158433967,17.18863796642228],[80.92643603382658,17.183529862907395],[80.92519964297519,17.167797320468548],[80.92361061127248,17.165982792305943],[80.9230926983752,17.161340130369137],[80.92399588432478,17.157896082612453],[80.91659319056353,17.15374152016506],[80.90702681011737,17.153900078929283],[80.89240560956752,17.15942134650838],[80.87943982981308,17.160879326866702],[80.87770188977561,17.14986315554893],[80.87825224892264,17.13518932942067],[80.87364082287009,17.128821858079885],[80.86930112730951,17.12673590301178],[80.86774261766521,17.123179996262525],[80.86833512756199,17.120322974237606],[80.87348687768153,17.114150712308277],[80.87643217322379,17.105638775810156],[80.87389376958946,17.098589301463836],[80.87520957330864,17.095501952236418],[80.8675830795657,17.080499635366476],[80.86871154322561,17.078046903443187],[80.87611017839839,17.074927621673822],[80.87716294821584,17.07048428111484],[80.87149344150589,17.069884844820823],[80.86551137767096,17.0586087125774],[80.85911202392863,17.052659810568013],[80.85584338698636,17.046565291032916],[80.8453119176844,17.040016923406696],[80.84079223208026,17.0467571072275],[80.82882517769914,17.05281697654028],[80.810416251415,17.055372084628953],[80.80406877538039,17.057551660329555],[80.79873891718779,17.06128506928935],[80.79046377513104,17.063512165655148],[80.76498370618904,17.066660593844947],[80.75089747574704,17.072668885121494],[80.74647066426515,17.077819766487885],[80.74465017803622,17.07698530880595],[80.73888487049281,17.07963699263481],[80.73680450075389,17.077735678575547],[80.7105847670918,17.081932035946856],[80.70536032529945,17.080824665962485],[80.699453656168,17.083841765196016],[80.69898596717995,17.081649106183974],[80.69634220284088,17.080105093703988],[80.69729658288021,17.076835058625942],[80.69496669439302,17.074182782801888],[80.67967092194681,17.07207523167848],[80.67640692570131,17.070798218811927],[80.67346973026798,17.066685615446772],[80.67107030319463,17.07008358341996],[80.66640912754333,17.067527808472775],[80.65381527906263,17.06865858184801],[80.64991989473316,17.071415144607318],[80.65709758836353,17.08960576464367],[80.65889521875665,17.091607609421743],[80.66805701147359,17.09497387785196],[80.67055901716923,17.10123456642894],[80.66560185381832,17.105167783652316],[80.65581596554091,17.109886665608443],[80.64924347590065,17.11141060647868],[80.6420472042119,17.11595134411725],[80.64548601440832,17.123562990920338],[80.63630094005418,17.128574479341232],[80.62790764438473,17.12994507146989],[80.61825701454136,17.128467463953385],[80.61699406320196,17.13162647118281],[80.60640520772301,17.135226737704066],[80.60054421163551,17.14232888709886],[80.58002435043493,17.153117438131826],[80.56318931744433,17.133149857938136],[80.55732934813122,17.13217034530362],[80.55429636354249,17.133645102525257],[80.5488261822143,17.13083391316244],[80.54234912060667,17.12464917250451],[80.52759134289593,17.11895840236002],[80.51408582477609,17.122097767223668],[80.51288975300959,17.109290512968517],[80.50550245727062,17.09828493771612],[80.50404005029374,17.092686984740432],[80.51008675060835,17.086949265532986],[80.50540331919588,17.068508862538234],[80.49767923068384,17.062698129210276],[80.49093822967268,17.051013129168627],[80.48600222074842,17.05212970229126],[80.47138251409686,17.050414222949723],[80.46486602812632,17.03006870804559],[80.4533065852037,17.034805319209106],[80.43863546527348,17.03762781791293],[80.43172857058218,17.055568840232983],[80.41705375677948,17.07365587170614],[80.4185609869941,17.07847232154075],[80.41779648475472,17.08792480016059],[80.41897192491409,17.092345142075267],[80.40903758734103,17.09154066365687],[80.4078591216558,17.087895564532506],[80.40444160242991,17.086804272396915],[80.40382453169494,17.082006650656375],[80.40064147455487,17.082005192606868],[80.39688699996087,17.077978792697927],[80.39103069667243,17.07471096932594],[80.38574071020372,17.06797049857315],[80.39166734259578,17.061340471868697],[80.39382395414948,17.05481208538786],[80.39850233253847,17.052648551418777],[80.39825592645266,17.0491339074035],[80.39593987381745,17.046374333491766],[80.39576602735211,17.03577179097403],[80.40074559109294,17.032233551272334],[80.40004699016109,17.030757387011775],[80.40740549309855,17.025656953230985],[80.40704226021172,17.015840323226566],[80.38786102083682,17.009310354020702],[80.38692847345217,17.00462969562585],[80.38110962362286,16.9980380262152],[80.37577222048021,16.988742422665947],[80.3666230338217,16.981479169444288],[80.36341256189576,16.976109595257967],[80.3713633977619,16.97585232185577],[80.40765886202612,16.96401061153702],[80.41940604206334,16.962613785187735],[80.44967480610448,16.954809282342403],[80.46744177203206,16.945492848015203],[80.47302444938327,16.938529575525124],[80.4820362845332,16.93217249239307],[80.49345280549409,16.927474720976292],[80.49399267052196,16.937840470235287],[80.49626171431832,16.946459402976362],[80.4955991708637,16.95004076707757],[80.49923557359169,16.956380590287363],[80.50170705453398,16.957425234510946],[80.50546581678681,16.956584110027237],[80.52610975149784,16.94792777025976],[80.53470228451414,16.96146084722038],[80.54577604609186,16.95697295830877],[80.56702823098009,16.94321125253711],[80.573492505968,16.94136865547702],[80.57547865501002,16.93818881334139],[80.58098416887498,16.93620174564165],[80.58132658689833,16.932571053070216],[80.58406297293305,16.928852083682944],[80.59040925061512,16.927140146195853],[80.59171805196665,16.923038024257142],[80.59691904952668,16.923904059254326],[80.59822836291792,16.921108858446537],[80.60194711241137,16.918637321008365],[80.59234582522988,16.90749259963183],[80.58712571601218,16.904225350902728],[80.58768278467608,16.902341690030433],[80.59482586442189,16.89893803484541],[80.59591808016177,16.884669858994037],[80.59286880552368,16.88270407878935],[80.58508573273181,16.881879759314828],[80.577564945545,16.879001971124296],[80.56831215618476,16.8694356659488],[80.57119130428107,16.861167702586567],[80.57014718613813,16.84856963126985],[80.56285387663577,16.832888595626727],[80.56553782261747,16.826891244072986],[80.57741630490821,16.8233826958138],[80.5845536884368,16.81299682247392],[80.5944049039983,16.802855435110914],[80.6129722913019,16.7935897904827],[80.61054949365813,16.79299864446439],[80.60986953366675,16.794233532320423],[80.59711329403719,16.79225430827649],[80.59685811051274,16.790244411667967],[80.58879983164704,16.785363732049998],[80.58717053835163,16.782296234188333],[80.58496002967748,16.783599468361135],[80.57687857517577,16.777194588240395],[80.5702470832893,16.76805746919483],[80.55159040434476,16.77505844777831],[80.52619967465439,16.774633133944608],[80.50440015524674,16.778736086910655],[80.49405394820074,16.783737446835687],[80.48630296323083,16.791157868259642],[80.4644623180511,16.795495498552807],[80.46384045210915,16.805411662067932],[80.46614862292606,16.81639680712223],[80.46424754074815,16.820024393803244],[80.4601673055911,16.820086909935135],[80.45327871497203,16.823056471665222],[80.450075496942,16.827274858404436],[80.44142122181792,16.830823544768045],[80.44088447574069,16.834317753582198],[80.43820800464047,16.834294404334162],[80.43440823698984,16.83747220226852],[80.4285952073453,16.83816225794304],[80.42971402938727,16.84677263473698],[80.42795101287861,16.846928333361962],[80.42771708798537,16.849842430510666],[80.41213036379506,16.851948194023567],[80.41206884716442,16.852988230297697],[80.38556333785085,16.86319524682026],[80.38316233782747,16.865359966225554],[80.38294759825375,16.863587889059502],[80.38032221614036,16.863699439309602],[80.37884218152267,16.86160511078581],[80.382788404209,16.85494571812465],[80.37858234292838,16.851890588924277],[80.38348135114444,16.85007096529185],[80.40780373962022,16.84827444900645],[80.40422375827856,16.832092146996903],[80.39971512913893,16.833591407994238],[80.39668870045517,16.8275489056305],[80.39237339774783,16.8279763407813],[80.39084450106687,16.824782894818576],[80.38607397080109,16.824947606539247],[80.38734086215133,16.819005234258952],[80.38602306417225,16.816295629494647],[80.38317322540873,16.81585086073322],[80.3804396133716,16.81749544794234],[80.37370417472864,16.828277182390668],[80.37962221024341,16.84112388848442],[80.37808160941262,16.841665715888524],[80.37340112896588,16.839541981716838],[80.37407384314618,16.852439639097167],[80.34939128324204,16.859165683636707],[80.34090359799244,16.8597453318909],[80.34401610234843,16.874414679101417],[80.32170760378901,16.879674137135762],[80.32498159738529,16.900378769623583],[80.32381386926261,16.90647133312325],[80.31562242234257,16.915544797404593],[80.31159540967116,16.916703384039465],[80.31388014613724,16.924872526433088],[80.3131018888942,16.94056895043711],[80.3164830586904,16.948479062076125],[80.30502414712957,16.95374288478174],[80.30659725529553,16.973836094756756],[80.29352615705719,16.9767042251065],[80.29028372217516,16.98111906493321],[80.29437285245012,16.99387537585461],[80.29359949911024,16.996375328464904],[80.282669732981,17.007714672855634],[80.27048255003278,17.00402983683704],[80.26690444796671,17.001380488160244],[80.26488839670381,16.997281310965246],[80.25686872742901,16.99897247964046],[80.25608109896095,17.00114667249805],[80.24041099584093,17.00219062770307],[80.24008270831696,17.00516122364435],[80.22617117055331,17.01536351758966],[80.22287761344674,17.007879683434403],[80.21143918077945,17.010315237787932],[80.20206661275417,17.017067154398514],[80.19959155741535,17.026534701547355],[80.20410005270601,17.038329552472707],[80.19646240278558,17.04407494944679],[80.19201328254195,17.033577887147274],[80.1926443112998,17.026787030030825],[80.18729689014509,17.0199963851107],[80.18039411512765,17.019063591315362],[80.17773791271522,17.016644889827674],[80.17017539519016,17.01686834481362],[80.16777387504222,17.005632194044207],[80.16203209617271,17.004981020261226],[80.15729520152613,17.007455862202065],[80.15336709696076,17.00698372724565],[80.14638131491613,17.000297840597156],[80.14024726781322,16.99063325428679],[80.12786619069743,16.992307533783777],[80.12049016342542,16.99126342215994],[80.12040734145116,16.98793511593711],[80.10963807372045,16.98725536299374],[80.10255814284415,16.990999828489297],[80.09517149209556,16.99069188483279],[80.09412008592072,16.975618976122373],[80.09156715383331,16.968356099056876],[80.08339139688803,16.97021634927502],[80.05545623856274,16.971461635521834],[80.05744116320106,16.96407729449051],[80.05246042536216,16.95991100793699],[80.04823207508274,16.949469474607028],[80.04850615197424,16.946747651686636],[80.05190884899791,16.94214239166513],[80.05059695474688,16.936455267254864],[80.04455755773554,16.929301790916714],[80.04041648956579,16.9181230986949],[80.03956383385093,16.91711274541376],[80.03752153561204,16.91860059991377],[80.03146070928962,16.91691861364293],[80.02707146714955,16.917578147417952],[80.02456885868433,16.915098805385664],[80.01739568268155,16.9150147510181],[80.01242901335834,16.89272252761039],[80.0045905306831,16.881086648552998],[80.0050952608036,16.87649327114985],[80.0015714232689,16.867725421610682],[79.99877384938692,16.86525417250296],[80.00364272900661,16.863936109732137],[80.00396276011479,16.86183403454882],[80.01705136561968,16.854271475598456],[80.02901792862235,16.852064406624514],[80.04685568898081,16.853383182341364],[80.04641512013121,16.838725560428486],[80.0481886514202,16.833270968264035],[80.05950919368124,16.825227151639233],[80.07080574822922,16.821343030698753],[80.07107567939569,16.818132776414785],[80.07326567593866,16.81723272391444],[80.0698292202266,16.808375619838426],[80.07061371267598,16.801733873062126],[80.06646416351163,16.78645351185924],[80.05387368910311,16.765475227143124],[80.05496740413122,16.74468814794516],[80.03665530725155,16.72769879767839],[80.03005073877247,16.71444702511318],[80.02215776878369,16.710368218581618],[80.00759493087948,16.70887856914739],[79.99742412618095,16.70213421864299],[79.97939364036309,16.665381758810515],[79.9630835172475,16.64357419213043],[79.94976770355274,16.635942166849766],[79.93415894728177,16.631613576253102],[79.91755558351474,16.63232374166798],[79.91012022611146,16.633958400388067],[79.89373643036284,16.650152344655893],[79.89065993048344,16.65892169663739],[79.8855277753152,16.68738942130921],[79.87754293102901,16.697338074625407],[79.85886164812716,16.704694589857773],[79.85107724762528,16.705878350050668],[79.82817095258362,16.693822353912598],[79.82110257853344,16.69155210028875],[79.81727714332021,16.691906108020017],[79.81121061449235,16.695721512782136],[79.79888642139532,16.71071824573849],[79.79252612101166,16.725535164499338],[79.78584497923947,16.730179880428192],[79.77400614499214,16.730813448913054],[79.74462858696795,16.71911966158309],[79.72933698989121,16.695543284245677],[79.72291011805682,16.690314387595535],[79.71390492145683,16.68928169750377],[79.70693337052295,16.691308902710933],[79.68155817090721,16.694409698332542],[79.66220177352666,16.68668648942134],[79.64829527261679,16.67006510279378],[79.63310767350049,16.66046097404657],[79.6215070607884,16.66321260211238],[79.60633941954275,16.67134388922612],[79.59894088408296,16.673261749075408],[79.59219986869876,16.669917951911806],[79.58472770731827,16.659380003523086],[79.57564725525373,16.649820651254597],[79.54210914909282,16.632282418833988],[79.5294419621523,16.63067800078274],[79.51038993375293,16.635777229750957],[79.50386369746832,16.635954639465417],[79.49403177232924,16.63307704670338],[79.48335002655833,16.623130718337656],[79.45959761374043,16.62369366249082],[79.44719275013426,16.61974746408219],[79.43915665965608,16.612946194193782],[79.43307096796656,16.59078198464609],[79.41865977736043,16.580279827467706],[79.39683614537388,16.57981894336513],[79.37678933610357,16.582788990230505],[79.35371213568081,16.579300501563758],[79.34013420795915,16.58267276500199],[79.32645325874581,16.576491887391718],[79.30825715952217,16.574178702422135],[79.29553646263514,16.563044385162094],[79.29104348124945,16.561607724006816],[79.28138472794095,16.56063879074648],[79.26165932240454,16.56695555607656],[79.25685957353585,16.565851097165048],[79.252239801236,16.559284133470417],[79.25029534929449,16.54718365813538],[79.24479425424245,16.5318418241563],[79.24127588654952,16.529197802790698],[79.22857937230992,16.52480284563819],[79.22090631439426,16.5143725042737],[79.2148523871332,16.48794140358634],[79.21461868771712,16.483516772371996],[79.21708534560463,16.477588846997573],[79.23337918585734,16.459234252933935],[79.23178175670337,16.457641740377664],[79.21797542962581,16.4538499659571],[79.2115870910255,16.447420529308264],[79.2077462002978,16.384784028788687],[79.20846125207744,16.379324838058725],[79.21244868138416,16.373505733352495],[79.2102244599272,16.358263945224568],[79.21435310259999,16.34938823043813],[79.23361632312604,16.33603095343638],[79.23431861164214,16.333873290537536],[79.23383247664802,16.322025066938277],[79.23106221424563,16.3143604373371],[79.2304049690545,16.282524865984595],[79.224610433925,16.27122811728241],[79.2226788234005,16.241890341000218],[79.22065046342156,16.234112334355462],[79.21656932276271,16.227439033494125],[79.20630334694968,16.220940398107523],[79.1719291320415,16.210433238188422],[79.1569714118064,16.209321114836186],[79.14602797601344,16.214000330387712],[79.12379565369177,16.231052770194097],[79.11974909188312,16.231971662625913],[79.10866409507612,16.22851590938823],[79.10160231915174,16.222856428431776],[79.09445288562192,16.224319691642442],[79.08413082798572,16.230153157571806],[79.07213541289279,16.227105502888428],[79.05860770189385,16.235222755738235],[79.04804380700338,16.238705493677074],[79.02920512758567,16.241772983033503],[79.00953436297475,16.240246773700242],[78.9857429021881,16.21074676401737],[78.98119012893709,16.20988645286958],[78.96776442972349,16.21115549341419],[78.96029537202233,16.20910213966688],[78.94898257503567,16.203569349420686],[78.93764521541422,16.201228958430974],[78.93004044023995,16.198083552320444],[78.92020334439808,16.191990285271217],[78.91109039218487,16.188457464114556],[78.90542854900258,16.18362053815784],[78.90378242307538,16.179379169377526],[78.90472890602504,16.174614653135848],[78.91057005203966,16.16410214328826],[78.9150565565722,16.148540705206774],[78.92252728424148,16.140061845519103],[78.92430654947697,16.135809993141578],[78.92441143676953,16.13086718034008],[78.92164450891346,16.1228545255537],[78.922054240396,16.104345200574553],[78.9179572875915,16.100058510190046],[78.90613456732373,16.09486329583714],[78.89562720071916,16.08561125318983],[78.89243634799904,16.08450603247873],[78.88907640718963,16.0852176965981],[78.88701247392544,16.098512961905314],[78.87942182475899,16.11763671657297],[78.87653760836783,16.135561602977642],[78.8721771680124,16.143999518813377],[78.86465544657771,16.147048780541116],[78.8525059389725,16.14889028768898],[78.83387572978612,16.144506282854316],[78.83307042696484,16.137353649142845],[78.84233713122885,16.0963988985701],[78.84228910549712,16.085945896002126],[78.84031932196291,16.078169072191294],[78.83708666614106,16.070404916470917],[78.82768090087446,16.060850513990022],[78.81943311611136,16.048333440978354],[78.80123549603992,16.037794154305487],[78.79608720263762,16.028435360436017],[78.79151316356891,16.024115121743765],[78.78551032888794,16.02117637881067],[78.7661576137017,16.016472836554836],[78.75298534450113,16.01631005554831],[78.74093616793336,16.00869292426259],[78.73552554041696,16.008181935167837],[78.7236011066045,16.020149357765735],[78.70538453657217,16.026463353983004],[78.69939652319506,16.027176807365574],[78.68122241293295,16.03481876019009],[78.67265014411281,16.045898515635198],[78.66817368274518,16.054525884727973],[78.65045104688028,16.072020188615433],[78.65025169724399,16.07883469483395],[78.63806377408396,16.084489980478757],[78.62726926998195,16.087664695058436],[78.60999277791132,16.087153666838955],[78.60166354020646,16.083953663226858],[78.59628019272859,16.077993645107053],[78.59241746305803,16.06912988303355],[78.58696647962577,16.063463075632583],[78.5576644636288,16.044995257354405],[78.55179246587402,16.04282894955822],[78.54208312663523,16.044195663913122],[78.5229563934385,16.05371945694831],[78.49868238912227,16.059999672265462],[78.47480489578251,16.06852438135191],[78.44114714390726,16.07445459673059],[78.43454755928137,16.07122861761366],[78.42870292510848,16.073202295708136],[78.4079250506903,16.074834056267036],[78.40148509489377,16.072038314175355],[78.3976602876029,16.06615204715014],[78.38442448056229,16.064626850963602],[78.36545204289705,16.04680527487334],[78.36200148183839,16.045820544241867],[78.34776421405441,16.04749886664778],[78.33826837112099,16.04372472657338],[78.32659093268917,16.03676158629247],[78.32211009922106,16.028705104110117],[78.32196146936408,16.01713351151228],[78.3122960352848,16.011533656780447],[78.2994539822911,16.011567687707913],[78.29194890394366,16.015279808651478],[78.28408844578163,16.02146642447463],[78.2772234503118,16.024338971483377],[78.26701936842184,16.02717594483044],[78.26089843582375,16.0258401963458],[78.25752085839034,16.021376277887075],[78.25554083945181,16.012874478014595],[78.25985650777346,15.995587759289318],[78.25129721421929,15.976830069870521],[78.25129188451471,15.97194957914048],[78.25336593819891,15.966349439761839],[78.2521145535671,15.953852383237987],[78.2536592237661,15.942561119485983],[78.25165256259287,15.93524855910911],[78.24350547987144,15.929426435252797],[78.23217084663689,15.924017538810435],[78.20454908176816,15.918006542925434],[78.18446554757242,15.909840317645983],[78.17947251089895,15.901955994812084],[78.18997070480616,15.892292117073618],[78.1866414234974,15.884828732691048],[78.17671105378295,15.876786247685663],[78.17538044582793,15.858098701706663],[78.16683063668653,15.854649724077769],[78.15880361919272,15.853782971933414],[78.13557320391169,15.854727309273736],[78.13010712069783,15.850721910673764],[78.13431295829791,15.844038652359378],[78.13403647122651,15.83628294298982],[78.13015049046142,15.83811648902289],[78.12335473084548,15.836728396089672],[78.11126584425062,15.838383174367689],[78.09882691383389,15.836037339275594],[78.08359230318382,15.840945063468748],[78.08491565814126,15.845080756203483],[78.07515194836992,15.847203327422319],[78.07139339452623,15.850389594883968],[78.07244307773233,15.857009964844352],[78.07155761823827,15.861767189342805],[78.05586979764585,15.866349078661564],[78.0562438579268,15.87466699386986],[78.04685663837925,15.874922769731675],[78.04498000385178,15.904162945606219],[78.03192760224947,15.907367034162018],[78.03103810303156,15.90298277102167],[78.02554887741934,15.90238473421076],[78.01506423729313,15.87601386721167],[78.00883538469009,15.864804557919054],[78.00890159501809,15.861774776236759],[77.99700236433922,15.86633827233534],[77.97537301099922,15.88335926487885],[77.94908937657769,15.884775912171307],[77.93699635413925,15.8835168678138],[77.8880184791854,15.906102823236845],[77.87825636482198,15.90523552792039],[77.87008909785445,15.89726368006238],[77.86236316330452,15.886379589471433],[77.85855220354377,15.88372663737338],[77.84600609782548,15.882139992177368],[77.83876892224859,15.885111223825414],[77.8198735582381,15.877843222696713],[77.80355735352808,15.874152750496034],[77.79295877648111,15.876495897591779],[77.7823962820642,15.876188476061692],[77.77727167364266,15.880790400088676],[77.76691111151844,15.886161370966096],[77.76082839235421,15.88463522068267],[77.74409009803823,15.886118241493332],[77.73885195334456,15.888049114865083],[77.73137424486724,15.893713850784678],[77.72413746814233,15.89583076321888],[77.71277469607982,15.894532241498027],[77.6927890360292,15.883330460232742],[77.68254428201647,15.883334291290675],[77.66619549451278,15.885978860777524],[77.65924293935389,15.885514533313527],[77.63651625347012,15.896072623114165],[77.62509628567345,15.909057591738943],[77.61143453076276,15.917949499884404],[77.59849234256436,15.912425659186368],[77.59335313562111,15.911934417627124],[77.58085070868688,15.918492656408619],[77.54902167340519,15.919136135549484],[77.53837338448872,15.921307639449163],[77.5325022536082,15.924102109088865],[77.51346826787129,15.926810324278092],[77.49877441158122,15.933196185543222],[77.47620040515979,15.935102490398172],[77.46602872550213,15.93451946613532],[77.42962804875518,15.94908139589652],[77.42259900115154,15.947506053108977],[77.41634462471629,15.942410445324182],[77.39772530580613,15.944500488888856],[77.3901268484832,15.941514333416485],[77.38013290319948,15.93978413743575],[77.36127821580338,15.949439179986568],[77.34817458867032,15.951335762115937],[77.33793289881102,15.949865611173836],[77.32409500942592,15.9501743849055],[77.31146091911545,15.953415054376269],[77.30110514590999,15.958015898230892],[77.28470915014148,15.953825394726566],[77.26054142011657,15.960048954444167],[77.24890027002901,15.964573791658447],[77.23550517372217,15.957157558354064],[77.21862317411362,15.957965183647588],[77.20498905856759,15.955060611822269],[77.18532270558305,15.956761165852102],[77.1741263590033,15.950790498880377],[77.1593683468323,15.950878956743148],[77.1522786719301,15.949099688955814],[77.14317604674937,15.944717600630042],[77.13736142169685,15.938202397001927],[77.1056858249539,15.930000460370177],[77.08460883759723,15.918660510101732],[77.07106524887567,15.908847777748655],[77.06127036037743,15.894496374627659],[77.0559286587961,15.881562344057938],[77.03372423365562,15.858905856613578],[77.0252201793049,15.837529638812036],[77.03588926152523,15.829572910290112],[77.03841844844473,15.830938506884962],[77.03835248784834,15.832330189023757],[77.04072808980375,15.832764904940586],[77.0425919996952,15.828857234987819],[77.04769773720754,15.8300565217166],[77.04812324220816,15.827991790365537],[77.05101148754335,15.830423765733629],[77.05347182578285,15.828861194989663],[77.05452159432895,15.830099594903343],[77.05891833291004,15.830015242697177],[77.0631751795469,15.829605371471253],[77.06550493688006,15.827369383686785],[77.06376664829627,15.803208548975528],[77.06715028576457,15.802712525052259],[77.06720588159921,15.78775633715436],[77.06644605509084,15.785067610451895],[77.06097656816037,15.786276927399637],[77.0569833411268,15.768725810868048],[77.05234490453029,15.769894529640341],[77.05109161816505,15.764539699912463],[77.05649074814411,15.762847099837646],[77.05434207949415,15.75619509765928],[77.04802457485063,15.756238068973811],[77.04597782456119,15.74037722629657],[77.04941636616135,15.740062233857119],[77.0491308438348,15.730279549702312],[77.07972115713694,15.727532122807553],[77.07889810719891,15.716276305512451],[77.08743966261949,15.715509853521686],[77.08260119815866,15.698718014605905],[77.08067487781285,15.69855049899171],[77.07872588488758,15.6951656652756],[77.09382533861326,15.690405986598714],[77.09505705822518,15.688381845525083],[77.1092602448256,15.681483762419175],[77.10931634731004,15.679897744198987],[77.11422776665002,15.678004849507275],[77.11342570584863,15.675709296451483],[77.12140342020636,15.671110870046322],[77.12017002793137,15.66763050893526],[77.1289058584052,15.665888390288872],[77.1214536980145,15.631106996135646],[77.11566694319367,15.63253466002058],[77.10835485261366,15.637856976588617],[77.10627984491869,15.637463697422808],[77.1074966533952,15.640052912957188],[77.10667106302152,15.641833197898046],[77.10343004029113,15.642858492338247],[77.10139153473938,15.64852457943771],[77.09098204227993,15.653416663023277],[77.08702658760744,15.657654333694818],[77.08322083088882,15.659167328849806],[77.07175645936766,15.64667537551275],[77.04601823617259,15.638660408253365],[77.03435670061621,15.636821178520634],[77.0341525108572,15.63458437668476],[77.0304640507585,15.634515061458835],[77.0300993203801,15.62685587252878],[77.03149347156506,15.626856537798622],[77.03114192306515,15.621009384755443],[77.03275069344959,15.620648593721839],[77.03132813753534,15.61161534575069],[77.03281731969757,15.607630611886776],[77.03183443341935,15.605551657847787],[77.03294441154736,15.60500535930425],[77.02626992718973,15.581758812168635],[77.0313455621569,15.544098636036177],[77.03138605551497,15.507118408943462],[77.03006961039871,15.50267159913053],[77.02886652548476,15.500481015497591],[77.02282311390243,15.502261620328197],[77.01482173163187,15.50185099321634],[77.00948890810052,15.504636263680656],[76.99235619498435,15.505817306301934],[76.97456138038464,15.510530322639397],[76.97404815669316,15.498258062714543],[76.97712893704488,15.489788832471058],[76.99124415701942,15.482922816746894],[76.9973313237426,15.478030540997416],[77.0107999336807,15.448766415183233],[77.02753336002611,15.439764938938483],[77.0320376610827,15.435580720804651],[77.03269770452593,15.428434187355279],[77.03515589758852,15.42319982326738],[77.02899842332131,15.407709006350595],[77.029256978223,15.404384986960686],[77.03297105468037,15.399732877270546],[77.03965366789302,15.39704869592496],[77.04548367210317,15.392947740054373],[77.0472763644572,15.39004674026124],[77.04745022260069,15.383426260956542],[77.04137380332155,15.371014030838277],[77.04185653010744,15.36194736415906],[77.04477080951791,15.355715777078451],[77.0590609880721,15.348982445856626],[77.0649234951259,15.34357729833815],[77.06603846070036,15.337760363642776],[77.06375418327337,15.328043670705217],[77.07441578162909,15.325913510585929],[77.1014740315235,15.333702327646744],[77.11312731515562,15.333703383711644],[77.11261387676679,15.327456758260677],[77.11703819722037,15.325767345357622],[77.11692458369313,15.313440384339287],[77.11851576775926,15.313468082085357],[77.11840090287883,15.294876130797292],[77.11963644212734,15.294567938075566],[77.1197442848772,15.295761405534828],[77.13329061974862,15.29282373563228],[77.15160282442608,15.292460442130379],[77.15196919602653,15.275709786111744],[77.14712550157412,15.274970845863555],[77.14716056192134,15.272947127972191],[77.15287829648393,15.274088200939376],[77.15920408000112,15.269264816421906],[77.15928503707285,15.267867264242485],[77.16695576206372,15.268609857119882],[77.16769624514905,15.258521417478102],[77.16165593455108,15.259146905908597],[77.15589717213281,15.256962779847774],[77.14380230455474,15.257239522373451],[77.14030142526377,15.247510292685323],[77.13624252419642,15.240985424011049],[77.13285419752235,15.24171762029923],[77.13253764738589,15.2397203395618],[77.12641174440932,15.240464757575603],[77.12514504529852,15.22696557206009],[77.14768085265916,15.223935635451488],[77.14721048130168,15.220831320792689],[77.15199776514748,15.21759789573965],[77.15168203517291,15.214726070011533],[77.15484186816794,15.214847707686037],[77.15933509748865,15.201024386784914],[77.16196897047813,15.20113693354876],[77.16621036160053,15.188366355079031],[77.1691569174791,15.171375305638623],[77.16744472585263,15.171271693119222],[77.16738364400659,15.16817639891789],[77.16488984172612,15.16823098907547],[77.16285474438256,15.157386326320731],[77.14077925623138,15.158613228727894],[77.1354285616158,15.149774804185538],[77.13474454483259,15.148319830786091],[77.13716368184157,15.147822627461304],[77.137810160724,15.143561446105117],[77.1490260941702,15.141445888333822],[77.14977020285599,15.13979193242599],[77.15730194679435,15.140496034486082],[77.15635039465154,15.122958808138518],[77.15019031347335,15.111635478926807],[77.14210568522373,15.104595928628857],[77.13696137944297,15.104275359132304],[77.1369798883311,15.102363930933299],[77.13014262924396,15.10079606581081],[77.12823532623271,15.072341269230085],[77.12083674675547,15.054026560719878],[77.11952559900442,15.045720940882948],[77.1152941082148,15.046425669691809],[77.11295122380037,15.034084721656061],[77.09367788465096,15.036165791568378],[77.09087515084597,15.029359991480485],[77.08476993517208,15.030737141207972],[77.08247333645268,15.006109268727117],[77.06904241173909,15.004791154628984],[77.04812501727916,15.00804279715677],[77.04414001611863,15.009871525318648],[77.05045314506842,15.024501139304572],[77.04958534645283,15.033104223281505],[77.04034634353724,15.033132900853996],[77.03597173315652,15.031305533592539],[77.00410157030615,15.03386159359774],[77.00305705690452,15.030941840792465],[76.98605653178069,15.02651515926904],[76.98524555969165,15.01521768836609],[76.96594218267575,15.018068303788162],[76.94962657804034,15.030401754920927],[76.94377272355936,15.030905063195023],[76.93588621066081,15.029438559248085],[76.92224889082416,15.03131249417688],[76.91839038682872,15.035551975339557],[76.90724421475085,15.032548510941115],[76.89500158239339,15.037100311932978],[76.87718764625455,15.030236680813172],[76.87786655252211,15.035487688155229],[76.86921806344675,15.053449857641205],[76.86521321850161,15.055253155074686],[76.86591055999543,15.059713407567232],[76.86413421518293,15.05805479161307],[76.8608927927022,15.05981697830487],[76.86145536175059,15.062004209281023],[76.85461886982472,15.065153315728407],[76.8360420025999,15.079263180808544],[76.82379144261007,15.080042350810592],[76.81164138882917,15.08641078611188],[76.80026181377927,15.09586072373544],[76.79394236518148,15.091877350715382],[76.79237662859069,15.087597302664857],[76.78605111726306,15.08784339298184],[76.78532327077883,15.08233451922276],[76.78217207688189,15.077357878632604],[76.77789661355908,15.079898717791696],[76.77672063081727,15.078429550809274],[76.77991674137674,15.076067684908862],[76.77526788162801,15.072283380768473],[76.77363256243366,15.059151150174552],[76.77665718640202,15.054706105038875],[76.78037334964576,15.042714930355283],[76.78345624014011,15.042643934965394],[76.78577420528852,15.037181729370428],[76.78574565143892,15.02770589115752],[76.79015610998934,15.020744227249141],[76.78714400584109,15.007959409399207],[76.78365846348696,15.004812937897144],[76.77876311770235,15.004593936340772],[76.77505305940926,14.993094349691901],[76.77240174562858,14.990865156462496],[76.76959125756606,14.991791748643902],[76.76788086436677,14.990127623978623],[76.76059489140535,14.98988752547283],[76.76656426563859,14.97564686173467],[76.7776324235256,14.975476892575315],[76.796294683703,14.969198563726518],[76.81830398398402,14.969468051054486],[76.82852801565978,14.956487357282153],[76.83413912648635,14.956485469638267],[76.8352991228094,14.960060605307028],[76.84196192098348,14.966435209500297],[76.86748299173001,14.969852122631869],[76.86611472460162,14.957560513568382],[76.86964518361827,14.937740177534371],[76.86386687026615,14.895612503617507],[76.84735639409617,14.89601361575008],[76.84550278338943,14.889324767602002],[76.84554808542923,14.887214867512107],[76.85249775789437,14.88700568639962],[76.85147191867084,14.883381156248172],[76.85341638049381,14.883241297170299],[76.8539038494861,14.869207562192235],[76.85721633679064,14.869137828197408],[76.85491300789312,14.858947180395973],[76.85543600794986,14.848809266468935],[76.8540865380688,14.843258645663477],[76.84181157803923,14.836583713145108],[76.84551950193519,14.834082594073598],[76.84673527285757,14.828295905025696],[76.84538575267086,14.825511764976431],[76.84603418628735,14.822079932693356],[76.85458566809179,14.818123872139939],[76.853999412266,14.809475799719946],[76.85147976096326,14.808635062892801],[76.83739044660487,14.81059570568022],[76.83677040783623,14.790806597961407],[76.83259543365435,14.79042057794755],[76.8324149558256,14.79294185619804],[76.81909755660432,14.793149029930397],[76.82035840947924,14.788912038445202],[76.81768452732366,14.787633971857922],[76.80298189898484,14.785633482570123],[76.79384879396655,14.785428867420524],[76.78865868937763,14.787003836354387],[76.78848567115897,14.78584710719207],[76.78398615363126,14.787000964880946],[76.78270952095005,14.785970067848332],[76.78900700304422,14.772311776439096],[76.7895516938218,14.760090336076793],[76.79417073219807,14.751298518183543],[76.80296546879829,14.74191666387698],[76.78653005315847,14.70846263935168],[76.78624076239933,14.695813258712601],[76.77529215680191,14.680993241147936],[76.77254807040856,14.63914436217348],[76.76694239438947,14.618304936831013],[76.7650152484919,14.602157763892087],[76.76905776159353,14.60091240463915],[76.78025400396871,14.593090565112343],[76.78034509583345,14.597076271997498],[76.78186267194522,14.596530144820402],[76.78338681923327,14.58047035319511],[76.79138219536782,14.554688162140502],[76.79788408191837,14.54919993271056],[76.80283657402975,14.542233347890837],[76.8063009646522,14.531099652773156],[76.8125634609593,14.531765764533446],[76.81942975539302,14.529973517353051],[76.82348033895917,14.52685642704025],[76.83102707937286,14.530396488712379],[76.8328412127161,14.529145080477946],[76.83551005442462,14.521332246682409],[76.84191655426501,14.519408228446203],[76.84925125184746,14.512617171091659],[76.85562038536527,14.509626296712378],[76.85921622825988,14.497495070586261],[76.8624818935752,14.492790995576605],[76.8651123960857,14.478262579965381],[76.86797879079992,14.4740735883859],[76.88429161964113,14.47711084230949],[76.88388212082224,14.479306765610751],[76.8865259345686,14.483563569758516],[76.8892717035065,14.483201983255427],[76.90070508135372,14.489243075385888],[76.92092295500694,14.490555373482215],[76.94340762397337,14.489516187020987],[76.94876342371474,14.489177899367576],[76.95001672804632,14.486792380597274],[76.97483029465822,14.485365120706206],[76.97545303555925,14.477899386151108],[76.971682912313,14.468171483432414],[76.96841667117762,14.46514056836816],[76.9683458129663,14.461823568421122],[76.95992895718192,14.450628551687469],[76.95681781826515,14.452016922888026],[76.94598044386287,14.452585215130947],[76.94480669972275,14.450931527319321],[76.9478088424528,14.413192250607437],[76.94689342234737,14.40656313113243],[76.9428437011639,14.399754052407108],[76.93155249338845,14.410936969576477],[76.91584566803792,14.420728211234525],[76.90461801157731,14.403955107811374],[76.89865039265213,14.397986017842246],[76.88483375291507,14.39574476586198],[76.88477208087589,14.347572231563136],[76.89229922094837,14.341299439873787],[76.90340262782881,14.322720591117834],[76.90788301393593,14.322991458308751],[76.927218599148,14.314550950871123],[76.94566364938466,14.313217839266779],[76.95673799846058,14.294383426449603],[76.94739764761466,14.286202259828555],[76.9387869165273,14.283050360271861],[76.93712730239609,14.280375426050652],[76.92819758404295,14.279338105542209],[76.92491106703326,14.273820940858334],[76.93581035871487,14.259402661531931],[76.94006892832044,14.244644952998348],[76.94647572819812,14.242220902525574],[76.95195193542524,14.24193911436398],[76.95984313752957,14.245000494302284],[76.96984539043302,14.243406155239565],[76.9762171128955,14.246164845444232],[76.98560911866693,14.247371875048074],[76.991948925784,14.241444398675624],[76.99894766243331,14.240903747599873],[77.00567604121645,14.23582281004444],[77.00849636044141,14.23803405280809],[77.03037101044788,14.242303341726277],[77.03055139485187,14.244226206361395],[77.03615403097206,14.244906707453643],[77.03606371076015,14.246781743082975],[77.05247477397093,14.245540217855696],[77.05773852514176,14.243838155432819],[77.0569518318199,14.240706215622916],[77.06029360330437,14.236233270747269],[77.0600816413215,14.232319641669568],[77.06181505205332,14.229495656883513],[77.06776848478354,14.228439839048088],[77.07590480658617,14.2233939189819],[77.08118325958495,14.214189599228327],[77.10081536340098,14.217175200991216],[77.1077686210424,14.219946170107422],[77.11487023724966,14.22317782150263],[77.11667688762657,14.226418093430398],[77.11565712820088,14.237616443262219],[77.11833013809232,14.244851587255008],[77.1153413506156,14.254564922570491],[77.11857067548438,14.25686074020547],[77.12049337472128,14.26296611204892],[77.11120332144641,14.261614414989587],[77.11169886449649,14.265401450846461],[77.11019740326259,14.268198660915015],[77.11553039118564,14.274272668477023],[77.11565467220692,14.292516231584164],[77.12539551446437,14.299914291471543],[77.13059991304607,14.306878203020972],[77.1363380267892,14.323060889510549],[77.13701048944121,14.3317962312606],[77.13571293948867,14.336907342118177],[77.13922182815868,14.340174491706998],[77.15266804669001,14.339179300610198],[77.15735449105193,14.342134242849854],[77.16692598740363,14.34211480342086],[77.16933033185482,14.335475892630807],[77.17868835076578,14.335519283631271],[77.17795669722136,14.334256597296676],[77.18103277489259,14.331944193005766],[77.18105557503281,14.330412224010091],[77.184054874595,14.332508386073531],[77.19743228576881,14.321211718725696],[77.21347661984969,14.318820441943597],[77.22867930527288,14.321232211409114],[77.23397059160379,14.3180575326342],[77.23821093529055,14.31739582555881],[77.24734597527998,14.317843333794691],[77.25387983197317,14.322268279319834],[77.25336532458913,14.325296679357255],[77.25828693262108,14.327517848996138],[77.2585949936781,14.330952707930047],[77.26358114835814,14.332835112109501],[77.26931955854533,14.332146430123393],[77.27713149959719,14.337572727995434],[77.28389401615772,14.337561966291123],[77.28484774671509,14.340133713455986],[77.28657666946373,14.340134386217954],[77.28745320239882,14.327192130943363],[77.2885516749047,14.327178938650322],[77.2888429733985,14.305510144774365],[77.28796145032196,14.298792928572755],[77.28290036446914,14.286102809011952],[77.28354612739429,14.282772595462196],[77.28934366469346,14.281337718329722],[77.3053529662749,14.283471630746662],[77.31426947490178,14.280541279398081],[77.33016368612562,14.279898808324505],[77.33907042647212,14.276931426004477],[77.36382868291365,14.275863106734917],[77.36186911681747,14.2687906286475],[77.36383463694735,14.25472731403267],[77.36013207958689,14.245349770410874],[77.35949347264129,14.23404287668137],[77.36637797772246,14.232886456425238],[77.3791784243455,14.226519282497955],[77.38420936543235,14.220987797222904],[77.3832313336499,14.207480099990269],[77.3866775890834,14.203557377853116],[77.38709895105394,14.200055050730326],[77.39199508106779,14.198938614306625],[77.4007735635513,14.203249152842107],[77.40950576572966,14.205575510048394],[77.41414085610172,14.204795015473918],[77.41939693206679,14.211661241456016],[77.41769960576161,14.225878729082828],[77.41213135894715,14.227723337233217],[77.41148354067661,14.232418862827767],[77.4096766073304,14.231953596633298],[77.40883876303792,14.25988660724203],[77.40694374269155,14.259724132431739],[77.40539234500939,14.266724356745657],[77.39579158244405,14.266151405599333],[77.3873725778895,14.270901391603076],[77.38929127243684,14.277408806537341],[77.3887816950071,14.280879486165293],[77.38664553449912,14.281706562124954],[77.38514446672734,14.292715138819469],[77.38241052051694,14.299046420138584],[77.37782726114011,14.301428027542215],[77.37708113304153,14.304830967969645],[77.37904617167442,14.322753600792119],[77.39281209163218,14.335867459225346],[77.40776942649003,14.337633057064433],[77.41214008428348,14.33654790594068],[77.4230909527371,14.328212913708695],[77.4284071807919,14.328677280339214],[77.42830880269187,14.32418988988677],[77.43153651508473,14.312891475491417],[77.43806289689641,14.316414815218065],[77.44622937424482,14.317501661811933],[77.44669415808126,14.306633193307364],[77.44518925719815,14.29526364815623],[77.44813264202381,14.282645502336338],[77.45063501243547,14.282825439479952],[77.45028681644818,14.280742300483626],[77.45965634008294,14.280540386206638],[77.46606593282287,14.283127559517569],[77.47893367583707,14.292196821861024],[77.48182052608864,14.291644192401765],[77.48426602775291,14.289040149630743],[77.48713100402732,14.281758582850596],[77.49076840388528,14.281336672794543],[77.49275931669327,14.278185948267597],[77.49828785617555,14.278883664963605],[77.50386878091363,14.263783632549707],[77.50221126524694,14.261437356618204],[77.50330138970884,14.2591015622754],[77.4966102847218,14.23718186600927],[77.4923791254105,14.234879180960837],[77.49373099918327,14.23304828966764],[77.49279410485096,14.231042315351466],[77.49592642155052,14.232030460724099],[77.49449078347078,14.224276347532077],[77.50328729154879,14.210574993761778],[77.50133555247368,14.204803066473978],[77.50465341350024,14.194013167562623],[77.51579232180072,14.187176719554008],[77.51707668717985,14.184438734584955],[77.5170357590372,14.182847986217942],[77.51520146839732,14.182973662758636],[77.51343922623647,14.17788429634139],[77.51434301315896,14.17668264164124],[77.51065331248687,14.173083638593688],[77.50351051481202,14.157154636558023],[77.49961868331953,14.159836942349687],[77.49006249695522,14.162395940421588],[77.48813539238016,14.16170987719035],[77.4808373739091,14.164772688081325],[77.46809122954672,14.16492239252586],[77.4669151066677,14.166070772214356],[77.46709950294775,14.172069651017557],[77.45692307389722,14.170048654519983],[77.44585422520578,14.172130858769963],[77.43029626417255,14.17089200977593],[77.42270559524316,14.173406196377792],[77.42286844183786,14.176863307701575],[77.4203626677096,14.176985814666342],[77.40785655049618,14.173553111509763],[77.39372539979838,14.174282095880384],[77.39162710956785,14.1728586884469],[77.39474388900629,14.168737005729275],[77.39488209930431,14.160805896323843],[77.38925484126048,14.15968553170335],[77.38805033521179,14.15367053711563],[77.38507242004493,14.153300075075192],[77.38335383690523,14.144162455254984],[77.37894947881384,14.135878913799132],[77.36057437679513,14.13086656302319],[77.35172094696917,14.131141956692357],[77.35137527345121,14.130017076256001],[77.35148980236173,14.12040386394926],[77.34747239088405,14.103673476004849],[77.3497875299326,14.103163027363038],[77.35355597602421,14.109729793984139],[77.361686633949,14.115370428511259],[77.37566605290709,14.118715091700487],[77.38210734988832,14.12353702432318],[77.3906187255086,14.126677555934931],[77.39737013619728,14.125474994473768],[77.39724950233608,14.123215445510793],[77.4010338692695,14.120222493526796],[77.40092576510989,14.11875012094729],[77.39761462168502,14.109590324828416],[77.38881562168041,14.099517497356095],[77.38618551981853,14.097596911150406],[77.38127302429683,14.097877260675224],[77.37562414470243,14.079389301983632],[77.3736148200244,14.077043856464817],[77.36366576894528,14.073044002349416],[77.3605500207728,14.06259819666719],[77.35477771445501,14.062418672102345],[77.34593590074401,14.059710704453959],[77.34051020398869,14.060229652274062],[77.33509250852764,14.045440302872557],[77.3323076278406,14.030727018525221],[77.38491766727093,14.01606630959323],[77.39016184055848,14.016734981870377],[77.38765255132252,14.005748948173489],[77.37967781757487,13.989881146338652],[77.38164674950616,13.976273005627258],[77.3956943371196,13.983769752105053],[77.41026744276748,13.983930968183492],[77.4258915368736,13.986151862324878],[77.42766258162594,13.979716171321778],[77.43402124977071,13.980202872609024],[77.43788420042682,13.975560740145298],[77.43475306231691,13.964421653424473],[77.43531126465467,13.95770146501389],[77.437586582285,13.955547186217174],[77.43536633946641,13.947554264829401],[77.43072001566172,13.94512393947625],[77.41208858207163,13.945598336353628],[77.41488735340788,13.93666847156283],[77.41588089190876,13.924236681439393],[77.43490366846756,13.919708530161307],[77.43504346069881,13.915046397522355],[77.43227563991735,13.910577300905782],[77.42835322797592,13.909122265948353],[77.42841145767095,13.905968408241787],[77.42283120846596,13.902864653585072],[77.42050812920863,13.899371506104409],[77.4105702675447,13.89635409708293],[77.40546662849687,13.889489690483883],[77.40002151196171,13.888328792370194],[77.3987447714827,13.888166176156766],[77.40004012774936,13.896905529005924],[77.39797509404896,13.90662412407271],[77.38717104894033,13.906287052116099],[77.36849403842595,13.902990468133735],[77.35763582310908,13.903414621615406],[77.35444816479809,13.904150967500165],[77.35293614386808,13.913940644565239],[77.35015956630922,13.913449807286913],[77.34784197755488,13.91600377437425],[77.35521007449958,13.930799569744797],[77.3641900616777,13.942902747478781],[77.36745647798459,13.94972242272076],[77.37128992796679,13.95279099464073],[77.34949165901399,13.958179765177512],[77.35385680923646,13.96283426882232],[77.35212882073569,13.968791105868018],[77.35595548394593,13.97911903724306],[77.35934256735165,13.98387352974926],[77.36109510141924,13.990851254431565],[77.34818286844227,13.994511837934873],[77.33622482236684,13.995406902809895],[77.33686030227692,14.004508051565463],[77.32268856659292,14.023048282376346],[77.32152597054548,14.026414959760427],[77.32223562614519,14.030033425901864],[77.31081107873722,14.032565842904985],[77.30658070185852,14.032041980699796],[77.30142238954585,14.027448856631798],[77.30136136339533,14.025345868251794],[77.2985059658568,14.023650297981993],[77.29827663854118,14.021644893550151],[77.29209319487741,14.020052005263839],[77.28188508224682,14.012952811145281],[77.27500299453207,14.011322973424223],[77.27931467343554,14.026060991449334],[77.27876581537339,14.032450923240686],[77.27686817374303,14.032007200483646],[77.27732996978281,14.03469182320754],[77.27036362189105,14.034521613145468],[77.26312683797963,14.02876539153036],[77.26059611583928,14.02889539821276],[77.25679327235714,14.02242186799472],[77.2481724199515,14.017608670443675],[77.24535995110375,14.011983676661899],[77.2198256760209,14.013612530908519],[77.2157284869595,14.010916124260355],[77.20998009738784,14.01107627016219],[77.20467498328972,14.008289692000758],[77.17400866892132,14.013024400291869],[77.17095366662495,14.012039805050795],[77.17283917291417,14.001123241188045],[77.15965412517868,14.001108375585327],[77.15872862328081,14.002076826408926],[77.15738629410794,14.000986639729465],[77.14922966229504,14.001202687380577],[77.14108137493281,14.003895103624533],[77.14173922199514,14.013236233855235],[77.14036950318928,14.01799501206736],[77.13640310434167,14.022943700560043],[77.13184442556594,14.043957972711445],[77.12740982030068,14.047053627220642],[77.10238038493277,14.04528071081441],[77.09512695973072,14.042482453953848],[77.07893003062917,14.042678520700306],[77.07532375380254,14.043522858791722],[77.07613177492587,14.053311554309593],[77.06742447225055,14.052057685825915],[77.0457164480512,14.056728550508893],[77.03487950573854,14.056132655509574],[77.03164328629992,14.056890607663325],[77.02780331993868,14.06218091381123],[77.02556096598772,14.066161351940513],[77.02889394835545,14.077849369118557],[77.02981086146087,14.088212124566532],[77.01843210567452,14.094669623329715],[77.0191258179746,14.096427873224755],[77.01468377915033,14.100041130081529],[77.0163671070084,14.104276345823047],[77.02406816541148,14.112644785745763],[77.02182221460613,14.12328638945746],[77.02622985963309,14.125055295868034],[77.02586648391416,14.129976488279956],[77.02022552566393,14.131334277245001],[77.02184158048702,14.151987416675949],[77.02041739233388,14.15720180120022],[77.02604599425737,14.174824390267622],[77.02334023807887,14.176725765340127],[77.00547179396523,14.184006613967108],[76.9964476204549,14.180312294431284],[76.98378362253366,14.178853975407245],[76.97065864424287,14.18244755676732],[76.9606165815993,14.18180949579378],[76.9590374080085,14.182655135330208],[76.9597744137154,14.183988023114797],[76.95736728628343,14.188150976457457],[76.95115271150347,14.192699110895985],[76.94757851531227,14.19821349927798],[76.94271852362398,14.19544016085386],[76.94249032459236,14.191128918050813],[76.9446798926389,14.18660472675803],[76.9420935414263,14.180712511659342],[76.94238322744421,14.173368862255847],[76.92193365851625,14.169459838128798],[76.91976047394384,14.16449823054758],[76.90967360962208,14.168002095615524],[76.90055406197804,14.167609906543],[76.89967421785278,14.16926850443787],[76.89838645324862,14.167592052077095],[76.89454694592644,14.16784994484616],[76.89052982460461,14.142863828688366],[76.885926316303,14.138277165000476],[76.88952906454719,14.135660395707832],[76.90481084932607,14.133679829045105],[76.91285383167912,14.128852357362252],[76.91758184198754,14.128878742465456],[76.92499286582644,14.13714744163007],[76.93113201086858,14.131063470319006],[76.9358779560417,14.128884160087788],[76.93659455651685,14.124319605963365],[76.94427109450595,14.120783619210426],[76.94570124747254,14.11825254292386],[76.94685261368062,14.113019006132088],[76.9510412054239,14.107147437542435],[76.95353913366644,14.099694557616882],[76.94841111973167,14.092090410727604],[76.9594211278737,14.091671205659697],[76.97345587946003,14.083558720334631],[76.974977974996,14.080946044499575],[76.97526667017209,14.074040653687506],[76.97758030005095,14.07132821940321],[76.97646562912394,14.065316358427564],[76.97174957090036,14.058055665122732],[76.95861073160476,14.057084203811177],[76.95032276789395,14.053602407460922],[76.93239522361775,14.053964618748038],[76.93440714173204,14.044683502353877],[76.93114482623443,14.03024094369827],[76.93503366364212,14.032843112949715],[76.94016611525437,14.029542858665543],[76.94347574950959,14.029781508416912],[76.94378861475671,14.023341592474335],[76.94995133069362,14.015133016051303],[76.95587034088048,14.012799299298381],[76.96539515268519,14.011535218203628],[76.98198344631501,14.001672361322655],[76.99638017224844,13.990545597512245],[76.9995014217037,13.990379189185466],[77.00033879797388,13.989457866557565],[76.99618791930288,13.976802883487096],[76.99377430783122,13.962604779017672],[77.00628040258677,13.956497774738173],[77.01422161480127,13.954910875209169],[77.02438037758341,13.939992999615072],[77.03705016873994,13.936992823973604],[77.04166447658793,13.933474045173654],[77.0442250614232,13.914797019773163],[77.0472997970114,13.906640868790415],[77.03222787844581,13.9052208996945],[77.0230365922415,13.902636598790846],[77.02325228941932,13.895970841705216],[77.02063557425178,13.892394991667029],[77.02032274134399,13.88847212476558],[77.01625846565626,13.884448209488387],[77.01847973614751,13.872577200946708],[77.0131931300392,13.871557930143599],[77.01422999518456,13.860350719594338],[77.00654681415396,13.85209940427754],[76.99680185312087,13.848990576302505],[76.99223771618152,13.849049549308964],[76.98890474818685,13.835301004623812],[76.98289875413101,13.82894055654889],[76.9780280051172,13.826908926052406],[76.97641451588258,13.81736042923014],[76.98974951849011,13.812980129256758],[76.99169596828484,13.80271152985914],[76.98919500553323,13.794668417316132],[76.98520727169759,13.790837859231079],[76.99291014110432,13.770796049547585],[76.9945091162589,13.760034957235579],[76.99839482483442,13.755093551215108],[76.99687362132555,13.74779131468337],[76.99850866833039,13.745616785471887],[77.01650701602064,13.738552514742112],[77.01658219423014,13.74590541900046],[77.01868906247333,13.748717358083347],[77.01735878240336,13.756142619538206],[77.02388181170244,13.767945300657605],[77.0244779885222,13.779266324834127],[77.0433759217144,13.777836460398103],[77.04406265769795,13.770886056870594],[77.04861252489904,13.770227762188291],[77.05184169885085,13.764222672077729],[77.058042925564,13.76034246419749],[77.05897774838127,13.757206349760985],[77.05749949602108,13.75300751683472],[77.06020414906837,13.752872702751882],[77.05991847582489,13.749369492709988],[77.06470490986446,13.743875318085939],[77.06978538405606,13.74525949367032],[77.07589307548687,13.742879175465115],[77.08563854586471,13.742478869937747],[77.08396902421423,13.745813815705072],[77.08383763123088,13.756678836643564],[77.08547331424292,13.762377940161398],[77.09022623034261,13.762401313367405],[77.09044745754929,13.767182754030024],[77.10596401702773,13.767803803068364],[77.1178836798877,13.764541687272233],[77.12233153710005,13.761337670456172],[77.13684435231767,13.758341287538862],[77.1398312362643,13.761143160067343],[77.1408763811816,13.765079402431999],[77.15111758235739,13.766249169296191],[77.15785377019527,13.764029492934398],[77.1730554126744,13.762052289942131],[77.1785110305152,13.782726946019958],[77.17559358095014,13.783644875197725],[77.16515939290521,13.7945109560659],[77.16285719947822,13.798497318667222],[77.1621043915072,13.804797314172347],[77.15752189120681,13.80607231405369],[77.1625813052949,13.808701875860699],[77.16278998393541,13.812416680517464],[77.15952576850098,13.81690021989051],[77.16265657333594,13.81688624704393],[77.1677258365528,13.821251093089266],[77.1686892958647,13.829661245041395],[77.16548952736538,13.833155160050001],[77.15368240185096,13.834178008117677],[77.15601927114623,13.844395748642679],[77.14520137401591,13.846236096165171],[77.13217240586609,13.846245644264991],[77.12820421487947,13.85649990607147],[77.13604410970635,13.856558504754162],[77.14764547071509,13.868520333829967],[77.1685846708802,13.864531858145973],[77.17136280971101,13.871151893290891],[77.16876033014579,13.880557211761422],[77.16876186895989,13.889614158879649],[77.16205078274598,13.899096850122891],[77.16193965665377,13.906665670642326],[77.169927333328,13.920651397949975],[77.18471507344677,13.925226410980235],[77.18808953911599,13.913950153255264],[77.19084170855025,13.911906776924644],[77.18584479025648,13.892366865820868],[77.18568337018647,13.876206123948926],[77.18139384283957,13.869884676219055],[77.20043513277804,13.863078364703377],[77.20991349180107,13.878110891960171],[77.2102027681872,13.884984548125868],[77.21313141435398,13.886230858737594],[77.21555537980763,13.88621192977452],[77.2170347200276,13.883780052701713],[77.21540962006793,13.867954282023579],[77.2198546574686,13.867758349212021],[77.22401865693263,13.8812602514461],[77.22483813876237,13.882959078839],[77.22666506321693,13.882203670017224],[77.22989349605866,13.891652103844825],[77.23065279256097,13.903374582144565],[77.23562634567422,13.90417695378639],[77.23647146721882,13.901058274278094],[77.24514196501863,13.903051792270105],[77.24827302587343,13.901251614377225],[77.24778516611399,13.888363030055915],[77.24472488980861,13.883312045998231],[77.24868406799797,13.87356212013594],[77.246363972944,13.867954600351021],[77.25911782664818,13.86317748608465],[77.25615414169374,13.851710710057825],[77.25669795391896,13.84656357561685],[77.26834800631104,13.84786159541642],[77.28027498415237,13.851088841389068],[77.28828717764738,13.847517272864971],[77.29016001769104,13.848286154994785],[77.29492075093032,13.857443870989957],[77.29638712846078,13.857046620993355],[77.30358259256408,13.86207436891887],[77.31055258581927,13.862921492201778],[77.31149798809564,13.866623645027845],[77.31646403578468,13.863307203231146],[77.31907425433606,13.85725656815432],[77.32145205806219,13.855960118421562],[77.3216529950216,13.847057192938752],[77.32514530079149,13.845422061429787],[77.32307156241599,13.840039639462026],[77.32468862155557,13.839926557680243],[77.3253837666685,13.833278919843577],[77.33684427453564,13.83278845964983],[77.34555177484032,13.841136846337132],[77.3532843829745,13.845557602670016],[77.35732160679574,13.851338169064244],[77.36243252399403,13.854286800919155],[77.37364394610086,13.852667608916343],[77.37689546564538,13.850728906973316],[77.38118764122572,13.84732588532934],[77.379402215344,13.840876935400287],[77.3818996809542,13.839403695680865],[77.3881341354514,13.839078120708281],[77.39938226631398,13.841093030696271],[77.4155438305394,13.839767489830509],[77.41970000567731,13.841646257289074],[77.42683167053083,13.841156932936974],[77.42916812929603,13.844844168809361],[77.43252100395742,13.843257185007403],[77.43131893503806,13.836689695494606],[77.42740515051666,13.832243366787221],[77.4273700299823,13.828380839647643],[77.42363690115607,13.823776485907372],[77.41642909150583,13.80879631233037],[77.4161142643381,13.806722100746343],[77.41850500739758,13.806278798570549],[77.4196662667519,13.809636364720786],[77.42865085510093,13.80684635700056],[77.42827552819541,13.803515727892876],[77.4254916527232,13.80326319013106],[77.422568302125,13.799133150809729],[77.43015613237812,13.79689916466973],[77.4370274852252,13.79674396443292],[77.44058616661313,13.806608593646642],[77.44533206687045,13.811063371062616],[77.4525085621482,13.809244528901823],[77.45478861659502,13.809894643478952],[77.45746520717118,13.807263622586236],[77.46422726020101,13.80796346867139],[77.46459094494044,13.806117842624742],[77.46463139068779,13.803225510612378],[77.46087185318885,13.803045998050475],[77.45648738200127,13.78876016402192],[77.4613844687209,13.788435036505494],[77.46043541299625,13.78050503036657],[77.46378721956079,13.771536655200258],[77.46514825884437,13.75872320249398],[77.47055076738727,13.75806231441435],[77.46764843557013,13.753210196779651],[77.46667035078708,13.740007230308379],[77.46464313705843,13.734172034074549],[77.46335694360769,13.722963404926718],[77.46507486019746,13.710918185135625],[77.46166254311541,13.709691755540192],[77.45858639088404,13.710933225537623],[77.45007316563259,13.71094230266499],[77.4507351961492,13.704874763017738],[77.45249999940691,13.704093332750281],[77.4530002747819,13.696055921060289],[77.45459094321505,13.695682657097393],[77.45466172237462,13.691080730753413],[77.45608803684003,13.690758925681454],[77.45533255278778,13.682304121462154],[77.4742417903795,13.68615709588797],[77.48787825142671,13.686704191010078],[77.48782684982616,13.689210837681458],[77.49211297615139,13.689851631620245],[77.49121504624452,13.695231638764254],[77.48788444710723,13.699809322429694],[77.48826779866314,13.704192523373846],[77.48651915699571,13.704141875540396],[77.48503841899712,13.71482457034979],[77.51416669902153,13.71325283601668],[77.51450880263455,13.705059261782822],[77.51236785500444,13.697289641361428],[77.5196297144887,13.696307740104428],[77.52125395476065,13.692168794300045],[77.52523108308603,13.691045256179557],[77.52833457374643,13.693053018745399],[77.53436545742383,13.707042537120582],[77.53663513093923,13.730643002129428],[77.52710284065978,13.741562322843631],[77.52195142381522,13.744601612927731],[77.52519760467202,13.753028473112519],[77.52726385558964,13.75385184646231],[77.54121613105309,13.75597682042515],[77.54744012466877,13.752942083534764],[77.5492955221246,13.74890971917435],[77.54928440547295,13.740680144995308],[77.55375152166667,13.736582568856155],[77.5589006567904,13.723573109576156],[77.56056514068878,13.722448274756717],[77.56484470212592,13.726218483253216],[77.5716788323809,13.738245914607178],[77.57712003136307,13.738351049009514],[77.58054629568824,13.73512498377899],[77.58684296121376,13.733535343760806],[77.59602197193972,13.748233364865849],[77.59996983854303,13.750800792916205],[77.6136035848815,13.75195679927564],[77.62442683686922,13.73526970016795],[77.62771372039154,13.734641554997241],[77.63358490247602,13.73962173243102],[77.63696892172831,13.739454425966436],[77.64142561836303,13.741989540089126],[77.64223090591298,13.74684308481269],[77.6296416675863,13.754244249881827],[77.62520317261583,13.753023943652792],[77.6188412507731,13.755003243765008],[77.61750018103827,13.761972069842495],[77.62106976887206,13.768479486571254],[77.64599163817124,13.778805613708778],[77.6512910434757,13.784115305403597],[77.66134353016986,13.785420311553423],[77.66984197184667,13.7839548803201],[77.68007524359345,13.786818219419796],[77.68145610061056,13.779636908115872],[77.67987054269301,13.772375705708098],[77.67760357669992,13.76673143084222],[77.67171492777302,13.760521657077161],[77.6796164883509,13.762220214585913],[77.69518148498942,13.770739877512877],[77.7032909893859,13.769829257156402],[77.70845464308124,13.74105950410237],[77.71514053424636,13.743800435526085],[77.71735858966723,13.741115207691573],[77.71835217128721,13.751765561061262],[77.72009682712974,13.756013002417967],[77.71998937784198,13.765134722506827],[77.72221957129894,13.768891992309843],[77.71973454376219,13.775043552806878],[77.71867930447603,13.784136585187635],[77.71950856806089,13.788131267347358],[77.72193229546099,13.790037485818367],[77.72227516354032,13.793979861292659],[77.71930533231267,13.800315120156196],[77.72928980486174,13.802250055439279],[77.73157196316296,13.807613419399779],[77.74072126211088,13.812463108974695],[77.74513642424014,13.810169857690754],[77.74792505988509,13.810426136441329],[77.7635045903666,13.817258694911164],[77.78153071755868,13.818333011438742],[77.78875255350377,13.823202974283852],[77.7890828900849,13.830510699403732],[77.78425769823241,13.834431589601323],[77.78219783792971,13.838981657225057],[77.78226520349119,13.84412004807057],[77.79300299335605,13.848982196192908],[77.80808065125798,13.850631988677387],[77.81202639244732,13.849015204647323],[77.81485016749123,13.857814893341601],[77.82019121959054,13.863248331524897],[77.82224459136192,13.864780828638432],[77.83022805134426,13.865623106036],[77.83706854346808,13.869779997044969],[77.8273260905313,13.87448019524464],[77.82812592440915,13.876581799472818],[77.8355356304195,13.881007526888464],[77.83195260828062,13.895707886018235],[77.82682153288738,13.899245400080845],[77.81998389650784,13.899822319207754],[77.81617330775128,13.903022532376855],[77.81702567959853,13.908349345072217],[77.81348950011015,13.914661761405117],[77.81484067948517,13.93196614698474],[77.8265856209207,13.94476277717894],[77.83079707658459,13.94042520655041],[77.83882200190207,13.935926433028813],[77.85484380264235,13.938214310527385],[77.86860443242145,13.936050554717045],[77.89569088492416,13.941080004213147],[77.8989055367111,13.930681075052522],[77.89534705385084,13.925669552306587],[77.89581385171013,13.920400126304957],[77.89967664695773,13.916626281570629],[77.90539502112081,13.916476581336909],[77.91541454413563,13.907893289667378],[77.9267624248257,13.90536506572061],[77.93712898500104,13.918698970028025],[77.94619856385742,13.935382222607844],[77.95450404471627,13.938578641835068],[77.95706202803052,13.936544190654276],[77.95885812769443,13.938866470101622],[77.96194582148058,13.955003464074984],[77.96421343066744,13.955599208250622],[77.96742663616678,13.96019406610718],[77.97203088288357,13.960156182806225],[77.9875211486736,13.955535634869172],[77.98024360280785,13.927894897299248],[77.982734965264,13.922651574259017],[77.98375421444663,13.915795510100121],[77.98309213362435,13.904904516296835],[77.98661184429861,13.903041069311005],[77.98438404305527,13.89763255627713],[77.95217427839997,13.89026454049975],[77.95157674063253,13.887919248701467],[77.94907363180573,13.886487394608611],[77.94811890322005,13.880883840488146],[77.94905929828704,13.870742442251775],[77.95415138500033,13.855203828896357],[77.95352000140797,13.84833931668699],[77.9547898248593,13.842278636253887],[77.95367393042683,13.838600327201995],[77.95624449464665,13.835969330568782],[77.95613488670723,13.831263665664611],[77.95241340364039,13.829121900129483],[77.95297639040535,13.827392839074239],[77.96053403097669,13.829491870357772],[77.97609651862062,13.829531357342233],[77.98297265230168,13.847311689280009],[77.98721722076522,13.854111272611805],[77.9888405519421,13.85381227708841],[77.98950633921325,13.862638013975676],[77.99205811696552,13.868855285640633],[77.99831667236343,13.869118931114622],[78.00047776201887,13.872966750660165],[78.01157052835477,13.871982587683267],[78.01671286053687,13.864993733214238],[78.02122320905195,13.863865940349354],[78.03184309234081,13.864290648594098],[78.04132211881212,13.860303714602948],[78.04617351541977,13.862171838001236],[78.04624146039458,13.866383792076713],[78.05010196942976,13.871903046432594],[78.05082686674491,13.876024821473859],[78.04885893014695,13.896130252111975],[78.0606427596511,13.891998708443646],[78.06223905153796,13.890842223235127],[78.06182082558605,13.888458901827793],[78.06429409327745,13.886676038620674],[78.07899171440688,13.881193098661123],[78.08089446116298,13.873189906359961],[78.08053012604331,13.86757693896812],[78.08260759152896,13.864328001636997],[78.08189872644667,13.861279206423543],[78.08992964442547,13.864735992689255],[78.09399542389295,13.864845060138997],[78.1018451795267,13.861736797840422],[78.11476853903677,13.862926418098818],[78.11680389060356,13.858863721086234],[78.11653589620485,13.851913108001291],[78.12362642540488,13.845392071200344],[78.12219291902728,13.83898798270059],[78.12539316543032,13.831647932421935],[78.11477976707951,13.812028643178266],[78.11374456381746,13.807506750265807],[78.11909504193906,13.803661115556427],[78.12267891837577,13.798816572327743],[78.12639210370439,13.786415754780387],[78.1221474166632,13.781358617790593],[78.11918379279419,13.772545938520132],[78.11379307463942,13.763470966603698],[78.09987232914412,13.758498540195125],[78.09151427438327,13.742316517518606],[78.09831564307986,13.73783400670598],[78.10431928265129,13.736583921419347],[78.11100253815935,13.725842512236582],[78.11584461833921,13.722571627194187],[78.12078997603064,13.715657850380033],[78.11470025360043,13.703458598693398],[78.11321000513794,13.692775442099512],[78.09240853377389,13.691214664786516],[78.09209345867113,13.69260006389541],[78.08587466540261,13.692233469516015],[78.08012727835079,13.696677379334913],[78.07266804372728,13.698523069794613],[78.06906668966838,13.697848753004159],[78.06959972570348,13.690844693163248],[78.07087945757237,13.688497435512016],[78.07357572125326,13.687766840455184],[78.07123017423234,13.682415751145005],[78.06729994065975,13.679741337439747],[78.06570685755513,13.676181114519283],[78.0770029243179,13.673393582055052],[78.07853904974195,13.66731332483958],[78.08973272113874,13.659139764709256],[78.08688509582409,13.651209032899772],[78.08709825256628,13.643107123059998],[78.09892944933706,13.642839733605747],[78.10224014270597,13.6510998841635],[78.10845775918146,13.653149771857581],[78.11428183720571,13.657402728903044],[78.12555675942336,13.655887781178375],[78.1305350727093,13.659178228565088],[78.13389987699765,13.659543782403935],[78.14649302748738,13.656753046786086],[78.15611529572062,13.658657149454644],[78.16756687972371,13.655865469317408],[78.16905555074456,13.653983482435722],[78.16705302271993,13.642828861646565],[78.16821212521926,13.632892405343135],[78.17504300716618,13.630652726606241],[78.18915953957935,13.630558159933361],[78.19562901221946,13.628464630997545],[78.20418442235665,13.628462172566532],[78.20231003810899,13.619467719763376],[78.2037533325299,13.618316760779926],[78.20332175491795,13.606550144532104],[78.1989954307804,13.599278896960236],[78.19024313239082,13.590177502301394],[78.18959258593677,13.575253465721094],[78.19107399318023,13.567589161049858],[78.19295901887074,13.564887992574484],[78.20290858198955,13.568824691987317],[78.20782952796313,13.577033776196883],[78.21406657769317,13.58327137423693],[78.21631502491671,13.591272236522686],[78.21963046228863,13.59325807863026],[78.22556286905129,13.588392242699666],[78.23267268777542,13.5868923777874],[78.23497381849543,13.59184651900055],[78.23413436621863,13.597560289578324],[78.23603316128579,13.599311414941605],[78.24230059653031,13.596628425920285],[78.24369113019965,13.59756912484551],[78.25000898428779,13.590507622534714],[78.25927038849163,13.584958158186573],[78.25947484954186,13.582535980257175],[78.27185844822864,13.58824929683649],[78.27678801533399,13.588341738529975],[78.27701480490894,13.587361170525723],[78.27846044483105,13.588423758902717],[78.31494432264128,13.591459048069911],[78.32615664935163,13.59487814863075],[78.34655132762244,13.590540234275158],[78.34777751540884,13.587866411164276],[78.35057519798697,13.586910242962027],[78.36516059348628,13.588154219876653],[78.38517484691235,13.592172031009715],[78.38691196499136,13.591015068182084],[78.39327389132565,13.591407939454491],[78.39678950837718,13.588013801701758],[78.40224109637562,13.587299309632698],[78.40182897178113,13.578640597885476],[78.40665651632138,13.57689569426652],[78.39384846995107,13.552339547365085],[78.39415711311638,13.541118368225261],[78.3823547522662,13.525098268866069],[78.38416970487297,13.517804239284546],[78.38329670321527,13.515612443336794],[78.3744150626961,13.50908220347691],[78.37801284954499,13.503270532071154],[78.37710245731019,13.50126705025159],[78.3787725044751,13.482080507254956],[78.37080681227079,13.469566307789647],[78.37234006128931,13.463392912987462],[78.37454732255368,13.461991956368099],[78.37282978056137,13.452180399155704],[78.37571114569982,13.44392809495191],[78.37834299658158,13.443760893259302],[78.37895708311316,13.440113767493077],[78.37638530167617,13.439494607019865],[78.37558654847162,13.437420210804294],[78.37748883259533,13.43192015750192],[78.37742421767528,13.424070015895296],[78.38073448164948,13.418908886863793],[78.37920168448358,13.414868577560352],[78.38104368716017,13.40886231903239],[78.38165752485844,13.39702606407954],[78.3787609898698,13.383688194798564],[78.37234671870385,13.378505581955045],[78.3690372218909,13.373231356996753],[78.3650589023995,13.361842316465713],[78.36579296163221,13.35869685708471],[78.36965166415536,13.358303834890837],[78.37081470936047,13.361557834354587],[78.37608585546269,13.361169272475205],[78.3776182636581,13.363189449352452],[78.3948389919092,13.354371590211324],[78.39318639451868,13.350783292556796],[78.40838001144905,13.345729272575015],[78.40727133767487,13.337567368851555],[78.40347281778416,13.336108005706821],[78.39440375905238,13.33386259348681],[78.38485035477048,13.334929590872045],[78.38840424005312,13.33914155810297],[78.38766593897562,13.342842973040236],[78.38300906086462,13.343629472694516],[78.37823215076371,13.337230044058822],[78.37712913008761,13.33201465250378],[78.38711460066494,13.331835804262552],[78.39214182901473,13.325339132887228],[78.39924856651741,13.320733377750086],[78.40108482087449,13.315513307732639],[78.41885741025577,13.320618034076588],[78.42173850500129,13.328309584005222],[78.42792794581793,13.331336452930223],[78.44036500863714,13.32847294547256],[78.44121788354093,13.324938565116586],[78.4399941212058,13.321852113248285],[78.4441855902529,13.308154754226091],[78.45261244428642,13.31012089242343],[78.45769910876867,13.313879501818205],[78.46664306991062,13.315164586266592],[78.46945885354174,13.317129533761126],[78.47013366169497,13.319877086685949],[78.47687719595523,13.32268111018378],[78.48338119893657,13.321214481345008],[78.48361090174798,13.31308372745264],[78.48121923162711,13.31022392558663],[78.47928930005388,13.301333997787067],[78.4967145118131,13.298656559897305],[78.4987635240604,13.299604474628168],[78.50482572750018,13.291411137686868],[78.51397640446375,13.290629038075227],[78.51333285947904,13.28527772827639],[78.51990925858743,13.282813000353567],[78.51977329048437,13.27715459667232],[78.52162395292028,13.276206295207901],[78.52193905587082,13.273047333676509],[78.52648905781918,13.271661724513274],[78.52664723407271,13.268462017573292],[78.53215685413682,13.266981779519154],[78.53636735758649,13.272456392400265],[78.53930101006436,13.287913948035623],[78.54530884297155,13.287934060501795],[78.55357443953008,13.283349388368219],[78.55636589678329,13.28387897067962],[78.55780945171566,13.286392188811588],[78.56161566837169,13.288558032215544],[78.56478876858519,13.29477760512644],[78.5648964676046,13.306957530415929],[78.5631837872946,13.309429230194025],[78.565527418209,13.31204657781157],[78.56951522301154,13.309268078932085],[78.57147317034354,13.303411328699195],[78.57752914037356,13.295327329419331],[78.57631301641328,13.285031780738704],[78.57862565814533,13.28039528781792],[78.58734178497168,13.280686091190056],[78.58761549355394,13.271294711183646],[78.58516177140649,13.265735374351928],[78.58527308434829,13.262246373091928],[78.57903682333908,13.253703461441706],[78.57011627858162,13.247145254661731],[78.5704778459919,13.242635315501893],[78.5719200058406,13.24263563904023],[78.56870409012406,13.237445664263134],[78.5663785117536,13.22089929253687],[78.5764176530759,13.219054052690677],[78.57944099425002,13.215672128334125],[78.57867890219053,13.213036601090268],[78.57623891797876,13.211555410412767],[78.57109481970879,13.212084101277577],[78.56776966076889,13.201562186744829],[78.56050533540916,13.198816302490387],[78.5500372368606,13.200226090161088],[78.54973546490888,13.189738806071064],[78.5557943086495,13.188687801287744],[78.56644100305631,13.191869364220219],[78.56727250434454,13.193309515394166],[78.57603597687795,13.186736584244716],[78.57645433128894,13.174592156698637],[78.57974123008262,13.167406613708806],[78.57720420626056,13.168180434497202],[78.57646968529376,13.167161449911664],[78.57335020462129,13.168940364483172],[78.56870693598685,13.165665464697744],[78.56818106132124,13.161807348635957],[78.55008991766212,13.16423408158748],[78.541373298559,13.155781722843752],[78.54084731968878,13.153526519351484],[78.54833430327145,13.148584210757772],[78.54462153925273,13.14204888382306],[78.53123180049826,13.141419276338203],[78.52664471250174,13.13898587557209],[78.52605758620844,13.134112202600134],[78.52331464426875,13.130497618616362],[78.5215406233979,13.130170857520424],[78.52148446970949,13.131855313601537],[78.51702142288401,13.131636065946884],[78.51890408510701,13.125153670178218],[78.51850443182364,13.119869124467154],[78.5230095251943,13.118458220042713],[78.52259516828636,13.11500758223187],[78.5252425896669,13.114492445537875],[78.52680962971314,13.112265206743674],[78.53742736782512,13.108655696147581],[78.53848169891451,13.10577614602592],[78.53243909581595,13.10571962463349],[78.52445801367418,13.101247213915947],[78.52282410124155,13.0977689078185],[78.52336584734165,13.094739776505236],[78.5160476769638,13.09659777133305],[78.5094463747591,13.091541359525817],[78.50859305069767,13.079070351186491],[78.51074146063284,13.07807966782071],[78.51509637455266,13.07001238809025],[78.51565264281761,13.06555689451898],[78.5142270155634,13.061902017722003],[78.4980367501646,13.06124660053505],[78.48733715127577,13.052403484621232],[78.47847039134929,13.05458364929017],[78.47793322036894,13.050136078962046],[78.4730976386019,13.042968971360414],[78.4647777029518,13.044702302912027],[78.46217176038118,13.04326113308546],[78.46138964038241,13.02574206179291],[78.46479138878516,13.020467254496504],[78.4634243352807,13.016388827748232],[78.46451519995442,13.011835782675128],[78.46358854012814,13.005367560587487],[78.46823112155137,13.004665585728002],[78.46767623220036,12.998583141608663],[78.47011381072384,12.996760996021479],[78.47184922380042,12.992665471409332],[78.47478960376142,12.991489504230257],[78.46855631527747,12.982763078946014],[78.46743610444008,12.975070380748646],[78.45969788003876,12.977295958916866],[78.45266331767758,12.976813722402069],[78.4353055172939,12.981087722574319],[78.43245068030414,12.978009950301544],[78.43472014091881,12.971487386936992],[78.43252510303047,12.969544047679706],[78.43269025290559,12.967844522484558],[78.43794778683633,12.964033567354036],[78.43455376394503,12.960833842494718],[78.42967173209124,12.959175530219346],[78.42913169279022,12.95751223264258],[78.41924070701447,12.9587288529722],[78.4214745072073,12.954678821537383],[78.4203562070865,12.94779045212568],[78.4137377946706,12.948400964951288],[78.41113825798622,12.945316491987917],[78.41352687024188,12.939370059416387],[78.41306829376404,12.933453421898822],[78.41517911998439,12.933412664426132],[78.41571227819034,12.929728858145461],[78.41786384211048,12.927943364806078],[78.41879227521116,12.921773538571134],[78.42279324033261,12.923395964345515],[78.42815700094403,12.932141699815974],[78.4379906840861,12.929062519770536],[78.4445026443442,12.919682644373966],[78.4522703056391,12.917717750674749],[78.45922542369148,12.908782300891037],[78.46667056015497,12.905458451653448],[78.46942927920597,12.88968649058928],[78.46474446169302,12.86681296669072],[78.46201925159875,12.87110757535069],[78.46408740424981,12.877751510185284],[78.45586329638266,12.887516433121485],[78.44879143147932,12.89014835564937],[78.44721658776821,12.892259453345298],[78.44920586564238,12.898293309725652],[78.44393653144208,12.90305370227502],[78.44645994758419,12.908237737851625],[78.44555396068752,12.911844829241048],[78.43881274228404,12.913708032028126],[78.43492233641791,12.911886957923288],[78.43587053065815,12.909495773152448],[78.43367464026863,12.904591839178014],[78.43036599505857,12.904836265027072],[78.42862744955661,12.90212443588796],[78.41218565408165,12.903282544264824],[78.4088791495569,12.90931680548498],[78.39864197373191,12.917357830660942],[78.39637439418945,12.907362720328766],[78.38867069473942,12.90690719850518],[78.38573127328081,12.90942011609098],[78.38560741985764,12.911485743097472],[78.3782253271608,12.913894255227442],[78.37669630741067,12.91798468447911],[78.35585090303931,12.94078945888857],[78.34968343681118,12.935762017348482],[78.35382137345388,12.930298197550643],[78.34902348050453,12.92904066538969],[78.34657440713869,12.914092541340262],[78.3419426710759,12.911944477914167],[78.34404538281426,12.908548029005026],[78.33970675265564,12.903233911692816],[78.33103851411876,12.90191629900797],[78.32628291385298,12.904545551789642],[78.3235086368796,12.901832711640742],[78.32247627498877,12.897538396824993],[78.32404750657412,12.892960132822086],[78.32030563893683,12.887308960123116],[78.32166956001586,12.885609877596398],[78.32915742394748,12.884640344965417],[78.3308531889807,12.885409228177078],[78.3317611773238,12.888894399182934],[78.3344937536034,12.889261264901343],[78.33796793047256,12.886260895988176],[78.33705522687252,12.882414144404807],[78.33221683427692,12.88075401179373],[78.33099543810425,12.875627990612722],[78.31360241477829,12.87650296757005],[78.31556863649239,12.86760471716393],[78.31242174462734,12.858568140977718],[78.28207233612821,12.859364786832149],[78.2716903806255,12.867012086160074],[78.26837276663564,12.86774262244388],[78.265249097119,12.862058312745097],[78.25811325150616,12.860446331550877],[78.25363893711206,12.862251790743777],[78.25217415948113,12.860601143331289],[78.25231106183213,12.828988323474595],[78.250537071504,12.812258729543727],[78.24653375638978,12.80171461138042],[78.24561557216819,12.788314363968752],[78.23895698978771,12.768426434526214],[78.23092787652435,12.760710107975598],[78.23577003934919,12.74589351407163],[78.236066016269,12.738146740297974],[78.24085186460701,12.732761862425363],[78.24098415770226,12.72999398548896],[78.23114750562817,12.712603657552135],[78.22709713496273,12.714874078165652],[78.21804855602277,12.708852631815725],[78.21343645982701,12.711032605417993],[78.21214630211091,12.707674867130411],[78.20737260887702,12.708403992872222],[78.20572389400515,12.706451996544152],[78.20769379342201,12.70487403951938],[78.20710370628154,12.702261942548317],[78.20934105481975,12.702568547373676],[78.20991588766836,12.700552652033727],[78.20866323281875,12.69896665125691],[78.20713045451744,12.699572721065064],[78.20416935311776,12.695944257976194],[78.19934021586454,12.695502642128671],[78.199611127093,12.693116261877488],[78.20125866247686,12.691646864374606],[78.20333982812313,12.693173980779658],[78.20983886701423,12.690455789418777],[78.21232399695892,12.688529571526463],[78.21056483512118,12.686125680544832],[78.23209452038047,12.687252643053972],[78.23768219236464,12.68580868386502],[78.23926330451981,12.701057266653027],[78.24453675480075,12.706374686239911],[78.26081411635792,12.70466792878655],[78.2710614404507,12.705106153129343],[78.27591475406315,12.702201993696423],[78.28642916256123,12.689058169224595],[78.29556639354166,12.675312419579269],[78.296446896132,12.671091335278058],[78.30129941383711,12.667630691035063],[78.30096853826684,12.665917650762392],[78.30599932214854,12.666321378881142],[78.31834061827028,12.661972030563158],[78.32578464082279,12.655284479664648],[78.33104586682934,12.653075335626516],[78.33218335855786,12.64931069364826],[78.34356551626422,12.648788156121489],[78.35209468481536,12.641625460431372],[78.35562059296676,12.636504981522402],[78.36282796244252,12.634385783990217],[78.37139757674097,12.627154656097296],[78.37939149670646,12.625062175072404],[78.39248010760124,12.627430100051058],[78.41258229980545,12.626904080673192],[78.42703937276306,12.635290335108678],[78.43479748496644,12.629598583079275],[78.44577870120528,12.630581301425032],[78.45842986399778,12.629691996643212],[78.4649401192535,12.624076566412478],[78.47169431382125,12.632087614338777],[78.47053455645006,12.64463919886656],[78.47474702182033,12.647679460222328],[78.47048614713772,12.650609651278103],[78.46787173255565,12.675938732313181],[78.4844731299105,12.671706771312643],[78.48481446007406,12.673338183247257],[78.49309554987633,12.673972026715203],[78.49975627294212,12.676186679425557],[78.50009502134756,12.679951650275457],[78.50383178296079,12.681960216510575],[78.5024958345214,12.684201294841829],[78.50402894879261,12.683510523472139],[78.50333078084873,12.689955217502995],[78.50711454231761,12.690327577262133],[78.50741327077716,12.691453073404562],[78.50288330215795,12.691952693269748],[78.50395731982678,12.6986874619575],[78.4993811445643,12.699295427078278],[78.4992879156075,12.701654639141546],[78.49654797943079,12.703298401972138],[78.49666260895259,12.704324422795546],[78.50190597645133,12.704494203248062],[78.50393290721063,12.711279188104077],[78.50304169041387,12.716815289367016],[78.5117515092703,12.707743867859348],[78.5145918420615,12.707957518498896],[78.51444808107335,12.710420682078505],[78.51897808742181,12.710399968935397],[78.51998560999671,12.712059094498882],[78.51750306270843,12.714738240609705],[78.51979996146513,12.715620542422984],[78.52021299784961,12.718730151095876],[78.517781581769,12.720161909640558],[78.51654839251326,12.71874674595311],[78.50924421609093,12.724280122212877],[78.50594398809507,12.72257020262999],[78.50641271823054,12.72438726963131],[78.5042440054716,12.724982869794763],[78.50162597876378,12.731159938437314],[78.4969339109482,12.73138343132962],[78.48906110454426,12.742025974709659],[78.49313826297144,12.747194740112791],[78.50044121229512,12.743629026897692],[78.50524371270356,12.74300763434834],[78.5071158278068,12.737151021451012],[78.51171196093993,12.734364516698207],[78.51380217441778,12.734514584050405],[78.51160944070814,12.726839236633717],[78.51666561008142,12.724418887482651],[78.51852019815516,12.726376739213698],[78.51914217908148,12.736329248777755],[78.52089639928685,12.73617626295899],[78.52268506539178,12.71925993642632],[78.5269978869523,12.721530565653143],[78.52504365774723,12.715464419286633],[78.53320661369973,12.714030246362896],[78.53749170426745,12.717032784497734],[78.53694506145078,12.713362684864498],[78.54425194359874,12.710983248717536],[78.5399346304618,12.708270052570475],[78.53771027425755,12.710497439958042],[78.53502287874514,12.707364383773573],[78.53271951660996,12.71163015425238],[78.52958032420521,12.710264017696135],[78.53127472110425,12.697062817513018],[78.53487677495072,12.691170439618489],[78.54087962759796,12.690720543431096],[78.5458406608911,12.694984142912613],[78.55584692836557,12.70020274935658],[78.55659177097498,12.703651518253672],[78.55485050627264,12.707564988206823],[78.56155736681143,12.710057092868578],[78.55601315801563,12.715235135902594],[78.55439149141696,12.719320492889777],[78.56052634610533,12.727204339615758],[78.56382944421853,12.73766814040645],[78.55528829932805,12.739320136764505],[78.55613455095323,12.742759777853847],[78.56009385580505,12.743827524345635],[78.55966891494644,12.749237391060298],[78.56316799670853,12.751365006950477],[78.56313093491484,12.752264455633227],[78.5583146148241,12.749985914788898],[78.55823532592385,12.753755524269831],[78.55560062648436,12.75582982295686],[78.56150299807551,12.761498247696576],[78.5655561220773,12.759405923492126],[78.56835898344302,12.76697677039624],[78.57653340459352,12.767424639834818],[78.57602131906748,12.771953449307018],[78.59249357821035,12.782719673383],[78.5930396308339,12.798276751748787],[78.60113630908475,12.803722739082643],[78.6003610064007,12.818466292286647],[78.60773081822927,12.821946007133006],[78.60153247780312,12.850845842361775],[78.6130672251403,12.867979314562925],[78.61665940919671,12.888621466551017],[78.62283053785629,12.904289668941752],[78.62683386195364,12.907359132049862],[78.63342045783885,12.926155231165344],[78.6334106814736,12.931787739324925],[78.65223807535644,12.92914223952064],[78.65698861451386,12.932147878432806],[78.64609055981245,12.945936262965699],[78.63803420513807,12.964800567329297],[78.64714489180015,12.966278267810463],[78.63999691803268,12.971020638878331],[78.62087328132871,12.991281446343239],[78.62998462915085,12.994540802059156],[78.6345929533207,13.000842239255242],[78.64510549511965,13.006269133477204],[78.65206086559866,13.013631493718787],[78.6554968811362,13.015288488520323],[78.65619150253134,13.031209601277451],[78.70524724345401,13.015278565951776],[78.71449313195625,13.068717472793415],[78.74026527912974,13.06403453702793],[78.74873361287146,13.058569436668828],[78.75175202588798,13.054980790599013],[78.79427963058923,13.066622341327298],[78.7976009959437,13.074885092169692],[78.81311572465557,13.089180237788842],[78.82077417237146,13.08779910103617],[78.84201168058458,13.078650880666146],[78.86108915106945,13.083701236854385],[78.87094643385237,13.081920958699365],[78.86977520589333,13.089554439336066],[78.87507277324472,13.09685360470928],[78.88139409572818,13.098218480616087],[78.89155610412348,13.097124395051406],[78.89566416908804,13.095158163574173],[78.89216888630129,13.089793764897964],[78.88892681703358,13.073397089094549],[78.8912639495352,13.068850355002581],[78.89161664877699,13.033096243460347],[78.91560024662654,13.033600142254597],[78.92909765834924,13.036531077954379],[78.93152185377161,13.034722797458794],[78.93572118307746,13.034825816193687],[78.93707999813239,13.030464174969495],[78.94078292919201,13.036447179611748],[78.9337124647622,13.039296060541037],[78.92913649521392,13.045796126471814],[78.92172415444485,13.047049373819128],[78.91748721267805,13.043660359658634],[78.90609212731647,13.045162359339482],[78.90364918046087,13.047743190551314],[78.91257185153059,13.065969473463785],[78.91654608638244,13.067351920780183],[78.91946384047641,13.064897369866019],[78.92171386783654,13.066130824530969],[78.92391572753112,13.080846017643694],[78.92747059377405,13.081866766338175],[78.94145323588735,13.078555475322293],[78.94916800168338,13.084031123892272],[78.94954957996492,13.080207510418525],[78.95542182655304,13.075876132250126],[78.96070079967635,13.076154652835319],[78.9621079036694,13.078766544272414],[78.96876036942109,13.077892005836748],[78.9702529454185,13.074750430779966],[78.97141101665184,13.077041434572168],[78.97016262071502,13.079690263902373],[78.97227575111404,13.083842928315697],[78.98248907576992,13.086446815321331],[78.99497450747731,13.086644830615988],[79.00388972792007,13.084636156271337],[79.00366064045464,13.08324850507854],[79.00814318251842,13.080742299718306],[79.00946804844216,13.077262840533482],[79.0153048798485,13.0769807476211],[79.01663756201353,13.076447988963999],[79.01653231269991,13.074581389479237],[79.02296401118232,13.073829372869238],[79.02435706372772,13.071909134797956],[79.02866279937727,13.072656570329451],[79.02971460260747,13.07102090654807],[79.03153063588755,13.07207012059216],[79.03456956193354,13.070014892465977],[79.03692052579562,13.070630355598212],[79.03624932976814,13.065491437416924],[79.03865729892155,13.061171614470952],[79.0555498528364,13.056648364957649],[79.06336932087201,13.053143262528772],[79.06449489824493,13.050092852684392],[79.06283776166727,13.04067376675281],[79.07391185382502,13.032884613887505],[79.08087802924024,13.025763390431655],[79.0867870717207,13.028042080153549],[79.09111100364467,13.02610388172739],[79.09827861548257,13.02610029603555],[79.09980397908953,13.029322880827719],[79.1058557926147,13.034566169306974],[79.107436600241,13.038312998660045],[79.11445250189878,13.039307728076864],[79.12751159594997,13.035606634200423],[79.13731163538804,13.03484722894127],[79.14828146009077,13.024691235908067],[79.15953703798706,13.02036942859263],[79.16309076696284,13.020305715221395],[79.16828161176353,13.024300192542432],[79.1710609642183,13.024015086232243],[79.17182677799802,13.027314167465954],[79.17579542712541,13.027132724579488],[79.1763903876263,13.028886175639695],[79.18109225426502,13.02977566066962],[79.18217133304219,13.031908590105958],[79.18480292610744,13.02988780527753],[79.18846594861225,13.041981249935517],[79.19296622431807,13.046730200543564],[79.19186034071116,13.048389166876472],[79.18267734775353,13.04735625293817],[79.18040968197279,13.048884348090391],[79.17963178675085,13.054533950684728],[79.19206990958209,13.056180829486307],[79.19131450997145,13.058598951516919],[79.18471252414884,13.056837836152955],[79.17984910718435,13.057575493572578],[79.17826822320129,13.059220920464913],[79.18004421317922,13.064345707367263],[79.18728578690772,13.06069237553074],[79.18806157917363,13.065695305303722],[79.19209130206227,13.06746603471403],[79.19076977248149,13.073386938723889],[79.18397862930779,13.07276483920742],[79.18561584933731,13.075259230535618],[79.18529886441624,13.07970651195536],[79.18321088145527,13.081966666158909],[79.1813384950608,13.079937846873554],[79.18062950151946,13.084276703144955],[79.18762799831862,13.083497889593955],[79.1889470970582,13.085205878694891],[79.18852361147036,13.087931320229606],[79.1906585071504,13.088766886562754],[79.19306807350834,13.082321511401913],[79.1982638114324,13.081375524911854],[79.2008340468688,13.08886821154961],[79.20961396126685,13.092752364132053],[79.21273986219867,13.092475629726307],[79.22458331468489,13.100832660656238],[79.23439708846533,13.105262416119377],[79.23423981591696,13.11469469284437],[79.2383823258828,13.11858427154797],[79.23034847220966,13.126406327757747],[79.2293361723941,13.131617682374818],[79.23284412951118,13.139403340555987],[79.22826051440153,13.140015338339296],[79.22312008215624,13.14359218492371],[79.22194517469785,13.146272659947604],[79.21918718507882,13.1456499941434],[79.21596444845436,13.147843040016586],[79.21000170738114,13.148491322118382],[79.21465801865519,13.156990880133792],[79.21808456235638,13.156885836738818],[79.21808397395988,13.155389851767996],[79.22729390020635,13.155648642661811],[79.22557963796315,13.158889751774904],[79.2296624782345,13.16202014278326],[79.23205865879643,13.167939703556597],[79.23490094452507,13.170876212654887],[79.23948126551258,13.17199960558976],[79.24265861745226,13.171035588075812],[79.24108521733382,13.159647150261424],[79.24309550141261,13.158615834120505],[79.24417648282156,13.152771695585386],[79.24224817180907,13.151583908716999],[79.24205358414213,13.149663225190878],[79.24343712083369,13.149802699619515],[79.24336402761398,13.15118122245579],[79.24493088979379,13.148852916406947],[79.24240786531715,13.147986334711648],[79.24015571433968,13.144398878126017],[79.2452440236372,13.138308825015642],[79.25387894186358,13.145803114711555],[79.25467515732745,13.149220291466289],[79.25218055554636,13.157756336395032],[79.25324460281388,13.160287753449726],[79.25742740850842,13.16076886624977],[79.2592499554726,13.15890314735554],[79.26033804704703,13.159595196835493],[79.26024467885131,13.152174071179584],[79.26164219063376,13.151903601294144],[79.26205850586904,13.149074546406851],[79.26736634455739,13.149700647450242],[79.26972575348147,13.153782736085326],[79.27450736536458,13.155705469221314],[79.2773296321371,13.156248959786375],[79.28031022248688,13.15290119610606],[79.27983683907823,13.14864360201399],[79.28035466483892,13.145082424595795],[79.28243092658207,13.142552302712954],[79.28398771146101,13.122802703447155],[79.28563817894602,13.123788519403906],[79.28870988272008,13.122027053666285],[79.3043681999436,13.126655447211078],[79.31243349016009,13.12617409167437],[79.29923372712193,13.11869055090405],[79.2987412122927,13.115743655275468],[79.30151310064578,13.113697155407612],[79.29581427292496,13.112402874758684],[79.2942751085003,13.109631860895343],[79.29811687239044,13.106989181289837],[79.30166241591735,13.10781735734166],[79.3039315998509,13.105838433106758],[79.30531456341733,13.106787981918924],[79.30715928349767,13.105554691318089],[79.30927503248576,13.107846602071895],[79.3098779305005,13.112045389554954],[79.31611677596277,13.111658319223485],[79.31886453736394,13.113498419962157],[79.31189178987412,13.116601648334182],[79.32127069641203,13.11705132145649],[79.32420763043564,13.118570494072598],[79.3186408793161,13.123504541992292],[79.32674227462047,13.126109514152013],[79.3289871052267,13.130557204087033],[79.33959324429169,13.130486662257702],[79.34113711948171,13.136868491282971],[79.34462802926967,13.136841813188521],[79.3435267001212,13.131047691228437],[79.34511321923607,13.129158695308707],[79.34521564514479,13.12143488266001],[79.35356651877323,13.120559036489277],[79.36047389046996,13.123569580372251],[79.36172321167157,13.128780717839813],[79.36498798316318,13.130832764502186],[79.36549045042744,13.133964769794698],[79.36335510648806,13.13900387980464],[79.36110937576994,13.138538233641897],[79.35993253693367,13.15199721031179],[79.35743270516105,13.15597421692676],[79.35608536159224,13.164610841946784],[79.36339065192554,13.165985354083261],[79.37008275763581,13.162840043013952],[79.38000775991644,13.16295765523576],[79.38056591913505,13.168986724023128],[79.37920534158549,13.171544757077461],[79.36949218540508,13.172945632438793],[79.37266526136405,13.17887078140948],[79.37551568133759,13.177731872046827],[79.38225422276149,13.179648151163992],[79.3853074481902,13.177447091179557],[79.38769654912934,13.177560047561686],[79.38557520992524,13.183078333178372],[79.378107847345,13.184737146980401],[79.37278506518192,13.187751507781389],[79.37400280880468,13.189288193957173],[79.38736506899289,13.18912987122307],[79.3921299012448,13.192465045435274],[79.39577381478689,13.191854726748344],[79.39616558265871,13.188709090443695],[79.39903445312987,13.187836672591708],[79.40080603417641,13.19168710331865],[79.40915499259668,13.194068009069744],[79.41024813090635,13.193991051949359],[79.41014154220464,13.190542687588493],[79.42113285999885,13.189248523853422],[79.42143294671112,13.190631432097673],[79.42535328264587,13.189568649171022],[79.42616989076504,13.190517632501148],[79.43839703347203,13.188205542503466],[79.43726311434341,13.191089250293725],[79.43311677306289,13.19254994534676],[79.43235215583914,13.197001850130313],[79.43563178636386,13.19724519810884],[79.43953164430343,13.205917196651399],[79.4438220403212,13.207805215768921],[79.44116062049358,13.208298564529493],[79.43618907242002,13.212769415031103],[79.43734859083929,13.219584517430116],[79.43942913395308,13.219846192736277],[79.43967770138548,13.217667784586293],[79.44849714345267,13.215722117907994],[79.45377018859342,13.216972509815694],[79.4531218825377,13.238381398983437],[79.4414637578845,13.238023046650223],[79.44156488303267,13.23659931482544],[79.43878709005322,13.234385514937122],[79.43996712150202,13.230634043955423],[79.43097569877031,13.229745714461421],[79.42984118855023,13.23124187575199],[79.43504521253448,13.232262213461329],[79.43975627163347,13.235890261090994],[79.43146150498103,13.23609550104355],[79.43134673262706,13.238314511939501],[79.4381011724349,13.240057586275448],[79.43764977080126,13.242918515434217],[79.43239973331156,13.243290220037373],[79.4276566932901,13.24158289812377],[79.42456142850274,13.243373179400441],[79.42140558223089,13.242162519734647],[79.4184670015954,13.242990034800364],[79.4196346380899,13.24574666057182],[79.41701424072802,13.245882659444954],[79.42211284921031,13.24943417310154],[79.42260670342762,13.251346159013657],[79.4168305981345,13.251712650716836],[79.41614002185308,13.260439878337497],[79.41304913545441,13.262980216684044],[79.40844010790369,13.263943473094782],[79.40838951838015,13.265299362647507],[79.4113930660753,13.264679790341827],[79.41392631427823,13.26643748452244],[79.41755836556698,13.271797078505957],[79.43370358135259,13.275016402159563],[79.43469441233118,13.289094334092505],[79.43572858522559,13.291308624574421],[79.4462816967394,13.291644916169538],[79.44539387647274,13.301280652207364],[79.4305116542474,13.30027633321484],[79.42000702031788,13.289576162332041],[79.41880275861095,13.289779743080551],[79.41838349959647,13.29355357383816],[79.41955588189063,13.2952617545436],[79.41574046379112,13.29960998922602],[79.41377007209749,13.300179745822408],[79.40527445652056,13.297595635877057],[79.40214602144131,13.299742709333549],[79.39408901459004,13.299960254230736],[79.3898112677498,13.297456688323535],[79.38863051764876,13.30981291512579],[79.38186066544563,13.307517289059486],[79.38346674986738,13.31328852016567],[79.38778183787736,13.318079004754978],[79.39343965750545,13.317626804202437],[79.39572848579765,13.315746552450806],[79.39780066559615,13.317391466811792],[79.40199565783578,13.317382084466413],[79.40187150437534,13.321512908103408],[79.39873332347358,13.321703012451657],[79.39833258502534,13.330231210388776],[79.40244931963069,13.330257922384911],[79.40533428521677,13.335066366644767],[79.41251524422317,13.332982039243294],[79.41287940327307,13.32995398027095],[79.4146931422559,13.330062181487069],[79.42096161685119,13.33631605327168],[79.43164143304087,13.336743428853723],[79.43256649296762,13.345420479671223],[79.43570102131943,13.348167649916274],[79.43540184370227,13.351738084475187],[79.43760297486315,13.349771597634488],[79.44763601572635,13.34634330067234],[79.45308021238664,13.339910621476667],[79.45622740428898,13.338599076303687],[79.46403761069405,13.34175107947958],[79.46541183455106,13.338754225815306],[79.47277799562633,13.339271316129187],[79.47454178738104,13.341114612746377],[79.4804582238946,13.34002765427917],[79.49523437125458,13.345232134222458],[79.51031575985992,13.334632208605894],[79.51105533115523,13.341999075916927],[79.52176298164396,13.341841106989953],[79.52590649502795,13.344414319560846],[79.53553648428105,13.338217490245007],[79.53727627394969,13.338674575127765],[79.54181700348771,13.327328085965627],[79.53932679626502,13.321908526032765],[79.54407729409994,13.316812318505658],[79.54213668604953,13.310267644426991],[79.53483486770483,13.301398087474979],[79.53504838467143,13.298044802660975],[79.53823315220382,13.295930891429672],[79.537066227175,13.29446168333036],[79.54120145360051,13.292465577363688],[79.53875284196872,13.287882094187252],[79.53512240495252,13.285119460055594],[79.53363426393769,13.279112676038615],[79.53457231260515,13.275425221996828],[79.53999030451028,13.272390145111775],[79.55837707294958,13.272748369873957],[79.56540084295095,13.267801492373422],[79.57345856755612,13.259392802537738],[79.57923531244974,13.25782123868358],[79.58253421902381,13.257369915595252],[79.59128128652348,13.261456852400228],[79.59381361934314,13.266433039365833],[79.59456500348443,13.271770518318194],[79.59262666996833,13.275091991621487],[79.5948551413549,13.276077517591888],[79.59602604681872,13.284881397452445],[79.60575723667847,13.2882267782208],[79.60865507871584,13.287521998969893],[79.60605786597314,13.279576736564637],[79.61408634592425,13.28272279352342],[79.61951735531615,13.279586597738477],[79.62764742574274,13.270181940494833],[79.63160620687671,13.269725464320649],[79.63201227772448,13.271325316924194],[79.63402860387187,13.271596442261512],[79.63152333100355,13.277214063311321],[79.63433333307748,13.277453539313102],[79.63458722931617,13.280797866654547],[79.63323071125338,13.282411310509735],[79.6380157376329,13.284277673308749],[79.63843580153784,13.28751352295661],[79.63944574776737,13.27702402898409],[79.64123593202513,13.275613901521476],[79.6424504282381,13.290175239729976],[79.6517623761514,13.291860276585819],[79.6545487354654,13.28565943623498],[79.65780156116031,13.283873930457872],[79.65887706374437,13.286711966154778],[79.66384251944365,13.28979352925937],[79.66661049473532,13.28600589994668],[79.66468108328662,13.281965869836348],[79.66535423494646,13.2787434628696],[79.66853841498066,13.281165361343302],[79.67130673612374,13.280148052744691],[79.67421398621708,13.281792594941264],[79.67811172233594,13.297437901106615],[79.68237055155463,13.295941123489138],[79.68122436413418,13.288018921014936],[79.68315319437289,13.288217365021177],[79.68939963868418,13.283059349687022],[79.69042789257918,13.280351999862821],[79.6939022149754,13.27982236439275],[79.69363283896779,13.273504357925363],[79.6887735821014,13.270893361632842],[79.69032369070118,13.270165371087533],[79.69078443661039,13.26771124062177],[79.69422721736039,13.270530460853898],[79.69571661152504,13.267303241047443],[79.6932654639492,13.263118939153655],[79.69168303845709,13.263575794091597],[79.69109178081183,13.261008937327956],[79.6890986051476,13.260964225954337],[79.68948228099535,13.263770664487232],[79.6876743999265,13.266731279990477],[79.68053619623605,13.264586138836243],[79.68022655055088,13.26226776337135],[79.67826093430129,13.261680638689645],[79.68020598811401,13.252790639591689],[79.68424096704537,13.244456009287081],[79.68910236908866,13.239858579157293],[79.69265033357524,13.240675805581667],[79.69590217830988,13.238582438638572],[79.69303397798197,13.243319567506598],[79.69630948703613,13.24327797982793],[79.69821717452633,13.251019388030596],[79.69967970187746,13.25094208338305],[79.70094905371326,13.253052378034518],[79.70324148335142,13.251130928811792],[79.70909151550087,13.25107034618036],[79.70893364647117,13.248110219423781],[79.71251258756368,13.244692348658301],[79.71120615596789,13.242527946222392],[79.71403176177834,13.235761316967322],[79.70606407980566,13.234222757346881],[79.70217227077102,13.225270870875478],[79.70267424216526,13.222423434420469],[79.70790512577649,13.221540589626875],[79.71183009432322,13.219293142553678],[79.71192643055261,13.21780170641239],[79.71835182286173,13.216543049279043],[79.7216113203443,13.223483790159102],[79.72584542702803,13.22168806499947],[79.73136755523414,13.22247226739583],[79.73024169219698,13.2325601829116],[79.73277925231325,13.2333002801022],[79.73260560168063,13.236902362140366],[79.73728332160451,13.236561520236451],[79.73904242235682,13.229523894361735],[79.74273698920283,13.228320079497177],[79.74243567000202,13.225283192442784],[79.74793742262086,13.221701224521729],[79.75096125337683,13.21645046803815],[79.75004759307103,13.208021266085476],[79.75451824233878,13.206486780050403],[79.75980856567571,13.20747006064772],[79.7609212351563,13.215289261134725],[79.76421770999089,13.219141314160108],[79.76752114856558,13.218085219422512],[79.76880756659517,13.219333109483472],[79.7697309340959,13.217733692589736],[79.77390971084635,13.21919067075086],[79.77288254930275,13.215484266371032],[79.77544273798102,13.215336176828622],[79.77792121769768,13.223612263303835],[79.78140409924194,13.22360005271313],[79.78474702865483,13.227930964751442],[79.79305487387947,13.229330431559287],[79.79321274111255,13.226438018734768],[79.79445826603377,13.226348025357522],[79.79469758081872,13.24213003292321],[79.78717190949173,13.24520980744574],[79.78156253960016,13.251615529861583],[79.77243319403131,13.25325682968293],[79.77042740063065,13.255269114847664],[79.76115975313559,13.257547379549582],[79.75160877969488,13.265393436187468],[79.74804923322934,13.271012514795315],[79.74168202390283,13.270979270299456],[79.74021606588562,13.273790962342504],[79.73500322044531,13.27596249189974],[79.73277726074828,13.282168498752855],[79.7305951082944,13.282960271600249],[79.73367983943673,13.288843220040192],[79.73920883346655,13.291371712396352],[79.74419559810268,13.28861720230838],[79.75238366196739,13.29168266897264],[79.75671390545453,13.295314175629423],[79.7602474762353,13.301635071692669],[79.76182719600182,13.312666113077032],[79.7600069343517,13.317412472844127],[79.76079672955622,13.318505805900259],[79.76810864855801,13.313946255283053],[79.77039022654756,13.309244815039477],[79.77516442104137,13.306006201849266],[79.78019449974553,13.30617045606585],[79.78555514320293,13.296689979856493],[79.79169950386365,13.293549606515672],[79.80161173928745,13.30053007207335],[79.80473165204957,13.307469796699232],[79.80356666828011,13.311000276290507],[79.80784686931771,13.31415182265566],[79.80886910539864,13.31727855695282],[79.81732921775892,13.31857849709445],[79.8291563406699,13.317534479130721],[79.83605268374988,13.314247796929054],[79.8366535282159,13.315255193631051],[79.8456892441793,13.315161741728021],[79.84801648173809,13.31662404780312],[79.85323067105809,13.315986705460556],[79.85351199376066,13.320731816524212],[79.86275876081523,13.316946289727014],[79.86803171253122,13.331090597608599],[79.87760104394309,13.3243022560446],[79.88081361792676,13.32480522332429],[79.88286573115842,13.323343457074712],[79.88347124057569,13.332883278769152],[79.88677804603607,13.335121557859017],[79.8921364589766,13.335256156154655],[79.90377737819715,13.34045005680114],[79.90512395460469,13.343553461469071],[79.91034836944755,13.347294272191993],[79.91481711608351,13.348161521095733],[79.9148674019765,13.351587101088434],[79.91332662417757,13.352266748900416],[79.91677681513033,13.358106394042634],[79.91593881453102,13.359892510187702],[79.9252560876573,13.358381348266201],[79.92917128343204,13.355642501303498],[79.93126622384489,13.35153636597148],[79.933080678785,13.351940981007827],[79.9358787943511,13.356461452611095],[79.93797313558764,13.35554602167392],[79.94095769379604,13.36130000016499],[79.94286857300042,13.361297615893394],[79.94216538976232,13.363580813490513],[79.9456135666922,13.363761768137625],[79.94538404444219,13.368245298207944],[79.94943721695297,13.375502776119419],[79.94915854877205,13.377690526384365],[79.947902863905,13.377551999794214],[79.94501415054752,13.381799274228044],[79.94762220236244,13.381750863118631],[79.94818276277785,13.38325958624772],[79.94995536341223,13.379836162946452],[79.95386612510272,13.377142152608233],[79.95801417767382,13.379197605730672],[79.96272103355562,13.391380128421364],[79.96142046885699,13.395620984109993],[79.95620144929569,13.397159846585726],[79.94432315565119,13.39689027509177],[79.94124892671283,13.400631581116075],[79.94567166972477,13.407753041740952],[79.94134443649217,13.41017183382239],[79.9421788950343,13.412819113336669],[79.93835626615801,13.412819306449325],[79.9377080292726,13.41491709297808],[79.93453829684312,13.416475641844901],[79.94180548513363,13.416742391724974],[79.94199872083608,13.419756567188896],[79.93957706764598,13.425051680021168],[79.94814609624288,13.425050018987553],[79.94944635641268,13.423773895287988],[79.95149666403063,13.424042449263903],[79.95251943550748,13.425866942935542],[79.95569045971432,13.425230133156196],[79.95503559775368,13.422401828370958],[79.95661894312063,13.422214556706956],[79.95746101488481,13.423582801060668],[79.96193457738902,13.423400672479957],[79.96547818055491,13.425131351078162],[79.96575263563714,13.42659525322154],[79.97069385029849,13.427320734683645],[79.97330580708993,13.429694336739564],[79.97284006025953,13.439736894385184],[79.97107249019072,13.440281654099284],[79.97238828223178,13.46911303512534],[79.98236469240115,13.470477609055514],[79.9840453324999,13.479599735985435],[80.00780933268666,13.478331657573374],[80.01479906462359,13.49231785125933],[80.01440474823131,13.496136539510596],[80.01587252264201,13.497972065530885],[80.0299675386075,13.49820847091818],[80.04658574883122,13.493704095711086],[80.04839103915877,13.512270795322843],[80.03548848103745,13.518325530295476],[80.02715400435784,13.513720720250692],[80.0194887420222,13.519271022578328],[80.01762168173907,13.529578722028312],[80.00796103747689,13.525826776534137],[80.00048784932204,13.525695786564695],[79.9985689607386,13.534300677117653],[79.99969217105073,13.542330973640036],[80.00550133793955,13.54527658835003],[80.01686349285949,13.547199207757282],[80.02174263662965,13.544973795465305],[80.02386696991859,13.546055082823484],[80.02840674275079,13.538844479516944],[80.03976966483198,13.539026097443138],[80.04301296119839,13.537472976077106],[80.05690283608894,13.536656164528038],[80.06271970243809,13.545376181869061],[80.06836923870097,13.544632454235094],[80.0759949994186,13.546609873816125],[80.08122760869348,13.549770453838173],[80.08861172619295,13.535004629880854],[80.08281537377165,13.532404456074188],[80.07711253776803,13.5264097695436],[80.07676570452504,13.503856963237759],[80.07816579537068,13.488830870127746],[80.10303047252897,13.486968682336364],[80.10090122635374,13.489865381277669],[80.10512654481904,13.493372842681932],[80.10636451041717,13.489893032052978],[80.10817951782118,13.488939594714557],[80.11148123342714,13.493301036787834],[80.1127382873267,13.505966800105897],[80.11880270691029,13.503712603048315],[80.1267047516801,13.504653547429045],[80.13167440341005,13.50145433432202],[80.13917917004208,13.504292982539063],[80.14457953879796,13.501346660128174],[80.14549961846477,13.49950610513525],[80.14517355876275,13.49143049450523],[80.1538070199217,13.49090502167107],[80.16301064448646,13.488246522124523],[80.17077847017303,13.488923231652103],[80.17708734021,13.491190809300852],[80.18649445833945,13.490669073769492],[80.2099163270654,13.486296827675666],[80.21056896030582,13.490495113919478],[80.21456360667754,13.49029039781686],[80.21387853706885,13.486106600970258],[80.22585286690544,13.48508898283696],[80.23516248099561,13.474021760994471],[80.2409390893453,13.47332777155089],[80.24177825326292,13.470665481610363],[80.25107407821346,13.502787486864797],[80.26401551991191,13.562654515397353],[80.26826078906137,13.564496252786313]],[[82.22814236456338,16.760727574880665],[82.23199466030192,16.754804611051693],[82.22980563843105,16.752999948954418],[82.22451459644189,16.75287556495084],[82.22510300193613,16.749381321937282],[82.22270195250539,16.747917413766903],[82.21808256558279,16.740793832624885],[82.21747587308433,16.732766348619148],[82.24347233138084,16.72227357801618],[82.25806743587172,16.720415101831655],[82.26397911400923,16.722337945888725],[82.2698030635744,16.721796588501753],[82.27597326876584,16.72740263514968],[82.28971766868266,16.72666788763096],[82.29486888879616,16.73213726439206],[82.30307192667831,16.746296348111837],[82.30549554358562,16.748263350505297],[82.3137857908139,16.729389954897325],[82.31007378587157,16.718178888223466],[82.30364935475978,16.711015717855997],[82.29448632506276,16.704535732276227],[82.28869110901024,16.70196607416376],[82.28010252408963,16.700798944923843],[82.26673003029367,16.69465599302771],[82.23904333609451,16.716315927558647],[82.23233962774407,16.718197691054648],[82.20546106336437,16.717429051657962],[82.19341304203007,16.721649708892418],[82.19496092550288,16.73018166036921],[82.18636352451604,16.72999750649864],[82.18632728108761,16.737104755868476],[82.19682066182152,16.734805330138414],[82.20558619239524,16.734613069245217],[82.20867802112666,16.739866080253442],[82.20676108727727,16.742911474841176],[82.21061640315179,16.74642881471324],[82.21192147290161,16.751103953941257],[82.21479730262125,16.75274152610934],[82.21985880888565,16.750305926073633],[82.22259086234577,16.756110417205544],[82.22010683822717,16.756025457862407],[82.22072004351148,16.757491983956196],[82.22464320105459,16.75610272037404],[82.22814236456338,16.760727574880665]]]]}}]}