{"type":"FeatureCollection","features":[{"type":"Feature","properties":{"shapeName":"Andaman and Nicobar Islands","shapeISO":"IN-AN","shapeID":"1811400B21325138943523","shapeGroup":"IND","shapeType":"ADM1","displayName":"Andaman and Nicobar Islands","coverage":"context"},"geometry":{"type":"MultiPolygon","coordinates":[[[[93.89017692426908,6.903044841440477],[93.89547056418607,6.907342252860867],[93.90316753525462,6.905903350618863],[93.90847021761321,6.912702068039557],[93.90778206318981,6.917378361987519],[93.90365928741419,6.922726550603904],[93.90291673281378,6.927721032972948],[93.90516086902228,6.931674286542423],[93.90807950885514,6.932878568351465],[93.90943260972657,6.931844331509866],[93.91074931355762,6.933553543670142],[93.91183952335949,6.939043187631615],[93.91011513440806,6.943138293180227],[93.91417396989841,6.949008153267465],[93.92355476559338,6.95500998911655],[93.93260561188113,6.950083908069694],[93.9377599689116,6.950551049377109],[93.94014935192178,6.953037081269914],[93.93920354899679,6.958371402010378],[93.93095365139615,6.962268720784882],[93.9278964976347,6.970342168594222],[93.92316901194239,6.973038945507715],[93.92450235347084,6.98294619935557],[93.92225016206919,6.98673531681518],[93.91330618924914,6.992449320072359],[93.90814644861514,6.993332494105459],[93.90951919923512,6.993709842470751],[93.90861093780417,6.998112846427125],[93.91047407694109,7.004427499683647],[93.91764664029283,7.010471918258732],[93.92320814525112,7.011163182749687],[93.9252489397102,7.009770443022759],[93.92834949647293,7.000159356534165],[93.93573758183102,6.996617471919385],[93.9383334947115,6.992552767414105],[93.94111712314704,6.994850624595511],[93.94286971740173,6.99890530688786],[93.94062544734426,7.008575088484657],[93.93960285553045,7.009782387797132],[93.93605961528397,7.00959745640669],[93.9318332772308,7.012450849136972],[93.92989694785608,7.01961723230631],[93.92472041860775,7.026684494676211],[93.92268406182615,7.027701982505174],[93.9161175917966,7.023543022670953],[93.91315803100761,7.023633685962999],[93.9111488365853,7.025433303493823],[93.91036603207027,7.028385752760612],[93.9121762730134,7.031184284050524],[93.90920768056256,7.033752590191432],[93.90914443467499,7.037654457727675],[93.907180447071,7.040172950590406],[93.91133504117401,7.04567050188014],[93.9116474563652,7.049662756200735],[93.90802707868357,7.052362248694919],[93.90520786708133,7.060939323335639],[93.90105789391215,7.0648550466635],[93.90218042240296,7.070592476901903],[93.89758241628242,7.080611959856891],[93.89485333085602,7.081936871166536],[93.88834509591138,7.081801581996243],[93.8831402859013,7.085527355519478],[93.88032056944587,7.090166319391733],[93.8789762190636,7.100262462113816],[93.87488453577657,7.106049874565114],[93.87591197400131,7.105701703694685],[93.87613368001006,7.110688711760876],[93.8787995662613,7.114798494994412],[93.88100383344086,7.124505654059218],[93.8801031007903,7.128968228691708],[93.87543189724549,7.13123806110624],[93.87375267019668,7.134990317149532],[93.87621988863295,7.156071390789345],[93.87163916789511,7.166383345005527],[93.87303344035267,7.169855461309405],[93.8687240782043,7.172834523700105],[93.86839364909672,7.174796577514795],[93.86595827773391,7.175592121975848],[93.86747473274818,7.17554699826591],[93.8674974107175,7.179805692223876],[93.87108274691657,7.186230064976368],[93.87090630432003,7.190999604452984],[93.86701778491597,7.195741854863828],[93.86922698384642,7.1983505135662],[93.86918640784337,7.205484488260921],[93.8669907671855,7.203847830094384],[93.86422930737454,7.205099986831357],[93.86122794617879,7.211750082510199],[93.85559623698273,7.218580845253823],[93.8517753283802,7.217156490218038],[93.84797251005087,7.218182445157973],[93.84553696171996,7.215532972217694],[93.84115924047342,7.215207058022987],[93.83497951852986,7.219510360043719],[93.83084119471327,7.228918000125319],[93.83241203822645,7.231391141725936],[93.83765453705428,7.234235366817072],[93.8370837322514,7.245243809988986],[93.83434481206923,7.240749717055892],[93.82643534272363,7.243244402335738],[93.82811512942287,7.240929868642438],[93.82742248791462,7.240052721977373],[93.82541681488819,7.240861732112013],[93.82017889297671,7.237221674573395],[93.81620823970789,7.239391191086139],[93.8094218279608,7.238250876771699],[93.805202736617,7.234407338336826],[93.80162626858647,7.233416619506651],[93.79864733562842,7.233140299150373],[93.79557303212985,7.235232951147634],[93.79431525778145,7.228912329579667],[93.79602628159806,7.231123436857781],[93.79846202935495,7.230549726763376],[93.79849912258967,7.223406537467092],[93.80045502445779,7.222163624864519],[93.79486869275998,7.220467180814862],[93.79615483141353,7.217248468976711],[93.80009800970936,7.216959878518293],[93.80191364323915,7.214853423629287],[93.80149276276558,7.213677884901525],[93.80014805215892,7.214966121529009],[93.79682076061849,7.213871400200237],[93.79682111096145,7.211208522291927],[93.79214868930111,7.214530534580184],[93.79404234690318,7.204978002617023],[93.79226763163462,7.205827588616283],[93.79246723010421,7.202983905906562],[93.78990471658598,7.204515991998034],[93.79088654734376,7.208160149555188],[93.78294082648486,7.212711094993923],[93.78186752926486,7.214998497127186],[93.77755808896305,7.212804789337532],[93.7743166179733,7.213174733508517],[93.77258678972285,7.215755827728318],[93.77006550887616,7.214010069819231],[93.76529856109175,7.213502476137358],[93.76714147466005,7.211563425049729],[93.7697626697259,7.211505326236242],[93.77400086733746,7.206885873216181],[93.77561203891868,7.209422578085636],[93.77692550701808,7.205923605121032],[93.7787675285593,7.208704489552287],[93.78010756612987,7.208537524906366],[93.78005845972487,7.204477615046126],[93.77707102241601,7.202261591665096],[93.77858373504881,7.19829699757253],[93.77781910075707,7.195932303043447],[93.77372123706087,7.20122544599344],[93.771380747555,7.201428301343531],[93.77014399558087,7.206012338555877],[93.76651300071087,7.20758472415127],[93.76847715001162,7.210614347009527],[93.7665439943848,7.211079513422694],[93.76178206908114,7.208374639291547],[93.7571552863288,7.208970132053076],[93.75266822214589,7.21222853922922],[93.7525862679442,7.214272046360216],[93.75484051918278,7.215402969108735],[93.74934454452786,7.215591247863303],[93.74353586632252,7.213240757600679],[93.74032952215533,7.208774784996285],[93.74322155299113,7.206237512357732],[93.74494457919826,7.200024852357463],[93.74308823491813,7.198849907042811],[93.7404858137434,7.200826454896512],[93.74226581200415,7.204221346474165],[93.73962681861757,7.204981700297123],[93.73445639431993,7.202388030963552],[93.72694392912591,7.19263782141778],[93.72247067923541,7.189279707174512],[93.7142859813581,7.187911779938018],[93.70764085124902,7.18872712918014],[93.70603903472318,7.19219528980568],[93.7012634855699,7.193475832764706],[93.69903144517671,7.191663266650818],[93.69474027301453,7.193074761816193],[93.68789066209227,7.18950423153701],[93.6819426767459,7.191638847341483],[93.6807659169614,7.193632613360246],[93.67963854565286,7.192127243973593],[93.67475845146512,7.191146492146462],[93.67254420759605,7.184980152958073],[93.6623673662188,7.177512003879636],[93.66447659253959,7.1743247463513],[93.66380561120948,7.161855489176428],[93.66752891785639,7.159155127137894],[93.66774268185972,7.151564475044392],[93.6657004339265,7.142083497212798],[93.66223300340512,7.138593414818613],[93.65858499893521,7.141057923243189],[93.65674729559557,7.140687352645394],[93.65528028924444,7.132942427807282],[93.65317549431292,7.131165723161563],[93.6463001619291,7.130483534974759],[93.6451367996187,7.127092593721258],[93.64577465736934,7.118325631065579],[93.6478926907732,7.11405732439359],[93.6524684833534,7.113460168229519],[93.65675046215692,7.119391821283096],[93.66470697447737,7.11482901201209],[93.662715168744,7.109959734331534],[93.65899925433355,7.108807147273987],[93.65509308393248,7.104164057735241],[93.64934059804311,7.103771130824309],[93.6471590025447,7.100995159685352],[93.64715881749173,7.095415796504798],[93.65026791004627,7.090989183032585],[93.65044426281129,7.086901861136467],[93.65682562779003,7.087439437764401],[93.6606179753564,7.083094104051121],[93.66045035691089,7.080132636101425],[93.65548541684461,7.074743575977074],[93.65354369128998,7.069055842410437],[93.65403692746641,7.06766323097809],[93.65904674916092,7.067667386210498],[93.6607935223326,7.065714022584195],[93.658964908147,7.059682682084017],[93.65953037156719,7.054926174333892],[93.6566337853746,7.047393797610436],[93.65831698387527,7.041289848600401],[93.66545773428956,7.037310517398317],[93.66507286278417,7.033019787792135],[93.66143892862655,7.029276382578116],[93.66743903153075,7.023221830237093],[93.66301780307835,7.019672907131137],[93.66294057850664,7.012447784722967],[93.65728420606449,7.010232673559383],[93.65607141934548,7.00698187682406],[93.65989041723138,7.003834789359811],[93.66599912465676,7.003929330542236],[93.66950665507412,7.01665213727208],[93.67383729112503,7.018591405638132],[93.68297793300859,7.017681666511491],[93.69257062151615,7.012670862773465],[93.69310925046219,7.014085962100442],[93.69585559522017,7.010735293958761],[93.69811733391663,7.003894235806172],[93.69861176664901,6.999107251974078],[93.69555295908916,6.99581093056195],[93.69697472987583,6.993086836911133],[93.69965363720712,6.992112126339154],[93.70365321982133,6.994944826104059],[93.70734101606504,6.995103882888683],[93.7171197492612,6.992297391889917],[93.72540625231136,6.979537000385763],[93.72365610596582,6.971443820423703],[93.72501384933065,6.968580964444425],[93.72793238765385,6.967493279424549],[93.72797839487113,6.960665023762098],[93.73025876732156,6.960918449463205],[93.7352128368746,6.964798832682589],[93.73865628507284,6.962604775032034],[93.7413218227777,6.956282884783093],[93.73927705956172,6.952552212569563],[93.74177022314001,6.950818581194248],[93.74352608905897,6.94656032636735],[93.74300600493365,6.943895759868337],[93.74103346087657,6.942648922635111],[93.74427316847341,6.940120621171672],[93.74365411874989,6.931083914251839],[93.74200747898632,6.928798449601969],[93.73551504900078,6.929361517474778],[93.7336060382922,6.927166279674638],[93.73872841979012,6.918460517042616],[93.74046642270966,6.911474590183501],[93.74327624871383,6.908006895805293],[93.74622596306897,6.907993983519762],[93.74923405623949,6.913120306170332],[93.75599284568989,6.917344118667382],[93.75840889968084,6.915181399032269],[93.75885697754792,6.912250590000278],[93.75778495773226,6.909242726268067],[93.7553013010246,6.908122279666549],[93.76041845612423,6.901850502988989],[93.75932836400169,6.898824571029278],[93.76021520151144,6.896837690639602],[93.76324624663745,6.897366623174267],[93.76334597131206,6.894106082700025],[93.77011397208744,6.891077028930517],[93.77235327625799,6.89215220943683],[93.77271966941801,6.893299332550726],[93.77124937613124,6.893407474838776],[93.77489094596874,6.89959497051868],[93.77736581535628,6.892121391570268],[93.77202320108663,6.888218722797164],[93.76961667103434,6.88439326493739],[93.7754977947741,6.882258176572782],[93.78322505972896,6.881790408534739],[93.78645209838534,6.879115287446246],[93.7834138820084,6.872522837665806],[93.7823132831903,6.875629916950529],[93.776660517484,6.879810696786904],[93.76887502193578,6.879398439409701],[93.76428804263537,6.876525430303189],[93.76820305066222,6.870277846737693],[93.7653410289468,6.8651609188265],[93.77479232981516,6.854460519399269],[93.77823547438283,6.854320493712047],[93.7803611802975,6.856409489713177],[93.78471569716196,6.850903466399874],[93.79362829182918,6.852259584257546],[93.79782752321863,6.850533930166042],[93.79779216912233,6.848039455881244],[93.79288900260487,6.844450977488923],[93.7886365065089,6.843387847754233],[93.78610224770132,6.84513852352755],[93.78365144418024,6.841365798369895],[93.78209514978143,6.841186622498469],[93.77959104292633,6.834960143408197],[93.7803261729509,6.829155256937166],[93.78883387895324,6.823042023251497],[93.7908979272018,6.820155591415566],[93.79098044464715,6.817162960106849],[93.79719878875804,6.81072196938332],[93.80192116303637,6.812775947953702],[93.80205538840781,6.817171745954044],[93.8007019713294,6.819269574204142],[93.80570473945232,6.821947904877677],[93.81242894286598,6.817674649363362],[93.81047581499547,6.81352388937976],[93.81318545279429,6.814166013493458],[93.81441174658191,6.813067381992059],[93.81227803667804,6.807650808882068],[93.80972234316944,6.806696712001895],[93.81104734563709,6.808342518033218],[93.81048588421146,6.810047019458472],[93.8072345021092,6.805792336058411],[93.80282865550943,6.804607516719816],[93.80433130611272,6.802215837071041],[93.80286294150889,6.796252153095489],[93.80650972696492,6.7941590045147],[93.8074319598935,6.796143903161388],[93.80967115267298,6.796351995878281],[93.81139967387467,6.794841963784559],[93.81198435585209,6.791075758402932],[93.8090808113093,6.788873746996147],[93.80691801754978,6.790410871339471],[93.80750068909757,6.793290969486478],[93.80616708436274,6.790415351033161],[93.80367496013521,6.789049767733386],[93.80283515302388,6.78403558717702],[93.80858180345717,6.778732456316569],[93.80467057374442,6.773492026955407],[93.80193396582581,6.773089441433445],[93.79991779868021,6.769069844226671],[93.79976035635026,6.766415822012496],[93.80200081036439,6.762342292040755],[93.80473754314883,6.7621661616435],[93.8063260313708,6.759783543472148],[93.81659086901834,6.755705935218034],[93.82385578367288,6.75436793493344],[93.83025588840675,6.755995765046301],[93.83342773547044,6.769469170865629],[93.8410067083348,6.779325490972672],[93.84144826443293,6.786631812933781],[93.84325678510228,6.790651165546893],[93.84025520381925,6.800611510107622],[93.84283302642656,6.803807974106191],[93.84276400796496,6.808880802153582],[93.84613294719858,6.814970801460409],[93.84412451903918,6.814107310283581],[93.84362212903002,6.815160771933018],[93.84550366656228,6.817046066401414],[93.85129797621465,6.818861170397348],[93.85299059894098,6.817986170099178],[93.851507175878,6.81589743785786],[93.86269944320803,6.815562229576881],[93.8636046665367,6.813170453783616],[93.8729841192503,6.80472413694013],[93.87733331000344,6.793529306081552],[93.88262088808887,6.797860079560985],[93.88377342570007,6.804854204729472],[93.88822492468256,6.804464884323626],[93.89192062520247,6.806535124675756],[93.89462060251876,6.812819171148037],[93.89684617683852,6.814441960317062],[93.8954973375748,6.820604463137276],[93.90401913904226,6.83517480083238],[93.90142641248609,6.839470286420384],[93.89904205465163,6.840777264318013],[93.89016105822455,6.841293956959293],[93.88747313450277,6.845933016688161],[93.88696590167588,6.850219135950171],[93.88838139683202,6.855318804843488],[93.88668411454431,6.860984035253526],[93.88694138575347,6.866314437648584],[93.88824416659595,6.868543181393415],[93.89419795685565,6.87216825153805],[93.89527890682358,6.876368215280786],[93.89286209195957,6.883914373307642],[93.8934953117084,6.886274303694695],[93.8906809087879,6.887328171365091],[93.88989325786194,6.891040148361216],[93.8898115767481,6.893445407573185],[93.8934355306229,6.896790470814018],[93.88982404985583,6.902506637808349],[93.88786921338964,6.903175003689775],[93.89017692426908,6.903044841440477]]],[[[93.70517951318459,7.219466789595812],[93.69831841999637,7.232116827096557],[93.69582778337896,7.228242770687205],[93.70084654420889,7.216668933328035],[93.69972773204837,7.212980081624024],[93.70124372982016,7.209485323951691],[93.70728254202825,7.20829069392906],[93.70834289721998,7.213467281549752],[93.7096875629109,7.214145161211808],[93.70517951318459,7.219466789595812]]],[[[93.83374984617846,7.290482846375118],[93.83429353533451,7.288149917712071],[93.83735839304782,7.291699361803392],[93.83374984617846,7.290482846375118]]],[[[93.6217508383513,7.330349479098664],[93.61693057375814,7.331656335509281],[93.61813490194042,7.329779674546953],[93.61752014885889,7.326831259132617],[93.61955245693349,7.325795717756185],[93.62173353410398,7.327080004749695],[93.62277404371443,7.32876222417415],[93.6217508383513,7.330349479098664]]],[[[93.67858166244976,7.393488793146751],[93.67068493390978,7.389081196715644],[93.6683796017692,7.379069199630435],[93.66111825162969,7.374998383792105],[93.6578727696622,7.376273911910007],[93.6619607770431,7.37039487124323],[93.65953502933195,7.368527509199326],[93.6581816347114,7.36903862618758],[93.6560637809706,7.36658334810671],[93.65376909296783,7.366230820345409],[93.65936238301578,7.372945552993084],[93.65731163881661,7.375469041888651],[93.65767796280632,7.377467746337596],[93.65488438193579,7.383251686530302],[93.6528701021506,7.383753808366322],[93.6501770876761,7.382949103401212],[93.64511351079499,7.375370510238168],[93.63783628922106,7.370618230540941],[93.62837543926122,7.376008889819702],[93.62308437930574,7.375615582287975],[93.62064077129011,7.373264129044243],[93.61910891915184,7.362682448327114],[93.62007981471768,7.353027778677936],[93.62190002336717,7.349817087379203],[93.62035751181975,7.346353169209193],[93.62099751834056,7.338701785884877],[93.62441529717954,7.335450391707598],[93.62991395959381,7.336318564949063],[93.63118158935923,7.334509706480817],[93.62533447763278,7.333569196568551],[93.62444994070846,7.32302820716897],[93.6176902834855,7.316349029632687],[93.61250017440503,7.313486429195113],[93.6096580773226,7.313585829039076],[93.60874900561127,7.311532757430693],[93.6100349448388,7.309077293809481],[93.61474623929644,7.308313190936508],[93.6170050270272,7.306228546693712],[93.62280650613383,7.289162217619377],[93.62269444848867,7.284943094452025],[93.61936485726115,7.281040462609702],[93.62264663026778,7.27731882846078],[93.61707341397316,7.270476754112013],[93.61740030012525,7.266528959357265],[93.62199365476924,7.265154352803821],[93.62512585109457,7.261939191976437],[93.62748442728036,7.257928116166967],[93.62736322927718,7.25407528359753],[93.63646242558845,7.244321637734998],[93.6440958040197,7.24732809061277],[93.64949016304632,7.255404498155421],[93.65681536723285,7.259519241990506],[93.65985423848161,7.270426260345001],[93.66438711225248,7.278402833730475],[93.66641421908159,7.279641710491513],[93.66627300661385,7.285448026221264],[93.67179333639278,7.289155597076863],[93.67434054172024,7.293188994325693],[93.68611973412092,7.296565557976931],[93.69367207822536,7.302700858269493],[93.69513796886893,7.306815653755717],[93.69901634629343,7.306715555626927],[93.70358244874663,7.308817510045715],[93.70616207606932,7.307731781232688],[93.71305157308853,7.312213499074512],[93.71697838587654,7.324502540377047],[93.72052331405744,7.326019139570294],[93.72317249972923,7.330845392807813],[93.7251891295072,7.342009939219941],[93.72869892996724,7.348182689351514],[93.73634242073365,7.354908530650237],[93.73651101205462,7.359867494512498],[93.74309442610705,7.362371703777681],[93.74264247290783,7.365739859458171],[93.74465385472791,7.370711026792852],[93.74307985453484,7.377312209563497],[93.73871127364633,7.379593740618192],[93.73602299778494,7.384545703907608],[93.73175813098922,7.385348875464177],[93.71725373657908,7.397189307693134],[93.7144058157187,7.397448900784569],[93.70873827721752,7.404717301906085],[93.70950219285704,7.423106657671536],[93.70790881330838,7.425887897631197],[93.70785103097434,7.431995285751639],[93.70631653778918,7.435092928918007],[93.70340967127646,7.436342543764354],[93.69862516232652,7.447362433054017],[93.69682267564097,7.445917004341744],[93.69341304003001,7.446927298702308],[93.69237134194844,7.445621500238869],[93.69513727357287,7.440136204748193],[93.69548061057279,7.434819723118551],[93.693881512349,7.430336275067346],[93.6971820592468,7.427422880744412],[93.69634388257766,7.4242137686589],[93.69752526778758,7.421346933669461],[93.69387478127258,7.414993242113613],[93.69413642548055,7.408040335761203],[93.69089854775191,7.404692562836708],[93.69448445617783,7.403632495394528],[93.69730999641122,7.404787993225697],[93.69581073335486,7.400937359832105],[93.69684300451584,7.400457520326989],[93.6987582899567,7.400619047816742],[93.70096395042326,7.404654559397385],[93.70369854342069,7.403233316072019],[93.70603817593376,7.395533172458065],[93.70425362411282,7.391623989129813],[93.70703251393522,7.384660424973442],[93.69945324372847,7.384710494217203],[93.70082552093628,7.387431044369952],[93.69919564912583,7.388064968291097],[93.69445474619643,7.384880896907726],[93.69729433967414,7.390299364956255],[93.70100276213509,7.391874711739327],[93.70041898386287,7.393877724978316],[93.69598663965718,7.396122768966287],[93.68816239078758,7.39383113374471],[93.68575393744229,7.396441015630578],[93.68111699654072,7.391624779313993],[93.67858166244976,7.393488793146751]]],[[[93.75800137805389,7.402686069229157],[93.75463990202365,7.40601758476079],[93.75038886748668,7.400116222689587],[93.75219203150196,7.397968983582684],[93.7565990971156,7.396609043270033],[93.75897193046326,7.397821285379156],[93.7591474630664,7.401795604741834],[93.75800137805389,7.402686069229157]]],[[[93.68036639393374,7.401159297965126],[93.68241755405286,7.40170959155915],[93.67817099132941,7.406897320600184],[93.6787329387436,7.411575870488202],[93.67614756759296,7.41227810700691],[93.6709809755083,7.409695298929241],[93.67140613106429,7.404378744178302],[93.67458431933554,7.400534332347262],[93.68036639393374,7.401159297965126]]],[[[93.63915161862973,7.47712987871426],[93.63485856000547,7.478782176361387],[93.63247187194116,7.473611709867564],[93.64014773978703,7.472703585350627],[93.64054636809269,7.475718682760801],[93.63915161862973,7.47712987871426]]],[[[93.61975563788447,7.480548292700274],[93.62184786538513,7.479512029188838],[93.6219565489581,7.482251536882999],[93.6198914802234,7.483337516997211],[93.61975563788447,7.480548292700274]]],[[[93.5331362082474,7.525940019940555],[93.52227660593174,7.529811718916518],[93.52056536472283,7.527288427854008],[93.52234759529705,7.522440553377058],[93.52531048973405,7.521436465865762],[93.52648094244695,7.517072489902011],[93.52934921733508,7.514693643328198],[93.5337461221045,7.51841507952437],[93.53422863149814,7.524040622767286],[93.5331362082474,7.525940019940555]]],[[[93.54091180346286,8.028527771120494],[93.53732866903461,8.028115573486385],[93.5345977627231,8.029588918500144],[93.53380474705826,8.026799094355122],[93.53705786919724,8.022929575464184],[93.54019207235892,8.022749396346923],[93.53794318046931,8.019629216188351],[93.53880143448501,8.01567326019768],[93.54216632411335,8.017798983517217],[93.54479757312384,8.015389669821275],[93.54249786623356,8.016022183385623],[93.54021712906713,8.013372218088076],[93.54083007653496,8.010831375242937],[93.5461011696366,8.007595214085162],[93.54526689884236,8.006514454156903],[93.54140711744255,8.00678040988868],[93.54281597674365,8.00194001330413],[93.54452762848267,8.000845300576087],[93.54255494608503,7.999325844482522],[93.54358674652879,7.990271193028616],[93.5405290591681,7.992951149789903],[93.54110472026339,7.994438608130175],[93.53920365695012,7.996865706569339],[93.53741218360993,7.996358903758365],[93.5365779676129,8.002402726652683],[93.53016777300174,8.008057402400368],[93.53108315268298,8.010915093386775],[93.52910015942254,8.01430560992544],[93.5321610807183,8.01650821150674],[93.52749310122705,8.019427874568045],[93.52643318261654,8.014476769276257],[93.52459152668966,8.015181636763485],[93.52430886639561,8.020150500927253],[93.5259954210022,8.022615040067272],[93.5245930277745,8.025607806933776],[93.52178963550442,8.02668769956607],[93.51971266858376,8.025416621226208],[93.51809926379077,8.021098381836861],[93.52165929893984,8.007512720178156],[93.51795423438142,8.006060391108512],[93.51588439199928,8.000737541477436],[93.51339899166167,8.000130953009627],[93.514361665846,7.996618674637717],[93.5123897290501,7.993173234562855],[93.5045103900974,7.995801580953348],[93.50316183200636,8.000091272729819],[93.50103520801342,7.998232491124707],[93.49933865156447,7.998796967243213],[93.49889018203191,7.997178379508642],[93.4968076796925,7.998796041195049],[93.4960376177798,7.995378113855923],[93.49904227399605,7.990288839907527],[93.49839052020627,7.986391724754016],[93.50132617413058,7.983146915701409],[93.50671976060606,7.980730257178734],[93.50770987113582,7.976634825792358],[93.51224217627309,7.972441163716835],[93.51358498245138,7.971456101297913],[93.51538979218026,7.972374413659797],[93.51488257731972,7.970005387647488],[93.51816178114464,7.969676461558143],[93.5223535421442,7.966201387047962],[93.52530621644821,7.965695996331591],[93.52920166006652,7.967220667160669],[93.5310921753617,7.969865842523389],[93.52948754171913,7.966682788740168],[93.52689351619907,7.965963209028615],[93.52918053797923,7.96176869296201],[93.52866859977688,7.959842718064505],[93.54297504322766,7.951542330736497],[93.54430011396728,7.948414370731334],[93.54870883427763,7.946227531280165],[93.55423424762274,7.939276132317718],[93.56013540199669,7.934576062023493],[93.56742380579928,7.931481067788211],[93.56663413007067,7.934369597350306],[93.56909626224581,7.936323056653165],[93.56924538617623,7.939040005447601],[93.57102277123784,7.940943575681355],[93.56988386017116,7.944076152301484],[93.57118033663696,7.947091697719896],[93.56968330679241,7.949324590576805],[93.5707718331514,7.94888631373032],[93.57169153013594,7.953967714887501],[93.56950508912487,7.956376773523083],[93.5720296524156,7.965034334603164],[93.5705829192438,7.964785408048159],[93.56934443262281,7.966575332895485],[93.57009214624787,7.969943370959063],[93.57211937704449,7.97048625464204],[93.57298065029786,7.973067712167951],[93.56942811697975,7.980024285731878],[93.57262457878049,7.986218198832039],[93.57113637308697,7.989233180331147],[93.57247807433743,7.994124773960523],[93.57026456259531,7.994698470080461],[93.56955183924889,7.99817922771045],[93.56161676701934,8.0095602722587],[93.56053198663508,8.013389618452752],[93.55642207653091,8.016531215819434],[93.55608093142031,8.021066003058461],[93.55358977557665,8.025975682523788],[93.55100919603977,8.024885584332079],[93.54091180346286,8.028527771120494]]],[[[93.57374138859625,8.122273629528978],[93.57049697742055,8.127336466374201],[93.56737565071018,8.127552892637791],[93.55301796915225,8.120669068254987],[93.56050077017893,8.109372906583744],[93.56047751908443,8.112921826282143],[93.56356683432968,8.113677457297864],[93.55992806633755,8.116194859990223],[93.55936956575911,8.119268970063095],[93.56062159088972,8.11989311988844],[93.55866158012748,8.120891831759478],[93.56050802676982,8.120833446071487],[93.56160100428104,8.123211677080796],[93.56171007502792,8.121972968146764],[93.56544798648468,8.124315550168804],[93.56514429123996,8.122466435060412],[93.56720381736935,8.123493081492324],[93.56791625325491,8.122259006701205],[93.56978985776486,8.122688843625001],[93.57097433317938,8.119691699266399],[93.57439057050934,8.118756480396115],[93.57145988067528,8.118755958370047],[93.57146037205376,8.114990040975],[93.56839801525018,8.115943383135296],[93.56723688345664,8.114189047224714],[93.56572131597785,8.116498939785703],[93.5660392567064,8.113908516723777],[93.56959171456602,8.111820537393006],[93.56786794724881,8.110839171577211],[93.56917461959308,8.109853860958973],[93.5679407979234,8.108953963090773],[93.56686998634179,8.110233174937502],[93.5641571828799,8.109771501729552],[93.56619910831793,8.106566579107561],[93.56372244948638,8.104676336477745],[93.56382727120192,8.101538837581218],[93.5666173980502,8.10024189818951],[93.56591897228985,8.09897138004497],[93.56403627503254,8.099423089754566],[93.56429520453175,8.09714007696957],[93.56244394741107,8.09962168082196],[93.56027141142229,8.09701716744024],[93.56196354277013,8.096746272748582],[93.56148744195778,8.095353726458868],[93.56363360430814,8.092542162464483],[93.56517141317502,8.092700712175423],[93.56617897437746,8.08950462568755],[93.56763506709625,8.090002220889891],[93.56852922767214,8.086593623460326],[93.57045272012145,8.085911341627368],[93.57287490691083,8.08738562177971],[93.5726982352439,8.085586264353807],[93.57106968216024,8.085730623996819],[93.57205464803839,8.081517318117386],[93.5778165994759,8.075387472690204],[93.57934233857863,8.064527605674778],[93.57827177942363,8.064712863556448],[93.5776326128276,8.061832762219547],[93.57707438084543,8.063749710738527],[93.57550043005973,8.063179856656177],[93.57367609185485,8.068311264582565],[93.57008323136701,8.069504441902087],[93.56918449387469,8.072904310873891],[93.56638535422915,8.07487044100102],[93.56426715104372,8.073667430186346],[93.56392419223455,8.063318536376448],[93.57056594557648,8.058219448034281],[93.57257186653794,8.052274249621819],[93.57453146407512,8.052021296437998],[93.5786100077045,8.047559292470895],[93.57971734927713,8.043743479787157],[93.58351442377854,8.0401042740972],[93.5897959086741,8.045733795841247],[93.59042580824966,8.050607738055746],[93.58763956302171,8.059640929675888],[93.58519410986646,8.063443074049466],[93.58235441038752,8.064012486602303],[93.58043475015124,8.070201875147598],[93.58216643881265,8.07869292943768],[93.58006524792208,8.085090282384764],[93.58081250160969,8.095791384738726],[93.57567795961775,8.09045131166569],[93.57662137122745,8.091649518743633],[93.5751470238438,8.091857218138363],[93.57692518055822,8.09267129894618],[93.57365868969117,8.094908562355462],[93.57838580707421,8.093399417147797],[93.57889367500998,8.095135532591291],[93.57232014422229,8.097186855508369],[93.57510096632087,8.097264217334821],[93.57385785696944,8.098235988079576],[93.5750735326704,8.098950510424615],[93.57235604179937,8.100125453425463],[93.57483752278739,8.09985013006476],[93.57328580530493,8.101739589613604],[93.57459234829184,8.101455007443052],[93.57442884592696,8.102937836924278],[93.57646181516162,8.097919989531153],[93.57961455416088,8.098661957974473],[93.58065807941571,8.097400799796164],[93.57880559789133,8.111297742471043],[93.57374138859625,8.122273629528978]]],[[[93.30870713907032,7.936519911467398],[93.31267130470617,7.929119895901969],[93.32080666620976,7.925644999344242],[93.32179053254995,7.92693369491391],[93.32025293658378,7.930721994692323],[93.32254687000174,7.936635964452577],[93.32697261967495,7.937437056480883],[93.33297676050633,7.933780663945242],[93.33451843482389,7.935223137974364],[93.33050517176622,7.936709834452888],[93.33086315759346,7.9401097022615],[93.33619101074633,7.946774598555653],[93.32988804982726,7.942071644245202],[93.32889009970005,7.946108725634753],[93.33059511738065,7.946769103838227],[93.32573804611538,7.95084615593967],[93.33364191536351,7.955400248883753],[93.33645363052472,7.953560672339153],[93.3389477579953,7.954166891293681],[93.34131468671661,7.959881803510693],[93.34365918181031,7.961197763726878],[93.34847524767785,7.961790689710107],[93.35262926685907,7.960109421246351],[93.35255676562913,7.956849780298161],[93.3500354533414,7.95372092928213],[93.3540035598864,7.945913688605494],[93.35205372883296,7.940831847862579],[93.3533825320726,7.934023404429391],[93.35190881171299,7.932734729291862],[93.34804078647385,7.932951205900222],[93.34104874945989,7.926589102590828],[93.3400603592039,7.924057177983715],[93.33713103391078,7.924563043477221],[93.33226587331635,7.919530298496408],[93.33625221386494,7.911257554429229],[93.3358580286267,7.906804285131715],[93.33388108372307,7.906537192349452],[93.33522815779727,7.901189071889491],[93.33808027109511,7.900213033763134],[93.34164912680194,7.893228672123525],[93.35436310339233,7.887764696145159],[93.36105546063085,7.887403878214126],[93.36426562533295,7.884501776444672],[93.3693845977244,7.884009540219699],[93.37249954819289,7.887016299590249],[93.37675710629546,7.888264463745341],[93.38237054645357,7.893400717543315],[93.38651978120761,7.902524289782256],[93.3942009455204,7.90398040150581],[93.39747462919792,7.903044674492222],[93.40292976554171,7.907185893488589],[93.41050237563896,7.908505267392624],[93.41687315666702,7.907473488906176],[93.43216218456206,7.899843242490381],[93.44159139945086,7.885933363281116],[93.44112837361743,7.882497126375251],[93.4434577608447,7.875235157594723],[93.45045358156263,7.873755175070128],[93.45360049498727,7.87525108934479],[93.45580050594901,7.880414108891419],[93.46032191901344,7.884771732684984],[93.4609668779464,7.890156636905145],[93.46403283609595,7.893958417843584],[93.45495056045134,7.916635777281732],[93.4560763758778,7.922847995750542],[93.45214304132084,7.936702693636358],[93.43582909407712,7.948732358313022],[93.43128167029363,7.954334068760654],[93.42573143380227,7.956911302535201],[93.42245422783053,7.966767047055876],[93.42066770959744,7.968521239686898],[93.41675824148092,7.966387508178252],[93.41344700283464,7.960998657461532],[93.40525687194648,7.960334179490658],[93.4013934308102,7.963290860695063],[93.39938049041312,7.969140936793919],[93.39284592135594,7.973643679728557],[93.39253343429952,7.978820152474433],[93.39508255842844,7.983119620696395],[93.39152337578058,7.994028575035009],[93.3962288689181,8.005111188869623],[93.39988398804503,8.007809688735922],[93.40012416341604,8.009482346600512],[93.39630951247779,8.01292307831115],[93.39038141403522,8.015541203707262],[93.38938788811076,8.017462627421965],[93.38047534105426,8.020171299891867],[93.37766346868791,8.019538577513023],[93.368814050738,8.023544473671729],[93.36125835591754,8.02148776313103],[93.35618930200813,8.014322362663894],[93.35077945692431,8.010646957400299],[93.34603585365922,8.009168603184209],[93.34326002619359,8.009968737462096],[93.3423700400888,8.014073629837936],[93.33891765095854,8.01769472032709],[93.33330885149718,8.012251422568195],[93.32811105822776,8.013164362797287],[93.3240117805833,8.010844910624701],[93.31833559220432,8.004334454802626],[93.31221522284987,7.991455704611766],[93.31374964416985,7.977246467531641],[93.31030808872192,7.972263544007052],[93.30592294649283,7.970386309225599],[93.30478062092976,7.966579330073726],[93.30105804371485,7.962048347385609],[93.30317289259102,7.950615167400433],[93.309264318227,7.941117932193826],[93.30870713907032,7.936519911467398]]],[[[93.49374013421988,8.04733907771092],[93.49478857415764,8.049124639008452],[93.49296482973917,8.04888548925908],[93.49374013421988,8.04733907771092]]],[[[93.50070571584868,8.019731439190673],[93.49461402520971,8.025407015327746],[93.49720775428575,8.036222769759734],[93.50857850248968,8.037461233109273],[93.50894048671827,8.040323157670313],[93.5119704574592,8.040129821890746],[93.51220544056785,8.043082115567307],[93.51293646439323,8.040528006842464],[93.51166772610675,8.03624165726906],[93.5141585163361,8.033991063896519],[93.51712336820209,8.039263554927604],[93.51684427691467,8.04769059228472],[93.51975505648875,8.052226107677251],[93.52472719655205,8.049347836063397],[93.52811530403721,8.050162665174424],[93.5279253804232,8.047884034752789],[93.52627461200261,8.046771361052866],[93.52822975209935,8.046062173969098],[93.52996828232999,8.040958521455597],[93.5390545985967,8.036787798907005],[93.53961682628527,8.037651485407244],[93.53905274986386,8.044189157446407],[93.5362259079716,8.048451624437197],[93.5326698218165,8.048251665112927],[93.53169862890832,8.05032650247348],[93.5338214233832,8.050372340046005],[93.53506834069312,8.052280552324747],[93.53790337522076,8.051946811350307],[93.5375982678244,8.057127749227067],[93.53886770949173,8.0599039777096],[93.53758800277564,8.062299729980314],[93.53947455200887,8.064275914249071],[93.54130887858138,8.077002907731561],[93.54012404294247,8.081053367161868],[93.53799194192128,8.081337608870617],[93.53914370159141,8.083372354397445],[93.53546887432545,8.08530631425694],[93.53702456146314,8.08648219443068],[93.53433363018178,8.090383034382235],[93.5279550957945,8.092085602414008],[93.52853530146686,8.093934848320586],[93.52688402280315,8.094060948058726],[93.5266748411061,8.096108885311057],[93.52152558111653,8.097743913510836],[93.5183337510294,8.107951282682402],[93.51468197363529,8.107412118929235],[93.51444563317226,8.109016990157517],[93.51652759921744,8.11019763550001],[93.51544239931994,8.1137326940438],[93.51214880448414,8.113772314271737],[93.51429303725325,8.119600557448873],[93.5104256480213,8.127226193151143],[93.508056744803,8.129725512601407],[93.5035106262716,8.130569392285189],[93.50519290759237,8.133571905784317],[93.50007434662933,8.136897582268213],[93.4982007564924,8.136444819114773],[93.50204300906609,8.138046602343303],[93.50190191158272,8.139574648373676],[93.4988625211077,8.138470460692973],[93.49868050626148,8.1402381040977],[93.49707458892635,8.139749264557459],[93.4977226380639,8.142127539894924],[93.49399501591036,8.142100930564729],[93.494721963181,8.14512080302841],[93.49234875613416,8.144954188024837],[93.49331639081551,8.148620510406818],[93.49145586667437,8.14829551055166],[93.49032938379966,8.144457426534066],[93.48796093243396,8.14501415840738],[93.48985851747044,8.147934263829875],[93.48889252580776,8.149684182850063],[93.49114310383514,8.14939421918216],[93.49153402549398,8.151641085085984],[93.49678395608419,8.151205570296236],[93.49669943270078,8.156522371506766],[93.4949932939227,8.156649454629155],[93.49757681723877,8.159112858814012],[93.49693405917824,8.160874768041841],[93.49414982078665,8.158381267374041],[93.49202187896523,8.159204704798675],[93.49384142286141,8.158914842292182],[93.49561679749338,8.162436243173573],[93.49791149088607,8.162680037376912],[93.49751178729706,8.164117571662524],[93.49487297447183,8.163616457275381],[93.49671146743063,8.165754385570864],[93.4946919890949,8.165280262497832],[93.49509209063763,8.16771700049957],[93.49887183034899,8.167856905033688],[93.50059510988102,8.170818743391266],[93.50008181612093,8.172812322642134],[93.50516747898165,8.175065479428776],[93.50317520253105,8.1764663231793],[93.50344210008679,8.17931462971251],[93.50829126438099,8.184018025406331],[93.51238399690025,8.18405547800021],[93.51077253067163,8.186668096496915],[93.51212903166643,8.187409958315447],[93.5115071495548,8.188377251258254],[93.5138891834476,8.18889789596204],[93.5160947172517,8.187587479809027],[93.51893004193518,8.189988945694376],[93.51958833096866,8.188506263485147],[93.51680757085383,8.185666282980234],[93.51190352398737,8.182161042410554],[93.50708970929796,8.18086652119718],[93.50635527636608,8.178610315295751],[93.51234568914326,8.174339904125803],[93.51627352151911,8.18018671608565],[93.52249761664443,8.185179673927154],[93.52248826697897,8.18636416162206],[93.52024220478249,8.186494626501544],[93.52525128357028,8.187603676726352],[93.52582817715418,8.184764677647626],[93.52353756570614,8.181382366182483],[93.51808900143698,8.178017196081193],[93.52456351901571,8.179176427525999],[93.5261873137233,8.18174026070191],[93.52806336883738,8.192794490703944],[93.52552652198347,8.194498200721217],[93.52545803532452,8.196396981514415],[93.52815397651018,8.193454572603827],[93.53133002589276,8.194463580142564],[93.53580228673809,8.203325749761115],[93.5359297738466,8.22471431078795],[93.53388698602589,8.228565651828191],[93.51123658597437,8.235291202616157],[93.50955794911869,8.233626984403998],[93.511455311373,8.231651896752938],[93.513202598381,8.230929061700884],[93.51425071223034,8.231553261734911],[93.5137972363867,8.230237531030491],[93.5111059511691,8.23140765939387],[93.5100164600195,8.23293089580224],[93.50631818043641,8.232314911953013],[93.4827515769485,8.222099893079871],[93.48119810236139,8.217647061885229],[93.48288410360574,8.210028599242616],[93.4801187001907,8.204644738541555],[93.47987259324391,8.197343087596524],[93.47194686528992,8.193574664166924],[93.46900920093601,8.187810966267211],[93.46933091818198,8.185939159941581],[93.46858248949796,8.187295660434257],[93.46953158025688,8.189741350158403],[93.46526432573916,8.183905586689336],[93.44957107303426,8.180183350556854],[93.44935252729867,8.176693087179629],[93.44658424029156,8.175970196619136],[93.44824866579943,8.171069010266732],[93.44696800058095,8.166114084974426],[93.44492628624701,8.167687780393239],[93.4474845264794,8.16216253561196],[93.44553661512577,8.155901104708263],[93.44691396601827,8.145023046497665],[93.44808897768127,8.143879006707227],[93.4512474685933,8.145569359992253],[93.45380659276793,8.145211730959806],[93.45643768996317,8.14195603804885],[93.46005024601364,8.144930230637495],[93.46377462345237,8.140751971353048],[93.46094333489944,8.14134029051317],[93.46102408535862,8.13724866835517],[93.45943210538518,8.140314296253361],[93.46061504647717,8.134282897995597],[93.4587326564437,8.13727624286654],[93.4585327166143,8.135951596162379],[93.45692704092599,8.138700741072677],[93.45540241573421,8.138597039108115],[93.45734824928462,8.135097330395796],[93.45683500044028,8.132696712832672],[93.45801011181628,8.13229863221709],[93.45666211157904,8.130513044469824],[93.45798228739865,8.129522671385153],[93.45718342370132,8.128216218857183],[93.45614003049884,8.129202016219814],[93.45432030514294,8.12810823757927],[93.45293255984427,8.131526454669052],[93.45187968941552,8.130604330541205],[93.45046423917516,8.131739377564088],[93.45384086529266,8.135486793827166],[93.45511129600514,8.135192690972934],[93.45391383544319,8.1372726235342],[93.45097368904413,8.138019132818723],[93.44866363715504,8.135645935749169],[93.45101555682459,8.120382213072139],[93.45482253794695,8.121263166243775],[93.45776228100245,8.12024593277718],[93.45453579750487,8.116918417007874],[93.4563999930606,8.113943182518481],[93.4568033977086,8.111985463097913],[93.45523790635792,8.11123523779766],[93.45664821374328,8.1075638326784],[93.46121984981862,8.099185346507884],[93.46688974729571,8.092927008623962],[93.46845030959041,8.092221395980708],[93.47018468062129,8.097447441343398],[93.4714823572363,8.0977817272481],[93.48001520977839,8.092652879212698],[93.47338987943647,8.087256173210472],[93.47070427875802,8.088373458968338],[93.47488348310655,8.07263005668088],[93.47408407682678,8.06875111349222],[93.47582963008628,8.06429744473209],[93.47545499488358,8.053397120942098],[93.47780057334555,8.054124512991745],[93.48019063817696,8.051320896630244],[93.48236848859898,8.052550143546501],[93.48402495144018,8.054936904286894],[93.48381761398439,8.060086489335186],[93.48491125445231,8.061261718035746],[93.48154563000209,8.063464281712276],[93.48162765427236,8.06487936948407],[93.48385969286892,8.064838157705745],[93.48635587658319,8.068571989141073],[93.48758939462235,8.06684914972758],[93.4899076562148,8.06686213446439],[93.49187313412385,8.070677439250948],[93.49533027983352,8.071169333379697],[93.49312607553603,8.073453064178997],[93.502374915004,8.07607741409419],[93.501512543111,8.077654932030155],[93.50393409838475,8.080192087502647],[93.50149783409657,8.081158704446265],[93.50283526834941,8.083609571560054],[93.50243947782177,8.087271440333257],[93.50545604839361,8.087548294020504],[93.50910894239361,8.083616298013194],[93.51039183363737,8.086632237799103],[93.51287335145632,8.086081515528532],[93.51407714154776,8.08016394253078],[93.51995554518881,8.082272633628584],[93.5251088790382,8.081731721644237],[93.52085874461315,8.080455485032628],[93.52112682345349,8.078800891068633],[93.51824626949374,8.078980810453887],[93.51879110040852,8.077199718583826],[93.51579262639805,8.077347934122548],[93.51558911935864,8.07512806262837],[93.51416931857736,8.075037171321366],[93.51550019602699,8.068730833774227],[93.51671981982363,8.07084253833107],[93.52308792207552,8.073258786326017],[93.5223309001075,8.07130548619464],[93.52395121833491,8.06779771393898],[93.52597447408641,8.067201572360313],[93.52806977382537,8.068698653583656],[93.52632846780052,8.066500927552436],[93.51991394690296,8.068311825808626],[93.52398441467793,8.062295691938688],[93.51850397728414,8.065553569922148],[93.51542464501664,8.063206159013511],[93.51479547487313,8.058522201809009],[93.5196405671041,8.056181933299086],[93.51626144546675,8.055547880419859],[93.51697869362725,8.053549841404973],[93.51462954256543,8.051926016682547],[93.51143139911845,8.052991874783082],[93.50970913198775,8.048379855125596],[93.50761846036914,8.047167485696363],[93.50634379859167,8.047429245876527],[93.50636594745333,8.049138193571798],[93.50134484381717,8.048729463559745],[93.50429862484557,8.060272679606168],[93.50156499214721,8.069557831150487],[93.49863142141604,8.065546611027088],[93.49908287245702,8.058213699548311],[93.49639299489948,8.059540813146368],[93.49627457987704,8.057953940476692],[93.49348912247159,8.058022484739661],[93.49342518038969,8.05651245720277],[93.49705730354367,8.056359287795964],[93.50003277619125,8.052404555272137],[93.49977494263673,8.05020724862261],[93.49798751081701,8.051070086452402],[93.49863757757068,8.046721118414093],[93.49669756151003,8.046081446161615],[93.49705606925846,8.042204018591802],[93.50078098299139,8.039113060805336],[93.4979238813488,8.037782798213712],[93.49693613159162,8.039652391340288],[93.4955387401834,8.03902432286531],[93.49346318271947,8.046534393566256],[93.4924911283269,8.042067795503048],[93.4900862655478,8.040029377656221],[93.48887965474637,8.040305458702656],[93.4886489835511,8.042855416740332],[93.4864260475833,8.042543991280514],[93.4802351137667,8.047767293820732],[93.47698242461567,8.047677583806633],[93.47586155351654,8.046176813570291],[93.47795589654974,8.039968874856255],[93.47599427690483,8.031975956710207],[93.47684453771114,8.019059227166187],[93.48220404210475,8.002371737671197],[93.48601818908813,8.002329839027281],[93.49091945746541,7.999611197614834],[93.49135167737279,8.002626451088185],[93.49500201476745,8.00109718878135],[93.49717212261001,8.007591129242337],[93.49647408402355,8.010012206267527],[93.49851333966856,8.011335059978757],[93.49596271625143,8.01434806863804],[93.49542869027292,8.018778881494114],[93.49873329575914,8.0180940738813],[93.4999630480606,8.016240927823985],[93.50070571584868,8.019731439190673]]],[[[93.64451442702696,8.392308058427773],[93.64250337039702,8.395463859546096],[93.63350038185604,8.395161204000841],[93.6356659819525,8.394763304609983],[93.63757267860092,8.391820023566812],[93.64122286687528,8.3917792199222],[93.64326576069719,8.389699443219346],[93.64609883869416,8.391344993303278],[93.64451442702696,8.392308058427773]]],[[[93.04402494199921,8.441518818033112],[93.04751951691352,8.4410218740435],[93.04948731337434,8.444135998371813],[93.04570642471772,8.450281042140709],[93.04734239698729,8.459949749352928],[93.04307779878783,8.465455654397994],[93.03535678700567,8.471813503678785],[93.03293196096598,8.472114724667216],[93.026917632341,8.461423468526771],[93.02550491567402,8.455718227138178],[93.02638267301288,8.450939326333708],[93.02933717808342,8.44629943853201],[93.03378646631204,8.443059254676713],[93.04402494199921,8.441518818033112]]],[[[93.01931411929964,11.843523028600096],[93.0112532874219,11.84989115554148],[93.0115804313905,11.839452885634698],[93.01447344767817,11.830391185339938],[93.01740462978898,11.831705451452867],[93.0215779950882,11.830594902896253],[93.02324732809248,11.828448167196795],[93.02835742782383,11.826556081426878],[93.03047624096537,11.822694336737289],[93.04753573150444,11.813213544503885],[93.05618417117243,11.814823973671363],[93.05938283743892,11.817083745276104],[93.06076749253302,11.818710170255375],[93.06029897529824,11.822013919784364],[93.06695595149101,11.828940987928714],[93.07029555264576,11.835867097294779],[93.06793563437692,11.841474234255081],[93.06197099516355,11.844534659909884],[93.04353979694856,11.841307266528196],[93.03580130125603,11.836263954173601],[93.02991856953193,11.836852838618885],[93.01931411929964,11.843523028600096]]],[[[92.97036933199264,12.042455010910679],[92.96639228451565,12.041258622336452],[92.96638930839713,12.045430419914027],[92.96356734974673,12.050968135496259],[92.96115431140021,12.044957548066538],[92.96148734562213,12.039063593423604],[92.95916542608983,12.030639367204067],[92.95034084835416,12.018673453308388],[92.94874605036564,12.013860269219972],[92.94514073653298,12.010444233336626],[92.93844111551705,12.007507995419832],[92.9277705798226,12.006127231448385],[92.92661267298091,12.003699927889004],[92.92743477250139,12.000016877699753],[92.92427089708757,11.997906790286779],[92.92512446728739,11.995619195326155],[92.92991262878726,11.992620672934033],[92.93284945501301,11.985138408721445],[92.93860710621527,11.986528766932103],[92.94133854253279,11.985212360274295],[92.94744948316999,11.985562712697206],[92.95953203843874,11.981014856807267],[92.96254509390288,11.970792887513067],[92.96510083592048,11.966796118912665],[92.96725036156325,11.957141122961783],[92.97270079792148,11.948917823136698],[92.98403318087627,11.945641514942055],[92.98980637832283,11.952563675487923],[92.99426349806409,11.952024041273303],[92.99903955027392,11.937595649122525],[93.0051644255778,11.932723032674422],[93.00661404862986,11.925273434499372],[93.02169191494094,11.901079924668911],[93.02373240846444,11.890014283968283],[93.03084148158683,11.885431489932794],[93.03065332046744,11.88420676699533],[93.03184581873576,11.883836854526116],[93.03270368827249,11.885590641334314],[93.03260716339692,11.88340796345371],[93.0349280929858,11.884249695916514],[93.03496003438235,11.88263194734748],[93.03678108115999,11.88403374759535],[93.03746429125607,11.882222020248614],[93.04357400030302,11.88462913243183],[93.05056999619242,11.89293367000881],[93.05258456074354,11.89861483585982],[93.05254411140292,11.903553954269862],[93.0476229156977,11.907767788320283],[93.04771962832119,11.91029840794197],[93.0455502301477,11.912371542909051],[93.04401476049381,11.921105801171052],[93.04483167673507,11.923754258945895],[93.03593035951796,11.947582418770596],[93.03362747079493,11.948991127218676],[93.0299296996583,11.948487593539815],[93.02688372453225,11.952001651039676],[93.02475137198276,11.965105242018636],[93.00529928336319,12.00236630652828],[93.00577382110694,12.008247350276935],[93.00834653499524,12.01450892158557],[93.00761842081306,12.019856091823192],[92.99383212886129,12.038748592633835],[92.98789485322976,12.0386833113419],[92.98162461703818,12.043666672885827],[92.9778405088196,12.042813879265873],[92.97855789172738,12.045231712438726],[92.97668822902484,12.04349228480995],[92.97362557757388,12.043873074908728],[92.97432451267899,12.0461824496803],[92.97645524736268,12.046330818237035],[92.97288366167565,12.048673393330072],[92.97216092031721,12.044280385844454],[92.97036933199264,12.042455010910679]]],[[[93.00511964456086,12.10207772968959],[93.0048953819468,12.10398519075456],[93.00260345446688,12.105471070639664],[92.98541161603534,12.110752691632817],[92.97700023009271,12.10728929601971],[92.97109330763634,12.10650500790422],[92.9636041402492,12.111782172061222],[92.95828044899103,12.110920583760606],[92.95700760540373,12.109330003385097],[92.95841895124153,12.100131770669169],[92.9554938049111,12.088448957182925],[92.95709149996642,12.086875583585648],[92.96100891547822,12.086548938653097],[92.96028260511314,12.084718646071902],[92.95641981974703,12.083603444414068],[92.95423752266434,12.081240230406497],[92.95634598721382,12.069533288407378],[92.96131286404787,12.063967858927212],[92.96870982476095,12.0609958865427],[92.96886491619983,12.058369818407],[92.9711827843302,12.05546728681502],[92.9758209963479,12.055867871912458],[92.97795849534562,12.050221819858804],[92.99522962537237,12.041938976035713],[93.00092361476705,12.043922395354805],[93.00463165903729,12.048462115660413],[93.0027618570959,12.057536345727836],[93.00388356003496,12.059945982615448],[93.00051922376888,12.065304396020881],[93.00114804536605,12.075185156671534],[92.9999253672975,12.08427412742675],[93.00258753542175,12.089898726698085],[93.00511964456086,12.10207772968959]]],[[[93.02568531804432,12.1427809837444],[93.02688847212855,12.143771281978687],[93.02479631918803,12.148562040259126],[93.02486252232953,12.155071147153993],[93.02760605086908,12.164107868730433],[93.02599244844673,12.1667245652285],[93.02285568508648,12.16425102938439],[93.02018055876422,12.156755666486404],[93.00928664529626,12.150409986645526],[93.00703235273517,12.14771961284263],[93.00362301716154,12.139902848054705],[93.00231231766985,12.124583311875869],[93.00654669205154,12.116728835758448],[93.00620508790182,12.110820773018379],[93.00787747068648,12.109867650485587],[93.00816915545587,12.105071806125538],[93.00588975498258,12.079617524273853],[93.00775566452384,12.076973913598088],[93.01516831072013,12.076610537147562],[93.02383204600247,12.071767836363152],[93.03354493628157,12.060863566371973],[93.0391985023868,12.047530522626282],[93.04387842408144,12.045972301603122],[93.04504424418245,12.04758632155582],[93.04241766191983,12.04729182336519],[93.04316932903045,12.051287896693655],[93.04498314257344,12.051559579819694],[93.04443261364486,12.05005872591984],[93.04604040576395,12.048522260466738],[93.05042333993408,12.056180576418805],[93.04840696527765,12.05727850762981],[93.04935658155102,12.060212356175827],[93.04626282413673,12.055976157854253],[93.04451277391091,12.057105768554363],[93.04711118949778,12.059465975769097],[93.04700912920342,12.062458333567935],[93.04870426451758,12.060822428624379],[93.0480744269258,12.062842812721405],[93.04585136070231,12.063868352189704],[93.04778474090793,12.063918552707374],[93.05008183370072,12.061220536302805],[93.05182895182544,12.069090631484414],[93.05073982718845,12.071242000765254],[93.04783373143027,12.068398097371855],[93.05034431424022,12.072923427340948],[93.04842878805088,12.074211232986404],[93.04513598912241,12.074007013522845],[93.04399292244925,12.072646138527194],[93.04399653637162,12.075412509790207],[93.0421086881745,12.076230179164542],[93.04958573998339,12.075337041383822],[93.04997006531305,12.07972173439415],[93.0484362009486,12.079468239492327],[93.04873851638105,12.081854980860026],[93.04607027923872,12.081506277107493],[93.04545898377272,12.082853147320286],[93.0416472550541,12.082232900275272],[93.04249163638684,12.084118049864198],[93.04402578461895,12.083625742010094],[93.04245450632122,12.08520289078166],[93.03906529031502,12.08456463742021],[93.04087413797112,12.086468134458498],[93.03760755906916,12.089437026521791],[93.03722497826774,12.093089251473952],[93.03406566270233,12.091565042051084],[93.03485909159217,12.094512448689922],[93.033444146205,12.095352800779324],[93.03203207363012,12.100523508028223],[93.02845832929151,12.10144907044752],[93.02581831721538,12.099102252368793],[93.02252072128331,12.098703402587178],[93.02687409818569,12.100567135962493],[93.0280260887229,12.102660354070078],[93.03275285396634,12.101346398883225],[93.02896313487047,12.11383008326074],[93.02304245830877,12.113796572136948],[93.0246450689453,12.114818658641607],[93.02471794477275,12.116287750067064],[93.02237868685712,12.119261288988087],[93.02474969033656,12.117259605793569],[93.02554982694664,12.115094680243779],[93.02824582472621,12.115705750908043],[93.0279408610603,12.120135460873271],[93.03319809944533,12.125674282190353],[93.03095145424223,12.126812715872758],[93.02866061462214,12.134970994552189],[93.0246725214604,12.136985764000602],[93.02406956685181,12.139815219501148],[93.02024130104712,12.143787227700994],[93.02155461373798,12.144958394790567],[93.02568531804432,12.1427809837444]]],[[[93.05658113579818,12.117710949293883],[93.05525351474147,12.118216934450302],[93.05597402378643,12.12032801565293],[93.05465564459737,12.120612510566733],[93.05359129998749,12.116403982166236],[93.04874067143942,12.116759987393563],[93.05029048539176,12.110997093476282],[93.0535338006228,12.109343425098926],[93.05340841916532,12.113691826353142],[93.05656359529394,12.114949106803419],[93.05547936467863,12.115672112665356],[93.05768820518128,12.117435441568258],[93.05658113579818,12.117710949293883]]],[[[93.07417239484946,12.083844240608894],[93.07428673691037,12.085828621848048],[93.07483351806763,12.084811657145893],[93.07685825603934,12.08769130303749],[93.07764850129985,12.086443836099194],[93.07616077171338,12.085024294924647],[93.07785099144634,12.084640307894487],[93.08025178755217,12.090204968694954],[93.08287926004523,12.088428848072379],[93.08549664984753,12.091019201425896],[93.08455954530943,12.091823694786273],[93.08292022861207,12.09019624540563],[93.08477048770445,12.093469063738189],[93.08424175459959,12.096194676834745],[93.08240926328521,12.095751493939725],[93.08449396020887,12.098224266288618],[93.0837310120549,12.100755485235618],[93.08586258756168,12.098631225824438],[93.08473304322848,12.096981241197154],[93.08667136057491,12.096506822167392],[93.08527074960473,12.095308831185253],[93.08865997189915,12.097243802695107],[93.08994562725903,12.099309640247313],[93.09083559449923,12.105411954861896],[93.08927398476887,12.10516773148059],[93.08975243287908,12.10091428740656],[93.0883152514937,12.09857270318479],[93.08633516607982,12.101212297152971],[93.08865919575472,12.101443049338588],[93.08580676265665,12.102269964597555],[93.08665165513082,12.103454337240501],[93.08552628616707,12.10380227720097],[93.08889276940671,12.105104414531489],[93.08918620319594,12.10799283333022],[93.08528706211196,12.105759489993655],[93.08488707824854,12.107703125239276],[93.08333955949176,12.105890366818542],[93.08098759310981,12.10728231326699],[93.08303164126689,12.106767247357144],[93.08403270854814,12.107933562645878],[93.08145101240532,12.109596700204065],[93.08456538615543,12.10857096620837],[93.0863886553651,12.10968311693587],[93.08482223156314,12.110451387399078],[93.0861494861072,12.111364597856989],[93.08564373370395,12.1139455681085],[93.08817439655546,12.115112017164545],[93.0862541389395,12.116535689918388],[93.08755380352625,12.117805983026141],[93.0909530492226,12.116676238601531],[93.08986888148937,12.117534980199121],[93.0909524590295,12.120084447069221],[93.08977628045494,12.121670928510126],[93.08928070776045,12.118814138459],[93.08750319873135,12.118230875669497],[93.08580333827878,12.119952896526291],[93.08397154495539,12.115183922468432],[93.08235940049873,12.11473624778359],[93.08096733610016,12.11618706478376],[93.08335527821261,12.1189943646852],[93.08161900095672,12.118985130289785],[93.082725763116,12.120115298815204],[93.080791621139,12.121733301763921],[93.0822339390912,12.121747027619309],[93.08096133265911,12.12289500742828],[93.08162251336948,12.124187853422768],[93.08655132409336,12.123813198185614],[93.08729460543081,12.128392202318135],[93.08553498814722,12.130005733018814],[93.08441896435735,12.128975021321803],[93.08479532073218,12.130575199867003],[93.08297148378725,12.131596567784259],[93.08399106893977,12.132523310841803],[93.08632953903287,12.1306838367246],[93.08475354727483,12.132790080205165],[93.08819403103261,12.1333328291952],[93.0857224710386,12.134462640065541],[93.08761014855583,12.136044876615081],[93.09038478395703,12.13554337708901],[93.08985153322462,12.137780814834416],[93.08529502567696,12.135719205198983],[93.08565291897773,12.137861799346428],[93.09111452229325,12.139340374271715],[93.08665845807246,12.140388670090026],[93.08765960260884,12.141934658939276],[93.09100851569983,12.141410601093167],[93.08952892754482,12.143765487525851],[93.09182152337131,12.141894320554867],[93.09353040111273,12.141813080828658],[93.09401712629997,12.143133000900432],[93.09225233292369,12.147964930132693],[93.08853637000423,12.145474024518908],[93.08893070975273,12.149582886935365],[93.08713913580122,12.149420003789903],[93.0873637891824,12.151865432458381],[93.0800744259791,12.14639075957579],[93.0806388850828,12.149179769081142],[93.0775794091764,12.149057357358211],[93.07877809324376,12.150499439228184],[93.08203059105361,12.15031448592507],[93.08194756785673,12.151959817325373],[93.08348664424648,12.151345237993217],[93.08269539556781,12.156868797676665],[93.08792522006534,12.170580143258476],[93.08822637936599,12.180670414791704],[93.08510704152565,12.179896720981521],[93.08762935184164,12.179567239640697],[93.0866105284605,12.174304930192962],[93.08558045547701,12.178924870017477],[93.0837793998077,12.17945792290245],[93.08306295114778,12.17831854657936],[93.08206115802777,12.179434936113735],[93.08241083533696,12.177147537844338],[93.07995226408362,12.180026663084185],[93.07751765628882,12.178602059262728],[93.07523390796953,12.1802651154844],[93.06996509928366,12.177158191871262],[93.06717300602322,12.172212698183163],[93.06737924933095,12.1741744838875],[93.06544069932087,12.173274654389521],[93.07115882644727,12.180182689762441],[93.0740164221633,12.180296451986404],[93.07303279387664,12.182063797667487],[93.07478337860005,12.181422304272285],[93.07811789079874,12.185301892395758],[93.0766625346985,12.181024950197564],[93.08399002599575,12.182703835403595],[93.08520703749151,12.184941845742683],[93.0793535270653,12.186332907396098],[93.08447491143326,12.192491258986303],[93.08619320441714,12.192667931872526],[93.07994793600056,12.19865648127863],[93.07818384420857,12.197715761298296],[93.08050873357122,12.197521914761225],[93.08072058416298,12.195329423844173],[93.07947068534465,12.196147382079129],[93.0791906939453,12.19497193361967],[93.07729270556526,12.196865656786628],[93.07396726635096,12.192895653662841],[93.07408127603524,12.196254567083155],[93.07805960540813,12.198497812930544],[93.07682790106755,12.199975786181383],[93.07544516657154,12.199017058958779],[93.07422265109801,12.200436254247101],[93.07316647936061,12.198148508497818],[93.0731476138413,12.20004720055612],[93.0719991716495,12.199255780524643],[93.07127752533734,12.200381248534583],[93.0690272087197,12.196565170054777],[93.0669364975752,12.197269825281596],[93.06976650872379,12.19812501406914],[93.07054255072131,12.19977527881804],[93.06766186381094,12.199331470220791],[93.07099704076292,12.201190380211473],[93.06941641549464,12.201479283213725],[93.06985256912465,12.20272711652841],[93.07134144855463,12.201904741080806],[93.07105609690801,12.20374459413708],[93.07204891226507,12.202325351594734],[93.07432765966315,12.203085411970342],[93.07294864509072,12.205503638247336],[93.07612369464835,12.20501619683354],[93.07310886680817,12.207822800360955],[93.07497423376701,12.208198488245985],[93.07453265700762,12.210124196149614],[93.06702435730159,12.211736110230275],[93.06466775561277,12.209891000819583],[93.05245802854421,12.185838278814737],[93.03787121640168,12.14629220916296],[93.03584978872179,12.134484902676956],[93.03788908029944,12.135204174867736],[93.03802286369974,12.133658303287563],[93.0368843173491,12.13188607516017],[93.03563005810837,12.132464313473236],[93.03843890135562,12.126543622772571],[93.04443252201669,12.128990600816051],[93.04700650432616,12.124168177358799],[93.0461344252382,12.122192643261052],[93.04834476053752,12.11943133109681],[93.05034165612527,12.123151911906833],[93.04724417249916,12.127716587938368],[93.04957806387928,12.126483120481582],[93.05067510536887,12.128951395186993],[93.05284802493829,12.128337129877071],[93.05117617844782,12.127758176485505],[93.05308380485258,12.123514136015922],[93.05733232770001,12.124789720885124],[93.05821486317785,12.122760332462954],[93.06656786850849,12.131820314224939],[93.06571491095967,12.126391429904407],[93.06667948687748,12.126581441967106],[93.06416315574802,12.123330994315788],[93.0656148251623,12.122757184697566],[93.0677822793815,12.125189408217063],[93.06769986883567,12.124140711844046],[93.0697988058532,12.125158089815681],[93.0665428441396,12.12217875933735],[93.07010698009796,12.12350375210806],[93.06822460264091,12.119932506098493],[93.07131110256603,12.120864150144397],[93.0707835175081,12.11823784232651],[93.06769779642231,12.114440393568538],[93.06768275323455,12.119290551116809],[93.06612165464561,12.116903630216658],[93.06609764177973,12.120836188934396],[93.06350658968326,12.12227315384379],[93.06221247668496,12.117910935352178],[93.06060074724995,12.116084476176168],[93.05905730864119,12.116414152044321],[93.06033532921948,12.11264003966965],[93.05766236424381,12.111663151920856],[93.05643675137918,12.109113510635423],[93.0584917059821,12.102993584496131],[93.06519921690116,12.096933268270966],[93.0676171232182,12.089303599572512],[93.0693436564482,12.090736788395203],[93.069610750735,12.087974992959289],[93.0712169492428,12.093087586064824],[93.07234230742677,12.09268094133518],[93.07086418891554,12.089543701099869],[93.07171882811055,12.088047650446203],[93.06891758101736,12.08665046255814],[93.07417239484946,12.083844240608894]]],[[[92.94938098410002,12.088577265271626],[92.94997214293062,12.084622268027257],[92.95090493465705,12.086099985355032],[92.94957514506723,12.092455209447222],[92.95594757540216,12.098975452205899],[92.95207515919786,12.110750676761501],[92.94673513746613,12.116866202251163],[92.94877661015327,12.108500738489818],[92.94773687668724,12.103158614575722],[92.94938098410002,12.088577265271626]]],[[[92.9910437555244,12.160526784728638],[92.98882990332078,12.161400042263663],[92.98729944716452,12.159958870423717],[92.98616121522419,12.16222827141631],[92.9846630732653,12.16110797642219],[92.98524073221378,12.158563104185811],[92.98172960943364,12.155445861173904],[92.97279802617795,12.152606294408814],[92.96000918219517,12.153261477976367],[92.95576406845423,12.151979167285976],[92.9527679758776,12.149168742456064],[92.95162149111476,12.141282037367791],[92.954141964376,12.123875576208167],[92.96241521817406,12.113613077711875],[92.96400007001573,12.114209173932588],[92.96367076559889,12.11789743853544],[92.97288337960468,12.114716844176762],[92.97726706835967,12.108319709411695],[92.98425481861308,12.112185934069165],[92.99693475174912,12.111102033547985],[93.00267989570769,12.112242741007723],[93.00367013739147,12.117704127542572],[92.99721450419659,12.129472076034526],[92.9972415003675,12.14430985465406],[92.99873843588898,12.14807654753233],[92.9963366031273,12.152696204665228],[92.99676626463275,12.157532179861416],[92.9940798707419,12.159589873445235],[92.99242449755715,12.156377030639536],[92.99083554580447,12.157453421343446],[92.9910437555244,12.160526784728638]]],[[[92.93652517250943,12.222976668209478],[92.9379126231607,12.221633953088142],[92.93667236685863,12.223613924103535],[92.93434272181484,12.224278883840661],[92.93075359742028,12.223181379189201],[92.9307946360557,12.221635599255437],[92.92988963371262,12.222892299696671],[92.92670361662367,12.222252987651986],[92.92399257565634,12.215282159177256],[92.92446447864143,12.20762552032735],[92.92574629190685,12.206639950304355],[92.92631168525847,12.207774307444087],[92.9266790108697,12.206345974539847],[92.931369983639,12.204066999376641],[92.93206217329463,12.1962566208188],[92.93413090625738,12.201227940306307],[92.93306690570228,12.210611297158604],[92.9347905391705,12.212875322744468],[92.9329108566593,12.21146105641092],[92.93352248090869,12.213702738863027],[92.93188620860185,12.211678235840582],[92.93158356079275,12.214674932047542],[92.93522776628728,12.216007442668063],[92.93570488758583,12.2125632419302],[92.93841664630706,12.215446222293227],[92.93854156962372,12.21909367120616],[92.93700717165994,12.220788969233025],[92.93816514767191,12.220725410283292],[92.93457240665995,12.223926285996857],[92.93652517250943,12.222976668209478]]],[[[92.90029982804134,12.255657432526663],[92.89739326785411,12.256420593729656],[92.8966420768506,12.25175847801955],[92.89723015805302,12.255489466906878],[92.89548857444878,12.256078909104765],[92.89332420414594,12.25533942060774],[92.89158737981604,12.252466763599966],[92.88665212008672,12.252714056551618],[92.88365771544451,12.248936912406897],[92.88317488355572,12.238360615459474],[92.87851044881658,12.238333669185055],[92.87833588549562,12.245926929947116],[92.87689746353684,12.249267093094407],[92.87185599419482,12.248973373656575],[92.86952146501086,12.2457191227627],[92.86815678755038,12.238152975267143],[92.87307866238197,12.229447846169071],[92.8733452886465,12.219879425283628],[92.87827122386314,12.207928970940412],[92.88157961664662,12.20837180021285],[92.88288922917684,12.209953677352676],[92.88195199348475,12.216552632704582],[92.88720886715375,12.217732036341824],[92.88780641480265,12.221759144301421],[92.88540323007648,12.224977382033014],[92.88983324495065,12.22831272156652],[92.89116116065476,12.225944250334583],[92.89545763018216,12.224235413163614],[92.90000242729177,12.225193164972982],[92.90343484417832,12.22272948613424],[92.90700604179311,12.228753932057893],[92.90997355267235,12.220310536620522],[92.9129372978139,12.219207265718076],[92.91434354032262,12.220043209869417],[92.91242363394792,12.226484224244237],[92.91340330605408,12.232703315928012],[92.91070223728474,12.240595286399943],[92.90478852446311,12.24750232933001],[92.90429804791124,12.251612186823227],[92.8991372337905,12.255151004520776],[92.90029982804134,12.255657432526663]]],[[[92.89837430360286,12.259381114506466],[92.89965177261556,12.258676337756022],[92.89948171344746,12.262542782639244],[92.89827077815626,12.26187131276919],[92.89837430360286,12.259381114506466]]],[[[92.9350978456427,12.301097859907763],[92.93312265425048,12.311094772011545],[92.92865223495144,12.305196279463976],[92.92820533028411,12.292562014485647],[92.9294964725538,12.28879062379066],[92.92896978491282,12.283480109262378],[92.92661201721076,12.282203004326187],[92.92727117671176,12.27828021268241],[92.92209922527812,12.28471528071104],[92.91756764957287,12.28256554033174],[92.91825966226041,12.289008193373636],[92.91218869845,12.2929233653384],[92.9120668186255,12.291438629035943],[92.90965865094444,12.29279409929949],[92.903261111799,12.291262886777806],[92.90065077017842,12.28842860544823],[92.9006738083722,12.28133295256558],[92.90312567819349,12.277358579819976],[92.90019603938835,12.27471628943341],[92.90024199719826,12.271880303432223],[92.90331642286768,12.271428953706836],[92.90635410025544,12.275560466022531],[92.91356451771496,12.27368176915485],[92.91313473942851,12.268683024395308],[92.91019125938146,12.264999111397016],[92.91120907215793,12.263166639720549],[92.91576562102806,12.268672240628952],[92.91416164674894,12.264590782917752],[92.91635363306024,12.263947149397545],[92.91959832720521,12.269330455988692],[92.92159666638568,12.259042016297776],[92.91669906403304,12.25035790103987],[92.91676378225941,12.240757050410169],[92.91472770215891,12.239017261272945],[92.91628998832068,12.23776954381242],[92.91572038546363,12.239360606141705],[92.91702091243306,12.23932423223208],[92.91733768894495,12.237308349724346],[92.91591759261796,12.23669841391596],[92.91748463985071,12.236634874593443],[92.91792093721116,12.234903718029074],[92.91501167938316,12.232576506623378],[92.91826085252815,12.233981621045151],[92.92169743849594,12.229357251683862],[92.92851857102707,12.237649729434434],[92.92876770080481,12.242558172160424],[92.93148382174505,12.243203915627529],[92.9338425254916,12.248572895704353],[92.92696650948987,12.252186547368467],[92.9279679513686,12.257687056997819],[92.94108780207571,12.276600360547148],[92.93970511788537,12.281359251049963],[92.93821625462505,12.282267589484977],[92.9403940502498,12.278344791781636],[92.93215975009741,12.288646233261028],[92.93159260323439,12.293073061958808],[92.93252117287896,12.295527266177526],[92.93495715868941,12.296725226882298],[92.9350978456427,12.301097859907763]]],[[[92.91031203607479,12.33286193788134],[92.91166803401298,12.332825970054811],[92.91059704546328,12.33568213710432],[92.91031203607479,12.33286193788134]]],[[[92.90366755724426,12.340383307906556],[92.90483744851014,12.338501115990692],[92.9048489909632,12.340623075583176],[92.90366755724426,12.340383307906556]]],[[[93.23032291868073,8.259047114216663],[93.23018989345852,8.261410293898185],[93.22673254023796,8.265657279077182],[93.21890586591714,8.263992953159255],[93.21261864258356,8.259129478150545],[93.21052288919539,8.249485154401535],[93.21448712220484,8.239823474114889],[93.22340734356881,8.232868572878585],[93.22405541875749,8.229369360582915],[93.22871912136968,8.22473414873504],[93.23835352224914,8.22648091551401],[93.2406373478235,8.230639443482898],[93.23908462961786,8.243122140784925],[93.23032291868073,8.259047114216663]]],[[[93.11796548054592,8.354633631833664],[93.11798452662659,8.356310756466247],[93.11651780953297,8.356716233785889],[93.10860806170962,8.350461306467848],[93.1027033014981,8.348122795475904],[93.09574687729531,8.350429845910774],[93.09473780063496,8.347942542088035],[93.09179923796576,8.34691770232665],[93.09089919072976,8.344272320740034],[93.08528959356444,8.33998979066789],[93.08484501553369,8.325778268104235],[93.07669083612153,8.309063653970695],[93.07401874430829,8.296979936466599],[93.0754336923904,8.29056436626896],[93.07444242752553,8.28277675105873],[93.07672363540918,8.274085146597352],[93.08821543159763,8.257289293367494],[93.09094723352946,8.25641579315649],[93.09020638662646,8.253053246344399],[93.09464881262458,8.244057931988634],[93.10206010775468,8.235853180895102],[93.10664817132162,8.234239531795042],[93.10646683919504,8.230279268108411],[93.11193530743596,8.225410613868188],[93.12398358838335,8.221070994916285],[93.12355703684541,8.219583634718772],[93.12490024726556,8.220266301121438],[93.13000989065279,8.217797973599366],[93.14258403907932,8.210939727428283],[93.14382275926226,8.208656677290293],[93.14949035076403,8.207404198711451],[93.15220822880896,8.2036743998976],[93.16293985623095,8.203226153670808],[93.17799945530075,8.195096320823032],[93.19046006565848,8.197300859808058],[93.1929975566045,8.203141335687281],[93.19476004670035,8.214149161801526],[93.19299549946247,8.218150324759872],[93.18661126167146,8.221740761729102],[93.18439281907673,8.225818811630534],[93.17172787163622,8.230029170972266],[93.16336484110703,8.235396135635096],[93.1470917249879,8.242341125041692],[93.12693896751468,8.26111462973583],[93.11646731163759,8.276116361700648],[93.1159050938305,8.286224784135566],[93.12008102022656,8.294223060985697],[93.12274186603075,8.303548868416145],[93.12119866727214,8.312487105535427],[93.12354065337128,8.319241623962863],[93.13071718637828,8.331103471372225],[93.13038977201676,8.337729619858447],[93.13279706384043,8.345858981408947],[93.13224476882397,8.348629488489104],[93.12751332874777,8.349660658188101],[93.12142291012326,8.348805453122274],[93.11796548054592,8.354633631833664]]],[[[93.61078921347048,8.54074630802227],[93.61132507650375,8.543264412086705],[93.6088906896945,8.544557343788808],[93.61002154017815,8.546108000217302],[93.6083864464609,8.548571833353074],[93.61002599492362,8.549806034513827],[93.60818192791848,8.553662280652645],[93.6105254168991,8.558386561734512],[93.61053889701824,8.566569247780409],[93.60932618485941,8.566849533494294],[93.60925800362767,8.569462567608275],[93.6074956967881,8.569779015078748],[93.60764095347123,8.573694049291692],[93.60308512055838,8.578038504227726],[93.60339861013463,8.575425471333702],[93.60160910140998,8.573531206846566],[93.60474787070824,8.566781670602914],[93.60135519978144,8.562197475257372],[93.6006606188105,8.554760682856267],[93.60230956904097,8.548531021455826],[93.6010425528249,8.545606000206158],[93.60410388914231,8.540398086650153],[93.60685163706876,8.53922273267991],[93.60905009843664,8.529218173329381],[93.6111982433688,8.529254370380535],[93.61232005590234,8.526966844154318],[93.61113937137834,8.52300658597866],[93.61379619362836,8.519900803315714],[93.61644402553901,8.508983024267941],[93.61513164979097,8.506365457255976],[93.61624884318734,8.501041026113333],[93.61431874991733,8.499065308904337],[93.61665283713016,8.493074847335846],[93.61987700566925,8.489747294048996],[93.6193365082274,8.486153026700563],[93.61837375858458,8.4849865891215],[93.61680254676216,8.485845606233202],[93.61743827460725,8.484367203253331],[93.61524943958597,8.483358998857106],[93.61544468571805,8.481971018586348],[93.61515861631752,8.483318306168956],[93.61141220230655,8.483015363186134],[93.60949131586989,8.480524199955015],[93.61082184387485,8.478186807265168],[93.60997267003005,8.47598501180773],[93.61310142221457,8.474443358052158],[93.6131059434354,8.47131475064234],[93.61123960629605,8.471676412274928],[93.6144818004296,8.464826972373025],[93.61224313585952,8.460332957202457],[93.60827902052934,8.457014364120658],[93.61100351017477,8.454283678473022],[93.60996823864073,8.451254504277484],[93.61143944731077,8.448659418452042],[93.60745731806425,8.444626465965031],[93.60968678568244,8.44398905612508],[93.61175280663134,8.439603626959835],[93.6107175746232,8.43741085593399],[93.6114259061062,8.437044664091319],[93.61253379924442,8.437632437094035],[93.61227951583189,8.439666934373747],[93.61319671819486,8.439124421177976],[93.61319672088982,8.43812525349765],[93.6120888286499,8.436872879394981],[93.60847452807117,8.437754390116655],[93.60819303289203,8.436533677215664],[93.61035437677069,8.433287580407775],[93.6122433173192,8.424082632181978],[93.61627975421627,8.432388015499821],[93.61722875334702,8.438188615357964],[93.61577124039182,8.44171054490174],[93.61653861364685,8.443003594047516],[93.61191167279104,8.45056282045556],[93.61430011167181,8.455671720406311],[93.61661152900014,8.468629240164784],[93.62208349168753,8.473349249613449],[93.62745995537537,8.471780331034063],[93.62964848586778,8.467281789157822],[93.63138308417241,8.466662345446064],[93.63182364403889,8.46838486314934],[93.62673876361077,8.490434365567273],[93.62751083864802,8.491876568590998],[93.62475899979377,8.495005237767161],[93.62670738725453,8.49897921895562],[93.62165744140954,8.507495660031289],[93.622820003321,8.510375405771297],[93.62772919573739,8.513182733607092],[93.62488634496846,8.518829293183497],[93.62335588881216,8.51886096746363],[93.62350122724199,8.522170200563574],[93.62576289227661,8.524376308663168],[93.62437775299058,8.52617562146903],[93.62248848815021,8.525542744483767],[93.61404577256374,8.529909910864959],[93.61183395145096,8.533711912619985],[93.61243787174851,8.53912334417844],[93.61078921347048,8.54074630802227]]],[[[93.5989516108134,8.582410053694787],[93.5987880249052,8.584042070778427],[93.59661688669503,8.583485940905287],[93.59824764783761,8.580796096802974],[93.5989516108134,8.582410053694787]]],[[[93.07658126501306,11.780664773314884],[93.07973042692083,11.779037989054405],[93.08180884282403,11.779693652982633],[93.0850492753613,11.786085332013123],[93.08494672997666,11.788598449084837],[93.08239938541033,11.789122480728441],[93.07844493864758,11.786898136402582],[93.07658126501306,11.780664773314884]]],[[[93.09677712545023,12.136841367051352],[93.09685243211881,12.13430968237611],[93.0983164129441,12.136683017474766],[93.09677712545023,12.136841367051352]]],[[[93.11976902185367,12.145811508183629],[93.11954821595681,12.149247212743836],[93.1160018765226,12.149115753878093],[93.11399023329278,12.145458286154682],[93.1097733769574,12.144499377949026],[93.1090663965406,12.141117800194325],[93.11529177446016,12.130431984213583],[93.1227966354153,12.140857100665395],[93.1209177829474,12.141792719297804],[93.12161112963317,12.145223987196132],[93.1176836431087,12.144328515774646],[93.11976902185367,12.145811508183629]]],[[[93.09268905788223,12.22189095787041],[93.09213827652702,12.21851390419465],[93.09303337224917,12.223613400845716],[93.09268905788223,12.22189095787041]]],[[[93.08454097533591,12.22758542183424],[93.08533556215414,12.229326053552535],[93.0816419556072,12.225460070373986],[93.08454097533591,12.22758542183424]]],[[[93.10348463457267,12.240771051915301],[93.10363394265774,12.260580274657936],[93.09984231913349,12.260611504209058],[93.09849269833545,12.250091936403622],[93.09593807831362,12.247320349460866],[93.09854797347151,12.249255620288537],[93.09258484522445,12.239322689766784],[93.08599109874957,12.237002313147013],[93.081900570696,12.240536623833178],[93.08220882129756,12.23885047549441],[93.08105545454133,12.238646791501825],[93.0804530380236,12.240604113613037],[93.08274332967137,12.257541659215603],[93.08187828529046,12.260784126943376],[93.0795764413081,12.260657978086163],[93.07978848503764,12.26220170725492],[93.07718217415773,12.260656650812999],[93.07447410391909,12.255789870005305],[93.07680763597307,12.26106577455089],[93.07679949633831,12.2628246645012],[93.07549353815465,12.262833022215304],[93.07413217098596,12.259989331778717],[93.07391441217456,12.261981453966483],[93.07217987944698,12.261129405430278],[93.07269427633824,12.25722504971957],[93.07157712875596,12.258792493439874],[93.07104254941521,12.256906146928872],[93.07270326398265,12.255435691094169],[93.07162196007855,12.253526564950873],[93.07048293762077,12.254906511546546],[93.07113113318368,12.250872876300779],[93.06774988882734,12.247079128080278],[93.0671900264029,12.24422641878274],[93.06563173594753,12.245894127260888],[93.06498121374803,12.238706040047102],[93.06188548453164,12.233673615838637],[93.06202429580263,12.23041875238773],[93.06401921330014,12.228204185231993],[93.07159698421867,12.226339196452027],[93.07350808081536,12.2281027548542],[93.0730390335746,12.229485968518633],[93.07463837973341,12.228473731928283],[93.07439065581907,12.226814575223415],[93.08013012152672,12.225753577156166],[93.08346976220736,12.23021171435819],[93.0853583452264,12.230257320049702],[93.08659356467469,12.234565786724474],[93.09326083825552,12.236538072262217],[93.09428514405487,12.239042708905632],[93.09216687708904,12.238201486317841],[93.09607658954728,12.243355740396055],[93.09574661139396,12.23800772386792],[93.09893900113153,12.246534236279526],[93.10223400183075,12.245820464734546],[93.09884747088894,12.24407045442642],[93.09921528787865,12.242836368065015],[93.10165998734736,12.242958796187521],[93.10132484657609,12.24076169885026],[93.0977133631141,12.238107503501421],[93.100282246586,12.237185688971593],[93.09924411212116,12.234644908617394],[93.09571498081449,12.234788995120171],[93.08927326701496,12.230872916662616],[93.09244447807139,12.22768643012338],[93.09362636454125,12.222270863669532],[93.09145905315415,12.214069941498266],[93.09507108279189,12.21124064579852],[93.09351348134433,12.211064061681094],[93.098931728371,12.204776713075304],[93.10079224442731,12.206942416925452],[93.10157680425036,12.214609615670806],[93.10037992759335,12.229279039499831],[93.09838976667527,12.232352788920956],[93.10348463457267,12.240771051915301]]],[[[93.08073018086516,13.369480300806417],[93.07961792910119,13.368580710231337],[93.08044895518063,13.367667942847923],[93.08073018086516,13.369480300806417]]],[[[92.80209369161278,9.228764218027045],[92.78867271214769,9.243229453465883],[92.77921344681602,9.250988897518866],[92.77460909679297,9.258439060146726],[92.77282135325785,9.25874199073134],[92.7719047051554,9.257051637180126],[92.77574591029345,9.249176249369262],[92.77592296374438,9.244438036473648],[92.77294220361301,9.240287861292897],[92.77053970609802,9.240622627873773],[92.77064425921733,9.2391894042194],[92.77302851644046,9.238470339912155],[92.77240923225663,9.232484346728778],[92.76791348585647,9.229044075073325],[92.76841356629706,9.222384331138525],[92.76347195907192,9.216299136393019],[92.74935355367141,9.216923610146422],[92.74416209532137,9.213799528711272],[92.73999433191631,9.217760091103067],[92.73272830065588,9.216918138214973],[92.7278736871812,9.220515280413794],[92.72425210665538,9.22069952235059],[92.72028486608633,9.218559913363388],[92.71739179320478,9.20996487460176],[92.71834326090595,9.199730030341883],[92.7168240444705,9.19503238484751],[92.71830385630602,9.174006472834238],[92.7159349980035,9.155592303236707],[92.71751869012013,9.147617268989478],[92.72293250126593,9.140894569056728],[92.72349319642863,9.133584621960601],[92.72806216899916,9.126696342660818],[92.7357553967879,9.12596106735836],[92.75252876672245,9.129462813279996],[92.7596853499436,9.126733400008478],[92.76688231692839,9.130246695093227],[92.78022627124773,9.121645334540903],[92.7933996750205,9.121947492546264],[92.79991766297418,9.12291390081528],[92.80865577606713,9.127885190583811],[92.80875634336148,9.132356227163417],[92.81409700199875,9.137445557957866],[92.82633324284295,9.140114583801202],[92.82517534857769,9.152818243515481],[92.82837900318893,9.160448528938424],[92.82892159550202,9.16792122759389],[92.82509289221778,9.177718676611278],[92.82211380295281,9.181652451643364],[92.82319337400679,9.190743461048791],[92.81609951654865,9.213159023624572],[92.81194544975669,9.219863195552758],[92.80209369161278,9.228764218027045]]],[[[92.77457955299991,12.01500598839211],[92.77519435548878,12.016416390524704],[92.7738899001866,12.01790295692709],[92.7718838750206,12.016532732717835],[92.77005170260814,12.01706540663412],[92.77075543471688,12.013372962003421],[92.77365743864898,12.012650831211985],[92.77457955299991,12.01500598839211]]],[[[92.8647211187625,12.196516493323363],[92.86675673982386,12.192692771082214],[92.8712365519075,12.194640836958849],[92.87396585382793,12.191883732882246],[92.87984247700805,12.191883601174064],[92.88395032907191,12.19826992649197],[92.88266849694183,12.20310618059343],[92.87428739590239,12.205181008229616],[92.874232219581,12.210695173521373],[92.86979337247097,12.21296865604067],[92.87335914066817,12.21315847713101],[92.87077187137733,12.225673823995008],[92.86124523599263,12.23670197031259],[92.86029831197015,12.241036420197329],[92.85755454268212,12.244299594530123],[92.85805511270452,12.249497381321532],[92.85998992123143,12.249149439090962],[92.86453934466476,12.252448292685251],[92.86875071049711,12.251885149068055],[92.86622439998314,12.255071713204403],[92.86749807810536,12.257509890309198],[92.86646607464233,12.256533757850834],[92.86246441063162,12.259189391883941],[92.86251531187054,12.260416415136943],[92.86217506866846,12.259738518530456],[92.86075973970067,12.259865166434343],[92.86189990122223,12.261620891064702],[92.8611457601513,12.259856083539525],[92.86282797140352,12.260877378356147],[92.86521539069646,12.261218395761809],[92.86305790508193,12.261539476483634],[92.86394747975837,12.262601435924477],[92.86250941532903,12.263455775193957],[92.86114450430657,12.263205043369359],[92.86283806397573,12.263708874249835],[92.8643450444587,12.262705379412168],[92.86347846485693,12.261609437230446],[92.8653969240457,12.261301959355242],[92.86483377288904,12.260535957587006],[92.86291060473155,12.260445764402329],[92.86592860092976,12.257143960336911],[92.8666066663742,12.257896372533867],[92.86786104149759,12.257446533319305],[92.86670229742607,12.255184652298322],[92.869289777821,12.251496641599225],[92.87454905717834,12.250708949298948],[92.88114678318992,12.255266030216207],[92.88218735029254,12.257767853016318],[92.88635060954476,12.258937397190897],[92.88809703776334,12.256732306726388],[92.88926854959,12.261530102209168],[92.88712703063138,12.262641284546643],[92.88536936718353,12.26180247746015],[92.88577345544944,12.264907509095487],[92.88959240841957,12.263448693845314],[92.89101907322795,12.266732528384969],[92.88964714187155,12.269565874092617],[92.88637980299487,12.268627225312354],[92.8865520073399,12.270984187524268],[92.8848286945702,12.270665125821683],[92.88353507923857,12.269801497390345],[92.8843097414238,12.26594432769791],[92.88285556211662,12.26244578615672],[92.88179632532744,12.262716675191342],[92.88124154736757,12.274144059196432],[92.87818970714103,12.277467258322014],[92.87887409492843,12.281826565050213],[92.88022298180285,12.281386305280563],[92.87739166899544,12.284264383963752],[92.87606372903677,12.282307080519303],[92.87451486460368,12.283266941416858],[92.87462304152686,12.282062523212375],[92.8738372438253,12.28127589394777],[92.8719683923015,12.281050945679645],[92.87411753346534,12.281883848254012],[92.87408747314096,12.283431811935744],[92.87493073786784,12.283436523699166],[92.87594418662867,12.282634694983367],[92.87653880037983,12.287308074299668],[92.8728323066018,12.287819806083151],[92.87196767095432,12.292203491153398],[92.8693677821304,12.29007283233638],[92.86760078967832,12.290473015489784],[92.86747973450727,12.292572393522159],[92.87003579093522,12.294908659016583],[92.86625971994349,12.29337244441136],[92.86554552425828,12.2876169253125],[92.86318538590223,12.286968591608685],[92.86349363650378,12.288202366003706],[92.86547681032557,12.288181825263454],[92.86574733078687,12.293352164756914],[92.87126317258263,12.295579628590055],[92.86945587002883,12.299209036853915],[92.87188068169546,12.300354477140196],[92.87197078361677,12.301891023955182],[92.8652787470768,12.30129523329911],[92.85984938609344,12.304176935684325],[92.85742921422523,12.303191886976583],[92.857248162373,12.30475566825657],[92.85498473304715,12.305350137182241],[92.85221974824705,12.303779814564015],[92.85413062475648,12.299816034269162],[92.852063388387,12.303476992915652],[92.8487492859116,12.302234237736224],[92.84811212794855,12.299734999256176],[92.84998593907103,12.294838004948593],[92.85312202420323,12.29230915030904],[92.85195517103965,12.285825977268088],[92.85393214468938,12.28842234632983],[92.85447444055845,12.288571423199526],[92.85471795406903,12.288232502133447],[92.85483250364076,12.287174846025657],[92.8540534388123,12.28686756827949],[92.85414712321497,12.284736621348504],[92.85588639455571,12.283970490238534],[92.85581954372888,12.283344475768988],[92.85476229041987,12.282370636925114],[92.85446789992484,12.281516443271032],[92.85363600158125,12.281389969038647],[92.85575300731244,12.283712893755848],[92.85392188862379,12.284693712735619],[92.85384436042153,12.286883442185458],[92.85464180837396,12.287199774655381],[92.85459379432034,12.288108188601115],[92.85399640118166,12.288232504766627],[92.8519941938556,12.285520926536703],[92.85075625341035,12.287737770264691],[92.85138477766519,12.283934584179127],[92.85096873012785,12.283150474389743],[92.8501300162662,12.283460079881785],[92.85112282623338,12.283765153190654],[92.85117598224369,12.284980875981432],[92.85006168860906,12.285771880249863],[92.85051723147615,12.287891511808326],[92.85186140758525,12.28726096437679],[92.85290590930883,12.292001860129078],[92.84958828364084,12.294429054813481],[92.84757679941285,12.300193713430511],[92.84770156462602,12.303043267772573],[92.84551879502953,12.304367574954036],[92.84246006741972,12.304437710384036],[92.84418281604742,12.301011868965732],[92.84300814754089,12.299592774747804],[92.8448943608042,12.297690060886248],[92.84380714149393,12.296469767820218],[92.8445152888223,12.297859528544175],[92.84231427803566,12.299897840751333],[92.84037652932278,12.297624575480587],[92.84198342222828,12.300365629994937],[92.84368414236859,12.30093052537397],[92.84237028080707,12.303567726050158],[92.8361723724706,12.303368945683617],[92.83382303186426,12.29996565236025],[92.8349439981848,12.297457385311674],[92.83262746944251,12.296729702304694],[92.83330735756866,12.294991956502905],[92.8321722724268,12.29561785723476],[92.83100222036248,12.293798789004478],[92.83187052293297,12.292198888384405],[92.83076560950653,12.294056315925088],[92.83213326578053,12.296022365194538],[92.83315109293002,12.295276669346533],[92.83236094468761,12.29686749507232],[92.83442008813468,12.297846004909522],[92.83247664050968,12.300944132230585],[92.82869614262022,12.299506857917404],[92.8235610562492,12.305515382663868],[92.80976433665359,12.313495785545685],[92.80145341469908,12.311529139466941],[92.8005227169456,12.308426246627928],[92.79476104757906,12.303768100137448],[92.79072515236615,12.304219641883911],[92.78954351293298,12.307806001387052],[92.78437875700476,12.310858402834915],[92.7764080135736,12.309935183259281],[92.77064551416379,12.313296875780898],[92.76834082252196,12.30905233477328],[92.76670638906648,12.297372880886247],[92.76974020729178,12.296688787163575],[92.77164697400883,12.302155780360359],[92.77513592726606,12.301363151625623],[92.77698218436386,12.295603080115402],[92.77388880693691,12.295209256764053],[92.77358564259653,12.2936883310961],[92.77821694746798,12.291302646800826],[92.7786516512171,12.288599870528635],[92.78144185621885,12.286790200858265],[92.77944736811601,12.283325500556577],[92.78359730265764,12.281238330314391],[92.78415565770901,12.279365059921174],[92.78562397470216,12.280868121746375],[92.7874370273721,12.280420947133365],[92.78408904403746,12.27917295070219],[92.78364325867095,12.280860960112022],[92.77861777215452,12.283456419663517],[92.7774137493994,12.279892437461282],[92.77818122865565,12.277865565543797],[92.77754019356385,12.276778508917177],[92.7794427651485,12.27415534395183],[92.77775158242156,12.272643186806755],[92.77752871309453,12.273820427197935],[92.77928654273069,12.274317958136534],[92.77716098683466,12.2768620754755],[92.77782964152817,12.278019232978089],[92.77657276459671,12.279038118144056],[92.77455759368279,12.275871697304156],[92.77376222533023,12.280463482517064],[92.77065605858859,12.272560200882099],[92.76571376415225,12.268373854472914],[92.76299352892805,12.262662638384503],[92.75840177148865,12.267899824236306],[92.75620993968758,12.265248460718436],[92.7561792505425,12.269440505411156],[92.75284201914346,12.271502958440305],[92.75074996232267,12.274948776209927],[92.7491461263841,12.274268168657047],[92.74799757819108,12.262661022318818],[92.74090074730935,12.245555617452004],[92.74152518333133,12.244335031933831],[92.74358460256121,12.24568103874863],[92.74696150176655,12.24395304479148],[92.74618993966733,12.235298113478283],[92.7494545979712,12.239066354211312],[92.7510429226998,12.232956296985984],[92.75244353007669,12.235094763864637],[92.75610612139019,12.235051116750236],[92.7597568315857,12.241154329771216],[92.76194484375019,12.239921301691496],[92.76028370787287,12.234302541761197],[92.76146976252565,12.23329510212063],[92.76804853318642,12.25133528183937],[92.77038293211464,12.249732452820682],[92.77111476891537,12.246894293079702],[92.7730864173521,12.246601214482164],[92.77476066234435,12.24284586064034],[92.76956020287516,12.23850951609437],[92.768215035026,12.235263809122575],[92.77033917877041,12.232629554907486],[92.77013471412693,12.226780867642969],[92.76842574745231,12.225577972851026],[92.77059667186346,12.220652195523682],[92.76865791524084,12.219616448401556],[92.76930665428453,12.217573741145854],[92.767518946682,12.218056694973551],[92.7697585032792,12.213754678529574],[92.76706583285946,12.213640683073093],[92.76621967196408,12.215258451164027],[92.76483243690849,12.214091812881849],[92.76572034880331,12.211529427211794],[92.76749806264829,12.212922197479093],[92.76825200608985,12.212050157834064],[92.76736215473231,12.208153758508582],[92.76576735315055,12.208984798832153],[92.76546963799066,12.206670547920838],[92.7691941870076,12.200095635181588],[92.76814369801266,12.195819512810754],[92.76553979551603,12.192600431622383],[92.76733616647115,12.192998853630765],[92.76846987359738,12.184547239177759],[92.76990382643764,12.183422334428009],[92.76697317433285,12.181771518338747],[92.7653572470705,12.178521165306705],[92.76604232656071,12.177301076793343],[92.76066574429522,12.169145248891759],[92.76074551469247,12.165276321594718],[92.76317123275923,12.16537671170728],[92.75840490301572,12.159697931172232],[92.75980741482104,12.15671089909837],[92.76158551494159,12.156277704986325],[92.76238838153184,12.15886787546067],[92.76327531965289,12.158226407723717],[92.76293637900797,12.155803654013567],[92.76623200673127,12.151728043609292],[92.76091504205795,12.15566726480419],[92.75763519503923,12.154929213639582],[92.75865763503775,12.14909454632487],[92.75762937485453,12.147313320101347],[92.75928819487501,12.146373870817314],[92.75580010939031,12.139032258294115],[92.75286540229031,12.137449088357943],[92.74900217944467,12.12746765286286],[92.74560468366646,12.124383881499291],[92.74386327613202,12.113379001083423],[92.73759624063779,12.098737531336141],[92.73817719191179,12.082909053969649],[92.74208244243803,12.07589728873285],[92.74722221801484,12.074607439155836],[92.74870017033773,12.07650190377575],[92.75058400306554,12.07474902535921],[92.75343511204689,12.076847447292854],[92.7541039014877,12.080712191002464],[92.75373835813397,12.076571864069308],[92.75201209260193,12.07526941917186],[92.75386255201862,12.076151571458576],[92.75512845522205,12.079912607124017],[92.75764911443459,12.081685419931123],[92.75899712006171,12.086933496539936],[92.75742454998658,12.091014272795666],[92.75852125640458,12.093333393662263],[92.75996810815401,12.093211937461913],[92.75936560988958,12.095087429263307],[92.76065238275369,12.093406561788733],[92.75864562366411,12.09251987243925],[92.76018104301234,12.089365641324699],[92.75878985716611,12.088271284930176],[92.75989725982417,12.087096570673317],[92.75794769197712,12.081581583902949],[92.75551437146812,12.079637056921612],[92.75484509064884,12.076825438136956],[92.75188841794352,12.07455523164562],[92.7577713203475,12.075321534306784],[92.75928558886237,12.078377557500353],[92.7571529057329,12.071691849522535],[92.763186307388,12.063902032965046],[92.76735458732436,12.068170345627852],[92.76937497206019,12.069056976836375],[92.76890253008597,12.067560736160699],[92.77101959420764,12.06784625177419],[92.77319986109775,12.071015435592795],[92.77124721921581,12.073003475767702],[92.77497204581216,12.072539237603364],[92.77809912174035,12.073977605886189],[92.77734556726934,12.074944601287076],[92.78099479704127,12.080518767906378],[92.78175548323736,12.07230193712998],[92.78549856360029,12.07209971380436],[92.78834490073083,12.075499493620178],[92.78776936989124,12.079901651424775],[92.7901804472155,12.080322705890168],[92.79172860467449,12.079084712692806],[92.79247667313408,12.080870261051828],[92.79154230396601,12.08733789164277],[92.7958554453268,12.086001212401271],[92.79569334972368,12.090507449958713],[92.80016678556541,12.090897327818888],[92.80190221840492,12.093478592394298],[92.7994116213134,12.097631697046376],[92.79610445473028,12.098118971569559],[92.79733019785061,12.10021198311433],[92.79602998529153,12.101413912615142],[92.79026607283176,12.099871039871138],[92.78693088060842,12.101637310183374],[92.78371860666203,12.106468026432534],[92.78687503594045,12.103829413672317],[92.79082486087108,12.104838501099437],[92.79248337366776,12.10366381571746],[92.7966028041173,12.10589774398153],[92.79782383108241,12.108546690937972],[92.80391110380681,12.10412330249055],[92.80913838068216,12.103238622335843],[92.8115075677681,12.106963483218847],[92.81426379668912,12.105739181045626],[92.81796879567052,12.113758099422329],[92.81343926902245,12.115782087104424],[92.80727727712767,12.124562782156023],[92.8027198937226,12.126708621605463],[92.80244850998032,12.128032864667059],[92.80360976394473,12.131468217130182],[92.81146130363264,12.127447357862415],[92.81471359482997,12.127335038866104],[92.81546752389849,12.124767925585205],[92.81718524375722,12.125984098136861],[92.81494068983214,12.138679854566089],[92.81910271479919,12.138432071431101],[92.8207286160561,12.139874194164612],[92.82161924355799,12.142690205973162],[92.81953818391294,12.142888701401874],[92.81871064958499,12.145880671350008],[92.82097448405105,12.150568144517065],[92.82465868344036,12.151513425093878],[92.82818137113146,12.156639467796568],[92.82122422378484,12.164873422474008],[92.82264806069671,12.166762959163936],[92.82700862771458,12.163464214751805],[92.82967729425162,12.166750532638286],[92.83581527867045,12.166480185530284],[92.83626615029806,12.162213532502793],[92.8420600584035,12.157233350504296],[92.84184510772569,12.149617424560203],[92.84389426729672,12.147561111658163],[92.84936993104306,12.150693825048975],[92.85499233998095,12.158829884340298],[92.85614048842372,12.164000622447118],[92.85362271729484,12.165650213343193],[92.84996110514501,12.165595724670638],[92.85560237241567,12.17175208365995],[92.85394793168221,12.17748311709543],[92.85602910092175,12.179051611932353],[92.85682795833085,12.187155680618158],[92.85479214862326,12.192100245233348],[92.85243044719859,12.19236224669996],[92.84902139639091,12.190151812102494],[92.84549271424191,12.189930042087678],[92.8431407020459,12.186214530850501],[92.84005323104192,12.185450356618095],[92.84292007311717,12.186928638794862],[92.84670987575633,12.19380362813878],[92.84681983134375,12.196705355970863],[92.84332325318634,12.196284688245182],[92.8440808123469,12.201111919124639],[92.83966540407927,12.199267375789947],[92.83607643868648,12.201960753567313],[92.82602259104468,12.20335592724105],[92.82816280834444,12.20896082509956],[92.82999619258422,12.20906957741362],[92.8326387361128,12.206484625794662],[92.83400731315996,12.211045296379607],[92.83160382929479,12.212739892652474],[92.83271085106719,12.215126503472156],[92.83563361776044,12.213269252351127],[92.83304639697862,12.21448925698647],[92.83217816986664,12.213002121301308],[92.83485735657395,12.211289476984794],[92.83312133443961,12.20568920722453],[92.82889807940451,12.208549635518734],[92.82732756916631,12.203211501386932],[92.83616364623593,12.202598057420968],[92.83980315174492,12.199977000493726],[92.84431502739601,12.20214245822385],[92.84594669583704,12.197826192640989],[92.8527372083934,12.204778183745088],[92.85459846376318,12.200913862309658],[92.8607831794414,12.20021358495536],[92.86083390640717,12.196981923043621],[92.8647211187625,12.196516493323363]]],[[[92.73109050390796,11.14418982228812],[92.73293545036377,11.145455460396116],[92.73102752482004,11.149225333235563],[92.72543316667516,11.145360550641206],[92.72888835046427,11.142011092720072],[92.73109050390796,11.14418982228812]]],[[[92.76154909813827,11.669345758554854],[92.76591457444918,11.6785797775191],[92.76518879678508,11.680601524193905],[92.76379319032934,11.67826733287398],[92.75949733884286,11.67648364323385],[92.76154909813827,11.669345758554854]]],[[[92.72388710498574,11.688339664128412],[92.72224707233111,11.688010065119407],[92.72227902360915,11.68660575695813],[92.7253078085739,11.686282540707888],[92.72602108707916,11.687329457763402],[92.72388710498574,11.688339664128412]]],[[[92.72963092931917,11.94405439057412],[92.73053559209907,11.94588310953221],[92.72791991807895,11.946783913268984],[92.72763616273859,11.949489833320998],[92.72893098720259,11.951453827525611],[92.72823838252529,11.952868188729292],[92.73161265056517,11.955729573493398],[92.73191699529185,11.960160724789219],[92.72543980792007,11.9567910852178],[92.72291295572198,11.947044919038168],[92.7242838225748,11.941926212191815],[92.72963092931917,11.94405439057412]]],[[[92.76409993894772,11.965369966762802],[92.7516351765767,11.966790191453626],[92.75441291296228,11.966189844194973],[92.7514384751739,11.965239597976604],[92.74786390348689,11.961631066368245],[92.74446496321774,11.960414586962973],[92.74229440801416,11.96223268395947],[92.73863453500275,11.959182907327639],[92.73521193760057,11.9522273760076],[92.73954582645113,11.95368575317027],[92.74237652031934,11.949869396620638],[92.74172374424677,11.947555226103058],[92.7444036540979,11.945610348745241],[92.7556504976747,11.949717534277243],[92.75885491315897,11.949257412748807],[92.76533452867697,11.954851113944978],[92.76409993894772,11.965369966762802]]],[[[92.74283014079172,11.96790831708198],[92.74015777050079,11.965453069372405],[92.74313692534272,11.96604239905093],[92.74283014079172,11.96790831708198]]],[[[92.72638547789438,11.990016250399858],[92.72275915965378,11.991712934267829],[92.72453940045965,11.987912309623683],[92.72168272461849,11.982967468146741],[92.72400566463696,11.983349865830764],[92.72638547789438,11.990016250399858]]],[[[92.73948565639508,12.112852004479304],[92.73855683432394,12.110624135962551],[92.74054627389485,12.111902420037753],[92.73948565639508,12.112852004479304]]],[[[92.7532287501615,12.146515999465231],[92.7533690211948,12.141155554088598],[92.75454364748053,12.144229525492452],[92.7573863185864,12.146359539390687],[92.75611675205325,12.150033626825406],[92.7532287501615,12.146515999465231]]],[[[92.76080196392661,12.172878666765643],[92.76220500124637,12.179550460117456],[92.75776115591007,12.181749823417949],[92.75478403036237,12.18146836180005],[92.75844323682382,12.176999783754278],[92.75826942090117,12.164814304066788],[92.76080196392661,12.172878666765643]]],[[[92.72406665575316,12.185210097404724],[92.72880331504118,12.184543981505389],[92.73004096263564,12.188737840687494],[92.72844228662005,12.189307923733521],[92.72406665575316,12.185210097404724]]],[[[92.46444521395489,10.535803375571755],[92.46943621324927,10.529740088528776],[92.48144190596736,10.519891219476639],[92.49381950660297,10.51712124639744],[92.4990340956733,10.513417579975451],[92.51306577681798,10.514001543194976],[92.5245335269029,10.51923548652357],[92.53105135944804,10.52042185785803],[92.53413757370892,10.5258788175423],[92.5341130173623,10.531723593927138],[92.541954048558,10.539631854137205],[92.5443316905874,10.548496842347935],[92.54296048596804,10.55131264138244],[92.54454566389819,10.551304019423682],[92.54726267417057,10.555617106662499],[92.5532693464544,10.558344324179252],[92.55815624358378,10.563968709671295],[92.56198315113575,10.570939856357441],[92.56824989018592,10.577825534220752],[92.56922227246356,10.58187139858622],[92.5651413689599,10.587362802570079],[92.54150514603748,10.594752488460022],[92.53929386481222,10.610939099381723],[92.54303692092063,10.624469391800712],[92.5502805724524,10.637914622761292],[92.555566167956,10.64378322255459],[92.56817181580796,10.653897754052686],[92.57728844931724,10.654043989511889],[92.5806327253047,10.659428176543901],[92.58212721651029,10.658329962804773],[92.58106221702857,10.65993903319602],[92.57803240708606,10.65996569324936],[92.57592882128692,10.66901950262046],[92.5773079436572,10.67547470099158],[92.58206942249818,10.679286028896215],[92.57870553269476,10.68108459987869],[92.57991637905276,10.682743730468621],[92.58217901696284,10.679918884197665],[92.58703233776184,10.681271112772022],[92.59348113926895,10.678329167192452],[92.59593978598079,10.679120474079973],[92.59698614811528,10.681258673933542],[92.59603434893577,10.693879222365915],[92.59794888338504,10.698820077885003],[92.59779295920792,10.704714512380932],[92.58998491953935,10.718604499428121],[92.5878486072161,10.733145964606715],[92.5824715596233,10.74470357323127],[92.58282226730014,10.759511365795332],[92.58681942446309,10.782416274392078],[92.58636082013749,10.788208062883347],[92.58539984466736,10.790224567887858],[92.57546341671465,10.79655880003112],[92.57249296475116,10.80369782900345],[92.56474365513922,10.805456233254182],[92.56485276900523,10.807843481987144],[92.5617001557701,10.81092679250036],[92.56097168585507,10.81482409106926],[92.55926163042236,10.815483771849978],[92.56168993473881,10.817853121715524],[92.56058571481178,10.823770028130147],[92.56332604714555,10.829122912070417],[92.55661579546656,10.845525589465597],[92.55632030004377,10.8504979367902],[92.559784533461,10.859693382515635],[92.55889410448678,10.862988499287004],[92.53672001814834,10.883892830969355],[92.53376662698875,10.885650210691503],[92.53014512820964,10.885504232302324],[92.52702825354979,10.892197736302933],[92.520252826402,10.897935948222939],[92.51194408825194,10.897570845160544],[92.50567068100737,10.890082242140924],[92.50181003452998,10.89195652348221],[92.49262819321254,10.890121256451755],[92.4884266657292,10.88189496181268],[92.48494540744066,10.879228755045117],[92.4809825901761,10.87253929748668],[92.47945142794397,10.871490707164895],[92.47142443200974,10.871673621873843],[92.47062757784367,10.868170335035751],[92.46488278153316,10.86484438566778],[92.46631634989448,10.857177153244793],[92.46157087903188,10.861323489782865],[92.45796311998501,10.862463348817213],[92.45800819295441,10.860121671163276],[92.46161053605842,10.85619712062938],[92.46205786562885,10.853434946447749],[92.46159416605897,10.847151397100706],[92.45861518010031,10.839674875047914],[92.4614825548765,10.840781886288555],[92.46369959609939,10.83844881933747],[92.46105708311354,10.840049629694501],[92.45964364240447,10.838336586671769],[92.4489713612834,10.839251549974508],[92.43673640413174,10.824380378345],[92.43319238324926,10.822387169736597],[92.42738573703308,10.82394731186706],[92.42813472536753,10.818722492227412],[92.42590700317592,10.811494849520118],[92.42395911068685,10.810193274383463],[92.4226595278468,10.802043335325894],[92.4179587086437,10.794960604159513],[92.40899247107932,10.785595464184643],[92.39715881561958,10.779435166004786],[92.39552825390298,10.779855597157248],[92.38659543905705,10.785375193242714],[92.38651323063213,10.789728249576111],[92.38501829655712,10.792006505916033],[92.38510970552717,10.790071815278354],[92.37827498687567,10.782586208755006],[92.37763959859373,10.775507404255343],[92.37590700982044,10.773871030735066],[92.38208764535061,10.763609957200272],[92.37903401118845,10.754641660644664],[92.37901486090323,10.741666002481727],[92.38387825630814,10.722263804663362],[92.38076552557669,10.708141043890127],[92.38279929431197,10.694836925720246],[92.38227369093755,10.693584662357962],[92.38124537955032,10.696699309824481],[92.38241529327408,10.685388720778883],[92.38245644419892,10.687187945919945],[92.38352587686659,10.68682637546928],[92.38259805192537,10.680687249510918],[92.38423868555296,10.6774867437058],[92.38329715860873,10.671162268647269],[92.3894026276075,10.669227817127672],[92.3941188789689,10.669824767602588],[92.3969887232138,10.66795331225001],[92.41063688032604,10.645634853663688],[92.4205397049989,10.615657885869975],[92.41989504520494,10.612696863821464],[92.41320531643693,10.608302990928939],[92.40979862460519,10.583331160386626],[92.40496410913833,10.576569072853733],[92.40106218058202,10.573793824077114],[92.39823366063682,10.567772847090726],[92.39552892584281,10.565906062595642],[92.39290607069033,10.558619325837029],[92.39429010954012,10.556060741102126],[92.3837594711798,10.544045837606081],[92.38242533913389,10.538485783915926],[92.38494677718576,10.53493274580284],[92.38929545589919,10.532848769446986],[92.40262960510721,10.53313292329888],[92.41056494772965,10.538091145920378],[92.41930106746098,10.549978826878528],[92.42913229191413,10.551311009365701],[92.4521594489891,10.544765689723757],[92.46444521395489,10.535803375571755]]],[[[92.60795167797265,10.930410647725228],[92.61263776031352,10.927581415211627],[92.61913302628038,10.930013976516781],[92.61680234997071,10.93311475072331],[92.60753505102197,10.938502059757024],[92.60463505751949,10.937534339464],[92.6040992061643,10.935983782830013],[92.60795167797265,10.930410647725228]]],[[[92.22510970127746,10.983904563166565],[92.2173041562304,10.985411601365488],[92.21093132794181,10.981417188759073],[92.2107657127394,10.979731226761269],[92.21326032080867,10.97579822308902],[92.21638319890957,10.974911607430395],[92.2235970793745,10.978363286023459],[92.22510970127746,10.983904563166565]]],[[[92.6578736176114,10.985154072455277],[92.65982468474667,10.982134380606261],[92.66261034427306,10.982242712300641],[92.6678090331628,10.985881236917344],[92.66789395449987,10.989520113508743],[92.66538916312855,10.99213758279276],[92.66056798584705,10.99216048490829],[92.65803165642274,10.988869795734741],[92.6578736176114,10.985154072455277]]],[[[92.72247134931818,11.143895957095683],[92.72145033404773,11.142431386142277],[92.72293311122203,11.141034673672268],[92.72457665898435,11.142594172041441],[92.72247134931818,11.143895957095683]]],[[[92.67946904068485,11.18074977720776],[92.67546378880289,11.183742597837748],[92.67549185935889,11.188842989634797],[92.6737891126193,11.189973626641228],[92.671847835324,11.186578138616293],[92.67459351532867,11.178249268747992],[92.6758249411915,11.177675421859139],[92.67946904068485,11.18074977720776]]],[[[92.68735201152622,11.243281373836796],[92.69160091166609,11.243714654453937],[92.69377198519756,11.248493565233058],[92.69358079406068,11.252949895542427],[92.70478269043227,11.264095892396593],[92.70391936363013,11.270616312370905],[92.70536992901494,11.27385970932353],[92.70433785817829,11.27669788068702],[92.70578679491749,11.287040050013406],[92.70443401743957,11.289878540409724],[92.69439425268645,11.285356125610033],[92.69234810696322,11.281782910255192],[92.69225590747573,11.271548608440034],[92.69674865709607,11.262351630169935],[92.6867207725626,11.24700729061154],[92.68645913643948,11.242815806407387],[92.68735201152622,11.243281373836796]]],[[[92.71988281789439,11.31484270197494],[92.72286114898124,11.318738143563042],[92.72134692178886,11.324054358321858],[92.72290670075266,11.331485023661319],[92.72107990745211,11.333695976534825],[92.716736540477,11.329832578978447],[92.7162857577826,11.323780200737177],[92.71266670511599,11.321381059187717],[92.71332518818556,11.317941012537782],[92.71106596926343,11.313755976141934],[92.7055917302451,11.309662197662576],[92.70045367494211,11.31206373470813],[92.69815912527987,11.312123059134317],[92.69533275500312,11.309954038149613],[92.70272827392019,11.305951875309338],[92.70755365621552,11.299649464517525],[92.71156664888031,11.3033594165605],[92.7119755080987,11.30752238734186],[92.71481552917452,11.309081021000058],[92.7159303321539,11.315051845183305],[92.71988281789439,11.31484270197494]]],[[[92.55868898946302,11.392497571450837],[92.56212677647832,11.39508930358402],[92.56174635882012,11.397299635523026],[92.55660791993647,11.39660113935244],[92.55505876355092,11.391632462839006],[92.55868898946302,11.392497571450837]]],[[[92.54472679570051,11.396034472447399],[92.54656053207985,11.393621577576463],[92.5501081040027,11.396611469707368],[92.54832034160293,11.397636673887497],[92.54472679570051,11.396034472447399]]],[[[92.61408846314058,11.451334333184077],[92.61906028430195,11.444739617517564],[92.61963768363732,11.441738255689348],[92.62057696299672,11.44424695924165],[92.6239575372099,11.443698807556515],[92.62389124693183,11.44006862790054],[92.62595172976701,11.439613876280088],[92.62575928009042,11.43743064310302],[92.62767910202345,11.43484059988787],[92.62731711599827,11.433150066469116],[92.62405938280693,11.433235934453105],[92.62541104727224,11.435441777300111],[92.62328502335393,11.436124301037381],[92.62162640455603,11.432114904535492],[92.62437556463411,11.419521800123468],[92.62268039248899,11.413329170025568],[92.6231340012833,11.408587532778787],[92.62148929020266,11.404361160739949],[92.61710035618472,11.401278299240113],[92.61200588444433,11.40049157675807],[92.60637071583614,11.401580595465093],[92.59482576094241,11.400024627997261],[92.58630887056461,11.400895965017114],[92.58799049072532,11.398961565053353],[92.59128135198772,11.386667145428717],[92.59151587336233,11.37914562168438],[92.58890520206003,11.375000304849262],[92.5818785017542,11.371618230276068],[92.58028018236976,11.368919441904339],[92.58837197827702,11.353488751190358],[92.59270574405842,11.349127319008314],[92.60071279559673,11.346348230450925],[92.60897144907644,11.346620059685348],[92.6189660483337,11.350982466408519],[92.62131135460612,11.34743870334289],[92.62694542547304,11.34994745362745],[92.63708668817516,11.347004644883407],[92.64719210809744,11.357156432041098],[92.65536866005178,11.357404365738097],[92.66373253499731,11.353940988729862],[92.66384303316718,11.358108573554711],[92.66623466555878,11.361629475586723],[92.67210262448805,11.363441889114657],[92.67591395076144,11.362441655813901],[92.67904784490264,11.365876446050603],[92.68451291751181,11.366585094549341],[92.68855855764893,11.370019601472714],[92.68981906646911,11.373400418047288],[92.6904243602907,11.37607170478152],[92.68864368739519,11.382070339500023],[92.68926740656154,11.385152957502012],[92.69175548837026,11.387412499753088],[92.68843855350678,11.386653825841087],[92.6863551483605,11.39142302262211],[92.68287758933428,11.389434834775269],[92.6762629390628,11.392817099199526],[92.67330003294771,11.399742464004609],[92.67075735782421,11.399634370266442],[92.67064696116398,11.396849970383785],[92.66904796714478,11.396117937925544],[92.66234995051995,11.395024943475514],[92.66071915344476,11.396173255740347],[92.66125996170365,11.39786373295912],[92.65947786677505,11.398243629363607],[92.66164534165551,11.402144276691725],[92.65860787537184,11.402198862447303],[92.65365133455342,11.407596423245483],[92.64722752777075,11.405434018376827],[92.6455039859307,11.40752731970191],[92.64925795836643,11.410842262268435],[92.65019706884253,11.40963982828005],[92.65325298203058,11.409996661997992],[92.65689560379529,11.412721965010263],[92.66682418765895,11.414845255087394],[92.67283120848911,11.418008482921632],[92.67389454069767,11.420272909680618],[92.6710270275809,11.424169725203233],[92.67115118822791,11.426976719524536],[92.67346972021329,11.427794506817044],[92.67476618050944,11.426677820941764],[92.67846860491922,11.428449091204302],[92.68022301197415,11.42621130444826],[92.68282104847201,11.427001845724858],[92.67966931648417,11.429868204367496],[92.68000407457313,11.431337191369938],[92.68400899946835,11.433108335656696],[92.68308999867816,11.442736421624536],[92.6799153937866,11.446687618944761],[92.68070844089246,11.448418688974227],[92.6790189793376,11.455547258026314],[92.67441499223395,11.462391533150326],[92.67652444313357,11.470993001447898],[92.66891425920295,11.479858179944495],[92.66796698663414,11.488690652537707],[92.66583636513823,11.491321661186536],[92.66346697503303,11.49086995518894],[92.66452986347383,11.488514832995985],[92.66271515610714,11.48911171825177],[92.66167911202197,11.486562490392135],[92.66128977678794,11.488117461043139],[92.66002487520603,11.48769723454942],[92.66066203496571,11.488922117626807],[92.65620780240978,11.491200745512307],[92.6529126678616,11.490450716986407],[92.64621302528612,11.49647657183019],[92.6424734079286,11.497254257992147],[92.64159358536293,11.498985513577743],[92.6443939799549,11.511402226731354],[92.64162936615901,11.510132758193178],[92.637598434138,11.510621881691293],[92.63549435606208,11.512368200521463],[92.63533680144272,11.51725381468894],[92.63120108902866,11.514212610928867],[92.62402249528643,11.500124944500792],[92.61745529223158,11.492151298747102],[92.6100145099023,11.458561835336374],[92.61408846314058,11.451334333184077]]],[[[92.60805400865995,11.506582118541084],[92.60840674563097,11.504669977935476],[92.60968572022009,11.50465170447765],[92.61441286814586,11.51068555795301],[92.60805400865995,11.506582118541084]]],[[[92.6434917803555,11.514973510430725],[92.64323923428474,11.513341748977425],[92.64447727983287,11.514476011130984],[92.6434917803555,11.514973510430725]]],[[[92.5590341347716,11.534366917076996],[92.5578509529311,11.54115184899881],[92.55415131150204,11.537467686965083],[92.55659043422948,11.536093604076902],[92.55631093151366,11.53325937024979],[92.55323009905965,11.532933793384267],[92.55321138715227,11.538439510479998],[92.55101999193242,11.537291254508222],[92.5515843486282,11.53127929104915],[92.55612349982624,11.52392495146721],[92.56037340068933,11.521280682580132],[92.56030480713085,11.5172169322796],[92.56522838786316,11.517474636361687],[92.56736451782841,11.52755037885358],[92.56068932020845,11.531085214935496],[92.5590341347716,11.534366917076996]]],[[[92.60351375522902,11.530734723670228],[92.60376159053445,11.533166610996851],[92.60132764030641,11.537795704545523],[92.59948422098661,11.533858747418362],[92.59954802023641,11.52984019448663],[92.6009961457969,11.523990753935395],[92.60471389636378,11.52187025508902],[92.60482979790005,11.533107704229986],[92.60351375522902,11.530734723670228]]],[[[92.62689813096995,11.546782306581138],[92.62668186605688,11.542732168887666],[92.62770992591582,11.548215067343396],[92.62689813096995,11.546782306581138]]],[[[92.61503849713051,11.555463527139235],[92.61382346731827,11.555373325781105],[92.61350223156933,11.553388969527395],[92.6124020917903,11.55510234044543],[92.61301244402527,11.558949009508495],[92.61095861411307,11.560861418591644],[92.60862789109098,11.549041210129865],[92.61345492987968,11.543385569403963],[92.61202905918205,11.543336076179239],[92.61146013185811,11.540330170006158],[92.60561128548483,11.5510260495446],[92.6036075986335,11.55022622567516],[92.60569343731588,11.547830191372398],[92.6058756812325,11.53812509127464],[92.60915287462787,11.531547586675416],[92.61024003375101,11.536121963099514],[92.61163351299614,11.534291025844873],[92.61285770921756,11.535000515602182],[92.61068946088767,11.53709375782752],[92.6110289809459,11.538960588184803],[92.61213831318521,11.537780615030533],[92.61401382931012,11.54037947892859],[92.61484286651952,11.535077031564251],[92.61732891364416,11.542458243961159],[92.618610292125,11.556109299155825],[92.6171620497835,11.559960847713596],[92.61503849713051,11.555463527139235]]],[[[92.59327899766879,11.565659661372507],[92.5922563833971,11.563792877674572],[92.59101844385013,11.564367065946863],[92.5907618490724,11.567029536935186],[92.59346282531526,11.571341644981505],[92.59198648277338,11.572774712239989],[92.59141366215098,11.577796799589938],[92.58676833817118,11.570162411879258],[92.58842312026448,11.561695789004377],[92.58729506354138,11.559223277401376],[92.5881110940438,11.557342774903605],[92.58615314491517,11.554147074122195],[92.59229684082257,11.552279695316603],[92.5928881550617,11.550349475573215],[92.59037554026256,11.548799240030815],[92.59107258800725,11.551063846359568],[92.58797326642807,11.552284579968997],[92.58451162105713,11.551466651219616],[92.58491515596087,11.552917639000713],[92.58311771241729,11.54886305021876],[92.58631321032574,11.545820683717114],[92.5853272850469,11.541643999908738],[92.58780294764682,11.539826664531756],[92.58707367733287,11.534027178602981],[92.59167225029036,11.536969516319868],[92.59436316091045,11.533267138693926],[92.59512471757401,11.539645201699166],[92.59373997624166,11.53753436026297],[92.5933919572225,11.543135039403955],[92.5938872388628,11.544816541468956],[92.59572567163447,11.543975582222226],[92.5965467973812,11.54924615835702],[92.59565306440335,11.55307945964008],[92.59424096308236,11.553816409803154],[92.59569909857007,11.55533508157233],[92.59447066589375,11.559665643098784],[92.5950854423315,11.564425446020095],[92.59327899766879,11.565659661372507]]],[[[92.21940570195555,11.595218583149448],[92.21595251871457,11.59418864622445],[92.2123892864614,11.595571886215682],[92.21423281537571,11.593325689520041],[92.21223798591306,11.589923007758344],[92.20872988326886,11.58776773186851],[92.20385981517805,11.58719872999411],[92.20845026646704,11.581508782178902],[92.2117703319593,11.574038353943173],[92.20557561623535,11.560495129924098],[92.20441582921978,11.55015547249755],[92.21221517409474,11.53169408070748],[92.21148618225851,11.530166692093573],[92.22007360475916,11.531177922064945],[92.23307581389332,11.525599212747325],[92.2492589799064,11.525991124713832],[92.25905700172835,11.518039946412367],[92.26422967271253,11.52271584883658],[92.2679511674575,11.523200956060643],[92.26857716115819,11.528268253634227],[92.27222706376826,11.536686094933115],[92.26923416290585,11.54829715268538],[92.2672948583109,11.549254669185723],[92.26571796284772,11.561092224897223],[92.26731099385003,11.566724909798802],[92.26571375783386,11.571741600978955],[92.26807239690173,11.577410741898404],[92.26826183542548,11.585411403009573],[92.26051664997901,11.59066967813959],[92.25418047115734,11.591720150370632],[92.23269544743908,11.59269942567469],[92.22965023318608,11.588998775657238],[92.2267932393413,11.587964350651466],[92.21902960429553,11.592186302785151],[92.21546639719521,11.590636675616809],[92.21479687383082,11.592738140850868],[92.21940570195555,11.595218583149448]]],[[[92.5740810460363,11.564933080639358],[92.57564005155064,11.570850086585201],[92.5736959032397,11.566659841655072],[92.57246708338951,11.566881366345907],[92.57157757788339,11.562908053008183],[92.57338868570076,11.562668435908806],[92.5740810460363,11.564933080639358]]],[[[92.56378274794108,11.568721192394143],[92.56482360609783,11.567916587470684],[92.5664604542248,11.570637799503757],[92.56378274794108,11.568721192394143]]],[[[92.61633543353379,11.581034570264977],[92.61311226841289,11.583530310873947],[92.6140479643926,11.585356351126965],[92.61014619753306,11.58875170528257],[92.60077313633268,11.585941372086308],[92.59905259666228,11.575404794160077],[92.59957457533451,11.567643402656657],[92.6028898680777,11.56966808537389],[92.60126718189116,11.57431966328072],[92.60433475072,11.574509124412788],[92.6035963328615,11.572800553239416],[92.60582001712592,11.571430607355756],[92.60759016176634,11.573428324310967],[92.60978133150905,11.569007159980714],[92.60931786909441,11.566258894473568],[92.61365495415075,11.563107569778778],[92.61754029711199,11.574204207961598],[92.61633543353379,11.581034570264977]]],[[[92.54625054772984,11.601275585638886],[92.53887181832543,11.603919347465514],[92.53615669361683,11.606667405427078],[92.53324983518895,11.602820340387767],[92.53119236889651,11.59245059331068],[92.5353475909219,11.587203021791863],[92.53218330857125,11.589281998024711],[92.53418342282271,11.5832069722339],[92.53097528471989,11.572018911893341],[92.53455717408318,11.565930500963194],[92.53002801215109,11.559615141519732],[92.52885493186596,11.555162513470348],[92.53796882820855,11.5633904487288],[92.54229716636898,11.563304946925648],[92.54716215628352,11.561022555213745],[92.55268706926702,11.562152928330509],[92.5532921079671,11.564973613499864],[92.55534616335639,11.566271017487688],[92.55271422893131,11.567152365807658],[92.55411699675649,11.571600384453296],[92.55851878117454,11.572305693680907],[92.5580603187828,11.571112325623636],[92.56122400914364,11.573860726521358],[92.56432365321803,11.573729671244353],[92.5612696552382,11.579036450896039],[92.56100378355849,11.577124366642124],[92.5588348794584,11.578114264963668],[92.5589907012276,11.579750610329038],[92.56080192043606,11.579719004886655],[92.56090720388568,11.584062996611832],[92.55942613800201,11.583443689680337],[92.55938023229434,11.584551156923986],[92.55999919398302,11.586182990637987],[92.56078337471702,11.584569266774537],[92.56804204248706,11.589808306882492],[92.56570794808773,11.592317069572285],[92.56197985970856,11.592927279743169],[92.55624834678612,11.585070901864182],[92.55248801607479,11.588741218288249],[92.54948450161727,11.588813388196474],[92.55147467601012,11.587977242729444],[92.5495350255638,11.587814409140867],[92.5469440013151,11.590219038443585],[92.54349823007354,11.590813009345156],[92.54465041105358,11.598495503433442],[92.54718613321678,11.600172701575348],[92.54625054772984,11.601275585638886]]],[[[92.57596576450298,11.584302438745578],[92.5764884815904,11.582580192016692],[92.57832724673874,11.583434452994682],[92.57771741642496,11.585147664634482],[92.57596576450298,11.584302438745578]]],[[[92.75559507431663,12.02227117145906],[92.76035328059503,12.019701292085607],[92.76448051560774,12.021542472295328],[92.76450700782378,12.02410976328061],[92.76629706991065,12.025968098740435],[92.77345669752232,12.022829417396805],[92.77542131125206,12.024642558381233],[92.77749219837486,12.024394681085415],[92.77811128492932,12.026921474913634],[92.77604454442987,12.0285162671062],[92.7769897975859,12.030527915167308],[92.77606589468922,12.03318075261709],[92.7795584106649,12.03875037786456],[92.77857520458645,12.040137650537941],[92.78171937006461,12.044224618733873],[92.78222765212372,12.048401125697799],[92.77712023476181,12.050691023400459],[92.77140907586707,12.046444908103537],[92.76906201877814,12.047546906326147],[92.76619235239966,12.046366165156607],[92.76362470321297,12.047816063075912],[92.7657224167251,12.050112945621143],[92.76403629600479,12.051933803873146],[92.7593295416326,12.051100312078379],[92.76012229678598,12.055087133388673],[92.7509196199439,12.05419292190208],[92.74988573451034,12.055494190990052],[92.74698799847417,12.055393483707485],[92.75366385905082,12.058569298892172],[92.75627072239465,12.062245015499743],[92.75639338734666,12.06524624208019],[92.75062747344045,12.070156885428123],[92.7391422196822,12.073774197926527],[92.73396131294349,12.083534443426768],[92.73362524870413,12.103394451584984],[92.73586072425496,12.1108828370037],[92.74268598813809,12.120339932301746],[92.743231309533,12.127526122620507],[92.74886306993302,12.139897098307252],[92.74765788026637,12.143263830405612],[92.74863968946458,12.145953555458593],[92.75169823561471,12.148106321121942],[92.75338840414368,12.159017876314975],[92.75631284619493,12.163538914444395],[92.75490579969404,12.166227616957775],[92.75636656994048,12.176949213753238],[92.75235075207416,12.177539615939459],[92.7507916459485,12.180924279741738],[92.74701288899408,12.17568867587253],[92.74704457706572,12.177282435548856],[92.74369658744284,12.180090635719289],[92.73566651477874,12.182313120701087],[92.72801162169641,12.180982714921248],[92.72199159326092,12.177509176532364],[92.71913018958642,12.17990109564673],[92.7188169668098,12.177731722632064],[92.71667089339266,12.176344868566586],[92.71403901286651,12.165231649602612],[92.71118049458069,12.162439331795866],[92.71109919435254,12.153047306814772],[92.7092155008636,12.1525235834798],[92.7103302634188,12.147890497430136],[92.70924014165182,12.143759765964612],[92.70398277390942,12.137148876067595],[92.70495533405344,12.147530491421664],[92.70385774369323,12.148620061019153],[92.70194166593826,12.147205905457378],[92.7027233125249,12.149442972097775],[92.70437708670845,12.149365676892698],[92.70563179780174,12.15117774367739],[92.70588767841883,12.16118892924785],[92.71118860996096,12.172757921205328],[92.70467169100247,12.165754226524115],[92.70059789766435,12.154605110915952],[92.6991102336549,12.157254083197524],[92.69925392008291,12.161547812932504],[92.69701671617348,12.16195968830981],[92.70026503681726,12.162930590588614],[92.7024773780546,12.171255374860474],[92.7003229305424,12.172123751677718],[92.7024504366809,12.173275710763189],[92.70151372919817,12.175007030407485],[92.70326905253471,12.175942137266318],[92.70880493484614,12.188848941342298],[92.70515678934075,12.188655656431072],[92.70400411608391,12.190436760940964],[92.70354384089191,12.18782899802024],[92.70079609027054,12.187133709545407],[92.70332815898547,12.188669730937924],[92.70336109481704,12.191146540990628],[92.70548317513122,12.189188892602074],[92.70796914589907,12.190128276574422],[92.71021085575794,12.188803321493806],[92.71153017817808,12.190791606422293],[92.7063952570971,12.196465417779503],[92.70343058848741,12.192981537589832],[92.7049025867766,12.198364137699594],[92.70706241519734,12.199303621746518],[92.7091845404273,12.211094994178893],[92.70836403990806,12.217101968274712],[92.70723382902491,12.21762659138471],[92.70651198238848,12.216329638066103],[92.7058230769735,12.21741005336405],[92.70684419824515,12.220532894895186],[92.70513508963676,12.221383098143114],[92.70502694774791,12.228081374516417],[92.70288229456723,12.232326005326986],[92.6999370421441,12.233465779698923],[92.69774666920705,12.23893522870047],[92.69291234867462,12.239189543462983],[92.68958890641521,12.235579061374974],[92.68760824607956,12.235362560003642],[92.68670696186342,12.232998939230137],[92.68729883934624,12.229369463693386],[92.68530869819105,12.227774430881757],[92.68334018397636,12.220412193866744],[92.68590266515525,12.214002665318162],[92.68269348770163,12.206062154362513],[92.68216663207573,12.212710799726512],[92.67936397013598,12.213936200375805],[92.67801725987947,12.212209915548298],[92.67699409853377,12.197832804243232],[92.68065103764751,12.195825345640301],[92.68093962053419,12.19196542530605],[92.67970888188256,12.194727229586718],[92.67773789819914,12.19531516881391],[92.67662451096464,12.18836852280672],[92.67493803361319,12.187035498248495],[92.67410432965588,12.199347431925005],[92.67591103932158,12.203993411243676],[92.67639594991195,12.215572899335754],[92.67372212974013,12.217968831456746],[92.66822878625068,12.205608226706138],[92.66414344866281,12.202512789467399],[92.65819520999156,12.184601778402813],[92.65507498371741,12.180294795903247],[92.65250686201682,12.181587698457577],[92.6543364320099,12.189203299866623],[92.65938750074902,12.200271604090455],[92.66410439620246,12.21638388277504],[92.66681589441224,12.21881059955278],[92.66450514902375,12.222268527434501],[92.66016166257266,12.215123384896103],[92.65009550980811,12.188019518499821],[92.64430553362868,12.178781580288074],[92.63912592675217,12.154718680353202],[92.63332304178212,12.140888408439753],[92.6302491389322,12.122967586912027],[92.63428663404466,12.120513268189411],[92.62941761249115,12.119754039726187],[92.63071286814649,12.11643199039074],[92.62837495411055,12.11640489560205],[92.6269556905218,12.11443428052992],[92.62704757649728,12.112007162132064],[92.6236304273773,12.1076546026452],[92.6218163721875,12.101579996814941],[92.62163292452836,12.092725746702179],[92.61932302625118,12.086199131593625],[92.61847872486847,12.068486068234176],[92.61917236530331,12.06346460158928],[92.62468772919534,12.05965451296769],[92.62340204778428,12.054135833817716],[92.62146884903834,12.05186234894421],[92.62184089799138,12.048721098163973],[92.62526196286768,12.047094010733659],[92.62792992512551,12.043202466524884],[92.62373758650922,12.040092834621971],[92.62015135648646,12.039921021026323],[92.62157952148135,12.036635157552508],[92.62012869109353,12.031722106743008],[92.62388019316225,12.02831423834301],[92.62074879633754,12.025055412575794],[92.61702045822673,12.024228186200679],[92.6175486280879,12.02119993536809],[92.61237532738473,12.000259013269984],[92.61587876058604,11.99312148738417],[92.61254119770868,11.991028402735152],[92.61087048848539,11.9850162023673],[92.61078422955686,11.971233536462462],[92.61250623437951,11.963408832145157],[92.60953220262961,11.954770195491063],[92.6131450488359,11.951574473290641],[92.61152926889733,11.951212758181645],[92.61079498059418,11.948825948905315],[92.6069824910025,11.924374862071447],[92.60767573707693,11.922259360811001],[92.6106586477751,11.929311376223138],[92.61131516083924,11.927164221302895],[92.61312812816922,11.928122639730141],[92.61482104015309,11.942285131707656],[92.61741429671527,11.946733301587894],[92.61540034391686,11.924619427063575],[92.61786507761306,11.92556880065677],[92.62074724764197,11.934383660646343],[92.6194808297039,11.922865644221734],[92.62172990844306,11.921464367667244],[92.61905864218159,11.920849532534998],[92.61862284428443,11.915108603407802],[92.61765411994668,11.921590837452895],[92.61457899448965,11.92029336552247],[92.61181234870459,11.904905764700663],[92.61072916821982,11.905511439038968],[92.61044853991496,11.914841547767878],[92.60827446511212,11.896402661414761],[92.60949603106639,11.882782726410554],[92.61090940889339,11.887298704457647],[92.61251132603054,11.879736131345126],[92.61045572913217,11.867648417098183],[92.61169024789454,11.866048255200987],[92.61320461163083,11.867449662530495],[92.61536615942704,11.862649068687276],[92.61477878340212,11.861595785222486],[92.61227771824258,11.863562053485506],[92.61162155552141,11.861247561963422],[92.61384329403491,11.831064766536093],[92.61132426795956,11.829125374758908],[92.61020417659813,11.843500285667256],[92.60978226575693,11.836656329123466],[92.605767340816,11.83481624444373],[92.60402311796142,11.844702292968238],[92.60070976378263,11.848906006341911],[92.6014982851761,11.860148378560382],[92.59744049981633,11.873876509289367],[92.59599945567521,11.874228949251188],[92.59745391885002,11.878130226183998],[92.59642583832986,11.87907940524163],[92.59894502430532,11.883550357586953],[92.59859597312187,11.886881869762835],[92.59569575054898,11.883482213515268],[92.59474111269319,11.884001954588456],[92.59668224535972,11.88609964073197],[92.5967736902624,11.890163503039041],[92.59894445926498,11.890945757309414],[92.59944886599196,11.896804263052426],[92.59675978164682,11.89183605605765],[92.59559825459458,11.896107720632726],[92.59447870222229,11.892803174099264],[92.59245909902076,11.89487780499098],[92.59181798218225,11.880995531765551],[92.5945119398878,11.88080147326357],[92.59240592414581,11.875932735668005],[92.59155667484252,11.878229003135663],[92.58964302703045,11.877455767754642],[92.59057972642832,11.872903825269887],[92.59240626011572,11.872569542246461],[92.59201643170664,11.870087783221233],[92.59497231389452,11.864912247987004],[92.59251266106956,11.864048560287227],[92.59172768442821,11.866475931405622],[92.58732213247585,11.866678771940538],[92.58555142908334,11.861186205390178],[92.58381692600017,11.860114608222426],[92.58155771336624,11.870371093496225],[92.58348491495936,11.872211205777704],[92.58230463647385,11.878476323362113],[92.58026202472294,11.881070715178934],[92.58286396350235,11.882675878651668],[92.5814916243108,11.883525501208263],[92.58201916535127,11.885238822623725],[92.5799762382917,11.889641376580299],[92.58127882779304,11.895486484197974],[92.57982874660017,11.89394478571425],[92.57632680909377,11.894626764680694],[92.5715959699905,11.888957283320474],[92.57028764654272,11.890751628545036],[92.57035058790143,11.898002381248316],[92.57181079400588,11.89397046303348],[92.57431212237177,11.893839846315245],[92.57586280768996,11.897465500578774],[92.57818980989013,11.897013868784649],[92.57823535447505,11.899319285601065],[92.57693642381189,11.899712335433348],[92.58004796158063,11.901389940269409],[92.57972133683825,11.90655671468531],[92.57544299441498,11.910755427752257],[92.57969798603077,11.90929155809836],[92.57986241276205,11.91480196109402],[92.57832025694752,11.914462670242035],[92.57745690589086,11.91736914204352],[92.57528185192437,11.91381571506152],[92.57460686949798,11.915433896020678],[92.57358360574435,11.91374759351643],[92.57173382186076,11.914090789619987],[92.5698896883803,11.90860717059275],[92.56671195824983,11.916788447686116],[92.56712881157597,11.921087440087035],[92.57076371950733,11.923190172533923],[92.57121753671079,11.926535360917777],[92.57289765039677,11.92574009553073],[92.57155414353258,11.917896936336492],[92.57316451920643,11.921974650816882],[92.57808072926181,11.920040810539719],[92.57876413698726,11.922698924153472],[92.57683627513245,11.923304324132193],[92.57789118383856,11.927305064946113],[92.57159368377812,11.927764983805124],[92.56519234655565,11.940185716577165],[92.56464260814451,11.935665197622178],[92.56232011818197,11.935099625162136],[92.56085093970448,11.936491567752572],[92.56445251115564,11.943598452504064],[92.56152769989683,11.946956443592018],[92.55752198987405,11.940898157287318],[92.55966214339347,11.936116093651439],[92.55422912267363,11.928439110869258],[92.55406467977267,11.925112053642211],[92.55942459918793,11.930931139983489],[92.55873755148895,11.924331189759599],[92.55520899690073,11.919249383818084],[92.55593462454618,11.91749113107712],[92.55387396474292,11.916554881924796],[92.55001325718005,11.918805018465465],[92.54852990598232,11.921833280558909],[92.54578503266477,11.921986199189195],[92.54964490030285,11.92331175815725],[92.54963063864939,11.925223884062145],[92.55344060307678,11.924402188025345],[92.54964869568492,11.92640371481601],[92.5425073425011,11.923445327108464],[92.54123765649197,11.917342403401374],[92.53506588284205,11.911861735691243],[92.53850127674545,11.904521693400117],[92.54016293993381,11.903898392088365],[92.54081436224527,11.904997049061466],[92.54149879045686,11.903053483064205],[92.53930965090669,11.902546527423254],[92.53832251559719,11.903721525534186],[92.5354047318588,11.899588944305423],[92.52747967494636,11.895847892106799],[92.52629823673584,11.888022646510741],[92.52710457621298,11.878611434270038],[92.52663297955343,11.875374651793146],[92.52605372609527,11.87832627594632],[92.52513251365286,11.874750299136196],[92.52733603163747,11.872712375440509],[92.52932216091659,11.875719141982739],[92.52813766484087,11.877129101420213],[92.5300502229965,11.880691847739023],[92.52858098792514,11.882639639172131],[92.53062654525186,11.886627345421795],[92.53205428354701,11.885298826187327],[92.53355743810516,11.8776191442895],[92.53210809442913,11.874906413367693],[92.53133690333412,11.8755254515763],[92.53093900895207,11.871298729051379],[92.53355060282418,11.870169497005936],[92.52959625128283,11.86561610711839],[92.5250883632533,11.869710021371086],[92.52603282858684,11.872336720032518],[92.52385341868948,11.871034056727131],[92.51919021374397,11.860187843071515],[92.51930137397217,11.857389745856121],[92.52181894298012,11.862317945875386],[92.52350094672147,11.855415885579003],[92.51903733216072,11.85162159028446],[92.51909506059583,11.856874339232586],[92.51707149043399,11.856475766304797],[92.51433498941489,11.848437386635597],[92.51832393238288,11.844962736447172],[92.51956930189557,11.839963621400013],[92.52035720434982,11.843684227478729],[92.52235290607656,11.844774390766089],[92.52226321019378,11.83892040877558],[92.51806608804857,11.834927296908843],[92.52089042633615,11.828333060560269],[92.52340540100954,11.826905532369324],[92.52302725878397,11.832280183112813],[92.52564820681309,11.829645719646015],[92.52688696742023,11.83002587481052],[92.53139845499908,11.84116123859072],[92.53275364625019,11.836320313613536],[92.53405964575634,11.841926073246338],[92.5396945825992,11.841801287046623],[92.54137917348858,11.839889658421543],[92.5420136984895,11.835324216697066],[92.54283490149135,11.835866912659329],[92.54210254815932,11.84565793957887],[92.54397837420301,11.849175383490987],[92.53913736840825,11.848554629994712],[92.53656241142669,11.850682943047364],[92.53616938052359,11.860465009671323],[92.53881710463642,11.86088624177376],[92.54005649945414,11.859629948510623],[92.54201367603164,11.851615831749246],[92.54331712881395,11.850820624346586],[92.54509740465413,11.851517288686933],[92.54885407652732,11.85767064199898],[92.5521509565021,11.849485041426062],[92.55210094729021,11.847586450276824],[92.55062279643967,11.849828188410672],[92.54907226832665,11.847924668340067],[92.55069798003905,11.842821547865949],[92.55036896667634,11.837387905266546],[92.55253005723009,11.83797613491721],[92.55062631154738,11.835869109821031],[92.55244866896702,11.833048845265745],[92.54906284140607,11.831063468789951],[92.54879550906573,11.835710398033655],[92.5469883062249,11.83307448523651],[92.5479039356378,11.823468825396127],[92.55043697363494,11.822452419148881],[92.5491805862853,11.819247090716113],[92.54641356410612,11.820276980985655],[92.5521605954251,11.810288385370034],[92.55434868304806,11.812232738788985],[92.55377442152795,11.815315529904087],[92.5559683212508,11.812201503686968],[92.55858808260547,11.81262254549294],[92.55838650784224,11.811248284003852],[92.55606030693926,11.811238674183652],[92.55623543530054,11.80786647083228],[92.5545972136495,11.808987127722087],[92.55115656100845,11.807191619997232],[92.55164499299472,11.798724966521405],[92.55348496458049,11.79789820600749],[92.55195714767449,11.79801985979279],[92.5536190605945,11.793540533197417],[92.55206913974266,11.790353218952108],[92.55375342520483,11.788039187127678],[92.55262023371158,11.788075058380914],[92.55132736218498,11.784508088141077],[92.55388818327721,11.780865274954948],[92.55517899496688,11.773687131006225],[92.55799091943553,11.774772731621614],[92.55811887007471,11.777014904703352],[92.55994064987762,11.774700866915625],[92.5617892399002,11.77564606934752],[92.56050071711792,11.77291090035601],[92.56242767975917,11.771953006384079],[92.56041849881153,11.771242834907213],[92.55842716020209,11.772869726867938],[92.55890536576719,11.767865702563192],[92.55760222020872,11.7692441263889],[92.55370339982326,11.76701457229544],[92.55128677719878,11.763153477531857],[92.55559509370813,11.7598184907474],[92.55242048701994,11.760572596891482],[92.55065980972431,11.757136587698701],[92.5537841386044,11.755478397203],[92.5518483113879,11.755518580367893],[92.552909510996,11.740016842605097],[92.5510358543837,11.737458218964543],[92.5511346241492,11.720118305332479],[92.56043073925558,11.69475529860501],[92.56383848301456,11.692454563590173],[92.56717761165545,11.69729137891211],[92.57145369661244,11.699497328133468],[92.57318623597843,11.715729795553495],[92.57136929090836,11.717958317574608],[92.57188418546629,11.723319413634039],[92.56887070240406,11.725190812942115],[92.57193353261977,11.725141100484606],[92.57203655411149,11.72922294464489],[92.57433084775387,11.73405062625135],[92.57629398375498,11.732879840249627],[92.58176473012348,11.735014695390076],[92.58543726938039,11.73057935487705],[92.58721126599674,11.733964010661177],[92.59230124885566,11.735480986288248],[92.59067468823531,11.733000896555223],[92.59298246738675,11.726943901607923],[92.59323428941542,11.718816351957734],[92.59122239825057,11.717125897890867],[92.59083473208634,11.713247490330287],[92.59492643154307,11.709404923909819],[92.59307959503191,11.707718976651787],[92.59186724130085,11.702760271329565],[92.59371550433669,11.70151704493063],[92.59501646159913,11.69469576974035],[92.59859927353224,11.69011183893915],[92.59666660928387,11.677183873945989],[92.59481213709283,11.67301176453266],[92.59058750494037,11.669282804649582],[92.59111087869627,11.667791058862301],[92.59384325195663,11.667293620509941],[92.5978824188338,11.657000468147581],[92.60081465107523,11.659983604050584],[92.6014909962459,11.654875551144647],[92.59864472379401,11.654247509477914],[92.59840782907045,11.651322872691457],[92.60085600052773,11.650481847090417],[92.60457593669571,11.645319211155082],[92.606667536274,11.641051773790707],[92.60734548673409,11.634311962355149],[92.60880392495406,11.634384073836967],[92.61065259941826,11.637453054769743],[92.61674653943874,11.632877554301526],[92.61916596031534,11.634459282402506],[92.62096113471452,11.638201822990583],[92.62153947009442,11.636285096556405],[92.61890981289858,11.633216229441723],[92.62514523577966,11.6286857406924],[92.6306037965013,11.629520930006287],[92.62947092211337,11.631469431074082],[92.63127827676945,11.639619242875726],[92.62843661087837,11.650803148360708],[92.63086023766715,11.653939772501966],[92.62940211745081,11.655101798001251],[92.63173285574427,11.661533758584383],[92.63415514314495,11.656321289130467],[92.63407423637891,11.652026984351568],[92.63807364202499,11.645602677192853],[92.63487624058644,11.640106665406911],[92.64141625702752,11.642487366185186],[92.64227629509739,11.647405287786746],[92.64743359051718,11.645636513438033],[92.6424986928089,11.640480067816084],[92.64400267202053,11.638861407271516],[92.64444713596521,11.625675445666904],[92.64147391808898,11.62162595471144],[92.64274928594224,11.618117849395905],[92.63955996305306,11.61632404361638],[92.64042689389609,11.614334882752472],[92.63870430876176,11.612368938685515],[92.63746159377077,11.614231611544398],[92.63554575945929,11.614376697532132],[92.63416088876951,11.611461430968852],[92.63236864736976,11.615399006713199],[92.63008965473162,11.616484386248716],[92.62796605716288,11.614966037912245],[92.62758947081936,11.61220875207324],[92.62377431233298,11.613877520816391],[92.62080218231654,11.611220180108862],[92.62151816205588,11.614574085979894],[92.61818523089211,11.6209889738509],[92.60800881172305,11.620931869137742],[92.60809064555046,11.615258916559352],[92.60496226796343,11.608596471796012],[92.60796500986976,11.600812135811742],[92.60655642096157,11.594366420006065],[92.60967459728025,11.594126389866702],[92.6148460986579,11.587128166563431],[92.61751959543625,11.58813572547943],[92.6189954007856,11.583737223576376],[92.6190072208181,11.572002563101325],[92.61645178692264,11.562646025425416],[92.61788239174184,11.563011914362136],[92.61895044010564,11.56133017293598],[92.62165662028893,11.567025228106479],[92.62408253059516,11.569013676861967],[92.62428022912795,11.571929221899934],[92.62805487539167,11.576995674921177],[92.62664840471088,11.58335601419608],[92.62950146123977,11.587929925720308],[92.63297773118352,11.59009435498496],[92.63398433657851,11.579964167419286],[92.6412739090893,11.575216061432242],[92.646005986071,11.575449845413774],[92.64889388285985,11.572357155750465],[92.64773661022879,11.565644859381926],[92.64335691089201,11.562070515254245],[92.642938542108,11.557559378398743],[92.64727998938338,11.555496937780399],[92.6506233634623,11.558859075061674],[92.652667182549,11.554993620597454],[92.65105719584561,11.552598345217493],[92.65367457127488,11.550463984913149],[92.64935461529438,11.546817386112217],[92.64640487398977,11.540340638570195],[92.64368619464759,11.540576436402949],[92.64605619920043,11.521843672657793],[92.65470049404175,11.515236990901723],[92.66042157482879,11.514778630844939],[92.66273422644232,11.507192797019766],[92.66558937514748,11.504768946307555],[92.67275917528143,11.505326912313894],[92.67469987945155,11.509774170663672],[92.67340721723244,11.510027789282775],[92.67411846464687,11.511948654551526],[92.6801968593213,11.511069383636368],[92.68338334712746,11.512184625855156],[92.68725078217349,11.508033397191936],[92.68991013767261,11.509288917041538],[92.69390163275432,11.506122972394042],[92.69482994098914,11.511456518519243],[92.69635122175312,11.509878253256499],[92.69934933643744,11.509944695432775],[92.6990666994996,11.503245737079213],[92.70306941992911,11.49879059475203],[92.70374600944155,11.492710848768981],[92.70592744414152,11.492683144716736],[92.70791577069983,11.490503897459865],[92.70790137519738,11.488293559893451],[92.70577427689402,11.485893955345581],[92.70992854221362,11.478231183764589],[92.71053318655326,11.488298204450734],[92.71542840567542,11.494836512862722],[92.71586738630363,11.50302057330113],[92.72097329269926,11.510232293285293],[92.72102527910305,11.513202101569066],[92.72545555718361,11.516644168553286],[92.72214626428824,11.526432407358964],[92.72237961605633,11.53239013491893],[92.72721773017419,11.54029821509481],[92.73034715699349,11.542764632247016],[92.72934813068456,11.546657215632543],[92.73153833743326,11.548093486995157],[92.73302740640781,11.553480930871642],[92.73001225786906,11.55496076084462],[92.72883903565013,11.559395878206113],[92.73279799734549,11.566151631077927],[92.73777448705141,11.570565198075238],[92.73694039592021,11.579809804741542],[92.7401619970742,11.579848622026933],[92.74197677181454,11.584598445464664],[92.74269632595039,11.589891350666273],[92.74055157036177,11.589842893502059],[92.73926380306264,11.593378559221335],[92.74367263206915,11.600029912834032],[92.74687262694391,11.601973743324997],[92.74748182035216,11.605715223489632],[92.7511401311933,11.609323741511858],[92.75244335490522,11.618124726774404],[92.75071346377271,11.619787364996842],[92.74975068089222,11.628998713600236],[92.75109752050611,11.632719236875246],[92.74769652489158,11.63740502995914],[92.74799822407975,11.639660635933708],[92.74582370550914,11.63954959191069],[92.74527944232963,11.642945261815505],[92.74672403212121,11.644619932984835],[92.7517022322194,11.64467487022482],[92.7549894274571,11.64858601026596],[92.7562844854831,11.655777832107715],[92.75295774550827,11.658086197434397],[92.75536778617669,11.664672795244671],[92.75394035061382,11.666435012062966],[92.74647649685308,11.668799947307534],[92.74628723529743,11.671809671463249],[92.74822094698142,11.674152759346596],[92.7464313232724,11.67659396782882],[92.74329808490134,11.675736714801111],[92.73470723892113,11.677694510618515],[92.73381795529887,11.67396122647118],[92.73182385077669,11.673202933853169],[92.73079221113134,11.680720808776872],[92.72629045051036,11.680262200423051],[92.72302623956752,11.68384856162429],[92.71822196857967,11.68206101079762],[92.7144356972179,11.677655604924976],[92.71746646206952,11.669915277013661],[92.71539024793711,11.665138337265457],[92.72135884692426,11.662251311886942],[92.72921583938593,11.661492207786079],[92.72901888016663,11.656990066422328],[92.72223018580038,11.65571445546478],[92.71871456874887,11.652524924269477],[92.70960192914936,11.65228987289325],[92.70883653847613,11.651268644129077],[92.71169298973848,11.643605292358348],[92.70572978513461,11.642120949716757],[92.70433544889669,11.64948974838602],[92.70036520615797,11.654518172427782],[92.6937967778011,11.652925366494376],[92.69491117384366,11.649570800089082],[92.70075112959054,11.648013234091222],[92.69900057271494,11.644890463659708],[92.70118773147988,11.639442474582099],[92.69940449119926,11.640953068292836],[92.69678306346977,11.638160652316818],[92.69280439902525,11.638772606291296],[92.69193885518102,11.634225506507827],[92.69412092498989,11.632294396798269],[92.69291099671013,11.631580696528971],[92.69697237892433,11.62884414488088],[92.69366386307165,11.624284541552266],[92.69563068935193,11.620653861521518],[92.69723949566898,11.620228248959533],[92.69723071104383,11.617647133967582],[92.70214840781102,11.618761468688499],[92.70193783731854,11.616786172434463],[92.69964612453596,11.617420051532076],[92.6986152574418,11.61485295230418],[92.69428866380966,11.615085370025332],[92.69149794227663,11.612351735204767],[92.6922263079871,11.61451215798172],[92.68258783504444,11.614389474000243],[92.68349451454216,11.616048606919652],[92.68144605835204,11.61711116337151],[92.67988402282023,11.61304796188915],[92.67294654498508,11.606789806823409],[92.67153898913944,11.609073078737113],[92.66742805675247,11.608563680818513],[92.66776199737451,11.611031681005937],[92.67323465086635,11.609474794270083],[92.67532405316548,11.611707100631094],[92.67431572390346,11.611847593817844],[92.6749524300139,11.613406887099533],[92.67789932725232,11.613853326434903],[92.67996034458508,11.620628558171424],[92.68423193706734,11.620916217451736],[92.68678050424077,11.61960882605896],[92.6877198141429,11.621073040477757],[92.68191652582928,11.625035152487953],[92.6807427080273,11.627313855288545],[92.67706683063076,11.627188660482753],[92.6732953302672,11.624387406044784],[92.67144692619587,11.629816991690817],[92.66594023913116,11.637313587205583],[92.66706689807566,11.640848122066147],[92.66392590544709,11.645333329694791],[92.66325955672889,11.651689143299915],[92.66099041321952,11.652232300390754],[92.66244039829263,11.657026568795663],[92.6651758042654,11.660233669349456],[92.66442428537681,11.661681821687885],[92.67289740893565,11.659885791213844],[92.67878286525001,11.66149740988409],[92.67870982503092,11.660073530527038],[92.68011212842707,11.6619353825494],[92.67782675236052,11.652556539053249],[92.68236969983896,11.650733123640093],[92.68425303490012,11.653874025266047],[92.68307017106324,11.655027173043985],[92.68491280884872,11.655446842160572],[92.68366505430897,11.66023436877217],[92.68467770536583,11.662335926455118],[92.69104451404372,11.664466942950051],[92.69196968895483,11.669285230115774],[92.69740238987441,11.665666631780319],[92.69861697591894,11.666981512412557],[92.70195421091123,11.66675399783071],[92.703952516854,11.669578289090726],[92.70603826660317,11.669767173435984],[92.70699613929231,11.67162909678208],[92.7033792425824,11.671657905656252],[92.69993617526984,11.674353584701873],[92.69987133397431,11.67917680423826],[92.69824368100262,11.680818406655227],[92.7010814850363,11.679899512775545],[92.70269938949055,11.68263809500104],[92.70130000382241,11.695688790493593],[92.70578279921111,11.70099728449546],[92.7111745989375,11.695191550879247],[92.71289802938648,11.699127905539825],[92.71241164016915,11.703702708529894],[92.71643225863237,11.705544992016504],[92.72139339163851,11.697505312882008],[92.72561577081622,11.69781045401828],[92.72712880684254,11.694631852199821],[92.7279768074876,11.698410377333712],[92.7297647800931,11.698969914432045],[92.73663713186681,11.691349298380228],[92.74300495384435,11.690776000874996],[92.74427489407668,11.692728014765034],[92.74124014340009,11.708813112573326],[92.74192791873446,11.713007554969915],[92.74521067359971,11.713683628994081],[92.75345266063596,11.701094009654113],[92.75601906116442,11.707748441491304],[92.75345048581465,11.71655683014615],[92.75533475063213,11.720015365511053],[92.75426783234896,11.725642293543903],[92.75724430212651,11.728884294457709],[92.75739707501361,11.736541170367486],[92.7605328879563,11.740863868047121],[92.75955675161909,11.74570493422218],[92.76461848425895,11.752419382254486],[92.7643682019427,11.759050043779117],[92.76304192566397,11.760468748742989],[92.76478408239339,11.763082012577406],[92.76388787455693,11.767389145428547],[92.7683666966971,11.775423265573616],[92.76610325928642,11.779640319333206],[92.77037665558575,11.785658328619844],[92.76859559012647,11.799639907557081],[92.77015055052705,11.80063484079494],[92.76990634890696,11.803261213088662],[92.77403673970129,11.812520341079292],[92.77351218196586,11.816448558551611],[92.77583215754387,11.821091722152005],[92.77497739797462,11.824599450716766],[92.77789844259746,11.829586299966515],[92.77565320774939,11.833432739436837],[92.78051351654297,11.843699998410385],[92.7803830569092,11.849278301285278],[92.78355382599452,11.849722007337993],[92.78564028720939,11.854166120371843],[92.78529033501576,11.857714659965891],[92.78341757851538,11.858980012814405],[92.78671714265623,11.872781847006319],[92.78495860963919,11.875281334710039],[92.78639898543376,11.877311341511668],[92.7855855519608,11.88066539909999],[92.7910774096368,11.88599163568053],[92.78336190452734,11.887622008534494],[92.77810504523134,11.892760668463113],[92.77931028969522,11.897891727171302],[92.77685532427945,11.89645363760771],[92.77620309707754,11.897796076985756],[92.78056782419347,11.89801406161314],[92.78682697697108,11.90167699329179],[92.7844356059892,11.901988421648483],[92.78437540808538,11.903566066863187],[92.78180927884813,11.904817702701203],[92.78642196523705,11.919026615413872],[92.7858781889444,11.92554055018925],[92.78044127133288,11.931727970423854],[92.77716346708316,11.932703656364069],[92.78112517403004,11.931863735133481],[92.78360741319618,11.935109984708323],[92.78234910435013,11.936746139412316],[92.7747203747005,11.935569078230609],[92.77588574833878,11.937128927636813],[92.77498564181398,11.938200071921605],[92.77163053214414,11.937005835639125],[92.76957297512186,11.939776378168332],[92.76642005556126,11.938057753893462],[92.76244403036706,11.939891975573405],[92.76108647834339,11.937016546668348],[92.75764871827754,11.93605266572],[92.76520466462625,11.924125228939847],[92.76488409183395,11.922312416112927],[92.75866127501129,11.929805630816853],[92.7574519746539,11.934574400836722],[92.75526689369218,11.93477715541492],[92.7551023609597,11.93315424267234],[92.75172510691978,11.930513198003474],[92.75374901125491,11.931395342642913],[92.7517813477448,11.927963650348989],[92.75387480503909,11.927241036408015],[92.75120886848221,11.925129106608665],[92.74862772031172,11.92830165340694],[92.7494064734248,11.931719416023192],[92.74573861349218,11.93241631182954],[92.74400662569178,11.930751511926434],[92.74387506292683,11.92742899983841],[92.74232932822419,11.926318453010415],[92.74321474639578,11.924203112806984],[92.75002631097084,11.92362163939453],[92.75018417640729,11.922619622130206],[92.74592051874396,11.918121205158101],[92.74271341011045,11.90979596969984],[92.74136924927274,11.911283731519708],[92.74320619084102,11.913868645442784],[92.74315773751123,11.918777817637654],[92.7369613536158,11.918382516270077],[92.73297795954132,11.907661658837384],[92.73396853360173,11.905604499638073],[92.73245334521202,11.90393252353861],[92.73467430308955,11.902928152620543],[92.73272251370881,11.899633518065803],[92.73667834747039,11.898872575843791],[92.73978252174872,11.903093405469821],[92.73919357457036,11.899373349215068],[92.74223501410253,11.896004419687063],[92.73518558192846,11.895781196228628],[92.73429433279235,11.893412845100125],[92.73755675339284,11.891824921308867],[92.73360066540805,11.891636589539223],[92.73022516577794,11.897803682238127],[92.72964659953097,11.896990219650256],[92.7308464918324,11.89010067970349],[92.72926139564893,11.885187575338119],[92.7300263892668,11.881331387655031],[92.73119732168006,11.883206926025101],[92.73271602697415,11.882352003461104],[92.73277696419144,11.885755849335965],[92.73542142023325,11.888485170556189],[92.73974348096647,11.885861637503593],[92.74171973686228,11.88167042096398],[92.73716613177133,11.87875205253602],[92.73571340953153,11.872121172806573],[92.73230785047532,11.870761821214364],[92.73209128013505,11.868375123434172],[92.72925081079993,11.868638351323632],[92.72838038012054,11.859945904165462],[92.73064303509862,11.860953135210599],[92.73169207690766,11.856093299725789],[92.72978179059135,11.852333011976304],[92.72753790052124,11.852270535102749],[92.7268716838554,11.849838785063929],[92.72535272433811,11.849500285398458],[92.72515473205621,11.84753397121829],[92.72767811855392,11.84655667252378],[92.72482299140833,11.843592277249467],[92.72616680549633,11.841792680584314],[92.72286153076524,11.837214631093131],[92.7207278648788,11.837084253588854],[92.71763775642118,11.830512560925222],[92.72157992051905,11.832898055425451],[92.71888051183635,11.828405640102652],[92.72038045222246,11.827094224473486],[92.71814115793335,11.826407849253359],[92.7166215067133,11.823424851151424],[92.71456594574754,11.82327632009305],[92.71428982249382,11.820559626321925],[92.71126587495688,11.820693408302938],[92.70891748027651,11.824720444638174],[92.71240803702656,11.833746294343916],[92.71069700243017,11.835211424419791],[92.70881982711693,11.833399283195742],[92.70873347206866,11.836278820821157],[92.70999109909337,11.837657183870295],[92.71068350614134,11.836129076390906],[92.71214273577705,11.836503835596844],[92.71498035835104,11.842903889646465],[92.7165403565038,11.84258244919566],[92.71946406552976,11.845094863291092],[92.72298180619862,11.853659887840456],[92.7202339774238,11.856119918666565],[92.72310256223068,11.857936165117842],[92.72308473426556,11.85949119470811],[92.72058888921613,11.860902404685449],[92.72001300174536,11.867927323793236],[92.71835115619899,11.865920802229551],[92.71676890947161,11.86885505997081],[92.71075591125155,11.863907053551053],[92.70838699366018,11.860219084120406],[92.70897800786204,11.856937088467612],[92.70701814172855,11.855283177333378],[92.7045357875781,11.855844402217478],[92.7051501984015,11.85408578822484],[92.70393427296892,11.854402552089475],[92.70220327241702,11.850397924320974],[92.70328017098298,11.862209497106633],[92.69787539778726,11.86582724366844],[92.70045533143549,11.869583050983367],[92.70296519020332,11.868411596896479],[92.70516833179381,11.870029303314768],[92.70155762088295,11.873162931978303],[92.70288926459551,11.87625906059326],[92.7090110011858,11.875895712024379],[92.7104099969851,11.873598929961089],[92.71187481773515,11.876663333601444],[92.71589442469536,11.87526076577524],[92.71966288426168,11.877804545229402],[92.71781845343887,11.879030176916528],[92.71661347487634,11.885241609235234],[92.71297328485109,11.882191465635735],[92.70727792103402,11.881537688576712],[92.70650287077656,11.883400318241106],[92.70457523799212,11.882790600197449],[92.70439235716994,11.885317560651112],[92.70652282774891,11.889127674763524],[92.70024072211748,11.891651768742916],[92.69912179856588,11.895119213588925],[92.69231708633981,11.901142063360005],[92.69560390787836,11.904210637124201],[92.69856423672691,11.904472081162293],[92.69920450106419,11.913607656961721],[92.70276178647016,11.914574085784679],[92.7031020036211,11.916730226562239],[92.70394082887384,11.912661634351666],[92.70243966767728,11.911418930730353],[92.70556836865785,11.90614728071352],[92.70419076983028,11.903485143654038],[92.70602666755624,11.903773939273666],[92.7087607871415,11.899433565898253],[92.71026604914735,11.899139298210883],[92.71285108432804,11.902980865372976],[92.71045464594967,11.91618116802655],[92.71072151386099,11.918418685943282],[92.7124383911,11.919394576203896],[92.71109904523219,11.922351323151943],[92.70890007811283,11.920882842681129],[92.70795034416015,11.922153351253854],[92.70871880707165,11.928929207143506],[92.70765415074635,11.92968894189442],[92.70368775189876,11.927271641328643],[92.69874949628795,11.929347812508476],[92.69778146185631,11.931160738280532],[92.69934737272025,11.933981066059586],[92.70208300327182,11.933817612664242],[92.7055446989484,11.936687115750091],[92.70956542341284,11.935989818722039],[92.71052099821148,11.938819304323978],[92.70735344060331,11.93754095768443],[92.70579770765157,11.938676018969415],[92.7076522544028,11.939141091643124],[92.70818082042102,11.941577432659578],[92.7111368301697,11.941346018640518],[92.71228951690121,11.943171909224787],[92.71496085502793,11.942646719001687],[92.71236337279062,11.944537045383852],[92.71220816097751,11.947371380010262],[92.70832946554941,11.947693480588702],[92.70872026593567,11.949854114332025],[92.7105425146592,11.94948290447345],[92.71105700228026,11.950734898825806],[92.7084315222505,11.951404693173789],[92.70371094011116,11.962051544022465],[92.70682345794188,11.962547915670791],[92.707290563025,11.958574360489695],[92.71042999078837,11.957041030995484],[92.71276239006679,11.958532053224895],[92.7139327367785,11.957808430206066],[92.7132981255393,11.954124509743163],[92.71613973663314,11.954620862541054],[92.71672483003894,11.961243043434123],[92.71464504061169,11.960326064037552],[92.71221259506176,11.962040043056016],[92.71152084917387,11.966786657826791],[92.70864288954867,11.968003497867743],[92.709084568716,11.971362013863335],[92.70715225570893,11.972650884871902],[92.70729500699072,11.974192294872918],[92.70977351096188,11.972519029196237],[92.71705399252198,11.971341477695194],[92.7179616170474,11.967232155449702],[92.71875609427119,11.968149534122738],[92.721720623642,11.965137969352536],[92.72474747902555,11.969901412910101],[92.7309125961592,11.969523998225347],[92.7286378911799,11.975744879229161],[92.72638363634806,11.975203243752158],[92.72347141857121,11.97031773073109],[92.72122825344152,11.975295436802382],[92.71862538490579,11.975563005791807],[92.71863108381795,11.978957809970122],[92.72021881206517,11.976873389021703],[92.72260673890622,11.978988120811955],[92.71993994805155,11.980412940955416],[92.72014323859696,11.984304920059524],[92.71550064369902,11.980527391803005],[92.71269566500412,11.980609633849966],[92.71068100163832,11.983015087086049],[92.71106699693614,11.984226433099883],[92.71590607404796,11.985065725160878],[92.71396978689408,11.988551545662666],[92.71743553756586,11.98719885219181],[92.71903354703154,11.98828774169343],[92.713526270672,11.99441913468168],[92.71743838612363,11.996027147824645],[92.72000891620746,11.994561701590401],[92.72099220852421,11.996948130597236],[92.72468802492679,11.996851932821238],[92.726029141374,11.99829345919833],[92.72602039896965,12.000703463620649],[92.72319571572902,12.003130652704005],[92.72038363944509,12.0031969522192],[92.72011484644408,12.005090154378212],[92.72340759237193,12.005883013440918],[92.73827846079043,11.997484185788378],[92.73611499958265,11.994458962776724],[92.73584742200222,11.99074106480456],[92.73722394015648,11.988693466297129],[92.7350189525281,11.98458863830373],[92.73185096732183,11.983222214875129],[92.73188176426473,11.979061509890046],[92.73381832540477,11.977234963474345],[92.73599885280629,11.97748174263749],[92.74337811491169,11.983592575240129],[92.74642857442761,11.97820506605976],[92.75038985736967,11.979424569140189],[92.75106319677742,11.982824196512684],[92.75351950068298,11.9827119663392],[92.75399447680462,11.988340123251104],[92.74696876105234,11.990602113548379],[92.74140606852127,11.988504881992728],[92.74193925996491,11.995446932440391],[92.74516297844802,11.994513495957962],[92.74606408839098,11.997671477408744],[92.74902127044109,11.995365600855287],[92.76215090829321,11.997777872115313],[92.76481108395419,11.996217999181043],[92.76828300964523,11.996864016637362],[92.76678373760569,12.000356832759174],[92.76652278869379,12.011577014906361],[92.76306545343958,12.011657037686751],[92.75764436504167,12.00819267225979],[92.75558508864393,12.00249683048382],[92.75326147758392,12.003630326444036],[92.75136569905946,12.002635148235454],[92.7486881095567,12.004636269954936],[92.75017034504688,12.006404179472577],[92.74757478250935,12.00924152102603],[92.7508479918764,12.010517543562786],[92.74923937510387,12.013838947268736],[92.75100642594643,12.015439738123305],[92.74653259035436,12.014695437835506],[92.74958225755621,12.017034636156652],[92.74901181297778,12.019321435987486],[92.74699253047478,12.018324510187602],[92.74601590186083,12.020776902627544],[92.74423697618853,12.018513092075825],[92.73917227461665,12.018368040789074],[92.73534329734626,12.012316802308888],[92.73436795871304,12.015023838760351],[92.73162984701466,12.0169234605233],[92.7300525679708,12.01490504979158],[92.73080838080647,12.017290043050423],[92.73569943174569,12.01810417023667],[92.73623240040715,12.020439674215872],[92.73172311190407,12.021147899343893],[92.72814850877606,12.020002828379052],[92.72873767334673,12.024723971621874],[92.72551732624088,12.02575634810147],[92.72438390118563,12.024659206179345],[92.72251707805773,12.026418099814366],[92.72407140604437,12.024135268340821],[92.72195693266403,12.026188038638553],[92.72303114706394,12.027009628937762],[92.72432444529025,12.025305302140735],[92.72564594881987,12.026311995817837],[92.73557375653913,12.025843994676356],[92.73701597118506,12.030184967083379],[92.72897387097763,12.031799514146005],[92.73275466890438,12.032551344852914],[92.73358613875159,12.035600661567823],[92.7302917156691,12.035133086009278],[92.73008592421394,12.037288573914468],[92.72762239965013,12.038320522605794],[92.72508479282145,12.037070647102354],[92.72540677147718,12.039772498695532],[92.72722861775544,12.040769794792691],[92.72687682311712,12.044956198631956],[92.72775166632118,12.0406791009947],[92.72585625969927,12.039207353489285],[92.73036141954529,12.037780873718106],[92.7306222337099,12.035670614078832],[92.73405914576612,12.036833786166552],[92.73623768429763,12.03462260633818],[92.7337126044756,12.042879792984836],[92.73509338603422,12.041993169263263],[92.73651139826974,12.042660790097388],[92.73596581995666,12.043777356898513],[92.73761730253793,12.043071121549968],[92.73609320735217,12.040831137030718],[92.73843711225274,12.039243376956565],[92.73905974894923,12.035655210137017],[92.7418857338487,12.034975187560546],[92.74424087757178,12.038330474931342],[92.74515459447147,12.037065386261585],[92.74421558550497,12.03398831268619],[92.74679440254728,12.033125466419724],[92.74751177467532,12.025906210135238],[92.74850313835485,12.026923613418923],[92.74993180101643,12.025663193547187],[92.74918112564588,12.030358998304163],[92.75154870923905,12.03439624745955],[92.75250928046728,12.032552556412945],[92.75121156342806,12.028624249540309],[92.75362385886785,12.025217299556225],[92.75494087531266,12.027107147893007],[92.75614439680783,12.02609519701532],[92.75559507431663,12.02227117145906]]],[[[92.59647772322406,11.91211459097927],[92.59940091212547,11.91607928631716],[92.59918951787787,11.918438916734319],[92.59657847377473,11.913940845352737],[92.59622012233315,11.916806744897166],[92.59446244091903,11.915274131873353],[92.59514285725457,11.906350922333408],[92.59647772322406,11.91211459097927]]],[[[92.60231811734879,11.93467649532498],[92.60308060826026,11.929193313343806],[92.60457176132627,11.935526516007494],[92.60211601437616,11.93605067854325],[92.60231811734879,11.93467649532498]]],[[[92.70029985911094,11.663106837373935],[92.69665540568137,11.664220451548648],[92.69195732544158,11.660927139537755],[92.69328230904462,11.659597601258733],[92.6994615216434,11.659260408135761],[92.70029985911094,11.663106837373935]]],[[[92.72158050891555,11.930728803527026],[92.71923168034893,11.934549319733687],[92.71577952118736,11.9331807538783],[92.71434969341088,11.910818786005631],[92.71753232295292,11.902708173085193],[92.71896892582325,11.902951809149458],[92.72003480655226,11.906319159183655],[92.72091557594224,11.905021509689197],[92.7235471088204,11.910015664861692],[92.72191622730354,11.919029900042599],[92.72317209093536,11.927365087347138],[92.72158050891555,11.930728803527026]]],[[[92.72289200161966,11.954809822906581],[92.72168869302523,11.951508622494348],[92.72429609266325,11.953512428273775],[92.72289200161966,11.954809822906581]]],[[[92.67924978078864,12.21701416502092],[92.68164329425244,12.214826142813193],[92.68142484283996,12.22395605546569],[92.67862996120886,12.219337427353272],[92.67924978078864,12.21701416502092]]],[[[92.73067530527858,12.23365924611055],[92.73481344943212,12.239076798563568],[92.72902012882486,12.24277163541669],[92.72661572149161,12.240372548193939],[92.72372957372257,12.239849294965381],[92.72363596657502,12.235496831083038],[92.72062980657904,12.233414281105796],[92.7205175872371,12.228307025532462],[92.7236626654036,12.221472099235504],[92.721248170888,12.216076378588022],[92.72312879932521,12.207465629024654],[92.72108787191544,12.20536465985933],[92.72251108898976,12.202281706098358],[92.72058406795801,12.197509524797097],[92.72223471420774,12.188510151327742],[92.72643479270855,12.190144809571889],[92.72892626296252,12.193095287301416],[92.72706159848623,12.19498070440396],[92.7282711674399,12.197863855942698],[92.7274383635945,12.194985087600907],[92.73048797150754,12.191964768521444],[92.73238708637497,12.184709861078579],[92.74207179201203,12.183648358042523],[92.74633849765912,12.18035164802025],[92.74959078166994,12.184507960953788],[92.75262841234532,12.183171414324752],[92.75330137985053,12.18846439180855],[92.75560964049895,12.184582853173584],[92.7593598391122,12.192751678695604],[92.76135038630586,12.19034341970765],[92.76011966831548,12.188833314426757],[92.76254107985875,12.188761958495945],[92.76106669564422,12.187604305606927],[92.75880130888933,12.188141252845988],[92.7590471131039,12.182916456553125],[92.76284213854814,12.18308519881832],[92.76561470872252,12.18921964677229],[92.76522820857154,12.190543800739578],[92.763611445876,12.189205315900175],[92.76688334100777,12.199213412934744],[92.76559548836869,12.202358706691811],[92.76248625927026,12.198818499222101],[92.76062436968986,12.20110026072236],[92.76192278921165,12.205602498575017],[92.75959411075515,12.213931555853964],[92.76064903383431,12.229028091722949],[92.75831066614916,12.227531096018437],[92.75677461977683,12.230233299080732],[92.7552624811675,12.220686867006338],[92.75232749469144,12.217792952447086],[92.7509527641846,12.219455641602543],[92.75390498483938,12.224858063162623],[92.75361287965843,12.230516717579325],[92.7505765254891,12.228006923905303],[92.74616928919559,12.230520771843407],[92.74387049948521,12.22805399173826],[92.74192925273265,12.23359147801283],[92.73867699477296,12.23636793482544],[92.73660095671033,12.228341739908219],[92.73818985456404,12.225963722200314],[92.74373953679486,12.223118503860182],[92.74232024895163,12.21445930119872],[92.74379388936114,12.21154344958041],[92.74212748935629,12.20494082308938],[92.74299390007475,12.210531369102624],[92.74146088371992,12.214242714053555],[92.74263984886848,12.219982278478906],[92.73896061087446,12.22319733330989],[92.73388653268765,12.220799382700935],[92.73209443232341,12.209875879991829],[92.7293026588632,12.214604577826078],[92.7303845026548,12.219467404552224],[92.72870870986532,12.222930146436642],[92.73067530527858,12.23365924611055]]],[[[92.7386205500304,12.275554022265004],[92.73867813832832,12.270527895165051],[92.7374077345653,12.266017572912146],[92.73547678609914,12.264404748805479],[92.7339479190626,12.257019865635506],[92.73236741147362,12.246937551973206],[92.7335804389411,12.246467030690711],[92.73707707818394,12.253474527759016],[92.74062877157729,12.255806209284883],[92.7390914738518,12.258011554164426],[92.74184656460734,12.260361767768753],[92.74212036930932,12.265153726473237],[92.74451204302346,12.268052918136148],[92.74408432008241,12.26943364455037],[92.74207164199338,12.2696224744048],[92.74480882303713,12.272487912518809],[92.7485410149205,12.288643683447006],[92.74548819553031,12.288120893810209],[92.74032727271344,12.279187298639966],[92.73899624165189,12.283468168349543],[92.73887358747965,12.276146021310991],[92.7369616599413,12.276237195739725],[92.73435767479968,12.269928484554537],[92.7386205500304,12.275554022265004]]],[[[92.76437646105342,12.267575811500032],[92.76657458465476,12.274886966547573],[92.76709225680351,12.285167310731513],[92.76358685359679,12.288852496017668],[92.76496966714454,12.292864049986298],[92.76194038810638,12.294264526474546],[92.75999387902289,12.293482216077955],[92.75579220152089,12.28471958956607],[92.7536782446718,12.283442186066008],[92.75196730619511,12.278045147331058],[92.75517194895316,12.27288211572528],[92.75709089053723,12.272559359962626],[92.75804978640747,12.26954043203763],[92.7610575382182,12.271545626055348],[92.7614994626256,12.268022552345727],[92.76362984427135,12.265338395061391],[92.76437646105342,12.267575811500032]]],[[[92.73457500870795,12.28421572778227],[92.73471118881344,12.280102588540863],[92.73690775383774,12.290040912873739],[92.73608168196708,12.293046958621147],[92.73365748564639,12.288396971049531],[92.73457500870795,12.28421572778227]]],[[[92.86222398912224,12.238292970595843],[92.865064126979,12.235436530959669],[92.86634164899233,12.235825257834625],[92.8660427022422,12.242288561700526],[92.86817485626399,12.248729296333387],[92.8638318369369,12.25090324143267],[92.8604542648934,12.246103116804647],[92.86222398912224,12.238292970595843]]],[[[92.87777983282633,12.248864810696583],[92.87903441635885,12.24548848974504],[92.88039471812561,12.245289573356951],[92.88060159474564,12.249524613517893],[92.87836350240241,12.250844463523409],[92.87777983282633,12.248864810696583]]],[[[92.76647566307399,12.288905082703321],[92.76802474579769,12.28862740589014],[92.76918038259664,12.290657001002321],[92.77082772574107,12.293737569206408],[92.76983696932263,12.295172368324762],[92.76583427943584,12.290179492957714],[92.76647566307399,12.288905082703321]]],[[[92.87574513792802,12.295325403353464],[92.87734466644481,12.294553093266725],[92.87925638287906,12.296648499575959],[92.87880117598188,12.297992883059848],[92.87764756039233,12.298236579450341],[92.87574513792802,12.295325403353464]]],[[[92.86511450809341,12.304913175620404],[92.86552846165779,12.306079103173126],[92.86359101028732,12.305462394692313],[92.86283662397632,12.30351006753321],[92.86447509446069,12.303306502868027],[92.86511450809341,12.304913175620404]]],[[[92.8598082181006,12.335207971157157],[92.85718592439517,12.335522303329588],[92.8582786476832,12.338868928290555],[92.85677585514607,12.340197713580558],[92.85619015807238,12.333466013214084],[92.85477859484226,12.33224131776132],[92.85818632063491,12.329994868451903],[92.85692872235629,12.328496668777133],[92.86085051985006,12.323920398446125],[92.85959982512438,12.322661826181912],[92.86002202342645,12.320298071046611],[92.86158507585114,12.321319297918635],[92.86033425176804,12.319267569787591],[92.85581569444788,12.318081592446491],[92.85591131471999,12.314841027147438],[92.86229045906337,12.313206760363556],[92.86392537042258,12.316132969739362],[92.86534103715691,12.316146365174443],[92.8671994592403,12.313949710055438],[92.87141351822184,12.318504891039376],[92.87380067251178,12.317978892510567],[92.87292542057428,12.315583294672997],[92.8775127726755,12.313051528458498],[92.87932779714751,12.31818171034239],[92.88495795944463,12.322946930282237],[92.89005801511283,12.317084262461362],[92.89100245529352,12.319260664590205],[92.89471863111372,12.317458318476977],[92.89742800480782,12.32285978716267],[92.89982510254964,12.32367610893087],[92.89643275321971,12.32712141117469],[92.88973811515869,12.324889362603553],[92.8877477790691,12.325492193428074],[92.8856102531219,12.327455292003313],[92.88763719016943,12.329336036243367],[92.88597992513269,12.332469852763515],[92.87068394068409,12.3288727594644],[92.86907337366905,12.330283021237653],[92.86836285299172,12.329248130860055],[92.86861849555528,12.330703391795435],[92.86473509115842,12.333121760853661],[92.86462182617751,12.330934274818423],[92.8629719920048,12.332001065005763],[92.86300145764442,12.330740097968281],[92.8629513864488,12.332254136676491],[92.8644954835227,12.331158078990953],[92.86416770085194,12.333874258386109],[92.86364119377234,12.333309372491744],[92.86305970261084,12.333200978612163],[92.86263239109815,12.333639439363118],[92.86246028107625,12.334480054074062],[92.86221665168297,12.33456598841447],[92.86068802000504,12.333729966366702],[92.86223505546822,12.334764831148533],[92.86269464973725,12.334554607965064],[92.86288966949385,12.333445099531673],[92.86336998609984,12.333381728369584],[92.86401153592634,12.334163597783542],[92.86389906685272,12.334647184677253],[92.86125879157025,12.336480043442911],[92.8598082181006,12.335207971157157]]],[[[92.88795031323305,12.405450341886947],[92.8871633854509,12.408555227156198],[92.88492861867083,12.408254192843833],[92.88375758025633,12.400333094201628],[92.87919640865574,12.398680003386566],[92.87518392803068,12.40055019384335],[92.87215462833124,12.406196816995761],[92.8689430739354,12.40392835649269],[92.86546666834604,12.40378883117883],[92.86553289664036,12.401614811819128],[92.86240454061286,12.405723801124704],[92.85410277608436,12.409526037522491],[92.84524096946835,12.406229794403242],[92.84245145527112,12.401280937974509],[92.84378418864009,12.395233403211865],[92.84844212855975,12.394460084017922],[92.85411317408376,12.389209844265398],[92.85993667089802,12.389414649456585],[92.86067067174027,12.392158051709268],[92.8598578347487,12.38574692987094],[92.85821619770296,12.38482062972622],[92.86035119040105,12.380937833833562],[92.86690038133611,12.377592213129885],[92.87177351088543,12.384931424740037],[92.8765305511506,12.383117890238607],[92.87836707410398,12.384838093708417],[92.88119738528985,12.38162103632097],[92.88069668860501,12.376568079507644],[92.88368733020448,12.37657343188213],[92.88428460476553,12.381212857780346],[92.88179649690566,12.388739509602013],[92.88910664802296,12.392770532242015],[92.8931221299194,12.399720367351895],[92.89274492733162,12.400739460904955],[92.88938589561725,12.400465379652697],[92.88795031323305,12.405450341886947]]],[[[92.84278890111936,12.415870623740394],[92.84533653045166,12.415755157940632],[92.84441947271746,12.41817777520982],[92.84317778450081,12.418182446823701],[92.84278890111936,12.415870623740394]]],[[[92.75176634677787,12.292874529070833],[92.75374022573143,12.294255802873707],[92.75219568578812,12.294639651569064],[92.75176634677787,12.292874529070833]]],[[[92.76248671471608,12.297629613495232],[92.76462182778845,12.29730691090896],[92.76467199330716,12.299639176793418],[92.76248671471608,12.297629613495232]]],[[[92.72483758004853,12.65412300050812],[92.72605744639027,12.654855027415618],[92.7249574727996,12.655655218626528],[92.72483758004853,12.65412300050812]]],[[[92.7261779580806,12.73607717992887],[92.72172620846813,12.737772614117645],[92.72688322002026,12.727331761193376],[92.72876672665963,12.73039346730381],[92.7261779580806,12.73607717992887]]],[[[92.69512467284396,12.245977633379422],[92.69806975728213,12.243726057832816],[92.69812159905719,12.248110179827336],[92.69632996941013,12.25036598350087],[92.69512467284396,12.245977633379422]]],[[[92.72087709660704,12.255537627145639],[92.72319283213697,12.254176336360985],[92.72375888844526,12.256282402321764],[92.72172777423165,12.256825500756825],[92.72087709660704,12.255537627145639]]],[[[92.71530719689245,12.296222916188274],[92.7034036039946,12.300041292111983],[92.70122218097272,12.29073547497628],[92.70205081663518,12.279426513915725],[92.69872203209475,12.275169684014205],[92.70248988529832,12.272058987812699],[92.6995332799666,12.267173797549574],[92.70204467754856,12.258354822531178],[92.70322620559058,12.244637652085823],[92.7069697961966,12.239253586084105],[92.7096917094738,12.229838179683131],[92.71190353777308,12.251563629954601],[92.7143464190517,12.255042605626123],[92.71452791377337,12.261731977781528],[92.7173959847439,12.262531061987772],[92.71750226262854,12.264171744469564],[92.71527381459819,12.26577251241606],[92.7197738675218,12.28048322773143],[92.71850169587431,12.283200104194139],[92.72084168142531,12.284641148907303],[92.72070511594254,12.288288735050383],[92.72292154271777,12.291036046774318],[92.72200868281091,12.29596302772117],[92.71530719689245,12.296222916188274]]],[[[92.6804312450503,12.540760149297588],[92.6722651629606,12.541440040577175],[92.66802859040139,12.534831942806687],[92.66944832560564,12.529471665050806],[92.67712917730475,12.521903824075181],[92.67981745586106,12.5324619289704],[92.68400597394246,12.539365915449096],[92.6804312450503,12.540760149297588]]],[[[92.59727519902425,11.972643808983635],[92.5938980411041,11.97758072770907],[92.58746286614154,11.976766059859061],[92.58733227804866,11.973251431319879],[92.5918470786143,11.969525661763761],[92.5950968096131,11.962759397816948],[92.59625104683684,11.938480264990154],[92.5945946459794,11.93807340861653],[92.5958511096858,11.93255407306484],[92.59460463075376,11.929997316422046],[92.5976802619623,11.928281556946795],[92.6018552388391,11.937058438943584],[92.6052467823802,11.936688549220959],[92.6077868775422,11.940605021724087],[92.60786324422283,11.943486849381186],[92.60542053631909,11.945532744354702],[92.60588533183362,11.951188159346575],[92.60426428417419,11.952759896496994],[92.60074614644998,11.964138218301258],[92.60174036407719,11.967065606812216],[92.59967349871191,11.969179390706401],[92.59953860858717,11.971989192730756],[92.59727519902425,11.972643808983635]]],[[[92.58289831507882,11.979032602425358],[92.58161483993013,11.982623687099561],[92.57994280209851,11.97806948013818],[92.58151324586139,11.977392333361873],[92.58289831507882,11.979032602425358]]],[[[92.65443109108465,12.77326953726784],[92.65410893007095,12.770480970012649],[92.65524592233618,12.774331763623897],[92.65443109108465,12.77326953726784]]],[[[92.66779012632104,12.951293247065863],[92.66604392357955,12.950348463125438],[92.66816818500328,12.949589588512625],[92.66779012632104,12.951293247065863]]],[[[92.72325675894751,12.6204149522525],[92.72236428091611,12.623135897330561],[92.71985800193467,12.618849314841537],[92.72325675894751,12.6204149522525]]],[[[92.70056508041039,12.640182438450006],[92.7002704815062,12.638980231070162],[92.70158667509422,12.63870446296676],[92.70213904826407,12.640250194361304],[92.70056508041039,12.640182438450006]]],[[[92.7152131971811,12.692517181455495],[92.7127350255866,12.692568406642376],[92.71170840213382,12.695424085825534],[92.70942352732717,12.695162974454924],[92.70822901503601,12.686517295683478],[92.71026950227129,12.686176765920383],[92.71106205710036,12.688194217716736],[92.71192779857397,12.687017304713319],[92.70950463890914,12.68461626612212],[92.70966048762777,12.680566847556372],[92.71104683514788,12.680502746444988],[92.71331365920722,12.68431543173016],[92.7152131971811,12.692517181455495]]],[[[92.72143601490212,12.691544960472259],[92.72251873724608,12.692797525563167],[92.71969156118054,12.696835277232683],[92.71643229366668,12.685878942883015],[92.72143601490212,12.691544960472259]]],[[[92.70891701494918,12.828911954547253],[92.70790415907645,12.830172970827494],[92.70628329557167,12.829651018050663],[92.70550537429854,12.818506125957],[92.70003680634463,12.813955119013361],[92.70063034750733,12.811071708154408],[92.69919367277177,12.810655873606274],[92.69900638661144,12.805060842829167],[92.69849540511488,12.806118360206352],[92.69694834899047,12.805411099908424],[92.69908428491962,12.802950228983415],[92.69768900095909,12.800975200476168],[92.6967176256929,12.802224903143179],[92.69491745127085,12.801714169007667],[92.6934365677452,12.797777696324186],[92.6984280844692,12.78691970205382],[92.70519945392687,12.780492913975152],[92.70815622544687,12.774859288022975],[92.7077199927651,12.768174967099863],[92.7097582890094,12.76243969932321],[92.71214522411042,12.73785269769093],[92.70938224345167,12.733039642971116],[92.70707329469376,12.73183989292629],[92.7082376532358,12.728278426381783],[92.70883633815185,12.730147161675665],[92.71021741435786,12.729342680733154],[92.70918553576067,12.723978073835662],[92.71079881389119,12.720841343311124],[92.71479504219614,12.721622940438824],[92.71632314207143,12.719313256644227],[92.71847639841758,12.726311498266119],[92.71785064546542,12.729617622516606],[92.71546604239087,12.730652867101218],[92.7182792577386,12.732182394333806],[92.71583265024822,12.735090950262919],[92.7178300569774,12.746281001362902],[92.71702820997503,12.756484911148014],[92.72170163505352,12.7427983582472],[92.72456176401865,12.748487951273606],[92.72148965959593,12.76029441739115],[92.7109787922567,12.777331298756243],[92.71268679054742,12.788367765130415],[92.71130514391119,12.797573933551513],[92.71126086864578,12.818318303436374],[92.71373797663503,12.828346849165369],[92.71289092191594,12.829562647896891],[92.70891701494918,12.828911954547253]]],[[[92.72090854482853,12.775439248027173],[92.71898406962231,12.784595819297065],[92.71629153754311,12.788331366876038],[92.71634571853114,12.783061596072915],[92.7140572387853,12.781489085147637],[92.7136356082185,12.779274509694917],[92.71829449855572,12.77857594007186],[92.71644702064744,12.772341513457146],[92.72372513245182,12.76221498448257],[92.72090854482853,12.775439248027173]]],[[[92.72842271053337,12.863976700384804],[92.7249831735999,12.866049179413832],[92.72255104605358,12.864160306997277],[92.72073705374584,12.866271104301445],[92.71911108960687,12.865164016741906],[92.71751936655154,12.862493113881603],[92.71914501538187,12.862474966092645],[92.71923198757273,12.86046826899112],[92.72307268606097,12.859921064635964],[92.71912606362432,12.86007517699024],[92.71855929944358,12.858913652988972],[92.71667600390829,12.85977703333053],[92.71515075348911,12.855657674110553],[92.71327646895443,12.855707580568895],[92.71496825355261,12.853425045334909],[92.71116806728708,12.848440394636423],[92.71178643608762,12.843401249201944],[92.70999526907293,12.844499513204488],[92.70676128464277,12.837331914386745],[92.70836073500614,12.833630293236652],[92.71102704885544,12.834547679117588],[92.71081943921011,12.832495811472825],[92.71194290284717,12.83214318514817],[92.71734036465479,12.83541722260165],[92.72459269301388,12.852093220847255],[92.72399895332349,12.853575651450436],[92.72863166675327,12.861518005100832],[92.72842271053337,12.863976700384804]]],[[[92.72094943973353,12.89634194141548],[92.72111124787575,12.898755337535258],[92.71943482626557,12.899108026977576],[92.72176395028646,12.902339167875361],[92.7184761639573,12.915622094351958],[92.7194999020214,12.92010073407955],[92.71780749039915,12.922012535743496],[92.71377255997683,12.922925871745699],[92.72024966290698,12.925090100674106],[92.71946186375901,12.933880422389755],[92.72119439144686,12.944695203127027],[92.71906904575661,12.947623993574583],[92.71718620836215,12.943583748195366],[92.71385538195108,12.942879048605942],[92.70952339034238,12.946160443989992],[92.71333958099302,12.943593122942882],[92.71665581067906,12.950663479342003],[92.71641039992656,12.954952463761012],[92.7181199801505,12.956748749631663],[92.7171294366328,12.956441508933334],[92.71887229045488,12.961950496654767],[92.71899553841355,12.98108541600553],[92.716534937866,12.98327528905118],[92.71207406406516,12.982672225241437],[92.7130278979288,12.980389905314922],[92.70875137459394,12.980087350733651],[92.70969136631736,12.978216319336303],[92.70864083510162,12.98016868582794],[92.71259934853765,12.980516447415864],[92.71146578334525,12.982532201174834],[92.71343363190833,12.983711551087978],[92.71142433867129,12.983268848222322],[92.70837615458798,12.986879915003044],[92.70968959394129,12.988258168141309],[92.70668944906443,12.987928477281205],[92.70500751629,12.990113542244467],[92.69975391698017,12.988003130136756],[92.69372145765779,12.992023103161548],[92.69012225775897,12.99166600224975],[92.68737564709967,12.99032367213036],[92.68667995760764,12.987557852678393],[92.68205327636495,12.985078832732505],[92.67836487825001,12.978426087251995],[92.67951256226372,12.975402677159016],[92.67182457973794,12.969027553965125],[92.6682566349228,12.960603123831003],[92.66917364774123,12.960214592694445],[92.66781467368448,12.957322111268592],[92.66871317761479,12.957697269313122],[92.67134741801519,12.95029942562625],[92.67581686713372,12.95001737993209],[92.67687682347342,12.947920477682764],[92.67797786965257,12.949389367801974],[92.67924052544625,12.948661849685623],[92.6772822466359,12.948277567855497],[92.67875680781857,12.946682285288293],[92.67730810823461,12.943071297064725],[92.67874572799788,12.942321128974724],[92.67596060925727,12.940318928911294],[92.6752838832009,12.933987296722647],[92.67325204404689,12.934581288982775],[92.6740307531425,12.933639143580528],[92.67155000428146,12.93087083642278],[92.67340689383896,12.92936148358632],[92.66955580813111,12.923892782505462],[92.66989109892101,12.904847835548093],[92.66741301805634,12.905087105466556],[92.66448818972948,12.902601110353395],[92.6663603030361,12.896626531977049],[92.66513042317389,12.893824409911979],[92.66606291306636,12.88840112717579],[92.66387051173339,12.88197420239155],[92.65577392421238,12.869882706149962],[92.65307516590998,12.86739213165198],[92.65030270982163,12.867459394149568],[92.6498308787018,12.860079086482916],[92.64685581209274,12.861888627683024],[92.6499578304144,12.854022963245885],[92.65003163959139,12.84626764267742],[92.6537964996084,12.835986386629775],[92.66000610939977,12.82809856403434],[92.66027542611859,12.817608922596445],[92.66347323269731,12.81548971053592],[92.66493279291306,12.811860708529755],[92.66425802787896,12.799947291949055],[92.66208260919646,12.7963856682947],[92.65891951711356,12.797625826909922],[92.65744621177565,12.795465324421105],[92.66287442920364,12.79395428260917],[92.6663596921817,12.791224943829791],[92.66583699485722,12.785494207148712],[92.66711213723337,12.783153209899554],[92.67419650578718,12.808198656724153],[92.67728164117139,12.810038314387134],[92.68135177656971,12.809399109586705],[92.68217147669004,12.811708539264677],[92.68716302934664,12.81424425276357],[92.68664294701797,12.816847420873557],[92.68779171709487,12.817111810602913],[92.68588138047289,12.821100212288364],[92.68709254124124,12.823152136072475],[92.68525089878905,12.824535001412723],[92.68657952236563,12.826387998820518],[92.6833473848717,12.829913116148415],[92.67432859855813,12.822783084684053],[92.676336438321,12.826258592472534],[92.67647254386632,12.829982708031912],[92.67344274919519,12.832093059419247],[92.67786788621737,12.832115959299623],[92.67082977191757,12.837760234921545],[92.67490494776295,12.836214910578946],[92.67452752418959,12.838298328704248],[92.67632332830776,12.837304181100075],[92.67835428262124,12.839268080693582],[92.68257205433987,12.836163484124997],[92.69098718805385,12.835162643445926],[92.69977632635326,12.84076914885495],[92.7026619944219,12.845134872394366],[92.70118905739325,12.848429564209026],[92.70250683111783,12.85317938349182],[92.70793454548927,12.856168829487924],[92.71359120000241,12.863354387939882],[92.71349301863344,12.866938311402732],[92.71851261040501,12.875567754523308],[92.71685290015407,12.878140357016486],[92.71248217408862,12.877989272617924],[92.71140545159246,12.882504285020232],[92.7076796377476,12.883561998454468],[92.7042294270319,12.88047319326946],[92.7055880264912,12.879980451122863],[92.70386736105665,12.877137840280247],[92.70146334628717,12.877779628699287],[92.70376143441328,12.877372801860407],[92.70357539960617,12.880170352895899],[92.7070534131799,12.884063726106204],[92.7125386430857,12.883579803193951],[92.71533823548214,12.88065551451872],[92.71794515811477,12.881450726732123],[92.72094943973353,12.89634194141548]]],[[[92.85973896517874,12.413570394880276],[92.86466619756264,12.412943703348867],[92.86813374576332,12.41430811132074],[92.8675855147252,12.420290066045649],[92.86439199850028,12.421361715478653],[92.85802901395056,12.41776953373351],[92.85761028314549,12.415975209142427],[92.85973896517874,12.413570394880276]]],[[[92.83583653640332,12.42304392403131],[92.83678638893362,12.4251975090323],[92.83522289633441,12.426169380220346],[92.83150723345227,12.427134512988273],[92.8288007253839,12.426201280439702],[92.82863945533252,12.422345881226745],[92.83383783789675,12.417197760877494],[92.8416967617363,12.41610794811057],[92.84153642862776,12.42117237918809],[92.83984431524618,12.422989386913933],[92.83983949758132,12.420449298748697],[92.83903942834489,12.421906969362315],[92.83870359946411,12.420449404023568],[92.83843696331812,12.421400853032557],[92.839474200366,12.423299038383641],[92.83700716159278,12.425091310519774],[92.83583653640332,12.42304392403131]]],[[[92.83953860867355,12.403475528665863],[92.83991585258384,12.405027974536875],[92.83726480290784,12.403839504974815],[92.83645334033866,12.405186394506043],[92.83670403408331,12.406510624214246],[92.83724180513825,12.404140058340076],[92.83984004196039,12.40534893086582],[92.83815511510109,12.408804320558763],[92.82974223795507,12.40929515200576],[92.828505332369,12.410506461497958],[92.8236376681699,12.408508808455597],[92.82423561826403,12.4113020363343],[92.82303555707935,12.41335627404699],[92.82305832218529,12.410395823868202],[92.8163904763776,12.409993501787424],[92.81737015656854,12.414221764560235],[92.81546863960608,12.416551625622171],[92.81526623749446,12.4133946170807],[92.81015038764696,12.41002726041151],[92.80636576559202,12.410122034397892],[92.80507586928566,12.411432663341616],[92.80395609952106,12.41144384830842],[92.80492417437688,12.410176116248065],[92.80335848360022,12.404646170504463],[92.80207552588112,12.404688962954065],[92.80128455657848,12.405940906802455],[92.79890969573323,12.400932873338549],[92.799413050533,12.40448546033751],[92.80109375261551,12.406076486446727],[92.80306882632843,12.404734295306636],[92.8044987547162,12.410101558496226],[92.80362274639721,12.411269893902027],[92.80391702729777,12.411907149758223],[92.8048045286625,12.411871013841683],[92.80667389851425,12.410438384636722],[92.81084243267385,12.410840854297629],[92.81262895719514,12.412156183805697],[92.81348437702613,12.416142577983122],[92.81268410297379,12.412361757039672],[92.81517885567183,12.414036470993645],[92.81551007170361,12.417164093545454],[92.8178805909911,12.415234233840232],[92.81718146095156,12.410768719025986],[92.82284919708208,12.411116717001743],[92.82239176236301,12.414196952428783],[92.82427482343797,12.413222929205446],[92.82511615858364,12.409677179082568],[92.83038850932668,12.412587717209984],[92.82914686333086,12.411708706146612],[92.83008714431179,12.409982145679743],[92.83363497854268,12.410449775817472],[92.83128801757351,12.41826898176648],[92.83057528704055,12.418745861267201],[92.82945772443661,12.418282609714538],[92.82804352375283,12.415898562431178],[92.82735137991125,12.415417228007971],[92.82581551050703,12.416248818750194],[92.82702718870497,12.41569515367433],[92.8279630841107,12.416095179807934],[92.82896574769823,12.418246477315053],[92.82997057353064,12.41891310901358],[92.82924179100188,12.419882600778442],[92.82465678530016,12.418938133878289],[92.82447294867052,12.420924524072175],[92.8208630929558,12.422745981354185],[92.82044929300332,12.425722253883867],[92.81890638889213,12.42460815871878],[92.81511014443404,12.425107508526274],[92.81702772956203,12.422251126605692],[92.81472607602255,12.425064555383155],[92.8206677974164,12.426122258458056],[92.8213804255414,12.42284770405111],[92.82455353294141,12.421491804046013],[92.82645950105614,12.419322293541871],[92.8261722620491,12.42230526120427],[92.82703211955759,12.42027140079595],[92.82822319758942,12.420867994186443],[92.82781426470915,12.425410325264242],[92.82989771207626,12.428101710764395],[92.82408490162061,12.430777610278161],[92.82359041319268,12.428949363978232],[92.82374462428258,12.430861201346538],[92.82208213284748,12.431717730377867],[92.80934557979737,12.433880193187516],[92.8045418639684,12.438964653484083],[92.79440118966276,12.436283652922063],[92.7928236330395,12.43777493012387],[92.79266960340934,12.436620191636303],[92.79215689175756,12.436003186846772],[92.79014472840319,12.437107993261083],[92.78918366938973,12.435819770300062],[92.78844552911067,12.435817454389449],[92.78896746196882,12.436859283120395],[92.78702892273854,12.43734038573956],[92.78915830455935,12.436940637914757],[92.78881117577063,12.435901121910982],[92.79014478499704,12.43726849379343],[92.79134052528522,12.437311501940057],[92.79182803829494,12.436278805308689],[92.79240524628919,12.436423491528206],[92.79333592248311,12.446245013420478],[92.78993913996727,12.450036726593243],[92.78983354659889,12.44744918054059],[92.78739381930525,12.446260125007399],[92.78977829841226,12.447966628656568],[92.78853842748744,12.4531167648263],[92.79419541347896,12.454102660245953],[92.79213489830444,12.454866273361187],[92.79345703784128,12.458342108463043],[92.79133199667992,12.460258198518241],[92.79170015053786,12.457085454859879],[92.79081252340897,12.455803988763646],[92.79151384174455,12.45741987018018],[92.79091343296149,12.460142935772128],[92.79150211693346,12.460387007131112],[92.79376743900961,12.458398597738501],[92.79244302493845,12.455119433696519],[92.79471749815241,12.454075583541973],[92.7888948852804,12.452752919778685],[92.79387159058199,12.447777208241044],[92.79704705605961,12.453045320224982],[92.7954116632034,12.460206641898656],[92.79795722910548,12.464231647406931],[92.79162573859129,12.468847998496933],[92.78623755009234,12.466768330311474],[92.78134333169342,12.469522446166462],[92.78187932767736,12.468064822708664],[92.77894291737157,12.465359333988058],[92.7803159069434,12.46474263172327],[92.77947903552642,12.462548170647445],[92.77844171673186,12.464044065958596],[92.77727817655504,12.463099239502233],[92.7781179252759,12.46031519349534],[92.77707577085017,12.463072119880243],[92.77836573812343,12.46434456811919],[92.77942383944209,12.462864605294735],[92.77997326434122,12.464613762120324],[92.7788072367294,12.4653119272513],[92.78151591243257,12.468568808756075],[92.7784686203763,12.469926471520184],[92.77661275040664,12.468961251383092],[92.7734828277173,12.46899689255205],[92.77161737811346,12.471263167534401],[92.77350803354585,12.469326777941355],[92.7761274948632,12.469250460986961],[92.77835816352896,12.470082358257558],[92.78169286347551,12.46989763345025],[92.78585345652802,12.467254130659356],[92.78797837102694,12.467453261612155],[92.79057692315773,12.470045624342452],[92.78536294943343,12.474478801900043],[92.78507076699736,12.475305931977568],[92.78652405337918,12.478081214358896],[92.78883546082602,12.477390006577384],[92.78799805580977,12.48019433860688],[92.79024490043882,12.481448789167013],[92.78955250237404,12.483582031513892],[92.78636711410577,12.484058498934594],[92.78949731527285,12.483898467655102],[92.79023329240873,12.483319993135025],[92.79031174318081,12.480242057494761],[92.78867424826682,12.4795729599278],[92.78929766919255,12.477272469241127],[92.78665514093534,12.477672158416068],[92.78551463625735,12.474878868157324],[92.79496966333751,12.46705855896032],[92.7978421405445,12.46625197314523],[92.79936006071101,12.464480403240612],[92.79686503851842,12.460986414390545],[92.7987854443564,12.455273613587124],[92.7949525639061,12.445431578565659],[92.79563818238542,12.438064519246472],[92.80372775496235,12.441271914939698],[92.8092259637274,12.436325334849089],[92.81931145811838,12.435148192198938],[92.81910682548991,12.436926676718029],[92.81573576892715,12.43565882674408],[92.8099778868579,12.44289930028187],[92.81610847095538,12.444949183895108],[92.81223833647195,12.446074532343037],[92.81122193315215,12.449048449055152],[92.81158761664305,12.450151244709334],[92.81348935459111,12.450388623740789],[92.8156371833163,12.44724062713259],[92.8175205668865,12.449256500133062],[92.81731366421528,12.4518914698209],[92.81586720233469,12.450682481230164],[92.81530842597348,12.451091429768676],[92.81551998910433,12.454345641696023],[92.81451971593378,12.454524147006156],[92.81555917631198,12.454754744106653],[92.81564180065689,12.451053057208464],[92.81746083161504,12.452094844983801],[92.817966648697,12.449218113266461],[92.81587861992196,12.446962748353155],[92.81282246329047,12.450017950322646],[92.81186353418256,12.448490279271667],[92.8125948248076,12.446519671879827],[92.81655230338446,12.444827155456968],[92.81051593908553,12.443025833245523],[92.81608996925381,12.436739095707885],[92.81990475224438,12.437229518284946],[92.82125213713569,12.434244220831092],[92.83526248239404,12.430874408429363],[92.84066230587254,12.437364324569803],[92.8362931311976,12.436469740326984],[92.83493207574436,12.438912745251747],[92.83217955147553,12.438519616790604],[92.83309502727651,12.441102611336548],[92.82861562302803,12.442158172762792],[92.83348592737578,12.441150065480924],[92.83320976639281,12.438745620024838],[92.834925307837,12.439588474304848],[92.83405858630142,12.441857362439782],[92.83575582187672,12.443773615450178],[92.83435979051787,12.441891284476137],[92.83523341740303,12.439464158172465],[92.83774445835381,12.439380390917364],[92.83581763495143,12.441267482344692],[92.8380134813235,12.43937811889982],[92.83619910453683,12.438856134186478],[92.83633003488781,12.437500228203426],[92.84145108508253,12.437621884628726],[92.83681000833737,12.430928560532301],[92.84541805256372,12.423644295648725],[92.85102406185776,12.424549943507412],[92.85065456591681,12.428857319872277],[92.84904945886207,12.427987412770282],[92.85055344615854,12.429203131204478],[92.85264049127835,12.424050382959775],[92.85602501538382,12.423093997527422],[92.85908561777762,12.424341012033914],[92.85683984573701,12.427891599590646],[92.85602233211608,12.434348097049023],[92.85930414644524,12.436996251981359],[92.85638571502156,12.434571827466234],[92.85811578042724,12.42672304405825],[92.8640619403969,12.426530144689968],[92.86736766787894,12.422685542690383],[92.87065544253,12.42151434944922],[92.8732600780519,12.417880544590544],[92.87382201738124,12.413749735330533],[92.87732727955249,12.419253360114856],[92.88152311710684,12.421089415775501],[92.88451389255529,12.424694535368815],[92.88309671754959,12.42851572245406],[92.88209214594039,12.427297341807266],[92.88313116075423,12.428646761905034],[92.88368787188861,12.427345191488604],[92.88306407726375,12.430992494896453],[92.88454474699036,12.43142901582184],[92.8837728704808,12.427790385926448],[92.88551831504415,12.426904942330925],[92.88495286599698,12.425659644660687],[92.88840637352975,12.426496525938395],[92.88504718730519,12.425395288787483],[92.88540651880872,12.422220233024703],[92.89121285241117,12.419661016740237],[92.89520969336714,12.415657314553696],[92.89853425941897,12.417102020925881],[92.89592401391813,12.420473205797324],[92.89476524738872,12.41990576656693],[92.89561348788398,12.421031350670246],[92.89487977989252,12.422493372859302],[92.89384518209495,12.421982407158698],[92.89476476858671,12.42276224442566],[92.89369518769702,12.425317974613984],[92.89153153155485,12.424885912270758],[92.89324211070537,12.425959698225736],[92.89111497467275,12.427333222928237],[92.89194031261981,12.428009132981057],[92.88428173195325,12.436276312200205],[92.8777866366663,12.431890622794533],[92.87454450451648,12.431460433783576],[92.87233642668349,12.434031519732201],[92.8744754626987,12.431740622286464],[92.8778211202951,12.432125648184153],[92.88313187132161,12.436698604256344],[92.87715692304202,12.440798830394256],[92.87604224223351,12.438308209597883],[92.87673842849385,12.440918527315896],[92.87479943741097,12.442843416419704],[92.87441349511379,12.44123206281135],[92.8719785845867,12.440255090752858],[92.86290254864008,12.446923253242021],[92.86249295370145,12.445456729826448],[92.86011612105413,12.449877319916066],[92.84841462124743,12.45822442126349],[92.84404619756408,12.465445085715558],[92.83994125065188,12.465798018030286],[92.84058733158064,12.464792279659244],[92.83915691450932,12.464598066549138],[92.84038264774817,12.4648691943822],[92.83953882876078,12.465872638740786],[92.8436323383228,12.465725417346613],[92.84239083695572,12.468755915911967],[92.83800317944385,12.471646642814282],[92.83798971369772,12.474564136614346],[92.83996312912062,12.475906344972307],[92.83698944681538,12.475978898947801],[92.83455204615835,12.480324707296479],[92.83183591084507,12.48077452429241],[92.8340640094308,12.475712363854848],[92.83111087878262,12.474001811633276],[92.82994474427126,12.471859465696635],[92.83253637308619,12.469678617335218],[92.83102343138299,12.472462844312606],[92.83210207357892,12.47285598448609],[92.83232277257622,12.471913647840205],[92.83120965753128,12.472485390551904],[92.8330101796013,12.469646914549084],[92.83130368778531,12.469463962978324],[92.83006426152656,12.470727265671044],[92.82969412508677,12.472236908168956],[92.83075903922857,12.473952120729356],[92.83038423065096,12.47470690780596],[92.82883848337194,12.471782689001753],[92.82764263618424,12.471653944819298],[92.8251957322498,12.473211015284587],[92.82535432621997,12.472157873889337],[92.82492205421032,12.473102503296763],[92.8253153725743,12.473459578304496],[92.82848436299533,12.471850452442045],[92.82920906447775,12.474876399101731],[92.83332115748807,12.475558707474],[92.8313253219123,12.480300011995974],[92.83152092467553,12.481215221450771],[92.83317219525438,12.481680706877937],[92.83630217902915,12.47954267046932],[92.83738045022088,12.476245532001839],[92.84059793619257,12.476554891888421],[92.83841742406237,12.473782154311944],[92.83882883269958,12.471809288458807],[92.84028225293036,12.471610359959573],[92.842146052329,12.479479044526876],[92.83462849458566,12.485965256209365],[92.83373173428528,12.488631978461536],[92.83236555573995,12.488516799384211],[92.82439588489726,12.482435797698441],[92.82151658049408,12.485174729705387],[92.81901890647475,12.486184919857658],[92.81657408034356,12.486331763883406],[92.81558289093715,12.486901268055695],[92.81608199490903,12.487990495847104],[92.81604742324531,12.486756650348061],[92.81873378389851,12.486648137898573],[92.82188229362939,12.485687681192111],[92.82437063235628,12.483050477391574],[92.83262098989438,12.489423003972075],[92.83389737643718,12.488921258183455],[92.83534613800488,12.486751672995398],[92.83662770064035,12.491413704594756],[92.82313188702052,12.498720300656231],[92.82223726381224,12.500428770535933],[92.8251167460818,12.498082994041907],[92.83734549048498,12.493499493897692],[92.83446844624306,12.496322204979622],[92.83544826387627,12.501387620171089],[92.83517916724472,12.496597908396382],[92.83741459698147,12.49455486471369],[92.83810197795542,12.491752546791641],[92.83717210485537,12.485571907904314],[92.84301557391333,12.480507144238302],[92.84294532116652,12.470932197858792],[92.85323464239715,12.457536931448672],[92.8545668610315,12.461423719055125],[92.85313201526583,12.462599036485642],[92.851815183874,12.467948257386926],[92.85433861169422,12.471780661106587],[92.85238778440915,12.467961789752112],[92.85369540717097,12.462603426613143],[92.85490083668782,12.46468240019098],[92.8564762490325,12.464933035304083],[92.85894512845374,12.459608481033161],[92.8629095671774,12.458493729510032],[92.85903747616325,12.461579035495127],[92.86211293040364,12.46542939458042],[92.85904739356397,12.465438843996292],[92.85902017820415,12.467310046979655],[92.85933947808368,12.46555185365074],[92.86257066605836,12.465849656865924],[92.8596055563759,12.461935976388908],[92.8636777902387,12.459171590835263],[92.86224938449531,12.457605688932974],[92.8585816539201,12.458794923166597],[92.8554664797711,12.46410835179535],[92.85539161776857,12.45693096640608],[92.86852954707078,12.446327973188431],[92.87021994017857,12.447568362989266],[92.8671584583341,12.454447907271648],[92.8708703105628,12.455421232134832],[92.87155849283398,12.457827833568494],[92.86871588820343,12.457109779577038],[92.8716505521843,12.458302421231025],[92.87114385565165,12.455043763422859],[92.86778160078207,12.454160774976295],[92.87092610043354,12.448323032138473],[92.87540335052196,12.446814110948344],[92.88077207432534,12.450501348726737],[92.87545482129282,12.453040051000626],[92.87585650656537,12.45626501294481],[92.87562033678222,12.45325705751727],[92.88083153111903,12.45210810888095],[92.8851470871513,12.456479625600855],[92.88359220849738,12.457939160631046],[92.88024888382576,12.456107888105585],[92.87779012931611,12.458229309693708],[92.88098303109338,12.464587038247654],[92.87839295456732,12.467189725435661],[92.881425973292,12.468966712374653],[92.87998126761778,12.471169734166907],[92.87966451446208,12.468387807158441],[92.87922754426347,12.46816624258312],[92.87822919438594,12.469354649482526],[92.87945055462603,12.468444218811786],[92.87921322152458,12.470945843216656],[92.87988917772473,12.471540336123127],[92.88159844174173,12.468894453781127],[92.87866895565013,12.467081349512945],[92.8813140198514,12.465380294978319],[92.8828890854464,12.466700483968536],[92.87844322429059,12.458229443899656],[92.88108351304781,12.456932940910216],[92.88354605844796,12.458693903120015],[92.88597032483725,12.4566537927216],[92.88309452476197,12.451197877299817],[92.87687776168599,12.445029240519476],[92.88336067222446,12.44263084341773],[92.88486208045771,12.44377692429383],[92.8840614533675,12.445449027954833],[92.88579098786886,12.444177106342474],[92.88796121788229,12.447284933638278],[92.88793127972883,12.447592269297484],[92.88626651825103,12.446891286268023],[92.88530296012446,12.44702440594305],[92.88546574653205,12.44954421680249],[92.88584530809578,12.448832485512474],[92.88545924003444,12.447336347210596],[92.88586861039425,12.44705169917418],[92.89032483541348,12.449210813261185],[92.89574262609595,12.449476247532397],[92.8954452253464,12.454508902569744],[92.8925086614287,12.453760316220832],[92.89125295590038,12.4547860811777],[92.89040841826075,12.457879637144183],[92.88666908387255,12.458536447307843],[92.88473233947619,12.460452363127395],[92.88508860682629,12.461315705617134],[92.88718830651351,12.4613659313758],[92.88789835737197,12.464242881852085],[92.88871956127211,12.462950374513328],[92.88716305307425,12.461029184406943],[92.88496224530684,12.460954136005398],[92.88525681815989,12.459998225056436],[92.89057097380132,12.458161869874143],[92.89223038850655,12.454304908258237],[92.8950288193813,12.455369828936131],[92.89607762044182,12.454716866814987],[92.89633324234411,12.45205256208565],[92.89830391071887,12.452493639663144],[92.8982696166346,12.450968184050073],[92.8965310810141,12.451767899923842],[92.89541628701785,12.448027621969388],[92.8896742682982,12.448042351871578],[92.88420476070645,12.441930449641452],[92.89045339511041,12.437009868421063],[92.89192478793507,12.43843837916233],[92.89319895114754,12.437290637809758],[92.89413226299853,12.43862414395784],[92.89458531573563,12.43833262818396],[92.8945558141634,12.436149614536754],[92.8953513082801,12.43677350703291],[92.89500855788006,12.43757116916489],[92.89590536040123,12.437706906893364],[92.89622020373865,12.438877567512353],[92.89679282942663,12.438665307944094],[92.89677451277798,12.437971482711061],[92.89625008529825,12.438690041421864],[92.89610539365543,12.437661777663713],[92.89524315022157,12.437381377991446],[92.8955444819988,12.436622128573749],[92.89460408603351,12.435991484488287],[92.89403152143097,12.436291901584271],[92.8942955488694,12.438447886581162],[92.89313914850244,12.437060122569042],[92.89183517110403,12.438219154900247],[92.89072013366436,12.436734192837172],[92.89607212993879,12.429722861452214],[92.90232236244562,12.426078780874064],[92.90827149943216,12.420260575897986],[92.9054927344756,12.407523709540383],[92.9142033797821,12.406677958781906],[92.91413233561951,12.411416588186114],[92.91873548818829,12.423732970214315],[92.9174911741961,12.428925934939393],[92.91890994640637,12.429145320562133],[92.9177992415413,12.430277415157184],[92.92225065787883,12.43532403600225],[92.92099509967419,12.437179302768074],[92.91757347514746,12.437185775002481],[92.91875517386946,12.439931601960744],[92.91789507651077,12.441260356682717],[92.91299949267261,12.440927552172056],[92.91333729605036,12.44362364110203],[92.91046738622843,12.444617639398537],[92.90768277234103,12.442856801845313],[92.90879395600815,12.438158725097432],[92.90718156092153,12.4424861510065],[92.90794016033118,12.44406133468784],[92.91040984284626,12.445015299933365],[92.91456977923028,12.444590966975639],[92.91166294595521,12.446217746420631],[92.91426826599337,12.448089247727198],[92.913550679168,12.448721871210727],[92.91399903102126,12.450457520838363],[92.91311144341825,12.448974902453056],[92.91216620373694,12.450796235907472],[92.91314826176848,12.44921218606922],[92.91351372696879,12.450615592077648],[92.91415990042401,12.450624769227607],[92.91446600854361,12.44803271147],[92.91210910771584,12.446159038676045],[92.91424774398071,12.445786431120567],[92.9168256905555,12.442783360509347],[92.91928608718551,12.444394889582695],[92.921956008669,12.442521730022165],[92.92739888480578,12.445602319718226],[92.93028020233352,12.449419387015906],[92.93319375051531,12.447842141972943],[92.93769402442452,12.448244557238745],[92.94451488925769,12.456615184148607],[92.944777181151,12.459507791115204],[92.942978878818,12.460963088238158],[92.94546943907861,12.461098765489467],[92.94659402201646,12.462468210652348],[92.94492447790813,12.462334905929279],[92.94951946748593,12.465530223417781],[92.95206982949328,12.464906480752479],[92.95582309136165,12.467057762523295],[92.95724717710684,12.473206709539607],[92.95439566118864,12.475550287270789],[92.95023067896769,12.476065657582708],[92.94439587595726,12.472741485169266],[92.94190734049933,12.467304292113809],[92.93868087227315,12.469279321057083],[92.93350637950556,12.46597750311273],[92.92131554670233,12.465004898534817],[92.91885918081303,12.469811447265556],[92.91919705156444,12.472921028594076],[92.91522066884076,12.473164651117052],[92.91648299764768,12.476588498892426],[92.91474430212705,12.477819920329324],[92.91155730677275,12.471207156461194],[92.90893104161545,12.469699487632255],[92.90692106745544,12.469410023286134],[92.90826880628293,12.468623751180631],[92.90753992134623,12.467387487234692],[92.90799971504126,12.46873894173963],[92.90676245282404,12.468822393398202],[92.90545596463437,12.47082215170973],[92.90675313549792,12.469954578943058],[92.9085653689043,12.46997966467287],[92.91109269002298,12.471295243775439],[92.91363358827886,12.475980240038377],[92.91235939811692,12.477184590078066],[92.91211778993303,12.478499799287595],[92.90889353246074,12.477215804274653],[92.90803132406117,12.475328720050442],[92.90640045601906,12.47757702491411],[92.90803125129763,12.475541123282678],[92.90897170475509,12.477615775085372],[92.91177968651799,12.478868151535444],[92.91239143114161,12.478567621489832],[92.91300566859019,12.477096564409624],[92.91491439183787,12.478276433914465],[92.91922213162887,12.476446361128339],[92.91788581398188,12.478385224404647],[92.92027988619783,12.480152605842159],[92.91976217901471,12.483286952720375],[92.91799583963787,12.483634861382734],[92.91846516805133,12.482023587630907],[92.91746239307268,12.481544464161294],[92.91656765577835,12.483734120181794],[92.91366057995816,12.48393494700711],[92.91363043159892,12.486990240251943],[92.91395030909518,12.484355334506041],[92.91668262216841,12.484222262069858],[92.91757281668238,12.481842717351366],[92.91795444347296,12.483896984519173],[92.91940107693178,12.483953613817214],[92.92022675713696,12.483079130687273],[92.92063630715982,12.480044212538997],[92.91815949112306,12.478337752515309],[92.9194567203771,12.476324367686146],[92.91713611238511,12.47697726660107],[92.91592205724491,12.47392860365691],[92.92002267607408,12.473054401549012],[92.91919023604639,12.471097282344378],[92.92080037815826,12.466211610852135],[92.93259573394585,12.467767266758528],[92.93346270521307,12.471493753254112],[92.92982210375945,12.474673177762732],[92.9295185010412,12.476596298074396],[92.92584558000027,12.47705482939134],[92.92910904444312,12.476860666697428],[92.93116968089019,12.47799751483386],[92.93150778969513,12.478955733669657],[92.929433385668,12.477296871002375],[92.92899406637495,12.479511474972192],[92.93158591976865,12.481495829837423],[92.93049120311903,12.483870840629441],[92.9323701894359,12.484883295211752],[92.9309005348513,12.48739618806197],[92.92876850030542,12.486645785605088],[92.92621316522464,12.489000455740385],[92.92862811159283,12.489312408751466],[92.92688471878158,12.490458094641033],[92.92804856258894,12.490679614704339],[92.92886043029831,12.489104504729175],[92.92655821800673,12.488769980336548],[92.92893868164441,12.48686954282052],[92.9292836499849,12.4880062592884],[92.93108449634673,12.487714891132688],[92.9328853292339,12.48484943931881],[92.93146637107233,12.48375338692686],[92.93256113443437,12.481900382933917],[92.93774269873984,12.482155864807012],[92.94048883059712,12.485599961004612],[92.93987250007395,12.48716602258699],[92.94257735883544,12.491663150864214],[92.941977134207,12.492775026738915],[92.9448429638809,12.494899291286757],[92.94377124320425,12.498092415954911],[92.94591728967193,12.49988898335204],[92.95622523567332,12.490869740482097],[92.95565695333975,12.4888155848066],[92.95691728698843,12.487613289469571],[92.96050045375604,12.486747596389993],[92.96266482675385,12.487908996568615],[92.96315064374433,12.493314558647393],[92.96841578820217,12.496565985264128],[92.96658077891003,12.500026014495402],[92.95164918797163,12.502751933025435],[92.95224951680461,12.50361758918268],[92.94936932576428,12.50642222354083],[92.95483471727535,12.506652777045185],[92.96289232330291,12.51345760097777],[92.96350166403484,12.517098546098069],[92.96131615278011,12.52119153498062],[92.96655866777765,12.522734941582177],[92.97111821252926,12.531245508031432],[92.97239048299144,12.53108479568422],[92.97373701807645,12.54120601151579],[92.96921911472981,12.559088276360878],[92.96203586052786,12.572986937980849],[92.9590928565879,12.575800714089056],[92.9593183552838,12.573344321024184],[92.95773985632778,12.571539053376386],[92.95407428620081,12.572176772807689],[92.9543249404196,12.573253832875627],[92.95615439183506,12.571918930392187],[92.9580044362301,12.57352079062066],[92.96021124474358,12.583926579894717],[92.95587813563068,12.592161715569832],[92.95626471034183,12.597919535118397],[92.9545341760156,12.602586147008877],[92.9566421150506,12.62014405123847],[92.95576985450296,12.621463808229324],[92.95548680074684,12.617723971807257],[92.95366630014486,12.619676644803413],[92.95515079399964,12.617358012382843],[92.9542786035206,12.610434197939432],[92.95258936115472,12.613078311148321],[92.95147777953392,12.611987012481832],[92.95394259857008,12.609017391539778],[92.95297391824974,12.600172881791188],[92.94839184464908,12.60654595748579],[92.9470267854046,12.616992854545089],[92.94350767839819,12.61985628741097],[92.9443891179314,12.621040267089287],[92.94112554838566,12.622403206246544],[92.9415121096221,12.623639288892672],[92.94284008730997,12.622604194867415],[92.94353508959078,12.624319267499757],[92.94286756677452,12.62618360340972],[92.94106661261482,12.62648768047842],[92.94585014240104,12.63089339217431],[92.95295972037668,12.625118235955416],[92.95614267780377,12.624916661990552],[92.95628996557772,12.64047572791571],[92.96148739143622,12.658711057041906],[92.96023075076165,12.669456277857085],[92.96396918144468,12.67643368589928],[92.96421798154071,12.68146602123535],[92.96238331271012,12.684532789905214],[92.96477776401505,12.693853781074084],[92.95904559083093,12.697169766089177],[92.95635201221442,12.697199468128025],[92.96326079696111,12.700974491640304],[92.96385505857268,12.708404391592637],[92.96490712051768,12.707604275001332],[92.96972138436472,12.712778144302392],[92.96666855239813,12.710930186135206],[92.96504999397037,12.712015221859275],[92.96674907288863,12.711183264925479],[92.96907225455394,12.71358939714962],[92.97094168279615,12.713577859905673],[92.97744748330636,12.708103381158452],[92.97919734758091,12.709689351209102],[92.97645828007506,12.717427318224637],[92.97291064347355,12.720322627663636],[92.9673204876476,12.719810825596893],[92.96545998865929,12.71808922845358],[92.96678858348977,12.720149839047997],[92.96222778199508,12.726828143372],[92.96344346308592,12.726796252432393],[92.96318579571971,12.730692081976581],[92.96748706135241,12.740179882964743],[92.96110921597294,12.74719069393836],[92.9600986642789,12.754566878195304],[92.9508587648447,12.756902831636754],[92.94716703398004,12.762191746204953],[92.94787704980418,12.770249081844883],[92.93854853785537,12.76673237959654],[92.93258196367087,12.773463673099004],[92.93138490285924,12.773568005879465],[92.93164262592096,12.772090148047175],[92.93009111594938,12.774526482108367],[92.92890309847769,12.77306272608948],[92.92606694644581,12.77469957179629],[92.92795935988124,12.775277402422997],[92.92903692409885,12.778015655868028],[92.930399694436,12.776139741421678],[92.93016972482492,12.780473701118426],[92.93226443167582,12.775339214053796],[92.93188721920653,12.781462757040636],[92.93342069010892,12.784060717275922],[92.93710892203555,12.785247854401911],[92.9419442549693,12.791401067999379],[92.94726284559329,12.793274433746275],[92.94769646417755,12.800030366613209],[92.95123868483623,12.803501341516975],[92.95207327812567,12.808143772375315],[92.95037947770801,12.812402312429752],[92.94502923314835,12.818455798676391],[92.94494738404954,12.823283675984134],[92.94254839804901,12.826000714163454],[92.94336938006528,12.832094245360711],[92.94625375815316,12.837120656453868],[92.94213158245212,12.837577676682756],[92.94377529819944,12.835055084049584],[92.94184487255278,12.832130541823219],[92.93822054587714,12.8344227430374],[92.93209003274654,12.833749680171739],[92.93218170222802,12.830553683426409],[92.93683278440881,12.826240833594015],[92.93632971886653,12.820314528188277],[92.93173335037478,12.820907083634367],[92.9314896437264,12.823090401852165],[92.9296567212207,12.824030792473426],[92.93088226671166,12.826869554064217],[92.92846019221169,12.830739191488245],[92.92713814609964,12.829206878270895],[92.92769522464498,12.827602049094558],[92.92509293103103,12.827073236211152],[92.92089747436236,12.830242257830603],[92.92176367397678,12.832511475684353],[92.92426447233666,12.831864964409796],[92.92671033153042,12.833099004659735],[92.93219717211554,12.841176712936047],[92.9342329503821,12.840647729777066],[92.93378200599092,12.8436086297686],[92.93578077187114,12.842207187529043],[92.93743003112208,12.843866083633051],[92.93733438120556,12.849593455003138],[92.93961554058018,12.855442726082398],[92.9380906045713,12.853969230942083],[92.93431811246766,12.854181905771398],[92.93040328769712,12.85740978474739],[92.92582484688349,12.858395496894651],[92.92644261111786,12.862355373864624],[92.92804060890542,12.859190982005448],[92.92794002993296,12.86473304908367],[92.92559636398425,12.872133117524141],[92.92615012505125,12.879288958365267],[92.92534411974741,12.880504988588857],[92.92546816541004,12.878000658727256],[92.92422905625659,12.87860644068175],[92.92419288559165,12.88391344129003],[92.91800648018243,12.888348120298954],[92.91603922450743,12.886924191593852],[92.91368077318745,12.889609325747022],[92.91061231143323,12.885671980876188],[92.90697294426478,12.885527229656617],[92.90574299882553,12.886720582521866],[92.90610253065338,12.890219416856167],[92.90961780904007,12.8935917693918],[92.9124838408349,12.899911392365315],[92.90990373111688,12.89762852849273],[92.90960468195881,12.903337831624532],[92.91636357830873,12.90609536556208],[92.92076384457397,12.909815633145506],[92.92235364972615,12.912374161248813],[92.92206376787553,12.91549326728079],[92.92042356184602,12.915520424535838],[92.91610595765493,12.91000554205171],[92.91128668839511,12.90864033522946],[92.90565678571109,12.910457394693132],[92.90571682730807,12.913088289586764],[92.90358833212441,12.914620626998058],[92.90122939481584,12.914787762507842],[92.90324263884352,12.911447267362473],[92.90111406460812,12.910882102771266],[92.89770477574687,12.913892499661012],[92.89954336931696,12.922870193840556],[92.89660388767122,12.926942903834284],[92.8925584298921,12.916663121856919],[92.89558535714086,12.910077100216922],[92.89547010688315,12.90541652415699],[92.89744654154372,12.904083140642104],[92.89531342901952,12.90304780314092],[92.89568191794906,12.898012066042158],[92.88511356022826,12.893327869124352],[92.87810171805727,12.895225540978661],[92.87161531666557,12.892765410561319],[92.86991566102891,12.889352185910477],[92.87186462430977,12.88596670831841],[92.87456428092749,12.884837035979457],[92.87356948298857,12.881170798708839],[92.86466047798923,12.880745228420295],[92.85895389870583,12.878305417795643],[92.84070040971196,12.875386864016622],[92.8385668013177,12.878509580155319],[92.8415819345851,12.885003522357215],[92.84123007796305,12.890959710555622],[92.83924920113338,12.891325771131001],[92.83488388023105,12.886440592083899],[92.82929698079798,12.884705120235289],[92.82549554497587,12.88809880778692],[92.82304219742592,12.895532604835287],[92.81038274408172,12.897325634436992],[92.80787678669712,12.897316315745709],[92.80824281064953,12.892408610544319],[92.80669042931208,12.892421984643375],[92.80788438554613,12.890370453596942],[92.80594120561908,12.888707188866197],[92.80725788699225,12.890429128298809],[92.80648744239727,12.893117901788314],[92.80806271280811,12.893447984231925],[92.80725494411139,12.89722134160665],[92.80162122628236,12.897030804781359],[92.79615083474839,12.892465684045103],[92.78985989867773,12.889509097233136],[92.79134582265043,12.884145191460451],[92.79591968295442,12.884566251388575],[92.79640054214285,12.880779318065686],[92.79539924489288,12.884407997151762],[92.79133405022864,12.880019245201312],[92.7926414484117,12.872205938823807],[92.79525409960087,12.870123072636595],[92.79178582106985,12.869968828962293],[92.79170095632665,12.864609147408832],[92.79265939225948,12.86379587683321],[92.7956846944559,12.865459420742624],[92.79856414169117,12.863918855849134],[92.79827894006323,12.86313700485167],[92.79989084197474,12.863507814208921],[92.7997308268698,12.860900279145985],[92.80109363583453,12.862061917436973],[92.80436891402168,12.861004846324725],[92.80093726249976,12.861677734582834],[92.79956511015779,12.860669797512955],[92.79946263214681,12.863250148402916],[92.79780945983447,12.862517783557474],[92.79814504437348,12.863778707372985],[92.79582776104637,12.864939712296025],[92.7923784926634,12.863601519000436],[92.79456667999939,12.862887898466399],[92.7955949824034,12.860470311312517],[92.79662638848676,12.86104895406292],[92.79805919507672,12.860231193199715],[92.79872287310357,12.859309396058983],[92.79753091292612,12.857370523001821],[92.80021173905887,12.856860263380744],[92.79944827078033,12.854410806408021],[92.80151762537729,12.85151883316972],[92.79913232431177,12.850524258796405],[92.7998609056179,12.84854047140691],[92.79883302542203,12.850307360309882],[92.7999652997354,12.851880171153491],[92.80121359056935,12.851523293681485],[92.79912580883101,12.854510153883897],[92.79988492746692,12.856457967254284],[92.79747122257045,12.856855285369704],[92.79700534907757,12.858464003671477],[92.79827607353916,12.859381594019446],[92.79668641571068,12.860750673186805],[92.795166762694,12.860171943921982],[92.79403232164418,12.862950999625589],[92.7878842778908,12.861313963777077],[92.78813111516794,12.856004127230166],[92.79000566560394,12.856063183940707],[92.78904178857543,12.849419938563654],[92.78951285343234,12.855990780965136],[92.78770299337491,12.855488802717026],[92.78658530321017,12.861508118449834],[92.78289118552182,12.86198633800171],[92.78132626010975,12.859920763366611],[92.77996726898502,12.851808705841417],[92.7807836740849,12.841044303904871],[92.78515416119845,12.832422719397043],[92.78413598909586,12.824505076073402],[92.78002847569688,12.8238036659178],[92.78137613008275,12.809722361867722],[92.7869825013979,12.81444604082821],[92.78735347686417,12.827461176139655],[92.78857327403564,12.828771943327103],[92.78715713209252,12.815277618767466],[92.7892660350198,12.815549141152202],[92.7914045823515,12.811952316276813],[92.79333769485916,12.813950089348193],[92.79595849915788,12.812807184246095],[92.79890516013936,12.814027783736153],[92.80001094762653,12.812681286971394],[92.79747559556925,12.808441922066082],[92.79855365386027,12.807443416866736],[92.7996692716116,12.804691350598972],[92.79671694854888,12.805924641049403],[92.79843414828308,12.806842287311525],[92.79686788887281,12.80812550240867],[92.79898370613286,12.813476453336756],[92.7958344516986,12.812255791610864],[92.79364183926154,12.813570520148216],[92.79147416136182,12.810894842651084],[92.79179740035387,12.809200166976522],[92.7900345563218,12.807509779143981],[92.7919282750093,12.805182768742903],[92.7916130561761,12.80008963618867],[92.79386925945381,12.800406322597436],[92.7946436359748,12.798806675400854],[92.79241632790655,12.795864347190912],[92.79413915378937,12.794454650853758],[92.79238451227413,12.79505541223175],[92.79185111511627,12.793600190197976],[92.79185018356335,12.795421362866039],[92.79307399620413,12.797482297803322],[92.79119506827776,12.797938410606347],[92.7941875397455,12.799249514497454],[92.7918298385188,12.799357520176278],[92.79116621169591,12.80047366783579],[92.79159218921036,12.804988357723266],[92.78964784776166,12.807283718632181],[92.79148405989794,12.80951648717724],[92.7890730885749,12.814771813721444],[92.78765471791154,12.814785100858423],[92.78074158352227,12.807869436296356],[92.7795951095392,12.799169814782731],[92.78342227939926,12.789251169102036],[92.78639366561065,12.786436327161546],[92.78277243542777,12.781672376108455],[92.78334172567111,12.775942247898517],[92.78417897887209,12.777379536055214],[92.78551426255818,12.777302984164429],[92.78530626843393,12.778884598934548],[92.7867885506365,12.779517598802743],[92.7892309108922,12.775464373908614],[92.79263394388582,12.77466058012891],[92.79005588591988,12.773964200219092],[92.78685331827018,12.778948215252072],[92.78556419900652,12.778740084110721],[92.78711236455032,12.776652525629636],[92.78360890978944,12.775797729639526],[92.78440056540492,12.767473628093752],[92.78279118775934,12.76340606250514],[92.78419318482999,12.76776280809167],[92.78212414194847,12.771169776070849],[92.78221332399495,12.767947699135211],[92.77990894317024,12.76352741189749],[92.7802847848104,12.766853649419337],[92.78191855890246,12.768151006585654],[92.78171421553152,12.771467954547772],[92.78335814417956,12.771088746345587],[92.78339380819466,12.77332572142537],[92.78275251079478,12.775779440685477],[92.78185487014545,12.775386134989375],[92.78079097828648,12.77582874709279],[92.78027604420267,12.774445808271766],[92.77967624537568,12.776795595252556],[92.78231972225385,12.775666354190584],[92.78205517918244,12.779643211263924],[92.78269340973392,12.782973908672215],[92.7858686901586,12.786508566175044],[92.78297596582338,12.78848735310049],[92.77894574706472,12.799354989430176],[92.78010924771567,12.810653081939133],[92.77877533126542,12.824725271831065],[92.77198830147742,12.830914867614915],[92.77248825615386,12.84264664661348],[92.7659861333464,12.848799981902163],[92.76553762698293,12.83635867949667],[92.76437714467134,12.836204780317201],[92.76192035567554,12.83968380490825],[92.76206084589778,12.835770223586284],[92.7645352975687,12.833524989438889],[92.76221242941547,12.82896450712768],[92.76356732691745,12.827356072091604],[92.76350016707019,12.824161034706805],[92.76509889878132,12.822977496861272],[92.7641041170121,12.823017839598423],[92.76417954674987,12.820179881583767],[92.76565836774365,12.81914997457676],[92.76382505896235,12.82003965002924],[92.762887039041,12.825182191077724],[92.76032119995958,12.826419642451185],[92.76025774386625,12.824747549613177],[92.75458992149744,12.822843319418132],[92.75467938920818,12.819729619031321],[92.75328427413089,12.819439987922268],[92.75366753405864,12.817840366941903],[92.7529113511171,12.819218408836008],[92.75426473765279,12.820063970875728],[92.75391818019261,12.821939213534032],[92.75513273299944,12.823815069374335],[92.76006879043274,12.825014192632008],[92.759994238349,12.826360817895958],[92.7605696227632,12.82683550176995],[92.76311671490295,12.826230724828115],[92.76181627327348,12.829149665129348],[92.76391836068272,12.833240119702902],[92.76162339510049,12.835643549516304],[92.7612970317679,12.842146466082951],[92.75672204048496,12.84482493013204],[92.75572571990163,12.84729656194522],[92.75209109943117,12.848416190390953],[92.7529772371533,12.845650776932974],[92.74980847131107,12.845753660105755],[92.74654350039347,12.841226218505382],[92.74507063972165,12.842976710530753],[92.74268406484506,12.839174102314303],[92.74230049499852,12.820798121052832],[92.7400400687407,12.836612021597153],[92.7388429468436,12.837154538314385],[92.73667829267313,12.828346544354595],[92.73785670625612,12.811981445117548],[92.73670504090904,12.810124119585764],[92.73568330159644,12.811349006721066],[92.73507505141926,12.809986525194601],[92.73745611243662,12.804524401044759],[92.73503062074532,12.80739239098318],[92.73490485750384,12.810456533428638],[92.73560973137131,12.811805515767988],[92.73411291981738,12.81839733664604],[92.73505293310032,12.820476195990286],[92.7329262147843,12.82276784731215],[92.73025478952104,12.8363853128012],[92.72799557778546,12.834243295226324],[92.7257975628803,12.828404494304623],[92.72343548685814,12.82865557410492],[92.72199589529284,12.826052509697542],[92.72031952578494,12.815477128566018],[92.7218883651567,12.810044680840235],[92.72046578678456,12.810912438808595],[92.7193343937185,12.806397632526611],[92.71996542696792,12.797602775849727],[92.72073868418808,12.79667171764257],[92.72756971974691,12.800049206560903],[92.72908429638393,12.79947060394265],[92.73093582030424,12.80184755792988],[92.72933295454615,12.799335008886567],[92.73176584566048,12.797983361601135],[92.73185693752521,12.79467056815804],[92.73717909356255,12.794437029895349],[92.73643372004882,12.79580201322908],[92.7373913771423,12.795856102222944],[92.73838095766601,12.794870805586118],[92.73674676316239,12.795716103291438],[92.73732193557422,12.79440987443235],[92.73589890624781,12.793415804995233],[92.73875733919365,12.791065351836158],[92.73548437237173,12.792769688333953],[92.73507357099567,12.78940945696058],[92.73561438105124,12.788715614403817],[92.73499711358522,12.787393839104155],[92.73684693879132,12.784263763840912],[92.73622988153109,12.783902354227894],[92.73532785800144,12.78501201569029],[92.73497298932826,12.783498101808126],[92.7374508635804,12.779296864206332],[92.7348070713936,12.783113909415224],[92.73493199111701,12.785143086671717],[92.73542460476091,12.785278707750818],[92.73666268803835,12.784295511753111],[92.734780640263,12.787231106727619],[92.73533355152371,12.788763221414365],[92.73406265189068,12.78780977683503],[92.73246318805259,12.78945056809127],[92.73490817857545,12.79015067746816],[92.73323759691293,12.79261854913138],[92.73542944578202,12.79377975719361],[92.731833655888,12.793491005567121],[92.7309231226177,12.797658059321053],[92.72755574555437,12.799317106199041],[92.7244912624385,12.79798190393953],[92.72250667646509,12.796617286306267],[92.71972893738455,12.790434821522407],[92.72452306010463,12.76836590381725],[92.73090183793536,12.753742505528171],[92.72916640779077,12.750672481979672],[92.72941847505952,12.744408387860522],[92.73462676873628,12.738139044581356],[92.73647298540989,12.738504755151297],[92.73507823684527,12.739838265933916],[92.73721434165769,12.738877469563464],[92.73734760673007,12.736983689067198],[92.73869256167852,12.739758466000705],[92.74019790183777,12.73918870294765],[92.73847144406628,12.739180026792228],[92.73717217563657,12.735171352749925],[92.73876063241747,12.735112199387682],[92.74141746005739,12.725873648750412],[92.73991179919958,12.725232175461684],[92.74559486238546,12.722961986813832],[92.73955431732719,12.72159843223787],[92.73846236299708,12.717698276221268],[92.74014743538345,12.717932984156631],[92.73837178407035,12.713675885276926],[92.73857014286487,12.703917958596882],[92.74155725139032,12.70113776580027],[92.74233521129098,12.70165728040583],[92.7412996990085,12.702471059288337],[92.7434223201085,12.704179039944558],[92.74335150950793,12.70665123289422],[92.74356028875971,12.703943938099378],[92.74160815352758,12.702507089555592],[92.74388215153277,12.702059176403457],[92.74426385108688,12.700463668892604],[92.74322352293613,12.700703368582058],[92.74447071782545,12.699311104800724],[92.74308539168982,12.700491036864188],[92.74353687057857,12.702005084898051],[92.7412440825126,12.700627007353171],[92.73781895904784,12.699999510975964],[92.73666790545349,12.69914331193217],[92.73420988756239,12.699826298410095],[92.73081189501585,12.696247287899109],[92.73251556432523,12.698877438835593],[92.72940370406128,12.698828363709069],[92.73113901922152,12.697729711114409],[92.72840466966754,12.697906448014715],[92.72744214460351,12.69558130532257],[92.72738405863893,12.692431116422874],[92.73231838681532,12.68983371022113],[92.73513226871295,12.684319199337718],[92.73533886146537,12.681607407533077],[92.73181872319302,12.67499135422568],[92.73519229503857,12.672943308553366],[92.74008997284965,12.67341464381274],[92.74316435719656,12.671936042225257],[92.75197471999115,12.675368989146442],[92.75681207413429,12.672287482463833],[92.76585317639618,12.67181956058521],[92.77468411779732,12.681200337374182],[92.77603716836306,12.685160125493807],[92.78277415031167,12.692752168546221],[92.78509771376093,12.705241619018492],[92.78441981809809,12.708295454140385],[92.78069701540608,12.710225084462795],[92.77490157567308,12.716470192703138],[92.77537078550893,12.71908238455025],[92.78095087840705,12.719870566122479],[92.78144643493185,12.721357805023981],[92.77860251157446,12.728786588124208],[92.7815799560241,12.734025984886907],[92.77674927726184,12.735121102622369],[92.77325641094322,12.729868099535366],[92.77613648250764,12.735577885194562],[92.78111823544279,12.735273916463417],[92.78239949265107,12.733948888892552],[92.77920129350856,12.728492572340434],[92.78254692415548,12.721117988126853],[92.78221775089268,12.718966018261618],[92.78044645461209,12.717532588921717],[92.77732711587342,12.718553189457705],[92.77661792739765,12.717308311828376],[92.78131409153093,12.711193814689269],[92.78558504351435,12.709848154126748],[92.78651637727509,12.705998171699994],[92.78880637427545,12.704212254343728],[92.78676167214489,12.700613902632824],[92.78770769425878,12.69180508263418],[92.79068406701829,12.68807862427367],[92.79207020073936,12.690364327873944],[92.79182651026065,12.687441354214082],[92.79284448383557,12.687387643454759],[92.78946481512419,12.68044070136351],[92.7953743956955,12.679344658199877],[92.7968027439467,12.67533236520414],[92.79508076517523,12.671232444245272],[92.78899209826548,12.671296813249636],[92.78676832686448,12.667563003744398],[92.78741803878363,12.665866837407252],[92.7925397510367,12.663105605917181],[92.79679020526198,12.665433368645838],[92.79878004458321,12.662937113434266],[92.79841661406704,12.6595800509829],[92.79335863548677,12.65380237739744],[92.79057508700129,12.652608713405815],[92.78763712350838,12.65240791316505],[92.7853523870423,12.655482817332466],[92.78223475779762,12.65534060578867],[92.78141542059666,12.653792873545255],[92.78072871156256,12.656054422778306],[92.77980374326395,12.653425379302222],[92.78106941649867,12.63739368232446],[92.77967580789613,12.631231508902436],[92.78578246446774,12.624775719398192],[92.78284654554041,12.61829170466058],[92.78183072522724,12.611392870835681],[92.78273874051979,12.606634929546509],[92.7800194242721,12.60125956072783],[92.77977720972542,12.594275664897273],[92.7772556288414,12.590922385359198],[92.779250726002,12.58305372734463],[92.77869914155292,12.580203930589914],[92.77615101635061,12.590568836105792],[92.77960207597422,12.595130414915735],[92.77979807130124,12.602824445660925],[92.78205278696883,12.606779235342895],[92.7813653871303,12.612930511997245],[92.78260214539263,12.619992370143754],[92.78120648683462,12.622750802388618],[92.78408385357172,12.623426648431503],[92.78412959578598,12.624774689397746],[92.77859875661655,12.629860134135031],[92.77817756442761,12.638224140306457],[92.7759628785874,12.637874309832506],[92.77673772043572,12.633197328978751],[92.77532482769898,12.630911915959793],[92.76926176996136,12.628473894800125],[92.76602840447042,12.63190492108618],[92.7616753913858,12.6248990362814],[92.76499228313014,12.632315786560609],[92.76691696494886,12.63212272451361],[92.76955615776143,12.629338119592335],[92.77473071790267,12.631449818686335],[92.77607904961825,12.634078996335262],[92.77514322068787,12.638054694366872],[92.77815372493659,12.641318380815074],[92.7771993224394,12.645904894278393],[92.77805658830829,12.660386682604374],[92.77628169427499,12.667103800013043],[92.77302914436282,12.670643984725084],[92.76955260582281,12.668487963665802],[92.76183379491309,12.668264956246341],[92.75569862761101,12.669644416740566],[92.7520682561718,12.672229225955011],[92.75034227181246,12.66977108800933],[92.75041286232582,12.666527308565401],[92.74745929509642,12.66609655180009],[92.74498171818662,12.668125616936228],[92.74279987834643,12.667832300524356],[92.73994232125798,12.660416209256203],[92.73516178196333,12.657147173218267],[92.73258664531872,12.657251598502743],[92.73172292685115,12.652808983206139],[92.73514701186342,12.6389646381676],[92.7287254355976,12.635254363710208],[92.7270534390885,12.636222669880437],[92.72367401741384,12.626437264261396],[92.72267523634498,12.625718833403967],[92.72163080289339,12.627274539116716],[92.72023619626256,12.626252506982928],[92.72158891175674,12.623219549668036],[92.72302469356691,12.623192278595258],[92.72347535588708,12.620295097576541],[92.72091186769676,12.619002861175753],[92.7234197223232,12.617429677936595],[92.72234260816157,12.61554508951041],[92.72314357661162,12.617474874773084],[92.71969684507103,12.618555548235317],[92.72137711416558,12.622925822266401],[92.71998313006725,12.62631580999873],[92.72127646961606,12.62775367704545],[92.71799627764433,12.637977543001387],[92.71764714291756,12.643816942400338],[92.7140295383352,12.64249315390806],[92.71347619767977,12.631966892943808],[92.71023588372007,12.627397867067426],[92.71197053772023,12.622877214655208],[92.70951252072743,12.616215485316804],[92.70727129775541,12.614656358377642],[92.7070087507406,12.611673429421728],[92.7023559321164,12.604930378514691],[92.70165228175432,12.61301617516762],[92.69298218280649,12.606612162730897],[92.68864276572369,12.609057322948322],[92.68556859248088,12.614462941117582],[92.68375560538792,12.609188423285557],[92.68525591947319,12.602146797150668],[92.69294075699717,12.602395305942322],[92.69356194111784,12.600953429447381],[92.70022056482081,12.600361082199967],[92.70199680902199,12.601301092403366],[92.702627117331,12.597825441925217],[92.7067453880555,12.59568733733482],[92.70586643505901,12.594417400153997],[92.70708581990375,12.593911104508726],[92.70324796099015,12.589644779618489],[92.70383678150606,12.58650354884632],[92.70644571636493,12.585861614613135],[92.70414469793431,12.579267530694628],[92.70798198731605,12.576098922269102],[92.70700163159198,12.571642594720736],[92.70429140629494,12.569423657744105],[92.70442003875543,12.56532877692266],[92.70911279737548,12.56026187093491],[92.70802176741176,12.551371766302447],[92.71164713882807,12.550200834505004],[92.71186761953477,12.546652915095937],[92.7106806180577,12.545509519131024],[92.71251159660912,12.544537642730049],[92.71077246899885,12.544130954383652],[92.70826535458421,12.546978611628672],[92.70737725314487,12.544113167919344],[92.7040831202182,12.544312282599686],[92.70360451041125,12.539412963984521],[92.70543551591214,12.53967946491702],[92.70571606786022,12.53837778636309],[92.7034433715139,12.537894329487058],[92.70031028495812,12.53346514338991],[92.70016762171122,12.531752209457684],[92.70283607355091,12.535806265548622],[92.70087148677062,12.531670801157727],[92.70116588894375,12.530265156770279],[92.70197558991666,12.531363419811594],[92.70201226363817,12.528723949835898],[92.70049878294577,12.529844855385733],[92.69911390417117,12.525537677507785],[92.70169919716837,12.521614437465226],[92.69830877652137,12.518880169475521],[92.69978999871188,12.518694837593973],[92.69890213352946,12.51649378167005],[92.7002223740278,12.51600553410845],[92.69557158020625,12.514261115771237],[92.69296333345689,12.516055464235526],[92.69502869773733,12.513122175005023],[92.70061778187313,12.51124633527994],[92.70200993520491,12.499836679508624],[92.70395104900685,12.499569458605666],[92.70796920698452,12.492598731635084],[92.70304911530874,12.483162808396415],[92.70052026166424,12.470706905941173],[92.69826127989732,12.468438566595175],[92.70101538430275,12.465165473035862],[92.70168966694153,12.458973133320175],[92.7046188053851,12.457028780216136],[92.70545348581108,12.449326760689493],[92.70107861941052,12.445477111714457],[92.70211045848185,12.43553320866175],[92.69766507163654,12.425156881559719],[92.69741513247672,12.419353482237929],[92.699600998566,12.408663490634474],[92.6972721512262,12.401192814636321],[92.69719989074474,12.38928757100601],[92.69890764559203,12.379664369463232],[92.69949663499123,12.381286837676594],[92.70322054440767,12.379975056897244],[92.70235932954479,12.37519330005884],[92.70515813591537,12.371097523383165],[92.7041642623429,12.36856669222102],[92.70089998582304,12.368834275136646],[92.69938662370826,12.366280969273216],[92.7009197218098,12.357593399017842],[92.69972329431044,12.353797045248704],[92.70066878731666,12.348332283424497],[92.69909998387753,12.328070170780022],[92.70135687885801,12.327314743817785],[92.70363836432107,12.331974087950723],[92.70634532873359,12.329731458279522],[92.70855658660268,12.33004267278437],[92.70641229184983,12.323290632573602],[92.70985116672493,12.310263350446485],[92.7144354277233,12.31434787511542],[92.71512772517679,12.309054886144617],[92.71862385417654,12.30365700746604],[92.71760724514253,12.30146069109925],[92.71918802492105,12.300280474377987],[92.72232818211641,12.302326894312625],[92.72624419715471,12.301737911124476],[92.7290164403423,12.303115445928142],[92.73407162875532,12.300681816345636],[92.74152318907137,12.302125142911486],[92.74384773976915,12.299263080201284],[92.74712652408087,12.30093432139126],[92.7525699832243,12.296271345455322],[92.75402467097796,12.296606193257691],[92.75709934009079,12.298740256384491],[92.7564271729845,12.30362597260195],[92.75972234975353,12.306896840160936],[92.7630673955972,12.314558615634047],[92.76391815946008,12.312762202630088],[92.76473465798475,12.322332964504065],[92.76457984592197,12.31376343000372],[92.76220263238895,12.305168559770474],[92.76333856374383,12.30188746053922],[92.76494484130336,12.303677672505726],[92.76804342356905,12.314744991662437],[92.77053902607335,12.317979302366055],[92.7704744937983,12.318908172802276],[92.7690308175934,12.320550814371595],[92.76878927588484,12.322189175152435],[92.76888732879476,12.326921421755504],[92.77150986863856,12.327387412899654],[92.76905450616746,12.330428752652537],[92.77168842407266,12.332463156779378],[92.77019176433399,12.333934041876015],[92.77186770354886,12.332314023213634],[92.76927977489463,12.330485286323869],[92.77173736518763,12.327525327359792],[92.77114913486486,12.32658738929876],[92.7689632517076,12.326650216232613],[92.76965768355824,12.3247385405913],[92.76924684624954,12.320860435473431],[92.7748210911152,12.31761625528288],[92.77618384348605,12.31929108063185],[92.77476567763857,12.31962985982462],[92.77617873836027,12.323275249700432],[92.77977125838665,12.3233391507534],[92.77818316003352,12.3223151145839],[92.77651201422898,12.323169105393832],[92.77667091901623,12.321209841544878],[92.77497018270627,12.31976096971919],[92.77631484121063,12.319785991796094],[92.77638613240993,12.318997284884306],[92.77490393824229,12.317302192141458],[92.77202629751899,12.316944610930701],[92.77537061123574,12.316253673441032],[92.77732401938063,12.318165819897068],[92.77903428501911,12.317006766148172],[92.77879958847305,12.31867452956801],[92.78203572796158,12.319142836513286],[92.77904321966295,12.318536748242062],[92.77905492740605,12.316733340478804],[92.77740682249025,12.317901490368563],[92.77585097365582,12.316088789285024],[92.77444442212666,12.315873819761062],[92.77842559466745,12.313250757874043],[92.78381306181922,12.313974766037141],[92.79040502064666,12.31183771188303],[92.79217232122086,12.314054876003773],[92.79066941908927,12.31158690680798],[92.79413568180078,12.306455104873601],[92.8015867282805,12.313416211652639],[92.80955752291563,12.315823464173414],[92.82578818465443,12.30724872054411],[92.83120156550719,12.302858134140276],[92.83676132593716,12.306636562032487],[92.83603316863585,12.308166407093758],[92.83607901774964,12.307307727219996],[92.83479199964546,12.306998055023861],[92.83354679362618,12.308733599224581],[92.835106886102,12.307246655384816],[92.83601483132597,12.308428519784963],[92.83706705676435,12.306810557096904],[92.84720433184492,12.30846222657672],[92.85196503813475,12.31369557544192],[92.85534120431481,12.31445241426448],[92.85527561202771,12.318203596783215],[92.85351743384523,12.317937122352765],[92.85653522612583,12.318707465360388],[92.85459813857307,12.319649883815266],[92.85986775214944,12.319337725810678],[92.85893796528764,12.322618929906474],[92.86030110662901,12.323674129907193],[92.85760352511963,12.325536396871831],[92.85651046226842,12.328392791669817],[92.85442772457039,12.326795244949905],[92.8511778767906,12.326160451147246],[92.8505646292855,12.327629372432938],[92.84922678090925,12.326603526718797],[92.84904095720624,12.327796668005764],[92.84795852052655,12.328282516814511],[92.84726385062238,12.325957300728025],[92.8450922551697,12.326965233546545],[92.84527667480596,12.329039659324737],[92.84245378639925,12.32661953425217],[92.84134644123337,12.328034125944644],[92.84265679936526,12.329776382391971],[92.84144096735744,12.329579813234803],[92.84082085762188,12.331417076085192],[92.83916139620428,12.331087101194672],[92.83878006585775,12.331631708160991],[92.8389066869903,12.332770623383789],[92.83663597142917,12.332655414828002],[92.83161936655593,12.335719570089863],[92.83691406019673,12.332813568898208],[92.83915727203879,12.332951449787934],[92.83906042017642,12.33148487691751],[92.83989003500258,12.33131762143489],[92.84084625928317,12.331755983536578],[92.84160881936492,12.32989621187338],[92.84284997128734,12.330221553689768],[92.84229766189785,12.32697884607442],[92.845221593706,12.329435116911835],[92.84569266395279,12.32887464630101],[92.84539576176823,12.327240939973954],[92.84717431284305,12.326305265999295],[92.84733107874159,12.327954884684527],[92.84813331651115,12.32851075688452],[92.84924099225708,12.328128816467851],[92.84939694967186,12.327098408287661],[92.85092098107722,12.328189744782001],[92.85127216396285,12.326501661212806],[92.85395893604442,12.327021272118193],[92.85781395098334,12.329653671708733],[92.85543087953639,12.330632261174912],[92.85447299696578,12.332516996699741],[92.85573511377028,12.33356546441632],[92.85675068525013,12.340570586137206],[92.85874058026688,12.338810074390716],[92.85750079558035,12.335723406849906],[92.85919694060091,12.335524340183841],[92.86023226244056,12.338981686586516],[92.85938046102356,12.342095748952078],[92.85638423459794,12.345139869144719],[92.8551264297068,12.342900497327406],[92.85294526809469,12.343027170091858],[92.8543976687376,12.342206802526848],[92.85353767019365,12.340909746770375],[92.85427583203227,12.342184211659355],[92.84764762528481,12.343655643292307],[92.85477711441867,12.3430225269694],[92.85574080819087,12.345302588555416],[92.85681414134346,12.345383902590614],[92.85962416677363,12.342287765624553],[92.86059304741825,12.338902604843303],[92.85971896868051,12.336459861019396],[92.86150492546653,12.337031385089919],[92.8629756238935,12.336296879862775],[92.86395932853695,12.336443666286426],[92.8639303147499,12.33913958497693],[92.86482215587576,12.339311180283145],[92.86419686465764,12.339001672241263],[92.86471582499053,12.33748980677201],[92.86416842040249,12.33625833858415],[92.86347655324201,12.335973654400767],[92.86546155693206,12.333573646997417],[92.8679354462576,12.33631215227508],[92.86573264243366,12.333343055902189],[92.86914043649826,12.331442233076274],[92.87011331554423,12.333475948331532],[92.86931732915077,12.331277228585785],[92.8711900560067,12.330149401418888],[92.87592732794573,12.331474848700022],[92.87575707833476,12.332643061052975],[92.87617546508508,12.331623994151933],[92.88642330660744,12.334962480225538],[92.87798412858655,12.333308121057557],[92.87491800784196,12.334916102855061],[92.87383056215623,12.337132581304715],[92.87319851920043,12.337175272486258],[92.87300339434093,12.335351591893996],[92.87280551614509,12.33710515984955],[92.87339384168929,12.337421681037545],[92.8747131407532,12.336965609372273],[92.87511562103478,12.335185026022346],[92.87743241118683,12.333780264983531],[92.87695658076734,12.335255738558013],[92.87966860988148,12.33490853198791],[92.87970470329125,12.342227885755165],[92.87813467724503,12.344121057962257],[92.87927688872203,12.345032096197066],[92.88308097726917,12.342603987446758],[92.8857653777984,12.343495086017349],[92.89072323824196,12.339345241151744],[92.89403078481244,12.334150905333422],[92.89871476419724,12.33391701503961],[92.89463512102995,12.336831125042536],[92.89507178220808,12.339344078380302],[92.89017137082357,12.34412904364301],[92.88889552147333,12.347803042598247],[92.88967916142154,12.350180455777563],[92.88548671860066,12.351546487136364],[92.88501518751812,12.355489600171197],[92.88307970794968,12.357204215987176],[92.88086866208299,12.356715525071596],[92.87772856687138,12.359837470433131],[92.87619585145215,12.355618056960129],[92.87170129531974,12.353029328271244],[92.86926411205502,12.357386421622294],[92.8677931980324,12.35769400198941],[92.86906747173762,12.360394187537628],[92.86787272857943,12.361883518426161],[92.86002530227721,12.361226718883238],[92.85592788504371,12.367116365236289],[92.85325175350667,12.365439837212612],[92.85118305467991,12.367426522689348],[92.84995515470459,12.36558703988408],[92.85082185827385,12.365444585234268],[92.84627931863055,12.365424727078379],[92.84687901325296,12.363517323593127],[92.84603064340034,12.362344562378466],[92.84785341943493,12.360956826520182],[92.84578460292886,12.362342334440916],[92.84654803886801,12.363901517522008],[92.84508358373229,12.363074528107415],[92.84436407002065,12.363341296200057],[92.84424234380805,12.364037305915803],[92.8455250985079,12.364466597122533],[92.84363788362306,12.364941357634903],[92.84382393639646,12.364191043971017],[92.84333439229586,12.365031778166177],[92.84567460961222,12.364703868240452],[92.84552276917637,12.363883543200693],[92.84438713336722,12.363852024079264],[92.84542611135011,12.363388685535973],[92.8464124633287,12.364059769416647],[92.8460172450279,12.365628115378815],[92.84950924267562,12.365910315637691],[92.85057394571331,12.367792657846902],[92.85208195207235,12.367455796813811],[92.85318740808121,12.365866962263787],[92.85424523810862,12.3677492846035],[92.8584521384157,12.367857258782873],[92.85910779448704,12.370417610156315],[92.85158495554813,12.379560453884334],[92.85026853378808,12.385689334197885],[92.84604521676918,12.385328218347183],[92.84607719499668,12.383796007668499],[92.84398491629202,12.382828931401576],[92.84600094060546,12.381249177818853],[92.84438247470418,12.381256070851624],[92.84383282342958,12.379610929702688],[92.84431350385329,12.381382622373573],[92.84586762163414,12.38130787300493],[92.84373662913403,12.382706980882599],[92.84576907015926,12.383909033503205],[92.84635604823055,12.3891292738605],[92.84208018875069,12.391968069488467],[92.84461785037658,12.387891053405037],[92.84243407197205,12.391027879542685],[92.83983153760961,12.390756902816875],[92.83924964759608,12.389349095739009],[92.84187270127626,12.387111556578896],[92.8411712293288,12.385543268572846],[92.83846511741744,12.383701645268754],[92.83730928748072,12.389025971841502],[92.83541205997368,12.383968545840506],[92.82970583462651,12.383134848065499],[92.82814232136607,12.381216288503655],[92.82994686339701,12.378488583402778],[92.82729617574209,12.378782422051628],[92.82283129365848,12.374383996208055],[92.82461538733861,12.376454016871294],[92.82099239735612,12.380113519228333],[92.81986124593686,12.379338436328538],[92.82111658495256,12.380235586779344],[92.8248197289129,12.376564021354785],[92.82735132960559,12.378981300488421],[92.82980429087998,12.378630906343567],[92.82788951388555,12.381553037903231],[92.83003228868895,12.383566474269847],[92.83248302124314,12.383607046810303],[92.83215447410606,12.385898623071038],[92.83509707380416,12.384312045132168],[92.83729093310282,12.389554846652471],[92.83877359798768,12.387706162266346],[92.83859851903374,12.384117497281238],[92.84063102024616,12.385507217618997],[92.84118292359715,12.38706420313443],[92.83868878624507,12.389981892770866],[92.8397326977755,12.391290251433691],[92.84130533971587,12.391565840911582],[92.83426350010255,12.394791073010134],[92.83518054795529,12.391808042007613],[92.83405188397109,12.393826117776277],[92.83371157878527,12.393152694096901],[92.83154586819605,12.393634153012234],[92.83089959053622,12.391123479921191],[92.8304721352931,12.392836456232896],[92.8292006984675,12.392081757718595],[92.83045830842426,12.393024076783034],[92.83091803384733,12.391340418774142],[92.83118257242715,12.393830768769808],[92.83362656492173,12.393473643116602],[92.83403589575568,12.395123324126315],[92.83794430206349,12.394108452499603],[92.8373905418948,12.39739654028711],[92.83220605716629,12.39831436779169],[92.83216033202004,12.400802433206453],[92.82741672605995,12.39442299899001],[92.82675233656738,12.395480601060392],[92.82451749971874,12.39360949684848],[92.82357269931362,12.395941693598175],[92.82172648353828,12.396063767780554],[92.82179751961603,12.391098834048694],[92.8194202503875,12.389252454996093],[92.8217009686893,12.391320305512997],[92.82164600077706,12.396325850335533],[92.82329681680838,12.39650439284495],[92.82477730777023,12.393839981263847],[92.82639365634246,12.395783461030915],[92.82774553640338,12.395209450854699],[92.82844228051754,12.396176633004092],[92.82709970430797,12.398140463400853],[92.82490619984384,12.397304378862044],[92.82675484735861,12.398540538432611],[92.82881016398261,12.39700597155514],[92.82611359038295,12.401903233078627],[92.82677328797476,12.399747254065389],[92.82517530905182,12.399060315871155],[92.8243246350205,12.399256953856874],[92.82404883695689,12.399968762927863],[92.82564443175107,12.400224112213671],[92.82140481839463,12.40245920683864],[92.82569039764586,12.400409421749062],[92.82591110652466,12.399815125786395],[92.82425567854263,12.399758577279556],[92.82532249980777,12.399331505061708],[92.82661010002028,12.400022936376775],[92.82541234840416,12.401749583917372],[92.82611591971448,12.402278311841432],[92.8285872317735,12.398068120185922],[92.83021062313749,12.40102396398328],[92.83299042295327,12.401882631069329],[92.83411897015651,12.398205738537944],[92.83731254117866,12.398890379415269],[92.8368183968055,12.400942322467827],[92.83848287261904,12.399749055286442],[92.83953860867355,12.403475528665863]]],[[[92.78047013420297,12.841731145327191],[92.77938619194684,12.861850031352205],[92.77648778217423,12.864167609152036],[92.7729337450763,12.861098287565747],[92.77252155939638,12.856872811751547],[92.77251866502455,12.861956793705259],[92.7689344921438,12.863334211051727],[92.76770091391755,12.861964641532504],[92.7696372944962,12.858648117895159],[92.76725091814733,12.851904951348724],[92.77019294921182,12.845705539243687],[92.77454294395713,12.8415715818311],[92.7726128551787,12.83401065112937],[92.77323171984929,12.831032675744769],[92.7832977342733,12.8246088175265],[92.7845370751921,12.832368407022226],[92.78047013420297,12.841731145327191]]],[[[92.72409485207332,12.832316205504544],[92.72575767408841,12.83420739408721],[92.72623550415769,12.838975419718192],[92.72379868021909,12.835728474499339],[92.72409485207332,12.832316205504544]]],[[[92.76521014255285,12.844935899353768],[92.76540985151523,12.849794036736387],[92.76109639215085,12.853991046335867],[92.75971102020117,12.859856475635024],[92.75786046017313,12.858143130494545],[92.75812315271506,12.8506505540203],[92.75674446872266,12.845896001216722],[92.7609049485874,12.8432354770526],[92.76504026035285,12.836363127139618],[92.76521014255285,12.844935899353768]]],[[[92.72976750288674,12.855674328281443],[92.73012248295103,12.856912609560549],[92.72806359732044,12.855909486002503],[92.72851459022064,12.854910639348832],[92.72976750288674,12.855674328281443]]],[[[92.76412618682201,12.862944301718384],[92.76452985108314,12.873347377573777],[92.75985290460872,12.868628039617736],[92.76174354926133,12.865076631178235],[92.76173948528299,12.856675571573064],[92.76473388094203,12.855637018417983],[92.76538439326009,12.86148945913561],[92.76412618682201,12.862944301718384]]],[[[92.78449242083767,12.882652564444964],[92.78818144687502,12.883837304491465],[92.78973525743206,12.89004232773779],[92.79098756732863,12.891316946096014],[92.787955523276,12.893295744431075],[92.78224821635722,12.893082183330401],[92.78112965482667,12.891572560244688],[92.78207605513133,12.887672779901388],[92.78071389295364,12.885214091094578],[92.78449242083767,12.882652564444964]]],[[[92.79346538768186,12.91109748394059],[92.79025165127818,12.916677992783898],[92.78855353265894,12.91308047400743],[92.78500693271329,12.911809905876718],[92.779838746119,12.910602198912233],[92.77333780010457,12.911947348134419],[92.77361753907729,12.906077112354794],[92.77959925436593,12.90201134141556],[92.78553530739036,12.905659522810021],[92.78772364205003,12.90536169608387],[92.78872003449855,12.902704658403868],[92.78619787869279,12.898284487563302],[92.78275697721838,12.897904171948616],[92.78165700093275,12.89605110447105],[92.79191758685407,12.89228871998514],[92.79716328727758,12.894512999120165],[92.80012379668747,12.897690379230474],[92.79691167186144,12.900550478855036],[92.79558079351351,12.909254048738807],[92.79346538768186,12.91109748394059]]],[[[92.74795141915851,12.895490269369564],[92.74849769007267,12.891418767610839],[92.75148263365831,12.891541768099668],[92.75216758738435,12.893611784472862],[92.75033222954592,12.89672031720329],[92.74883005145644,12.897293681009117],[92.74795141915851,12.895490269369564]]],[[[92.75281971936485,12.889639691674002],[92.75516245645557,12.89264564802065],[92.75665585351312,12.905746979150841],[92.75393215258853,12.91464872298213],[92.75220885239526,12.90103665262776],[92.75296024282477,12.90024605771454],[92.75347983557162,12.901719452416692],[92.75446195918018,12.900300773951319],[92.751796070234,12.891212001011972],[92.75281971936485,12.889639691674002]]],[[[92.76365002941576,12.926527855863187],[92.76570347035742,12.928724713919914],[92.76542034383776,12.932208850349575],[92.76392109066286,12.935371784870556],[92.76018355919345,12.937069864637095],[92.75892680982277,12.935415499525536],[92.76032781156007,12.93477421273624],[92.76014053797616,12.932162125935585],[92.75897500533607,12.932026200715816],[92.76028609469661,12.92776057984314],[92.76136045282695,12.92629671495206],[92.76365002941576,12.926527855863187]]],[[[92.72888429277413,13.094664826871924],[92.72741927798796,13.090946033512791],[92.7307612273389,13.095127098305595],[92.72888429277413,13.094664826871924]]],[[[92.67098804968074,12.949865522173477],[92.66918189607217,12.948866542889377],[92.67172998444359,12.948514276540093],[92.67098804968074,12.949865522173477]]],[[[92.67029675295046,12.951352369700919],[92.67013991339006,12.952500245841186],[92.66867947911355,12.950597469257005],[92.67063774175423,12.950195390420648],[92.67029675295046,12.951352369700919]]],[[[92.66860771899371,12.953177982184535],[92.668446034819,12.956196893751416],[92.6664604948347,12.953381119495125],[92.66860771899371,12.953177982184535]]],[[[92.7193759120543,13.096217306211175],[92.71783623020002,13.098739857341414],[92.7056245789401,13.095253847726694],[92.70316678023794,13.095291017535027],[92.69925206955345,13.098806466664975],[92.69529985959575,13.096421692040591],[92.69477120015273,13.090560168965364],[92.69778744104285,13.074533080943144],[92.69981352109758,13.071163118067222],[92.70276444728005,13.070337135058956],[92.70554043823903,13.071610544793261],[92.70221238223228,13.079434959589863],[92.70790845122687,13.088632018384583],[92.7193759120543,13.096217306211175]]],[[[92.76137336071928,12.920304408788402],[92.76380738281252,12.91776086777298],[92.76609042954752,12.921083042152913],[92.76534085012165,12.926492182454231],[92.76118809217506,12.921908630581374],[92.76137336071928,12.920304408788402]]],[[[92.86639183786725,12.931007345377703],[92.8608255619565,12.933266451578396],[92.85815818629852,12.929839395757764],[92.86391899687563,12.917893103184216],[92.86609357563334,12.918897060694016],[92.87217549439866,12.916827785102528],[92.87215682650873,12.919897153766522],[92.86861314878269,12.926198020226243],[92.87210999912962,12.92957538491898],[92.87902616802793,12.926018866649386],[92.88185071472464,12.922556599459487],[92.88450917460342,12.924120996899488],[92.88281813830187,12.926629628890913],[92.87339073172177,12.931998544452346],[92.87068621701499,12.930018145596218],[92.86563171401657,12.929727920443478],[92.86639183786725,12.931007345377703]]],[[[92.77473632518665,12.931763905605832],[92.77095304611308,12.933123197925553],[92.76882705633076,12.928797871590959],[92.7714453300753,12.926322098042323],[92.7685345855355,12.924744171290977],[92.7716254090521,12.91761837660974],[92.77541129683325,12.927620066115654],[92.77473632518665,12.931763905605832]]],[[[92.79554643744547,13.170512769411223],[92.79313634557306,13.17109337846703],[92.79267520260846,13.169287581051146],[92.79429664911991,13.168320481808712],[92.79554643744547,13.170512769411223]]],[[[92.81457645352712,13.417046067118715],[92.81117617027661,13.419805554338263],[92.81274817620974,13.414157824082219],[92.81220562252425,13.405944998543434],[92.81170702789713,13.407206110132469],[92.81113458995706,13.40578913116467],[92.81305507305017,13.403843245958335],[92.81760043250515,13.41644479322398],[92.81371771172624,13.418456310920053],[92.81457645352712,13.417046067118715]]],[[[92.84318446796652,13.434209939487667],[92.8412716690624,13.442359073042283],[92.83346106200871,13.436641364737364],[92.83181057655743,13.439516061982367],[92.83024986334573,13.438255389208521],[92.82460771033618,13.43914001185011],[92.82144701855174,13.435005099912912],[92.81968308037163,13.42853569498682],[92.82150882174497,13.421662971936543],[92.82742302414839,13.421093039083484],[92.83059701549064,13.419160397769625],[92.83405281372741,13.420642097737757],[92.8376129979968,13.425472752105753],[92.84115896732514,13.426558905563732],[92.84140616572503,13.428488668579506],[92.84489238990045,13.431235738527306],[92.84318446796652,13.434209939487667]]],[[[92.87119381635449,13.512514650162133],[92.86892133201057,13.513252968416747],[92.86630798372875,13.50879550004587],[92.86654145766774,13.507371826943821],[92.86878285670954,13.512547822876943],[92.86757172378897,13.505794585249843],[92.86860662342046,13.503733819905028],[92.86544723239655,13.505269662882283],[92.87018640606901,13.50240762123047],[92.87194587063898,13.503059004144195],[92.872827568887,13.50619616524906],[92.87119381635449,13.512514650162133]]],[[[92.87610197750496,13.538862912491687],[92.87350106190665,13.54107247224484],[92.87328923287446,13.53690957952532],[92.87455046932998,13.535639797031806],[92.87671648085484,13.537737569167351],[92.87610197750496,13.538862912491687]]],[[[92.91725153601762,12.352647251617018],[92.91449808828072,12.355722303229122],[92.91262017724725,12.355706171990873],[92.90954241164161,12.351897896031376],[92.90895851658841,12.34452199236508],[92.90727376400227,12.341859610435888],[92.90953990534199,12.338181239412314],[92.91638023487076,12.349056371947514],[92.91725153601762,12.352647251617018]]],[[[92.95478238502017,12.432524150703454],[92.95412083240728,12.435301364596686],[92.9511558709468,12.428397783996742],[92.94920642886392,12.429645123971888],[92.94746126457491,12.428601033685743],[92.94702686445635,12.415521702174177],[92.94299508173077,12.420251054654617],[92.93630266610174,12.42174650496421],[92.92997284106411,12.417002676980982],[92.92459675646532,12.404257092720044],[92.92343483056108,12.390510949895681],[92.92506239549789,12.390841031414691],[92.92764603559499,12.388294679204096],[92.92757682848718,12.386134369964383],[92.92759540115566,12.388007671296101],[92.92604382111547,12.388859406824263],[92.92631940987157,12.386303640008647],[92.91799508774797,12.37656903240582],[92.9175375883502,12.374309198330964],[92.91839711617698,12.37150275105989],[92.920070542804,12.371832880309853],[92.92027962927962,12.37007033529937],[92.92412738223778,12.367664278992335],[92.92370882929913,12.366019134706798],[92.92747155491901,12.36455977573387],[92.92986152542738,12.358662134803124],[92.93165225496253,12.36086562185721],[92.93560528418375,12.376571959540458],[92.94191623741389,12.383864663562244],[92.94316053703307,12.404315380903235],[92.94614999105974,12.409409073064435],[92.94718650047224,12.407637433096498],[92.95117771348293,12.409221751198077],[92.95263376487921,12.413404532489155],[92.95783506247653,12.41798733997834],[92.95904511921538,12.421858352809704],[92.95477162949126,12.424310088873765],[92.95478238502017,12.432524150703454]]],[[[92.89748702951191,12.408525647945842],[92.8983881358616,12.409422925194969],[92.89733700457124,12.412082667121146],[92.89637386775455,12.410762719888746],[92.89748702951191,12.408525647945842]]],[[[92.9016332656895,12.420607530366105],[92.90312518232346,12.423452926605945],[92.90057713976614,12.426284168530904],[92.89900432445097,12.426240948891705],[92.89797712877134,12.42193122280487],[92.9016332656895,12.420607530366105]]],[[[93.02172370901381,12.276601349797385],[93.02127846622975,12.275168326091904],[93.0253601117418,12.274523563254272],[93.028157062193,12.279917022698182],[93.02603821401718,12.279871021821211],[93.02172370901381,12.276601349797385]]],[[[93.07335449405461,12.325354159421128],[93.07166669617969,12.328309986583255],[93.06380606823603,12.325736302219353],[93.07335449405461,12.325354159421128]]],[[[92.9862576592514,13.000788437888035],[92.98581905771223,12.998786021253995],[92.98820246692576,13.00040818678436],[92.9862576592514,13.000788437888035]]],[[[93.05696001374396,13.225531746917904],[93.05886123336413,13.222458931266122],[93.05760563204038,13.22652169391925],[93.05696001374396,13.225531746917904]]],[[[92.89282557268791,12.898111280651609],[92.89133289787586,12.899313583040612],[92.89053128353711,12.897546014992884],[92.89282557268791,12.898111280651609]]],[[[92.90947195048568,12.915728336446188],[92.90823709126184,12.914286287346881],[92.91021823489113,12.914304417371692],[92.91063307688933,12.916749978950335],[92.90947195048568,12.915728336446188]]],[[[92.93725405475118,12.915049447652882],[92.93811613469167,12.917806836629515],[92.93432470071195,12.920374739079614],[92.92870316313987,12.917070647453102],[92.93240726200935,12.915723349098096],[92.93160062429155,12.913499347912625],[92.93369194449382,12.911153107555306],[92.93725405475118,12.915049447652882]]],[[[92.88848069384815,12.93485293431899],[92.89136510158046,12.937588074080768],[92.88892760660033,12.937850021618287],[92.88848069384815,12.93485293431899]]],[[[92.96513319593195,12.947348581842283],[92.96059504006728,12.94967741992215],[92.9574061780138,12.949081257439007],[92.9544471139932,12.946039476121346],[92.95365832849504,12.942653799155218],[92.94999001850645,12.940597519473028],[92.95350565352429,12.94015402989338],[92.95653837939821,12.943268139952986],[92.96911839292522,12.94524579927241],[92.96513319593195,12.947348581842283]]],[[[93.0027126348082,12.993143957943635],[93.00526359509357,12.998233050763895],[93.00111054160126,12.997145040142863],[92.99219009745512,12.991298439849032],[92.98443928316509,12.99414846557852],[92.98430478829906,12.99188378287086],[92.98824714643303,12.984853487542084],[92.98456489459126,12.984917778991486],[92.98302869999692,12.980736811367187],[92.978816184321,12.979820231341646],[92.9808796342916,12.976560509187713],[92.97838563438177,12.974174352198059],[92.97521047433133,12.974274549336204],[92.97161804144153,12.966509290233116],[92.96569267747068,12.969439726381264],[92.96437182611795,12.975415957521221],[92.96116535079673,12.978983139898014],[92.96030790256984,12.97801140253874],[92.95941869260943,12.978847829350194],[92.96157162376545,12.981577780861613],[92.96716661342596,12.982290951120556],[92.96336043000758,12.983982312122055],[92.95971638710809,12.988937320515411],[92.95819549172136,12.988824565663915],[92.9564844113109,12.983969928573856],[92.95093489167512,12.980688932704204],[92.95298959924133,12.977849828625306],[92.96026568444644,12.975308207201806],[92.96004372690942,12.972555317333008],[92.96446680139968,12.969227501516635],[92.96378885543119,12.967410423750842],[92.9613326144077,12.967320459977818],[92.96369105494789,12.96384383877078],[92.96137732894928,12.962406767145163],[92.95899060225743,12.963582483206302],[92.95786122321424,12.962199423778518],[92.95505533093272,12.964143642414086],[92.95523113482709,12.966869423807493],[92.95301935234188,12.967638221879279],[92.95284739593185,12.961707467905065],[92.95420612744348,12.9589814601483],[92.96100203258649,12.955065683074203],[92.97089099625455,12.955303350053958],[92.97220664276854,12.948273823454944],[92.97450934913357,12.944458082838338],[92.97293761449163,12.943061625505797],[92.96890615066799,12.944337239338223],[92.97097447220234,12.942415630709327],[92.97191710856596,12.936263141193018],[92.97810418052514,12.933115518679932],[92.981298098297,12.93539754526188],[92.97882176196062,12.942888488166396],[92.97870387963916,12.948426023618055],[92.98022536701563,12.950884756575507],[92.98656265256173,12.954350259273367],[92.98630084486037,12.956606016355655],[92.97978079706975,12.957719727862212],[92.97711894335583,12.962498444147567],[92.97578244874073,12.962146164687946],[92.97492122219973,12.963665220867382],[92.97331707544406,12.962169326677211],[92.96937253081067,12.9623735912026],[92.97244193669428,12.963457836528884],[92.98556142088874,12.975492474313251],[92.99158426015278,12.986063997320564],[92.99824488081065,12.98876967803253],[93.0027126348082,12.993143957943635]]],[[[92.93171505887895,13.024208102502346],[92.92905072491655,13.023023687680702],[92.92612844241525,13.024890313311813],[92.92433081202208,13.028876734970018],[92.92173566450623,13.029394042352786],[92.92116869101801,13.021768828178054],[92.91569513831257,13.018097978192785],[92.91499008657865,13.011756415014272],[92.91855069575121,13.004447956365473],[92.92230266674052,13.001531644444883],[92.92718527082113,12.999853087697074],[92.92957800544559,13.00264911183961],[92.93519486728665,12.996195594316347],[92.9409698281261,12.996782741171582],[92.94254165170122,12.99783583419865],[92.93958648008075,13.003789461851145],[92.93831255761674,13.011934381291402],[92.9413967003626,13.01877321190242],[92.93681293343765,13.021457901840748],[92.93896570918511,13.02409763659397],[92.93849102860918,13.025453664633783],[92.93589128261739,13.02624456823492],[92.93171505887895,13.024208102502346]]],[[[92.91311538971729,13.04320391038506],[92.91637002192428,13.040119473739068],[92.91789121285673,13.041032607740554],[92.91602412831907,13.048286941399091],[92.91311538971729,13.04320391038506]]],[[[92.93067680583653,13.052851079227672],[92.93168160202453,13.049614854173228],[92.93233168854114,13.051847717090698],[92.93145134405428,13.053542720798102],[92.93067680583653,13.052851079227672]]],[[[92.91339611324359,13.061080449111888],[92.91628670048674,13.058258032404403],[92.91586256182364,13.062705691921705],[92.91415673116768,13.063017335597674],[92.91339611324359,13.061080449111888]]],[[[92.91246020166821,13.06532463605474],[92.91360358724329,13.062549442026802],[92.91286808980779,13.06743999401139],[92.91246020166821,13.06532463605474]]],[[[92.92233988753598,13.535604769013334],[92.91930747517411,13.536772925800367],[92.91487993066696,13.53343678516306],[92.91306922709148,13.526423885401758],[92.91615222987524,13.5223087646462],[92.91783816015268,13.522855800948733],[92.92039690254333,13.52059603918334],[92.91871112318286,13.523493253027787],[92.92284490062576,13.520984951527799],[92.92462789925958,13.522243913718947],[92.92700655728358,13.521511814961903],[92.9259554089252,13.515816595310074],[92.92725319154144,13.514686637002514],[92.92468160773377,13.514077200641896],[92.92653918360418,13.508740579334235],[92.92369419394655,13.509201512174906],[92.93314188358745,13.499166006383307],[92.92965886010938,13.495389860314697],[92.92705398743226,13.497952609142446],[92.92885531439279,13.49094278952635],[92.9263871823699,13.48239216978262],[92.93234223925414,13.481480978571069],[92.93172347070328,13.479024677679218],[92.92714717237163,13.475386967347909],[92.92792299158695,13.47416211100961],[92.93064747224923,13.475047651059297],[92.93168890442946,13.47202856418995],[92.92964778657685,13.471509066918504],[92.9277105409206,13.473741812005175],[92.92076304687001,13.471643036771662],[92.92699017919928,13.474248032864002],[92.92674536313154,13.476444521485984],[92.93068434449837,13.478975061435028],[92.93160332911887,13.481189541346712],[92.92580072621979,13.482057793812372],[92.92406207830987,13.480995796226424],[92.9279871402814,13.4909247468069],[92.92711414491188,13.4953855600169],[92.9238765519492,13.499448749596656],[92.92471252055937,13.497907632507133],[92.92271741172067,13.497620737453234],[92.9227174728061,13.495641214028],[92.9212164490518,13.496653706882677],[92.92044074482077,13.494886606148274],[92.9199279792701,13.497173453468415],[92.91887034866865,13.496974686425359],[92.91935733346902,13.50042296817418],[92.91757920909396,13.501064851178182],[92.91236771022822,13.497374943059103],[92.90447506992115,13.496925287918407],[92.90305750953819,13.494340133746954],[92.90286246013719,13.48545937619168],[92.8998501565629,13.478268852835456],[92.89396541081594,13.473396581784831],[92.89304830277607,13.476115008289614],[92.8921802930564,13.47522014230119],[92.89096540068637,13.477217653312014],[92.88695687264857,13.478021817270255],[92.88272264289559,13.475696182959123],[92.87545872267609,13.47537674378518],[92.8763229316238,13.472884405581208],[92.87449480791835,13.470678590881844],[92.87068901796204,13.472529438778372],[92.8713300027482,13.468768996815342],[92.87003145207241,13.465045405422215],[92.87154767981289,13.462391940478803],[92.87530091922339,13.46019123070149],[92.87307942954322,13.45309531632021],[92.87336238089141,13.447920576920836],[92.87484740026062,13.446045223917347],[92.87285199946946,13.448498968808385],[92.87252684437091,13.447091112910291],[92.8751617899488,13.444508583738783],[92.87742422933123,13.44470545652656],[92.87526503242611,13.447089265933778],[92.87749339870977,13.444920136824223],[92.88013446181476,13.445144158478172],[92.88200546390536,13.4409050841111],[92.88056101155608,13.437650940917942],[92.88322090873932,13.435999290507613],[92.88356349744257,13.431760031752168],[92.88712077476372,13.432406643310873],[92.88925708798527,13.42800937022035],[92.8890409398532,13.423792615873383],[92.89066149523586,13.423697835085347],[92.89298796383677,13.425948725612114],[92.89720793552952,13.426064191016506],[92.8981957679317,13.426950039066007],[92.89721231481653,13.427501398490483],[92.89699978779338,13.428147651052551],[92.89860869562006,13.428803018630726],[92.8971614549001,13.427862968600841],[92.89840354196872,13.427058510405503],[92.89785889251364,13.426122970904506],[92.89254483389027,13.425456078013358],[92.89075391211566,13.423372446071985],[92.88930418575733,13.423363301148461],[92.8887684089623,13.424122555794176],[92.88909109728708,13.426820669041458],[92.88646985730547,13.432232551117432],[92.8816014097754,13.431088709778924],[92.87663007190767,13.426023986480487],[92.87636784469308,13.422223127601669],[92.87424836320497,13.423544792776445],[92.8719633024471,13.422138886589513],[92.86962675474868,13.42429779938504],[92.8685644789589,13.422770554529777],[92.86967670287513,13.420551035407533],[92.86737933699445,13.418608444233667],[92.87309460837656,13.412681948274665],[92.8745026636855,13.412957907106605],[92.87351426714132,13.414670606383053],[92.8748806136716,13.415610855738542],[92.87848717256925,13.41175845425169],[92.88084533103844,13.406190670934134],[92.87949325155148,13.403926270002422],[92.88108596724518,13.40383606294844],[92.88090875030086,13.401368372638819],[92.88309717209712,13.400442079876498],[92.88300531037616,13.398656904038226],[92.88173139150545,13.39769864436352],[92.87947766039142,13.401291361579993],[92.87776500972583,13.400979328819886],[92.87776201294605,13.403989289960219],[92.87505650560088,13.404605925717611],[92.87383537892276,13.407190181899473],[92.8737547991435,13.403977465964028],[92.87964488267988,13.397269037461104],[92.88265493327937,13.396537175127042],[92.88512403368615,13.39954744965258],[92.88513282729447,13.401450140935125],[92.88185668852128,13.404753548288998],[92.88468140320293,13.407452004061575],[92.88649601714486,13.406304207667215],[92.8867138792625,13.40217113595748],[92.89148710357583,13.403310432072262],[92.89580386424888,13.401857641509567],[92.89169457847387,13.40465728931226],[92.89318058329492,13.40801085066109],[92.89579344828317,13.40889910628204],[92.8946944331949,13.410297828503168],[92.89671839681884,13.412614151709606],[92.89498528163274,13.410053784747275],[92.89600575791404,13.408731895040274],[92.8936191318335,13.407929518016136],[92.89200856751343,13.404494633959294],[92.89539733795525,13.403310643543335],[92.89645253502059,13.401279242962064],[92.89699923892273,13.403317539946984],[92.89938145337689,13.403317686753361],[92.8970593451984,13.40314124029884],[92.89789046021104,13.402020468173747],[92.89664674719177,13.39978774997037],[92.89274165207406,13.397073631453837],[92.88964807072954,13.400182792135896],[92.88786616624374,13.400033560604998],[92.88678163379451,13.398293446115947],[92.88856875389882,13.395514104761812],[92.89314812716373,13.396169747490841],[92.89502530337529,13.392518116751548],[92.89901395439078,13.391408766693381],[92.89881580041218,13.389352399713031],[92.90174228433408,13.391160249543294],[92.90279947835427,13.390794252997976],[92.90340897090151,13.389691486797945],[92.90381220756454,13.394708132189777],[92.90375061098385,13.389601069914068],[92.9024766840283,13.388118664774307],[92.90573869230205,13.383298666209308],[92.91014923439585,13.384998029281661],[92.91163818838598,13.382923543585433],[92.91498038297698,13.38227944863459],[92.91747966587899,13.386613597935996],[92.9211078355474,13.388706009619757],[92.92091850751643,13.390152223144469],[92.924228322333,13.390217605353369],[92.92527832623769,13.393864753035116],[92.92409646492067,13.395446683491585],[92.92596380457984,13.395231828751463],[92.9242626451634,13.395324648427637],[92.9254353086302,13.393914511855469],[92.92453762126848,13.390163320739477],[92.92174026927039,13.389207599995713],[92.91934924683481,13.386410187011256],[92.91952468421655,13.385379719622255],[92.91866150383981,13.385650886663464],[92.91836612160472,13.384710919549011],[92.91924558394598,13.383522186024221],[92.92373476545802,13.384785236391899],[92.91920870630695,13.383332388161307],[92.91817220677592,13.384661148339024],[92.91855532207494,13.385867870064219],[92.9193585030755,13.385795521603127],[92.91783973579768,13.386337897265035],[92.91526654400566,13.382085113250222],[92.91178137894396,13.382530345905039],[92.90996005728184,13.38463196831071],[92.90622351575583,13.382593614417129],[92.90210739919138,13.387842966700854],[92.90237020042944,13.390645034869095],[92.90119761870932,13.390663065911303],[92.8983634923784,13.388859755752282],[92.89845082838697,13.391340880236815],[92.89454520955145,13.392210726937646],[92.892340241686,13.395925636088634],[92.88874890024928,13.39478194958304],[92.8859598549726,13.398526090009524],[92.88233246953341,13.393622039254167],[92.87979137095326,13.39259134581728],[92.88078930221585,13.38925605155299],[92.88149711177766,13.39275426177295],[92.88264180709645,13.393133975322515],[92.88329064585312,13.392225671291307],[92.88353579160258,13.39011731801954],[92.88220160116619,13.390413198698447],[92.88212031261614,13.392727176556178],[92.88198023202567,13.389667432785124],[92.88033233731568,13.388917087074516],[92.87906663084327,13.392342700553089],[92.88242896835789,13.39534853671239],[92.87815846553207,13.396893705034369],[92.87286886264397,13.402336829514367],[92.87091433789318,13.412594018169932],[92.86816212713642,13.409720567009943],[92.86894377462133,13.405921653090743],[92.86733612174109,13.40121060952312],[92.86577593224722,13.402121840238804],[92.86451292251729,13.400407051282691],[92.85832534300995,13.404401973366182],[92.85825214289073,13.408282009669719],[92.85107341889275,13.409296364353462],[92.85091157930947,13.407691978404696],[92.84985269196495,13.411292057632298],[92.84596544996522,13.411385732693427],[92.84623526345239,13.409731465343938],[92.84340488489285,13.407128956761023],[92.84546579442778,13.403707168955068],[92.84397243240451,13.404954930374535],[92.8418624586854,13.403111121377108],[92.84281075263867,13.399987675121704],[92.84101940685925,13.398776558754262],[92.84115933922767,13.391824788966783],[92.84391319390143,13.392927340902604],[92.84631101388872,13.390590121148191],[92.85185073739629,13.391251398162272],[92.85106075354558,13.3879564622814],[92.85762927083567,13.385358627742347],[92.86197158588358,13.389283035788182],[92.86101628686775,13.390458432335036],[92.86475778709408,13.39026970958759],[92.86508498047003,13.387962347145331],[92.86701299953003,13.391082437353377],[92.86933725108881,13.390968737008224],[92.867072924346,13.390766084807247],[92.86369465071824,13.383712116573209],[92.865238157599,13.38121674185884],[92.8590572049635,13.38115928635316],[92.85300493419584,13.378138777007523],[92.85096417566936,13.375435066959986],[92.85024591061595,13.37260116791232],[92.85177345802735,13.370345409152124],[92.8494373478085,13.367242814823014],[92.85149780279589,13.364030995650992],[92.84814199872837,13.36337614817086],[92.84920320282801,13.360659485024557],[92.85194477932846,13.359117731519348],[92.84893548151715,13.360410921299621],[92.84785126796982,13.363588664556874],[92.85113783438682,13.364220959041905],[92.84910041399993,13.367358095157636],[92.85126112636296,13.370666406556152],[92.8472960318691,13.370468133324998],[92.84342623515221,13.375718621169222],[92.84088283149504,13.376051197324058],[92.84383943952164,13.376499449249309],[92.84160084591845,13.377844473564446],[92.8381845555879,13.374449208081916],[92.83755634843837,13.370150746891795],[92.83492497186707,13.3665802229817],[92.83481105740422,13.357585491411118],[92.83195117996736,13.352362923929542],[92.83451925046394,13.346534110959038],[92.83257573816022,13.340755453287645],[92.83369469584783,13.338088623218487],[92.82566590148636,13.328583658693084],[92.82687680623485,13.317843969388177],[92.8299410602803,13.317251631977035],[92.83011166472579,13.314770196009867],[92.82831857441808,13.311543037655369],[92.82244851163445,13.311206617191798],[92.82287305274278,13.309629106074814],[92.82478358789241,13.31017588913998],[92.82521726217223,13.308456045197362],[92.83276679634642,13.305386411765447],[92.83521278310097,13.307264309325756],[92.84109204014153,13.307959714911298],[92.83899214372327,13.306436755352351],[92.84147654603258,13.301089253720308],[92.835800236381,13.296926935456417],[92.83434184128016,13.294239890801517],[92.83811361473158,13.287927374997585],[92.83569087547833,13.285920744974007],[92.83307457084088,13.287152682316073],[92.83257148284073,13.285412496783152],[92.8292123523117,13.286235349002352],[92.82757894742721,13.288626554294092],[92.82337990288732,13.288181578772871],[92.82477083540863,13.280728008197439],[92.82296199404072,13.27890425060194],[92.82140696357152,13.279778973168769],[92.8239976563419,13.27390730403368],[92.82249801150154,13.272072269788783],[92.82733344414827,13.26835876469922],[92.82967741372757,13.269805038003437],[92.82779953054187,13.271007481301076],[92.82886776216196,13.272591705731438],[92.83223387529573,13.27419607540079],[92.83447156160045,13.272471515524964],[92.83520242283078,13.266439454415762],[92.83776732766431,13.2615666012031],[92.84937279756714,13.26431223661018],[92.85067250078146,13.262629526711347],[92.84945898732538,13.262213832129017],[92.85148662056726,13.261119654251178],[92.85300399096481,13.256870632982661],[92.84855086423498,13.242419620270566],[92.85462596209237,13.234144835245086],[92.85159834763239,13.228332614283271],[92.85565760443262,13.224076367613652],[92.8558068559238,13.219818525871242],[92.85073102063231,13.213620171758444],[92.85424176701837,13.21338228144215],[92.84836879998142,13.212585457384344],[92.84870729416362,13.208598740887945],[92.85439567268105,13.20987029569029],[92.85835794736322,13.206904459647365],[92.86191015010132,13.206779524906153],[92.85836843429581,13.200897370493454],[92.86360333966458,13.196256598171535],[92.85766636137544,13.196210235053545],[92.85550881018389,13.190754990583283],[92.85768107308482,13.188372591069493],[92.85856758091286,13.19260768692537],[92.86052331299939,13.192042313020945],[92.8609465497539,13.185998998615759],[92.86291141950352,13.184997383241528],[92.86146059720053,13.184466598479625],[92.86070199419758,13.18569167936011],[92.860223465239,13.191911298263353],[92.85907955594608,13.192318325563459],[92.85775478344715,13.18777589144051],[92.85516745217255,13.190913228302076],[92.85696063590507,13.196400195128755],[92.8627177337451,13.196645512414937],[92.8580085745829,13.200951700996834],[92.86107506902668,13.206533288143495],[92.85827486218257,13.20630785512432],[92.8539849898826,13.209232990844926],[92.84912698616604,13.207617835751131],[92.84799691631842,13.208779631871204],[92.84759381080939,13.212906472128745],[92.85492547837435,13.219136196514475],[92.85200797940196,13.222027167332078],[92.85493029963251,13.220347492665034],[92.85501156841963,13.223077580875994],[92.85066185574533,13.228703373096636],[92.85304541857076,13.232606017942848],[92.8527690626534,13.235399471708336],[92.84933700958453,13.239402388852406],[92.84527209429632,13.238729540805428],[92.84286115441431,13.236747783205002],[92.8430042991582,13.238067676543782],[92.83941954327084,13.239421804907035],[92.83837030293414,13.243844737256099],[92.8321667010754,13.241110725532794],[92.83097876984199,13.242991136577928],[92.82675200059747,13.236609210971311],[92.8277252120201,13.232801004957604],[92.82494048943654,13.225105890363865],[92.82570852385165,13.223625550398703],[92.82902353632043,13.225180169604519],[92.82659417199196,13.220782433156401],[92.82883641006023,13.221401476173726],[92.8251593271246,13.22017676242692],[92.82319615878416,13.21680721148639],[92.82533918960743,13.217871581187817],[92.82840240969198,13.216162821881976],[92.82458253954192,13.21687499119592],[92.82742426202687,13.215543633516496],[92.83178633192621,13.215624750081206],[92.83229371567006,13.214474282836422],[92.82118644962716,13.20139626840064],[92.82281703559828,13.196986994317951],[92.82073882001939,13.196146276833096],[92.82299454898664,13.193983425417056],[92.82033041804345,13.190035244384552],[92.82165426258271,13.187189822317208],[92.81781852638812,13.184500560608246],[92.81969362838967,13.182816831892012],[92.82299415193127,13.183044938494586],[92.82190084563663,13.181349988526915],[92.82360054259583,13.179568987126917],[92.82470073896872,13.181569132242911],[92.82348539294944,13.183001961232748],[92.82624152934403,13.18288203908986],[92.8287668175752,13.17861729448398],[92.83438708223451,13.175459682531109],[92.83365574220215,13.171990617368118],[92.83497671392912,13.165929100213862],[92.83887427218158,13.165526465512944],[92.83726878244455,13.162362685935047],[92.84257307458415,13.161950762002744],[92.84359717826257,13.163295348547964],[92.84438118831669,13.162626291766463],[92.84433491340144,13.1613968775527],[92.84807578121382,13.163095944736664],[92.849039574699,13.161305838550687],[92.84812653153581,13.16294676680502],[92.84420107610222,13.161030738351162],[92.84380928307758,13.163055750807745],[92.84311728386476,13.161688580359812],[92.83695048508488,13.16215928916043],[92.83821008031839,13.165531110191534],[92.83491669479005,13.165034174568282],[92.83379165999959,13.170776964755854],[92.8332311948056,13.169938502218379],[92.82974652830889,13.17161574630509],[92.82749566731218,13.174049857027162],[92.82634001614021,13.169464403198955],[92.82488261367774,13.173848865692133],[92.82514081374491,13.170223824505774],[92.82757148961372,13.167814542477343],[92.82681018896999,13.16356349050228],[92.82430093476835,13.161348791630424],[92.81911655244781,13.16229359478238],[92.81758994377587,13.16359315457743],[92.82399421399772,13.162126272124473],[92.82625441657508,13.16383693290643],[92.82704566435545,13.167482310881168],[92.82509688792413,13.169195524217413],[92.82308374001626,13.174517888314323],[92.81772377568521,13.169855660474044],[92.81435888066703,13.174317009321662],[92.81349636953514,13.172979023252838],[92.81508077850744,13.17271458362517],[92.81557426800875,13.170764199597937],[92.81315497828616,13.167984454721346],[92.81253695713363,13.157949960829402],[92.80855433381366,13.153493085647685],[92.81247019344339,13.153809601282775],[92.81641364931866,13.151061423817174],[92.8161899445584,13.149895174875587],[92.81737298895666,13.150290748838215],[92.81682408058882,13.152017375977167],[92.82019321116358,13.145223730786826],[92.82634369923286,13.150658818925177],[92.83049476655005,13.151187456836562],[92.83108956176095,13.14954203756481],[92.83240868295843,13.149727293530018],[92.83288104857587,13.144411714639514],[92.83789944468977,13.148788930941931],[92.83648337012026,13.14747372703174],[92.8368982543393,13.145466823188231],[92.84169965790478,13.146971519299523],[92.84516727797066,13.141540295643237],[92.84680475581663,13.143366149811554],[92.84635806943992,13.148383439967875],[92.84821472274052,13.150385570886275],[92.84659326814423,13.148369926593894],[92.84733070144918,13.144346990576816],[92.84649748797202,13.138719616429405],[92.84168264291496,13.139504397115656],[92.83873992284262,13.13664353648896],[92.83970364446262,13.135052406803565],[92.83850915642591,13.134998297877942],[92.83950532249901,13.134288514727833],[92.84316267034615,13.135757196952948],[92.84072427166086,13.125864332699612],[92.84313601912832,13.124291093004171],[92.84304817377499,13.122171281155113],[92.84609648811404,13.1221347129359],[92.84702061828446,13.118351340423843],[92.84613099150576,13.12155164511632],[92.84305732131953,13.121863918624861],[92.84256417497464,13.12418719741539],[92.84045675786082,13.125525415570245],[92.84079599584807,13.128059822904385],[92.83917929783127,13.125726630229943],[92.83893043215821,13.127323186602148],[92.83377007977151,13.130548742742876],[92.83421022820959,13.126528082331516],[92.83594640934571,13.1244116203357],[92.83349312018628,13.126355436352421],[92.83306856560321,13.123498761832526],[92.82945311338426,13.125390681267167],[92.83053017903687,13.127859493742266],[92.82871334445957,13.132393226643204],[92.82491305488779,13.128716310720673],[92.82296936561595,13.1341088161869],[92.8195910614455,13.1337744796037],[92.81810139868458,13.128083775084065],[92.80938056019455,13.127087015475121],[92.81114913817309,13.125232896402874],[92.81053122661503,13.122570551443866],[92.81201622622132,13.122550219761143],[92.81597069723858,13.117885582498419],[92.81547268202485,13.114983694394201],[92.817677002205,13.11489322697458],[92.81781993135321,13.116461740354735],[92.81894056709378,13.115336240112379],[92.82346448645784,13.116102282946539],[92.82368116549425,13.113851277519931],[92.82913405694818,13.109005530854152],[92.82482938490391,13.112802544113173],[92.82117935024147,13.111912256796332],[92.81937616915819,13.106422623948774],[92.82106616521061,13.102741068349648],[92.8185715194121,13.102625810589636],[92.82162403966329,13.096281882831603],[92.820358162511,13.091352747074449],[92.8204919333349,13.094082918021533],[92.81781060414563,13.098851632028362],[92.81517753065678,13.10043813048321],[92.81362354762318,13.099041483778395],[92.81229774565493,13.103462073384428],[92.80980538876379,13.102420097393344],[92.80933042342191,13.100729609094815],[92.81139626560606,13.101920662974278],[92.81048322873109,13.100781653717185],[92.80661215191488,13.099615360348198],[92.80697892955382,13.093572031836871],[92.80444541724623,13.08741787771652],[92.80874993028867,13.083666413785728],[92.80611257902245,13.080217496007089],[92.81094940495619,13.081148771990655],[92.81029010801298,13.077772259868793],[92.81285838602038,13.076210632371495],[92.81328498427072,13.072870282553762],[92.81681909673563,13.076106635114682],[92.81836139717896,13.075071597031819],[92.81695515107698,13.075740582377374],[92.81322507023451,13.072336882369353],[92.81250798916068,13.075939445416772],[92.81080655126645,13.076845648115425],[92.80802413016667,13.07202264547447],[92.80883313135197,13.076045583049245],[92.80430313668161,13.074969630231012],[92.80169555019401,13.077742543434347],[92.80075466734183,13.081598104736031],[92.79748092257888,13.08154822169376],[92.79655400134284,13.08284081214489],[92.79847678052981,13.08265569565652],[92.80129620772773,13.085797282003826],[92.8006041618025,13.091578378524968],[92.79843453994854,13.092563619613278],[92.79256705173648,13.09076649229792],[92.7939320004882,13.09024229353473],[92.79634655249596,13.082063399309853],[92.79534649492109,13.076639237880395],[92.79653906595294,13.068159662850952],[92.79553195031487,13.06428591248484],[92.79316218920547,13.06312404670665],[92.7914780205243,13.05348027961584],[92.7990089703519,13.043597834592562],[92.79580973455356,13.04730401589396],[92.79218170502232,13.04781666847872],[92.79579363764196,13.03902782783659],[92.79143282718066,13.037913214732956],[92.79176945915528,13.032823680668239],[92.79436930396176,13.030407934767066],[92.78774566874078,13.019805429422522],[92.78927608626952,13.01556585377656],[92.79065425373066,13.015452980614509],[92.79141483662048,13.012894734594342],[92.79483493311287,13.012933559629536],[92.79799915258145,13.010117817240761],[92.80015162380005,13.010036627622055],[92.80143992380015,13.01247753334826],[92.8047955113737,13.01271512091711],[92.80388043891625,13.008479772307982],[92.80494507907186,13.007173541578423],[92.81110766744798,13.010193213516468],[92.8140711808242,13.007560424698195],[92.81558569368087,13.012193436601521],[92.8171712605815,13.01199909985015],[92.81714851703516,13.015682993663605],[92.81456276050726,13.01636544675451],[92.8129383127245,13.021726146579994],[92.81112439497691,13.020539609738996],[92.81254652239477,13.021965670008296],[92.81333018120759,13.022182656465615],[92.81482092643844,13.016808382037519],[92.81738817587487,13.016089740087617],[92.81791794024568,13.012455682793647],[92.82025482211735,13.012265858152537],[92.82285452588835,13.013172110406126],[92.82578192249856,13.01778246017531],[92.82898059056168,13.016200367108365],[92.83141034296237,13.020564428323603],[92.8336482915752,13.021079579028347],[92.83481185420987,13.019172030728484],[92.83493448143268,13.02229083454638],[92.83693971248799,13.023113352079209],[92.83514645239867,13.022024119417035],[92.8350929155027,13.018860148012545],[92.83431854706653,13.018824002094444],[92.83378880425529,13.020650134998355],[92.83188499030061,13.020207284476617],[92.82906345745168,13.015355181614133],[92.82573574999128,13.016869453107395],[92.82318381054225,13.010726773981634],[92.8226026742153,13.00750400074329],[92.82428468424484,13.003946712524028],[92.82938951805205,13.0015432542397],[92.82241826715547,13.003610056898207],[92.81529575972797,12.998862206988994],[92.80673241477187,12.999089307563242],[92.80743414094259,12.995590810386183],[92.80600110707883,12.994699692796141],[92.81051313005362,12.994638265268527],[92.81224234834798,12.991727818279703],[92.8153624587395,12.991729037601406],[92.81691147049628,12.9901294057839],[92.81792199524088,12.98599361554589],[92.82160522175474,12.982654389056293],[92.82044893996542,12.981008541162586],[92.821744050992,12.980602173174988],[92.82194780866136,12.977071807680884],[92.82132472101063,12.980439287029425],[92.81945860485686,12.979272340386412],[92.82129185075607,12.982613591491655],[92.81528082164311,12.987402978665402],[92.81208809324067,12.984047587687733],[92.81234671731266,12.982329935880484],[92.81132328377744,12.983369222892453],[92.8113684546632,12.97185123896815],[92.81042886628333,12.984462801543433],[92.80579767909116,12.983140931471103],[92.80181050400766,12.985254770710426],[92.79942538799511,12.991939396329608],[92.79372150904746,12.987502274127328],[92.79214346643563,12.98064859700683],[92.79675522306819,12.972125250986107],[92.79540669731651,12.967631345568822],[92.79645895150097,12.96351373297934],[92.79112943017658,12.969564074177521],[92.78968598753366,12.96078926212129],[92.79207861076705,12.95830417906759],[92.79025668813199,12.952545996435717],[92.79487953716168,12.94951450828197],[92.80074870252834,12.952164896764723],[92.79850512327535,12.950771610652101],[92.79965326542987,12.948751540924498],[92.7985988130679,12.947336907358254],[92.80022524792409,12.947337151616304],[92.79741205772922,12.943179164643915],[92.80016454965866,12.939107887594917],[92.79807656310443,12.931176570324983],[92.79377878652828,12.929720721764136],[92.79191219965732,12.931125830519713],[92.79225488088704,12.927578406753174],[92.79410309271891,12.926006083594016],[92.79300882253197,12.92149584108614],[92.79494977643375,12.918572319596523],[92.79333950855774,12.914156890451325],[92.79706336227862,12.910962506042239],[92.80072153567752,12.900112703529164],[92.80267552503243,12.898359568314232],[92.80370264705019,12.898676043287278],[92.8040492871554,12.906430865858995],[92.80543993221582,12.907750621905887],[92.80804786455478,12.90654433922745],[92.80931364289239,12.909057102850447],[92.80790995429405,12.905870976934612],[92.80541707009182,12.907361976054215],[92.80412782686065,12.905924736637063],[92.80420405070917,12.900275870696568],[92.81064418257549,12.900028084927726],[92.8236175683654,12.896739238341919],[92.82597285671726,12.892983985128367],[92.82729003036725,12.893761331412499],[92.82686458914698,12.898388875396213],[92.82828782867915,12.898931226982304],[92.82764489005729,12.893304917035818],[92.82623098581752,12.892514010474653],[92.82852249558086,12.886494658073854],[92.83714838394198,12.89222055170409],[92.84056625351079,12.89261822820786],[92.84266267165229,12.890982287194866],[92.84334075685966,12.887742075552591],[92.84056479913836,12.88214293598051],[92.84121580642812,12.877036335226174],[92.85003142077389,12.879336321423608],[92.8554115441982,12.879078438942123],[92.87246827601102,12.88385576248309],[92.86937229616467,12.886590101273965],[92.86825253717986,12.889885302035463],[92.87021885681034,12.899383094380342],[92.87514334843435,12.905897853284777],[92.87399595816973,12.908876638448383],[92.87026865491812,12.909716818954506],[92.8644594952158,12.904639299021905],[92.8647086645194,12.901050120834707],[92.857853303481,12.901401289561214],[92.85463623253098,12.91045951103348],[92.8577921551596,12.910722413424086],[92.85793930010146,12.912865131322079],[92.8507567627551,12.911543481205703],[92.84724125889132,12.91248283451165],[92.85363149383515,12.912850584139358],[92.85856064681717,12.91769761056392],[92.85552306644746,12.92689148286701],[92.85571101197118,12.933626962401124],[92.85203402335868,12.934096218858977],[92.84904859378447,12.93208388504556],[92.85099321011765,12.930877419568104],[92.85045885625406,12.930095253312953],[92.8457684125925,12.929596793603597],[92.84420168875323,12.930355802606003],[92.84503079513291,12.931766399995254],[92.84407256221935,12.93095698289335],[92.84265756113663,12.933334335500122],[92.84428438406503,12.931635105248816],[92.84524262596176,12.932421919239896],[92.84470854428767,12.930251970083845],[92.85038507043323,12.93048851201627],[92.84875835350606,12.931844227734048],[92.84977181394497,12.933155408554224],[92.84766578382997,12.935053447745528],[92.84915790977139,12.939578777062975],[92.84803896466022,12.93528860793438],[92.85011738146174,12.933196179201827],[92.85217218155441,12.934557335584078],[92.85528698829248,12.93445410366742],[92.85600563962146,12.935475884046335],[92.85267817111294,12.940067855080772],[92.85227668706301,12.943937239318233],[92.85019838165259,12.94493122182957],[92.8491067058002,12.942630049646322],[92.84724025906638,12.944198154114025],[92.84886702809585,12.943045867526505],[92.8497422512873,12.944641798464998],[92.84804985044485,12.952204029820393],[92.84718843435934,12.950617138338142],[92.84846512722764,12.948976558117698],[92.8484146832312,12.947557132597074],[92.8431664405754,12.946647125166093],[92.84227267705484,12.945783474708932],[92.84342975654813,12.943175513844364],[92.84239280875778,12.94411547302168],[92.84033191718916,12.949887464902627],[92.84103677758188,12.950674219548857],[92.8410972458786,12.947867055326853],[92.84316594021378,12.949237325811868],[92.84466821621965,12.948781174771756],[92.84561697100861,12.951403275230097],[92.84447835099611,12.953780707775302],[92.84402710297441,12.951990498958105],[92.84201792112847,12.952469104896132],[92.84393906627994,12.954539990713693],[92.84242260497744,12.956650605357066],[92.84442283870482,12.954924359183934],[92.84242802631019,12.95250538303307],[92.84379202464434,12.952365629139512],[92.84397147300379,12.953753447003972],[92.84481471347617,12.953907370214592],[92.84589806823406,12.951349105100169],[92.84504148777974,12.948627581949028],[92.84260390296808,12.948554585053342],[92.84210192708225,12.94708982839698],[92.8479261452437,12.948122059184982],[92.84799508555186,12.949152732612681],[92.84685208265908,12.950449794828277],[92.8469117577434,12.951729088930295],[92.84810479140762,12.954242752838846],[92.85037650409869,12.95456428011658],[92.84725666679506,12.955630301987732],[92.85019623917064,12.95789578411743],[92.8479747521854,12.960074058739764],[92.85145829668635,12.9614220218387],[92.84877193782977,12.960214396597767],[92.8505464734353,12.957787381887277],[92.847763529516,12.955770567061679],[92.85423341268623,12.95474151170666],[92.85137177365311,12.954993967097312],[92.84819256759067,12.952958977048217],[92.85004997457777,12.950694720315795],[92.84981116913758,12.94583972882074],[92.85365445836709,12.943774835211759],[92.85554352737469,12.944819494991918],[92.85362276760048,12.94005904052229],[92.85871503936674,12.934915956043724],[92.87000387289484,12.934895567796975],[92.87217827019289,12.940437978706287],[92.87591953236569,12.944624485721715],[92.87391483131641,12.948579542149858],[92.87221449834999,12.948633510647758],[92.87205285639607,12.953303076988751],[92.87606141048504,12.960188312235525],[92.87275252183152,12.963329479756194],[92.8799503242495,12.968040831931981],[92.88022213289491,12.969812871129808],[92.87748460330482,12.973067183433272],[92.87989473919467,12.97414338203808],[92.88167345376289,12.977448039791987],[92.88192218379032,12.980729889900232],[92.8798345439858,12.980232368362564],[92.88065934563865,12.983057735477376],[92.88521257343722,12.984681130318588],[92.88617103003128,12.990838033949634],[92.88431827631734,12.992591737288041],[92.88696371691272,12.991452897405942],[92.885461501094,12.982118087040112],[92.88937410253419,12.989102538221204],[92.89546688642287,12.995856561348111],[92.89849021502062,12.994107379297875],[92.89720881767514,12.987100663711665],[92.90465627897858,12.984967444293238],[92.90573920074851,12.983200008023942],[92.90507538258447,12.979805154970451],[92.9096376591129,12.977707826131851],[92.90523647207448,12.975967333969297],[92.90682569691499,12.964693482105034],[92.90984862216916,12.963631266844532],[92.90794058164106,12.959956121371517],[92.90729041337775,12.953252323301708],[92.90965390155155,12.947303514916465],[92.91151090250013,12.947466285299447],[92.91417933996678,12.952502058916242],[92.91398175372339,12.958758315797779],[92.91602772247853,12.95836504391124],[92.91716158680993,12.96098235905704],[92.92094971229447,12.962808554885363],[92.92321222803366,12.96193153581256],[92.92492599620347,12.95836035068736],[92.92631308213872,12.95867220607325],[92.92933651224608,12.961999088019255],[92.92710211377528,12.966022365112757],[92.92717166403953,12.969028436368966],[92.93339725306315,12.967577029275143],[92.93500220560766,12.974895457130488],[92.9367764384809,12.974841073267958],[92.93350063477932,12.97951542463154],[92.92914534716036,12.977856701151781],[92.92749494076082,12.973869781923085],[92.92407123124434,12.976442030774203],[92.92441706645904,12.977974438328854],[92.92664765517472,12.978584606635483],[92.92777260372692,12.981884453051059],[92.92637657596133,12.984492790905424],[92.92997174332287,12.987494163267726],[92.92962180999379,12.989623294215269],[92.92472730772725,12.989090107660424],[92.92036686557519,12.983629577272817],[92.9183577088821,12.985365444740903],[92.91594732505723,12.98455630864233],[92.91573978368388,12.982956084418833],[92.91328351032105,12.984059055618348],[92.91520560768669,12.987377042460471],[92.91107186348144,12.99015253715618],[92.9148972133547,12.99150417286798],[92.91302170261967,12.994315854966704],[92.91439088602964,12.998424909830103],[92.91324353259596,13.001322480733936],[92.91281922684622,12.997968337824458],[92.90823331115111,12.996259540585607],[92.90561101385244,12.998393086652266],[92.90477767730606,13.002544851705842],[92.90052024406931,13.002669137419744],[92.90079645805288,13.006366526435398],[92.89688774631789,13.008431449110118],[92.89898018582096,13.00957988005202],[92.89637142523526,13.009366984898111],[92.89578143780781,13.009751052395123],[92.89609930756941,13.01098057028432],[92.89405744950503,13.011226461052093],[92.89637584943804,13.01121562368269],[92.89626999915149,13.009624572457778],[92.89892943460069,13.009959569186922],[92.89746365085661,13.011161651265443],[92.89960242456374,13.009792468683202],[92.89753762262869,13.008169392970371],[92.90129424419621,13.006479586664902],[92.9011654976497,13.002664701489966],[92.90247405376113,13.007813172174082],[92.9039582637483,13.0068145360013],[92.90389392550935,13.003867433367448],[92.90605560086632,13.004444146289748],[92.9069356992148,13.007156269949636],[92.90398765303112,13.014968602110876],[92.90071976977539,13.014041460023373],[92.90452683354275,13.016907700742237],[92.90194521196013,13.021994540690365],[92.89860365786794,13.01971814705616],[92.89634501476594,13.020020574556689],[92.89512828264618,13.018201072111243],[92.8961375695123,13.020196820343717],[92.89834085303661,13.019993844435005],[92.90185069392086,13.022842090239697],[92.9084623716671,13.033503442635352],[92.90858662753551,13.036450466723206],[92.9144221159605,13.049376125857338],[92.91437136833348,13.052151356731835],[92.91232444377088,13.054847282232735],[92.90466012825956,13.058068955212052],[92.89689215794424,13.058282346656545],[92.88945021050002,13.050811571813545],[92.88893661310935,13.047159378793557],[92.88630480444843,13.04403095814119],[92.88357566242817,13.045103781499233],[92.88122642243309,13.048502316436599],[92.87766084467874,13.047610919200396],[92.87450518166324,13.048493805017916],[92.87497369799968,13.0454474097846],[92.8732723912595,13.046522728986023],[92.87236943707524,13.043647709548935],[92.87314330155654,13.046897850204756],[92.87479850406137,13.04560104947802],[92.87387357888194,13.048642778430658],[92.87781284142145,13.048008701800828],[92.87900439286543,13.049012509204312],[92.87495593830648,13.054302091401626],[92.86941088868761,13.05483960587577],[92.86654745661718,13.052564327362713],[92.86975557495705,13.051291365487035],[92.86808622488479,13.049325546711936],[92.86894985172422,13.046785141849087],[92.86330658570206,13.043805150204326],[92.8687517264917,13.047060844086001],[92.867629970552,13.049592247295255],[92.86929928648827,13.051422516478317],[92.86612797841379,13.0526593209502],[92.86837825909883,13.054821782760124],[92.87091405941544,13.05565742445859],[92.86338916423284,13.059109907513674],[92.86279504096181,13.061415149550367],[92.86505956713063,13.064768591322467],[92.85986414990515,13.065736717479027],[92.85440041668406,13.063086619155122],[92.8497995817687,13.063548219102444],[92.84865538681156,13.059464481094958],[92.85055150130596,13.055226781176346],[92.84819093175852,13.054347912488062],[92.84569706839262,13.054895092314716],[92.84347889349586,13.05075504044893],[92.84537431718576,13.054831862136044],[92.84322656841064,13.057177956518549],[92.84419299126465,13.060509150095774],[92.84138537601443,13.060111563508105],[92.84424841911431,13.061006273317567],[92.84432821017279,13.056332598561259],[92.84915462014082,13.054969295321836],[92.8500168923208,13.055886769199944],[92.84815749646366,13.059392285124948],[92.84929250345209,13.063909897969591],[92.85423924365075,13.063723955216016],[92.85939414685691,13.066496232605555],[92.85760867336448,13.070571194018422],[92.8475450286962,13.073499252552372],[92.8460470394509,13.075289359406112],[92.84805983162595,13.0769796284715],[92.8463558461096,13.075094947974529],[92.84776634214118,13.073747796396143],[92.85794087035656,13.071529387605093],[92.85840745351852,13.075256129445835],[92.85620835614341,13.075272223786468],[92.85339428559958,13.077894181126489],[92.8577793649466,13.080027055748106],[92.85389222355818,13.077772124241239],[92.85866113955136,13.075531811276921],[92.85839712558769,13.07080838977834],[92.86013873254815,13.066825997391902],[92.8663181661325,13.06465542733514],[92.86407616791436,13.05966570158815],[92.87584085611647,13.055102383575733],[92.88557163454784,13.045488505930933],[92.88888754802686,13.052303117780367],[92.89485913570896,13.05879501759719],[92.9038117808648,13.059994383397308],[92.90965265289329,13.06256254883082],[92.91193681174263,13.066929096378423],[92.91157247752128,13.071254691846708],[92.90821826077685,13.07674596497527],[92.89962412965765,13.081425119237887],[92.89809926820894,13.093597130947735],[92.89380892968335,13.094199726706137],[92.88711679073542,13.091784739503408],[92.88535081697289,13.092446489915929],[92.8855047720429,13.095994699343034],[92.89101407500173,13.1013045333992],[92.8887517452138,13.107252341751998],[92.8865982750686,13.108065483360173],[92.88375817404275,13.106399284723938],[92.88150773884747,13.107917406746298],[92.88067363783483,13.105033518008279],[92.87683762316249,13.103473190183676],[92.87662803632522,13.102191715472314],[92.87299206119532,13.103610049437904],[92.8728696989755,13.104563734726236],[92.87646194771067,13.102535169764826],[92.8764686742955,13.103859496458675],[92.88011562773652,13.10533618138677],[92.88114570521158,13.108541098212786],[92.88367048409796,13.106783472615376],[92.88600800107857,13.108313979214515],[92.88855791033502,13.108074969996398],[92.88826444690139,13.114072940857023],[92.8820081157321,13.123045928277913],[92.8824111565624,13.126524078174466],[92.88030146401596,13.126524603080334],[92.8790004402782,13.130128888414651],[92.87693207382807,13.130941994602784],[92.8758972047393,13.129142771583954],[92.87398516760652,13.131040735478551],[92.87623956706712,13.134295668968848],[92.87498927478671,13.13581408498288],[92.87643906043385,13.13601838978872],[92.87859214610008,13.131656563094452],[92.88317865378497,13.128247368785061],[92.88292582294825,13.122797506800131],[92.88926969763693,13.113716022383837],[92.89224513525023,13.101042656230117],[92.88780089285859,13.096743239533357],[92.88697368282246,13.093357584215319],[92.89225033559742,13.096075251760777],[92.89847946128833,13.095848138760191],[92.9003356259054,13.092395178502262],[92.90120087779715,13.081990400574444],[92.90796920825423,13.0796161549519],[92.90988700448631,13.08159164983996],[92.91202633514891,13.080122888401656],[92.9099561945261,13.081225529993139],[92.90832419191177,13.079381175312335],[92.91257513212565,13.076140899236652],[92.91353181095376,13.074314954764398],[92.91263282103489,13.07169329364881],[92.91637651854043,13.066981594414816],[92.91933861257847,13.058714931674507],[92.92178421934562,13.056997517388805],[92.9246170925267,13.058242998433348],[92.9245573644418,13.066026413499042],[92.9283262866405,13.06859402441586],[92.92852462207883,13.07267556120388],[92.92877342307318,13.068562329265118],[92.92546094744672,13.066351878883324],[92.92511042302624,13.062179951152197],[92.9282223102396,13.063233317343379],[92.93250042628746,13.060711362950208],[92.93410487667371,13.062227937454539],[92.9355949014557,13.07748737535839],[92.9335692759485,13.089379278108185],[92.93601313818736,13.092213331935278],[92.93540002632786,13.093718429281596],[92.93829079413237,13.092136531856385],[92.9394482527147,13.094012398979604],[92.93847323118679,13.096457589495273],[92.93884729326436,13.103282732027852],[92.93797835199173,13.106546138246351],[92.93665975990193,13.108426417108369],[92.93748026311613,13.105343858796742],[92.935691226007,13.1047245828261],[92.9333999111781,13.109493029457385],[92.93617537123275,13.104937037979516],[92.93709299221062,13.105538176369977],[92.936120245217,13.107789117879342],[92.9364523487843,13.108674947594485],[92.93697338153056,13.10847614509837],[92.93800150786478,13.107061401819223],[92.93901103368276,13.1043042478122],[92.94163994617521,13.111319216279535],[92.9419241255204,13.117947733532265],[92.94345780842518,13.122440553750018],[92.94466134339507,13.122440521380264],[92.94240369382977,13.117531882975483],[92.94245608178053,13.111660509963176],[92.9407404954206,13.108268230273872],[92.94064338035186,13.105339338092788],[92.94298573476024,13.104609350492652],[92.94134629050211,13.102365250719462],[92.94377409984685,13.103628578591833],[92.9416505705501,13.101958401356047],[92.94109276167443,13.102658988738385],[92.94258449235713,13.104509963808477],[92.94019148284818,13.104204806759661],[92.9405756581592,13.094776259550658],[92.93916192639598,13.088714965398449],[92.94539100088295,13.089802089398107],[92.93969670785769,13.08822227027886],[92.93888990305321,13.08880993369704],[92.93875639184243,13.091200905043372],[92.93470351218244,13.089420015201291],[92.93645285004422,13.084054855484098],[92.9386335157863,13.08278030949568],[92.93649431268447,13.083783673655422],[92.93772030912972,13.078047878511747],[92.94139488756235,13.079123655150442],[92.93793698816616,13.07739703504227],[92.93713195483942,13.069884778649277],[92.94144899488853,13.064673353873685],[92.9459234431316,13.067211312788919],[92.94627866304609,13.069444245906713],[92.94935815880696,13.067830533383608],[92.9502067343738,13.070185375466307],[92.95096740080693,13.070569586566354],[92.9522675001783,13.070409081941664],[92.9535771719973,13.072804608632694],[92.95579015103851,13.072962758734253],[92.95537503146087,13.071977374565739],[92.9537846154543,13.072678052427072],[92.95270551152433,13.070327697722297],[92.95581267449761,13.069297085009326],[92.95653824195595,13.06577596125128],[92.95562984398111,13.064415475337311],[92.95550833426252,13.069134345561972],[92.95102738491173,13.070298405662061],[92.95036338438968,13.069850914428903],[92.95011884859629,13.067961639716291],[92.94936732701277,13.06754577740311],[92.94660594176199,13.06912330246792],[92.94636132152698,13.066750322603406],[92.94027312174119,13.061730884072473],[92.93983952920809,13.05816012605807],[92.94320224132012,13.054808622164426],[92.94502331953883,13.055943124371879],[92.94421639975003,13.054428890677297],[92.94565914080873,13.052688765620777],[92.94771511679613,13.05245820063864],[92.94827751785951,13.051635523364107],[92.94733697457055,13.050686356385647],[92.94797783898241,13.051956476401534],[92.945359460135,13.052376898889378],[92.94333590075294,13.054058282404306],[92.9410216797826,13.054286486624894],[92.93907607440427,13.051881859438721],[92.93523141344733,13.052148397994305],[92.93297453014497,13.04655260144954],[92.93524217436614,13.039750138365127],[92.93892270683246,13.035677793043876],[92.95040691315509,13.029374743587269],[92.95367419633621,13.023089684651117],[92.95377738581288,13.019188899792493],[92.95930809382828,13.015767104721121],[92.9606864840716,13.017398686944745],[92.9631386530319,13.017269720002908],[92.9651892750602,13.014195957688171],[92.97072468216288,13.012837316698239],[92.974509159589,13.01436462365569],[92.9740256333025,13.016208844628137],[92.97179909149719,13.01497962399157],[92.96695075455138,13.018331616602389],[92.9666422775744,13.020139589685938],[92.96808291837195,13.02135987240271],[92.96477880246754,13.025893685006759],[92.96417886799492,13.0354534687659],[92.9651562305325,13.036126867194636],[92.96395822918474,13.038576727715359],[92.96610553239552,13.034589924030223],[92.9693641495291,13.032266422472206],[92.96967254026781,13.030169168661885],[92.98075095601703,13.027541811729957],[92.98179668304262,13.025105335877603],[92.98297710705522,13.02653801261416],[92.98877570077319,13.02607605301161],[92.98776222416456,13.028648109969652],[92.98905647011355,13.033002852680875],[92.99412785874438,13.035944422577778],[92.99678208486321,13.032969741308495],[93.00209877914364,13.0314843634247],[93.00116427343168,13.029242283877606],[93.00217382619913,13.028953496959657],[93.00962604587859,13.0400927107813],[93.00761504494423,13.042785452741143],[93.0080748188763,13.04517192365653],[93.0117718111736,13.044721532221775],[93.0107193324103,13.047916351920557],[93.0137509515598,13.050995345258846],[93.01952232812127,13.050518555273719],[93.0188810558742,13.051747599430122],[93.0212860282478,13.054564131089927],[93.02170862270692,13.058012628527798],[93.02867941007281,13.067108252422653],[93.02763622438115,13.070443236599512],[93.01739192401762,13.072812169801736],[93.02342980377445,13.075580340998593],[93.02427475913069,13.072430596924765],[93.02505660963485,13.076850891233482],[93.02827252175814,13.081547716817038],[93.03329743155618,13.081879319989996],[93.03411036915908,13.089942247899033],[93.03235255389595,13.093313172061032],[93.03360889992307,13.099315381251156],[93.03184203143849,13.10206713594943],[93.03009416142388,13.115068943098073],[93.0310086391966,13.12296919468723],[93.02934248353348,13.127094870673632],[93.03592661803478,13.140623599230844],[93.03252896505144,13.162903215701427],[93.0356248362016,13.171594993591416],[93.03083525356699,13.178232486077214],[93.03568983110907,13.195999752456823],[93.03943327978125,13.200972185347862],[93.04100372803569,13.208104246196624],[93.04419512064328,13.210401187933252],[93.04111017839683,13.22324030218397],[93.04985994802892,13.227848363913399],[93.05223473880561,13.23193922079408],[93.05510848084053,13.233155750821608],[93.05404951085099,13.244458862524024],[93.05647489743943,13.250384617243956],[93.05550607788021,13.255961454318825],[93.06010369772517,13.26384040016605],[93.06275202460753,13.263967646284907],[93.06442027334525,13.271321454157352],[93.06413849789176,13.272514556577876],[93.053856484456,13.263938075723944],[93.04391537178908,13.2588820436068],[93.04328025928997,13.25442097455942],[93.04397977740167,13.259410859978779],[93.0419859495606,13.26126774830906],[93.04160591099145,13.265977051901853],[93.03817138845388,13.270694331655072],[93.04178349265176,13.272521504802723],[93.04537602525453,13.277738322270467],[93.04510231487569,13.282004738860637],[93.04224253715184,13.279106725574968],[93.03870743294686,13.280877195405132],[93.03688509708675,13.280162452350082],[93.03243876521375,13.275794879114523],[93.03282737640568,13.273209807368291],[93.03508410609614,13.272021985771936],[93.03823960471992,13.273342845305569],[93.03540857128854,13.268184953744798],[93.03581192113933,13.263168331422943],[93.03395489863117,13.26889399904589],[93.0305870912748,13.267934568245952],[93.02682156830112,13.269216665497371],[93.02976474202269,13.270537549902256],[93.03125847684679,13.27351202830767],[93.02918143446766,13.275255800766386],[93.03088852186671,13.27556379135119],[93.03080855204347,13.279346675326867],[93.02832070469503,13.2813072252391],[93.02405715932109,13.281359700923344],[93.0256174620027,13.279710728366245],[93.02363949301966,13.27622982281353],[93.02096713889837,13.277995833706152],[93.01883637367199,13.275866187720132],[93.01699061693581,13.276118445678819],[93.01583610572592,13.2782330549917],[93.0128469840759,13.276469042739985],[93.01082578187314,13.276924551499748],[93.00914376914864,13.281940416733347],[93.01445237679489,13.286937022217574],[93.01441906995906,13.289074742782024],[93.01567884036406,13.288962337290553],[93.01510550590535,13.291434252045622],[93.01127887323783,13.294126092412636],[93.01175340918499,13.295690073351484],[93.01737011112589,13.29375380376794],[93.02046588885129,13.29489862530512],[93.0200308536238,13.297754770186403],[93.01727192616367,13.296551343011181],[93.01642665370213,13.298331649103684],[93.01373191895385,13.298018559194016],[93.00933296692388,13.300705584696482],[93.0052188221615,13.296658585259099],[93.00723304894606,13.29203610759259],[93.00486318812366,13.297286619808666],[93.0099643577028,13.302355514285589],[93.00188333529073,13.304005644199362],[93.00041678618206,13.302287468161998],[93.00097682108303,13.299106010586872],[92.99815800024793,13.297870706110873],[92.99750440491182,13.294779001288205],[92.99753076238056,13.297246678802644],[93.00014577703725,13.299914576147865],[92.99723963726161,13.30016848148705],[92.99497016137559,13.297039852179052],[92.99315890892946,13.299363772099825],[92.98619537995106,13.29934224696168],[92.99997461114471,13.288402082057896],[93.00073980508688,13.285957492380799],[92.999612766155,13.28349013715349],[93.00219037586157,13.281472713195464],[93.0007177658197,13.278186507260424],[93.0041696941142,13.274175442453483],[93.0048819215906,13.269792631256983],[93.00087068782716,13.265046206866081],[93.00226655928589,13.268147873149143],[93.00032791674934,13.269620235995706],[93.00337789386995,13.26935967825079],[93.00282212147505,13.27339082172552],[92.99855171117571,13.277881017880702],[93.00064952709579,13.280941843050094],[92.99503604112358,13.28294389890425],[92.99430626505811,13.279798551241006],[92.99461620628902,13.283255878700782],[92.99815082899703,13.284126183592651],[92.99918405057556,13.286147580913013],[92.99307455892091,13.291789105565803],[92.98655419402499,13.290731332036934],[92.98640644182203,13.29013927629634],[92.9903329312165,13.288719027639731],[92.99052202029561,13.28802749143114],[92.98859744807133,13.285944533045424],[92.98838081305236,13.287187536746842],[92.99022679077409,13.288366490797591],[92.98627713382842,13.289822997006334],[92.98555689068479,13.287567980134728],[92.9825757415829,13.28590790978334],[92.98350493375996,13.282579007903953],[92.9814101146197,13.28302475082811],[92.98001626526863,13.280797038701278],[92.97835102049723,13.283450419440143],[92.97660653623291,13.281878052117138],[92.97376884538697,13.28197598445616],[92.97334449741642,13.283508135975103],[92.97394882734574,13.282156732615253],[92.97636668335713,13.282180957324181],[92.97826799011385,13.283875299579694],[92.98022408062815,13.281479427729042],[92.98130871368873,13.283521967972867],[92.98312201339539,13.282825414303316],[92.98177787681216,13.288289933288292],[92.98412175925486,13.287134480060383],[92.98634671822867,13.29144999383276],[92.9906151414546,13.292058815365504],[92.9826679707148,13.299086751416436],[92.98634154662759,13.301008726033693],[92.99360961616539,13.301184946426105],[92.99678750439934,13.315061105883805],[92.98870051268223,13.317235258100682],[92.98837964883577,13.316369879106528],[92.99075607903784,13.31523922348454],[92.99127267141165,13.314100181908799],[92.9883095577857,13.31188203560426],[92.99149593689572,13.311334165413848],[92.99237693086454,13.309578077168485],[92.99100636404901,13.309314151258704],[92.99207245678046,13.309666258133056],[92.9913620825285,13.311108217608007],[92.98795421210708,13.311949960144558],[92.98934369923911,13.314231868676261],[92.99085747637552,13.314642632988619],[92.98792737493797,13.316134997681218],[92.98723547364155,13.3182593361194],[92.98469264041456,13.318002490724512],[92.98476234339238,13.320569567863659],[92.98023755176416,13.32158088326404],[92.97727988103054,13.324907999361182],[92.96963724366366,13.324378872104983],[92.96421044377716,13.32858547773313],[92.9593368596803,13.328143562480875],[92.95898128313468,13.32568052760484],[92.96175006241855,13.32332977507907],[92.9608430235947,13.320839772733782],[92.95810415731145,13.322783632748514],[92.95641267005567,13.320849641844545],[92.95276681255929,13.319858197184145],[92.94952941003946,13.321056419290642],[92.94857630381121,13.317906485595868],[92.9479903084969,13.319244269652717],[92.94924331997768,13.321377288151357],[92.95256832620402,13.32026045610127],[92.95604581875489,13.321102790953981],[92.95792423553983,13.32319041745834],[92.96052242205633,13.322227326419576],[92.96116392517038,13.323131096715757],[92.95714922390995,13.326887512819168],[92.95579229621538,13.32547317805946],[92.95196650796426,13.327234159705576],[92.95593996936664,13.325721750638664],[92.95687228049438,13.327199441280719],[92.95821987918468,13.327176557606974],[92.95803789218624,13.330317702910719],[92.95960247983173,13.331881135421078],[92.95569370701126,13.335113285427479],[92.95506158051217,13.33868605706553],[92.95792085967102,13.339311488824482],[92.95546576669446,13.343745567573604],[92.9502043179057,13.345759868037641],[92.94937801157475,13.341520679595101],[92.94895597227449,13.349592613949962],[92.94507900340835,13.351236037669304],[92.94886837755112,13.350302211978379],[92.95061053967042,13.34597672825807],[92.95470887767709,13.34442591660189],[92.95579824575752,13.346267373336124],[92.95958756150979,13.346587589905836],[92.95757068379683,13.347785618348508],[92.95879626522043,13.34972879056894],[92.96033312816132,13.348399712889185],[92.96152459696034,13.355255593161196],[92.9567916791555,13.360797384174484],[92.95337132304996,13.359024036995109],[92.95347758745987,13.360999063473072],[92.9496327719927,13.36183584451126],[92.95368069744394,13.361179826028957],[92.95341753238819,13.359286164992339],[92.95675478355017,13.361077589823248],[92.96081161489909,13.357203634692999],[92.96472146479961,13.36035062731583],[92.97261884192318,13.35963019668602],[92.9690877693572,13.359233327758211],[92.96743511627112,13.357077899780206],[92.96956012060156,13.353258465300803],[92.9687012871725,13.350605657389785],[92.96971865887618,13.347613534686188],[92.97203333439401,13.34802432357889],[92.97515856697929,13.351510315350382],[92.974610326958,13.342710950476071],[92.97753137158087,13.339718324395918],[92.97944326049164,13.332807486185699],[92.98452147811527,13.328139711108829],[92.9882024345864,13.330109111730273],[92.98686488534915,13.334626778719102],[92.98828558803898,13.342388506011211],[93.00261884170939,13.35439411470732],[93.01025336728928,13.353674727363106],[93.0152306331396,13.350025280211327],[93.0177039565265,13.351328009870107],[93.02446674617488,13.348863283147384],[93.02642480310138,13.346224708994278],[93.02839060170898,13.347147486716034],[93.03086525909411,13.345187011846102],[93.032954324525,13.349616930678318],[93.03935518564033,13.351924253749267],[93.0393254846421,13.357496772925568],[93.03607041944714,13.360270548498647],[93.03126556365606,13.360051781806058],[93.03086454942505,13.358655103035463],[93.02860212800891,13.360498159026951],[93.02684911783427,13.358169910192572],[93.02410762038555,13.357689710483964],[93.02876350495983,13.360927574555076],[93.0326915628128,13.360698622838832],[93.03317064064203,13.363184526149762],[93.039681463633,13.368795612345858],[93.03602990003796,13.369919637363889],[93.03560871952712,13.372961093630071],[93.03371091440336,13.374677785799216],[93.02406918237286,13.372219864589686],[93.01656233164938,13.375222083840447],[93.01642011756012,13.373269598712989],[93.01411763667224,13.37137488859994],[93.01709550153345,13.370033942818019],[93.01386400992818,13.37083695220304],[93.01391897065392,13.371767994367366],[93.0160369133279,13.373450206119305],[93.0161421716247,13.37545238949485],[93.00858386450341,13.379448641671182],[93.00797724746342,13.383384832966538],[93.00199794235469,13.388337495127058],[93.00303365046994,13.391942337513377],[93.00104845364208,13.392307419974276],[92.99969540217799,13.393219670157425],[92.99894146502467,13.396043969118303],[93.00001764044684,13.394964359394654],[92.99966732084222,13.393956333200977],[93.00019870218054,13.392984913322012],[93.00363369363868,13.392091779427167],[93.00316021321201,13.388136986141413],[93.00848027797137,13.383651724421764],[93.00965028691652,13.379218655327346],[93.02469648581724,13.373322881211122],[93.02444191224886,13.374985947843905],[93.02599326501532,13.374055572702163],[93.02723853212004,13.376614110773799],[93.02643653689563,13.373716792209514],[93.0326210396731,13.375988020605881],[93.03760649276894,13.375506297257362],[93.03643319239656,13.377779167524475],[93.0382050546158,13.379696073249804],[93.03552342538921,13.378872546274389],[93.0357947884702,13.38152106249756],[93.03451593964523,13.382022248357773],[93.03575774104958,13.38184193140321],[93.03627035298837,13.381236510975201],[93.03590645983982,13.379139337857575],[93.03856963856879,13.379931217086318],[93.03676551335613,13.37786967973703],[93.0386635852795,13.375420810235786],[93.04326493403121,13.377731873376694],[93.04108987018323,13.38034338243533],[93.04165243563833,13.382060979824255],[93.04162080775382,13.380090476339443],[93.0453284675451,13.377230907562584],[93.04841111010441,13.379916482587209],[93.04882892462787,13.386998630156231],[93.04945714704878,13.385670103103745],[93.05085454654181,13.38989624511955],[93.0532505034232,13.389503780665914],[93.05525780599358,13.39215278205671],[93.05919568243259,13.391539253387563],[93.05949994900584,13.393039799406072],[93.06216841701522,13.392141145364567],[93.06249084303192,13.394898101975807],[93.0673974761481,13.397217825215579],[93.06653292494227,13.402518935613683],[93.0683369396621,13.406952957011514],[93.06367937074668,13.404714675417166],[93.05891268616865,13.396646168790028],[93.05748160703898,13.396641249766612],[93.060332649545,13.421033549325882],[93.05751729890186,13.41767030546844],[93.05675227384296,13.412816193054155],[93.05258406038192,13.410582364878568],[93.04884658011645,13.404181655487346],[93.04440576300101,13.403312476875191],[93.04240628206183,13.40486198071722],[93.04370225277613,13.408672329693763],[93.04283829535669,13.410588293753769],[93.03626285115745,13.414210595961215],[93.0336023368316,13.41761277391221],[93.03796778259978,13.423313417358404],[93.0380539355271,13.427710885713395],[93.03370567722527,13.42520099999239],[93.03327271800441,13.422462040403763],[93.02909266295129,13.426966349569872],[93.02540793894583,13.427900412627425],[93.0284596219672,13.428267708737602],[93.01498552961094,13.432035809635217],[93.01275607456914,13.430760312861999],[93.0141588828185,13.432460269192568],[93.01285614329854,13.43403245763498],[93.00771304215856,13.433297911335465],[93.00492971465867,13.431719275964205],[93.00789201620758,13.425971921452188],[93.01122530759577,13.426285328513663],[93.01082723624559,13.428445454360354],[93.00905914964551,13.42797460340436],[93.00763131073907,13.430441563428982],[93.00927411289975,13.432259169671632],[93.01131019300023,13.43236406413385],[93.01244356774978,13.42761913404747],[93.01304755542094,13.429440757339766],[93.0139529368531,13.428460441022375],[93.01507422746546,13.429880060397602],[93.01656585214697,13.42914856563788],[93.01280462581529,13.42559457351566],[93.0129261768564,13.422318006835086],[93.0101190062722,13.422542685708308],[93.00999993188636,13.420504344716939],[93.00749401941756,13.418365445238106],[93.00962949630761,13.422795547161522],[93.01203488729611,13.422814741410107],[93.01273566933747,13.42494825641034],[93.00889403031313,13.42568766893389],[93.00742634753055,13.424642972788732],[93.00493440296611,13.431574654678474],[93.00099578631529,13.432096969009299],[92.99912839635044,13.436149999883092],[92.99215512963437,13.432919990387585],[92.99031385010156,13.42648491181959],[92.9896119810987,13.42632248444433],[92.98867498525678,13.427547536478102],[92.98998595783631,13.426471465478675],[92.98981803306533,13.429024973185395],[92.98837781537426,13.430363265047035],[92.98941681401841,13.430936891933703],[92.9905707035941,13.429372753184586],[92.99147601675428,13.431013042459249],[92.99039664063476,13.435817578508843],[92.99211917636174,13.436928763668195],[92.99047324536895,13.437562006441025],[92.99144770634813,13.438366194384363],[92.9923822470944,13.43671173725035],[92.99072446372973,13.435550819247151],[92.99244145685138,13.433245289566552],[92.99954826891422,13.436710629365944],[93.00090297507509,13.433018896825397],[93.00324415718204,13.432378295638339],[93.01159512423528,13.43521598379653],[93.01573720300978,13.4340653869811],[93.01573623013432,13.436234734001372],[93.01358379484833,13.43808675502594],[93.00784050950413,13.437067215851584],[93.01249397222038,13.438447819025445],[93.01193908646265,13.440228238783847],[93.01337885589437,13.441986967786347],[93.01239625617872,13.440088344177092],[93.0160081483742,13.4373421243939],[93.01683698885256,13.432004992721078],[93.02576549807333,13.434209735907423],[93.03117277128048,13.43254417543404],[93.03341090135298,13.435618256347839],[93.03250983991903,13.43752061294742],[93.03421140896727,13.443369428952648],[93.03139245248657,13.44969109917929],[93.03279654981837,13.448611477298291],[93.03329436201287,13.450925624771402],[93.03105930507692,13.451507795024764],[93.03203671702181,13.455435573417972],[93.03111250869796,13.457283682367216],[93.02714010461266,13.460581348323531],[93.01711878496728,13.463080974967632],[93.01419959356886,13.454691562823339],[93.01130041034678,13.45338412571057],[93.01018596310024,13.456872641514025],[93.0111685583243,13.458902334407703],[93.0075390205217,13.459149214988038],[93.0084613828077,13.461581122787546],[93.00535818679467,13.461882453350094],[93.0048402810839,13.463373627636049],[93.00919567380576,13.461396168032763],[93.00779283950526,13.459461177351834],[93.0117457564371,13.458902598248493],[93.01090229947074,13.455548767091706],[93.01395448554865,13.455532074996787],[93.0183548829679,13.466394273068193],[93.02311962718493,13.468199535897451],[93.02376210317446,13.466721936233077],[93.03136821324527,13.464858386352079],[93.0338040337657,13.471154889556207],[93.03262036773329,13.475185801657606],[93.03604029444412,13.480574227714847],[93.03384655282476,13.481102210307888],[93.03340660021938,13.484469036318982],[93.03803782783575,13.486468287878916],[93.03947214988361,13.492041252702682],[93.03770186869927,13.496343147860761],[93.04181362484134,13.50540609359739],[93.04092083239958,13.50925191174689],[93.0392810979856,13.509644558296227],[93.04204231704804,13.511493967868716],[93.04123965707032,13.521373374997621],[93.04342741052001,13.525690229989857],[93.04332918872683,13.52910695229826],[93.04010781574495,13.534429884174855],[93.0369654747451,13.550554097477143],[93.03517235658965,13.552831151725366],[93.03347267220686,13.552252008346636],[93.03484411847302,13.553549598798751],[93.03425156635541,13.556965985636714],[93.0285134651887,13.570657260572105],[93.02675476059345,13.578678346582508],[93.02043918193789,13.568660754674498],[93.01925628665997,13.56929293099349],[93.01885694149873,13.573997383758856],[93.01532886571253,13.570936166582868],[93.01727112935802,13.566413204739185],[93.0137096461247,13.555931174607364],[93.01486125397959,13.552890198220119],[93.01354615992953,13.549843532597468],[93.01544262836012,13.544168123702574],[93.01307988848296,13.53931321601455],[93.01080685077685,13.540301853901203],[93.00941517804375,13.543080573800664],[93.00834883378404,13.541697121262835],[93.00629211219496,13.544186253218356],[93.00383385175871,13.555126358252373],[93.00255443519846,13.55484549671003],[92.9929323933407,13.564771298378973],[92.99052542670718,13.564441867135983],[92.98914934423581,13.56606027131377],[92.98933963526075,13.56862751206415],[92.99182133094614,13.571316386533697],[92.98933182171443,13.572998315645338],[92.98768002292618,13.57235682834637],[92.98742872551365,13.57369920841291],[92.98630794694101,13.572522051118746],[92.98415198307258,13.569699763790247],[92.9859720911108,13.569425979625942],[92.98681098463548,13.57084953734252],[92.9863242576516,13.565588444716992],[92.98345651097289,13.561771944201805],[92.98474159859754,13.55700316315812],[92.98057571985791,13.552196983255328],[92.9814222805036,13.548734585335025],[92.98440074274446,13.545420915492505],[92.98359751682808,13.539590358840018],[92.98577781695587,13.539816039268981],[92.98747247526462,13.537937694346734],[92.99102742864412,13.539408141352855],[92.98962284173048,13.538405051857952],[92.9905117354839,13.537442132584472],[92.98823187237828,13.536323877731263],[92.98873622879958,13.532122551089548],[92.98438138674501,13.527438390862862],[92.98009013103953,13.526761189706221],[92.97888976442763,13.528750126696535],[92.97221557920896,13.529555613970249],[92.97284928943796,13.532979419773852],[92.97188234017119,13.536030425420154],[92.97200359386991,13.531573799794478],[92.97071429673987,13.538240876969835],[92.9696889273352,13.538896345289473],[92.96653343499962,13.536345217448542],[92.96850185129796,13.538862638259072],[92.96608486485576,13.544029159813407],[92.95830553893691,13.541663681871874],[92.95399146153163,13.54335442849461],[92.95052222539654,13.542122921352396],[92.94917705754739,13.536093359055636],[92.95212964740973,13.541537455967022],[92.95053496350725,13.535288745433679],[92.94556194129837,13.531682029777123],[92.93805874671807,13.53586973972697],[92.94494796436122,13.534371398166876],[92.94276575351685,13.536825735252986],[92.93515136726734,13.538649547184457],[92.92834263957195,13.538642471277528],[92.92233988753598,13.535604769013334]]],[[[93.05944585874765,13.228433923559574],[93.06026770045163,13.224922432610436],[93.06068691455035,13.227796968910505],[93.05944585874765,13.228433923559574]]],[[[93.07681187602122,13.300358055329568],[93.07675154337011,13.301967012861047],[93.07232119522094,13.303434957697153],[93.06930863922011,13.300193751713552],[93.07205013307554,13.298273540070847],[93.07681187602122,13.300358055329568]]],[[[93.00623678315999,13.309512618918998],[93.00503394258779,13.306343834181662],[93.0051194532197,13.310628384221832],[93.00777008787404,13.316387562536589],[93.00756014081236,13.320988330343718],[93.00230558749172,13.317352013404573],[92.99689708988086,13.30847737195874],[92.99624424014641,13.300324176673167],[92.99995637803939,13.300298636326177],[93.00020406512279,13.303141548479584],[93.00215537120991,13.304444177508044],[93.01054550930114,13.302952371083487],[93.01148295430072,13.301538206841062],[93.0126587421081,13.303495716093746],[93.01154015452643,13.307345818402695],[93.00838240562284,13.309979181758502],[93.00623678315999,13.309512618918998]]],[[[93.0223162548432,13.32676200163747],[93.02359464822234,13.326712833858831],[93.02370476820145,13.328213355695366],[93.0211198012927,13.329391837356482],[93.01662932441002,13.329331095948785],[93.0158545948511,13.328006527548771],[93.01358377059384,13.308815623269874],[93.01741439447615,13.307927035836183],[93.02081253883796,13.304037243283727],[93.02226385970593,13.309285032059682],[93.01953792107795,13.316555738194632],[93.02019981325404,13.322530822815693],[93.0223162548432,13.32676200163747]]],[[[93.00709986472202,13.337145369489317],[93.00629757035863,13.335617380527102],[93.00795857148866,13.336598925332812],[93.00709986472202,13.337145369489317]]],[[[93.01297499400388,13.337347028336634],[93.01440487478096,13.339178091150986],[93.01267436830248,13.338689182781737],[93.01297499400388,13.337347028336634]]],[[[93.01817050285752,13.340192162482445],[93.01955340174527,13.344020793379674],[93.01760031519724,13.345741858984502],[93.01533554378835,13.342699211753832],[93.01715668578743,13.336765923526599],[93.01918673280247,13.338258263610674],[93.01817050285752,13.340192162482445]]],[[[93.05736310128668,13.374870942082003],[93.05326183028063,13.382494087716195],[93.0475084999749,13.373304198647109],[93.04454441527014,13.37523303529997],[93.03606599793933,13.37215227598835],[93.03670836163943,13.370118744811574],[93.04011521337131,13.36919348109295],[93.04032884532228,13.365523737040549],[93.04485190769361,13.366772673459572],[93.04697850204211,13.370746000366164],[93.04753289911632,13.369236676244043],[93.04599173504185,13.367618196958574],[93.04943579858606,13.365571990596695],[93.04596422144134,13.367066810382976],[93.03982134928906,13.364845633324599],[93.03882035926291,13.363082676224849],[93.04031612248292,13.362355572928882],[93.04217531442248,13.36509051212389],[93.04367672175745,13.361348896955956],[93.04213394430872,13.364593355968967],[93.04061626578903,13.362012197997874],[93.03816532123244,13.361988723303929],[93.03982792585523,13.359354461649495],[93.04175203275219,13.361162933350741],[93.04447577140604,13.359785427076877],[93.04278674912737,13.358858355592576],[93.04184441819095,13.360959589217114],[93.04070970135837,13.35884407166794],[93.04561044871275,13.348319873965757],[93.04434746952556,13.34344743921711],[93.04052780239479,13.33822157483676],[93.03861806135586,13.322926909367341],[93.0412029689758,13.321486119965163],[93.04486254105161,13.321758565988423],[93.05306560678154,13.32939013720216],[93.05906967305275,13.330078877917098],[93.06060838382818,13.323295562219373],[93.05999250875087,13.314238325296524],[93.06388083771208,13.30425556236926],[93.0658229872715,13.30662881837654],[93.06849024165693,13.306755994852969],[93.07003226002927,13.323067494429871],[93.07408735852803,13.32976182299447],[93.07596996595379,13.331461563144583],[93.08328936792186,13.332710319130623],[93.08854088583519,13.336141493880659],[93.08536892378719,13.343620802855177],[93.07771713618081,13.341097452945892],[93.08401237248674,13.341541601368817],[93.0827571736082,13.340592279306106],[93.07742655184767,13.34020705586759],[93.07546906355473,13.342995149749962],[93.07721732703145,13.347673176314984],[93.07577719018877,13.348215205957276],[93.07326225054966,13.346000108363311],[93.07216339266658,13.34770821781902],[93.07117590521746,13.346745339837689],[93.0694310292877,13.34775728692918],[93.06937511814441,13.349967295471016],[93.06394505108524,13.358607161865052],[93.06090272132262,13.360843488632517],[93.06014851197973,13.367608931928656],[93.05736310128668,13.374870942082003]]],[[[93.07275487938226,13.365280046427355],[93.07631852126718,13.364074129673616],[93.07432868643754,13.366111978616205],[93.07275487938226,13.365280046427355]]],[[[93.06001462437484,13.384669890985942],[93.06099349338712,13.383766264562686],[93.06234995755098,13.386374357621984],[93.06001462437484,13.384669890985942]]],[[[93.06909953477818,13.423331624200276],[93.07118006262058,13.431055830701498],[93.06604330358654,13.42268009329155],[93.0671347198258,13.414961137999386],[93.06876943714893,13.413266733158762],[93.0699557397367,13.414112147513826],[93.06909953477818,13.423331624200276]]],[[[93.08606378413418,13.41227141556269],[93.08774917093089,13.410337370693421],[93.0899697461261,13.410577247782891],[93.09068940177158,13.414436955759623],[93.09263730414209,13.417139860520228],[93.09211526707934,13.41968422804997],[93.08934516457705,13.419719974708869],[93.08633089099737,13.416442904069113],[93.08606378413418,13.41227141556269]]],[[[93.09250811742106,13.416516159052334],[93.09028811175776,13.411860817486843],[93.09115150593351,13.411327651748106],[93.0941840593309,13.4160825243532],[93.0935880163601,13.419842613407631],[93.09250811742106,13.416516159052334]]],[[[93.09767219601957,13.435530071651332],[93.09535413385306,13.437753344661774],[93.09475429190695,13.434499281021363],[93.09671223834066,13.431932492136077],[93.10186962359197,13.430577242584908],[93.1008580657848,13.435024250372003],[93.09767219601957,13.435530071651332]]],[[[92.9645908919781,13.336262841271013],[92.96547131282178,13.332406859982822],[92.967367284484,13.337701165123017],[92.9645908919781,13.336262841271013]]],[[[92.91927422852544,13.512380979246409],[92.91787474853419,13.511666665122146],[92.91775019712007,13.515648725931344],[92.91489119284566,13.514441603491411],[92.91322601904118,13.507288578462823],[92.91630665476413,13.507824549228012],[92.91927422852544,13.512380979246409]]],[[[92.90441546221047,13.532217365756853],[92.90470187476744,13.530752991493236],[92.90606454269667,13.53086393282571],[92.91140411167748,13.534362976271355],[92.9063115569419,13.537133148968858],[92.90441546221047,13.532217365756853]]],[[[92.9026813480978,13.600183691994522],[92.89840748467452,13.601670145449317],[92.89576934019587,13.6002933697852],[92.89496067138722,13.601387114290988],[92.88960132330048,13.597937398642484],[92.89530266091418,13.600261703236983],[92.88995972953927,13.593720359918077],[92.8856061496177,13.5828376302733],[92.88240001206302,13.581838069359563],[92.88612968866359,13.591764657853842],[92.88268635904296,13.58279176942246],[92.8807737362086,13.581751744478627],[92.88364122507086,13.574967927441785],[92.88658389843079,13.576921188578162],[92.89190757441762,13.587939705221984],[92.90213401447663,13.59650441732736],[92.9026813480978,13.600183691994522]]],[[[93.05084252349006,13.563086606485784],[93.0525295344408,13.560086317588924],[93.05519886483285,13.562559228203424],[93.05553967756677,13.566174791351655],[93.05211211068446,13.565681109187633],[93.05084252349006,13.563086606485784]]],[[[92.99817128812762,13.57128910935101],[92.99823223342973,13.569589864889187],[93.00014991467745,13.568551435125965],[93.00220430334174,13.571187292089071],[92.99982901489841,13.572704548845294],[92.99817128812762,13.57128910935101]]],[[[93.06391326060566,13.648862385048108],[93.06599212746309,13.65172815039313],[93.06522014315573,13.652762869272255],[93.06186923221152,13.654836339420314],[93.05612981680954,13.65404384801899],[93.05353364701087,13.650554179007056],[93.0560931933937,13.652760358718288],[93.05657443077288,13.650424026130839],[93.05309080991515,13.647747561924003],[93.05312707849643,13.650215107643012],[93.05172791920376,13.646549526919271],[93.04234063857074,13.637959747573284],[93.0456406374962,13.62140666790149],[93.05340829699445,13.63628220313738],[93.05473670677199,13.644968695202135],[93.06391326060566,13.648862385048108]]],[[[93.02112071308271,13.672365942727923],[93.01919870734523,13.670977677604006],[93.01225628518272,13.672709940068636],[93.00727646632038,13.667867378678116],[93.01089594119516,13.666097549250969],[93.0099754357269,13.667882240274684],[93.01186995571165,13.668561034363767],[93.01327572031661,13.66674944717138],[93.01407906211563,13.668548503383793],[93.01551268617249,13.666402489039937],[93.01631555186441,13.669326845661422],[93.01816890475465,13.66907911421107],[93.01803205540425,13.664894175487463],[93.01556079095594,13.662109166570886],[93.01587115619166,13.66044620198144],[93.01441482452105,13.66177873257283],[93.01462390381018,13.659270611102443],[93.01193924456614,13.658492040081065],[93.01151473220389,13.657068256306767],[93.00931863969342,13.659128016227726],[93.01221985580301,13.66133030028162],[93.01145179443844,13.663313916268503],[93.0099403825662,13.663742533632513],[93.00978409097813,13.661939253435525],[93.00737551007202,13.663668984623843],[93.0071640628238,13.661273645520248],[93.0038971389688,13.660435949722679],[93.00218233593979,13.66097288116946],[93.0047140803629,13.66258303532212],[93.00427450504998,13.663690047510643],[92.99874523613568,13.662057727563022],[92.99487906501926,13.664881031545367],[92.98725279675347,13.663221641808777],[92.985635831937,13.657843341247561],[92.9845017969257,13.659502336755443],[92.98569987912181,13.662959868665116],[92.9832644143342,13.663326406500852],[92.98246458494796,13.655000946803309],[92.98440430097128,13.651221954131874],[92.98355818678833,13.64971249768028],[92.98078768453573,13.65736964715449],[92.97622375331059,13.656597566114517],[92.97600114269832,13.653831388647],[92.97939028144941,13.651579965034653],[92.98104492520216,13.652230531717388],[92.98111360679555,13.650065447807144],[92.98250947825427,13.650820066993615],[92.9825424922393,13.645766838066406],[92.98577751602025,13.646105142382464],[92.98671512810647,13.644604379334428],[92.98512534990377,13.644261213076753],[92.98559608058734,13.642543582969639],[92.98720455542608,13.643334178501474],[92.98724249307716,13.646344487910484],[92.9878563765895,13.644097953914793],[92.9949688920561,13.64535068532834],[93.00007432414125,13.653135296040707],[93.00705829069068,13.650495023299829],[93.01108027459316,13.64714815104351],[93.01205906185872,13.64910095958698],[93.01576872309647,13.641211955500147],[93.01159351894589,13.646497613994663],[93.01157561103071,13.645241235329738],[93.0157784419695,13.640131842563566],[93.01818010045804,13.632359701710557],[93.0229370068742,13.627376983172793],[93.02769590395705,13.628581121836342],[93.03084056350865,13.634068840874699],[93.02830265394772,13.63675680993423],[93.02739948057453,13.64207567040541],[93.02361673150696,13.648794305650432],[93.02379904639052,13.65501747300463],[93.02002216691504,13.669039256248327],[93.02112071308271,13.672365942727923]]]]}}]}