{"type":"FeatureCollection","features":[{"type":"Feature","properties":{"shapeName":"Assam","shapeISO":"IN-AS","shapeID":"1811400B78322693766699","shapeGroup":"IND","shapeType":"ADM1","displayName":"Assam","coverage":"context"},"geometry":{"type":"Polygon","coordinates":[[[95.1946454837747,27.031319394633655],[95.19608377188452,27.03193944814352],[95.19656582673062,27.037083310181398],[95.2031258459581,27.035974288951962],[95.2045682573351,27.037810021977254],[95.20517915484743,27.032507512585063],[95.2071341610952,27.032434213489406],[95.2074250230078,27.030543284488804],[95.21052927454126,27.03106492615267],[95.20939005086089,27.03049246458438],[95.21108169622018,27.028745135692155],[95.21376410518442,27.031058321437527],[95.21530533573426,27.030258662320627],[95.21909591361951,27.032047580852716],[95.2234329016578,27.036159998478045],[95.22677223421631,27.03452405993175],[95.23022512370817,27.035798499376458],[95.23098920823094,27.039186760241304],[95.22923285812004,27.041615757851687],[95.23213667305573,27.04284995900221],[95.23292263874222,27.03757434502596],[95.23938150407548,27.036481753223413],[95.24374933936234,27.02615359704309],[95.24634302711584,27.023901567453834],[95.25648010097379,27.030508266688436],[95.25889381395511,27.030370336682232],[95.25834602488811,27.033916703281566],[95.25997193153492,27.035646309978954],[95.26329319537977,27.035166159203154],[95.27148646677816,27.041277856384685],[95.27703379811791,27.0424730514726],[95.2757522633302,27.04417339586977],[95.27758816015785,27.048416456787464],[95.2751425138648,27.05006632571968],[95.27622916903307,27.0522826778963],[95.29173676242665,27.066583773280048],[95.29995050283709,27.070144185719588],[95.31671454107246,27.08290890917525],[95.32917470317088,27.08775535447172],[95.35467191107017,27.10400616394779],[95.36481150919408,27.108280460221643],[95.36876473245142,27.10768956454085],[95.36366733669479,27.102644279734672],[95.36882542981853,27.102400907025437],[95.37110954375213,27.10088928867995],[95.37002567875113,27.09458537341776],[95.3745782786273,27.0927713957533],[95.38292289279488,27.098298881726606],[95.3818944538469,27.10037918498395],[95.38454718247417,27.105636090293608],[95.39844942267459,27.10881564905563],[95.42055258791967,27.12588077309633],[95.43951507314988,27.12601310898905],[95.44051022951656,27.12883745901105],[95.44464073619355,27.128889616646564],[95.4423224135156,27.13148538426553],[95.44431201747825,27.135311015944794],[95.44920391822374,27.134690263905444],[95.44931652114632,27.129776109647914],[95.45317956253227,27.129530325551606],[95.45807303622783,27.138051529420444],[95.45647612989333,27.14064711870095],[95.45738677275811,27.144229524445905],[95.46212244210265,27.149754395635274],[95.45955806458022,27.153835241271207],[95.45322482235123,27.157430806381797],[95.46242465961873,27.16180695454889],[95.46542011169659,27.166452818209553],[95.46461258644328,27.172305993714648],[95.4613290248909,27.173382012530624],[95.45942880329903,27.17578835753591],[95.46650750797497,27.18173571695251],[95.46007674553704,27.19143250183175],[95.46237012199951,27.1944680007975],[95.45905044907104,27.195525902504073],[95.45832744091292,27.200277978706307],[95.45580091480329,27.202621411300953],[95.45748617134427,27.208879131248203],[95.46706407717554,27.213462252837978],[95.46745177298419,27.218412051784142],[95.47234830185,27.21902692935397],[95.47138258237688,27.222813494821487],[95.47736263398559,27.226852306784885],[95.47956749225658,27.2310562385136],[95.4787526331573,27.234156841132652],[95.48283383220667,27.236613012103742],[95.48417101852452,27.241345088503245],[95.49199581895967,27.245634925122594],[95.49953896701054,27.24627640535394],[95.50458177843556,27.249457985109284],[95.50908173254449,27.262133255270626],[95.51137932659724,27.262004293307985],[95.51695787259646,27.25760911866018],[95.52187353917111,27.260067501390203],[95.52529363746017,27.263815201853372],[95.5277986417322,27.26317624628617],[95.52980205729234,27.264635098447382],[95.53018845323875,27.261449588030708],[95.53254640329878,27.26156396140955],[95.53442731650193,27.264683183268573],[95.53505577428145,27.261651299506],[95.53701923816763,27.262600178269487],[95.54193474394384,27.259110498104228],[95.54502922540028,27.26008248609364],[95.54841404594978,27.257413000983792],[95.54813855780499,27.25403756471315],[95.55185509115466,27.25324538266588],[95.55089748616345,27.25054195448512],[95.55344306464195,27.248951891075812],[95.55798686462158,27.249075992572482],[95.56421415146112,27.24476490223047],[95.57455404874055,27.24373563129674],[95.57510592604041,27.23987316858809],[95.57717648168486,27.238168259081235],[95.57446719333065,27.234453594209327],[95.5781631956845,27.232162525973095],[95.58036574079365,27.227908051125045],[95.58288934109041,27.228603747094823],[95.58445033816973,27.224985186734628],[95.58747961990285,27.223036666907554],[95.59886690609115,27.223003122425354],[95.60372741161581,27.224317035616583],[95.60826988658037,27.227661234590816],[95.6105261725031,27.227697586971278],[95.61210592820217,27.230310474092505],[95.61544250922096,27.23170498432659],[95.61764847691134,27.231050854115214],[95.61894065134526,27.23258055354236],[95.62921328547115,27.23142543381328],[95.6322469015755,27.229778209386],[95.6759343157502,27.247060344762446],[95.68143980805556,27.251836900015874],[95.69227048192417,27.25330756120748],[95.70141493356282,27.24866987219791],[95.70778706475875,27.250152707044403],[95.71189036865229,27.252940162666867],[95.713690610448,27.250335353703022],[95.72011208161092,27.249572974577625],[95.7270391353955,27.25974369235571],[95.73459980508598,27.260483319174003],[95.7360846636568,27.263354517218332],[95.74201793010718,27.26675377013701],[95.74760388002097,27.265841758621118],[95.75676567543282,27.268739840555167],[95.76508374528207,27.26735899357108],[95.77515995019468,27.270502572272555],[95.77948806916619,27.269846831271206],[95.7804907111941,27.272554866715698],[95.78808241138947,27.27681943343626],[95.7878082240052,27.278741576456163],[95.79085810410777,27.279293911997755],[95.79512311193899,27.282626532990697],[95.79944118145741,27.28243483779252],[95.80079337862365,27.284362386036392],[95.80252651896257,27.283038872469184],[95.7993515143207,27.27664543731572],[95.80543470779538,27.275890425259718],[95.80506268489349,27.27304745051587],[95.8152806053304,27.27863624520295],[95.82322426006415,27.2789664559444],[95.8504022311314,27.28668533034727],[95.85921013613539,27.287316037129266],[95.85372666333427,27.27929011157901],[95.85633368028998,27.271154611710372],[95.86373185193207,27.266539228855475],[95.86927646407143,27.260118413439162],[95.8764009208431,27.25973040372218],[95.88122254458727,27.256002949204422],[95.89233539006644,27.255379219975207],[95.8940877660305,27.25701251539316],[95.89452785428145,27.26110060112848],[95.89346866150971,27.267666348285765],[95.89935673461649,27.268775420158562],[95.8999843210302,27.27434804483629],[95.90425642016226,27.27401326923254],[95.90385285112255,27.275669442288233],[95.8969961309331,27.28063882731895],[95.89711776731416,27.282258797016983],[95.90101693265265,27.284013380061104],[95.90596069224118,27.28231119188294],[95.90707890342875,27.289065904347797],[95.91328607070088,27.28923132924221],[95.91468110852303,27.29210530436122],[95.91789805730214,27.291436512187886],[95.93002756122259,27.30037062222189],[95.93746656668425,27.300918715258884],[95.94162454474093,27.305325054559738],[95.9465333508818,27.303883224933692],[95.9533310319941,27.309019046559957],[95.95994488186673,27.311045714177705],[95.95646562682126,27.312663223300664],[95.95495389065715,27.317772056021514],[95.96092924317861,27.316536641135166],[95.96266749133822,27.32323633537836],[95.9690273749036,27.322501159981528],[95.97546052326689,27.324554306667018],[95.9719974585578,27.327534956876477],[95.96762566170054,27.32576908745475],[95.9651991153871,27.327975035208524],[95.97091594354958,27.33290985480031],[95.97148007027667,27.33664343120646],[95.97644266035017,27.337472370716977],[95.98678394193345,27.345703901285443],[95.98910966223774,27.35659027778418],[95.99319445724316,27.35803075828296],[95.99640206713657,27.356458387331543],[96.00238966279706,27.360833414449445],[96.00743841837432,27.36072443051426],[96.01260946520448,27.365123110272304],[96.01765838337678,27.365013800274607],[96.01778097556532,27.36952158892853],[95.99807202087673,27.387989123376705],[95.99637368756015,27.39469952044712],[95.99339299480243,27.39648896027486],[95.99004256984682,27.40245257381004],[95.98446318482111,27.404546277991418],[95.98320148303826,27.411929361155757],[95.97395850597586,27.411462485493356],[95.97012410288116,27.415002804622635],[95.97068698005165,27.416924677580166],[95.97505123285714,27.417557818470986],[95.97529565815775,27.419484392285156],[95.9739881530752,27.421786607968027],[95.96952482687365,27.42359015954036],[95.96926069343404,27.42798079507118],[95.96537118588316,27.42710351053117],[95.96446872038241,27.418147154166217],[95.96169775729406,27.418108323620647],[95.96311103001821,27.427307959319602],[95.96024517968303,27.42912375058648],[95.95665292735463,27.426590004034676],[95.9546554415737,27.419714482688523],[95.9510380579769,27.424061785670883],[95.94509317541154,27.42673178246174],[95.94735282462666,27.43308837000625],[95.94121615803638,27.437387169199056],[95.93434247226449,27.43573428908747],[95.92777963592023,27.438566168698568],[95.91813884442587,27.434819888690736],[95.91079621202452,27.435864325402072],[95.90788273660625,27.43444371939195],[95.89991477974908,27.42211336619378],[95.8985726248494,27.41295816758244],[95.89090043021473,27.40130857586938],[95.88607196669794,27.39835798898604],[95.88393389008348,27.402599756905513],[95.88674517584997,27.40507673260008],[95.88820185337197,27.40908804128293],[95.88749438067839,27.41175936099673],[95.88385924816819,27.414115157963657],[95.88484723597895,27.432218336089242],[95.88312314436989,27.435413113084905],[95.87865261547638,27.436216537278987],[95.87557270199892,27.434885497397737],[95.87078885241243,27.426447507813055],[95.85704536698057,27.419975936513207],[95.85631769926108,27.416952552847036],[95.86216324342737,27.412039305016208],[95.86177423158684,27.40900254023072],[95.85953964446982,27.408041199693482],[95.85286519963806,27.41120795019285],[95.85021967010947,27.417493151576494],[95.84441385752989,27.421679394475518],[95.84217747198568,27.426895165541495],[95.84304635486784,27.43033821301967],[95.8452051789721,27.432084881412713],[95.84474687827708,27.43389904337158],[95.84719675922835,27.43628623677701],[95.846730875854,27.438659631411756],[95.84937529147163,27.441705850662142],[95.85566647907056,27.443493742991855],[95.85665750318697,27.44502351371697],[95.85322641940031,27.45700310310753],[95.85645286696524,27.46135337071763],[95.87060110811132,27.466746587557243],[95.87144571042965,27.47619972212114],[95.87379825352998,27.481253459338888],[95.8728472125286,27.490873582167595],[95.87420828774479,27.493341785619968],[95.87993625950837,27.497122845574456],[95.88676222407743,27.497176535588828],[95.88420372782515,27.5011417798121],[95.87871083439164,27.504983773267817],[95.87574872508222,27.512517101947893],[95.87840927174739,27.51885213533424],[95.87689127163083,27.52605822123936],[95.87673514982434,27.54367839281918],[95.87570853445641,27.546582828448607],[95.87361412764285,27.547098687645367],[95.87021235139233,27.545374948756365],[95.86253794330878,27.545464773297425],[95.86038171084408,27.54333029833373],[95.85281219454473,27.55288170868554],[95.84118295701609,27.562149100544982],[95.8362076441032,27.559357708615668],[95.83326007402663,27.56011428233767],[95.82335133215098,27.574573229707376],[95.81424719420733,27.574343967609323],[95.81183357554913,27.583314957489616],[95.81370586762047,27.589071272989315],[95.81836359643604,27.595483475956666],[95.81571000542608,27.59876467098003],[95.80548505207885,27.60104113756191],[95.79523774235913,27.597758584861822],[95.790876972322,27.599297623065645],[95.7893361244545,27.60409728890752],[95.79025098940112,27.611834032396875],[95.78505043021894,27.61570565935808],[95.77994569163316,27.616716388339064],[95.77823498132858,27.619473016336922],[95.77843788290348,27.624073577347897],[95.7794835380639,27.62573726483303],[95.78940165475785,27.6264017528381],[95.78821048599615,27.634938151740087],[95.79529902273286,27.638451064753184],[95.79569635476955,27.641827640005268],[95.7900631696415,27.644857657374743],[95.7877525248643,27.644051088560357],[95.78612877147924,27.64641161375051],[95.78086817339506,27.647414349236087],[95.77947944533946,27.649590786322673],[95.77423235252724,27.65089406445227],[95.77034501620442,27.65779746822602],[95.7728848643297,27.662135508585518],[95.77188469087214,27.66418779245347],[95.77504796890629,27.67441457548925],[95.77897325276167,27.677377272020276],[95.79037478982367,27.68023626714822],[95.78607551485761,27.68184443557832],[95.78503883207028,27.685231289329415],[95.78291678050218,27.68473798768997],[95.78284235418256,27.68730847702071],[95.77713977599542,27.68764107697476],[95.77322027100227,27.684992646407157],[95.7675043707995,27.68739035954745],[95.76706531740774,27.69058007836908],[95.76530256859706,27.690862782230255],[95.76369023100263,27.693852822518153],[95.76564426347664,27.697662923816406],[95.7644660511163,27.699791704100836],[95.76794137962564,27.70218588059975],[95.76281054677752,27.709109598500998],[95.76408982320056,27.7112205789734],[95.76242483175406,27.71325869531751],[95.7652727606993,27.714749986965156],[95.75361206057617,27.71883256494491],[95.75240016408763,27.72432611987625],[95.7589393738416,27.727134049077314],[95.7654846714782,27.72648034930573],[95.77929258857384,27.73380399094473],[95.78046215734452,27.73701122273393],[95.77789328375405,27.74255737805881],[95.77591586992986,27.75371797865387],[95.78680031605305,27.75976235845554],[95.7943104222711,27.769170047002355],[95.80026256771552,27.7737892085938],[95.80383197139469,27.78469211281718],[95.8094658176828,27.789170853372262],[95.81083142849288,27.796620832694057],[95.81656161011207,27.802782260023534],[95.82649928133313,27.80880963846947],[95.83798716086697,27.81032914573135],[95.83767318709874,27.82421253441565],[95.85430830092115,27.830117661556827],[95.87032099364279,27.832763078583575],[95.88356943189463,27.846199536067306],[95.88836783508702,27.85666699953294],[95.89105848070412,27.856946438372066],[95.89016553015887,27.860086837357905],[95.89525185687457,27.857464757460594],[95.89466898410414,27.86209861627175],[95.90483288435144,27.862209547800777],[95.90137678607736,27.866573362273556],[95.90160574598204,27.86856313930822],[95.90326614793575,27.869004940310255],[95.90649425379071,27.866089484508706],[95.90850061133341,27.868800680213663],[95.9072064408429,27.870538079861934],[95.91061324316745,27.870289106672082],[95.91003012425863,27.872504600290945],[95.9144537134836,27.875851266813427],[95.91693853081456,27.880556526644035],[95.91546735987377,27.883855292962263],[95.91935559720682,27.880691143807983],[95.92500250410086,27.88177206352783],[95.92067756696211,27.884733481104234],[95.9167167816867,27.885089764884704],[95.91541881940738,27.889481681587263],[95.91759249176499,27.890166855650953],[95.92361931236236,27.888197626844075],[95.91914855889004,27.89513854522037],[95.92588772464309,27.895429519137437],[95.92624500529281,27.898975718353693],[95.92776839889434,27.898794710425165],[95.92840140484414,27.89522549783213],[95.93766120914844,27.89829412264022],[95.93169490176359,27.90023240738316],[95.92974608939969,27.902836663113145],[95.9409618243182,27.905701245188062],[95.93544724375708,27.907580806770447],[95.93806595857443,27.912619427175624],[95.94257006739156,27.910785451004163],[95.9470391751503,27.91754660474747],[95.95260821787213,27.92018751425934],[95.94846626665841,27.924485179301715],[95.95467893970488,27.931294741923978],[95.94915694355113,27.93129790708172],[95.94821614693721,27.93720906235514],[95.95447820666305,27.94123013295386],[95.965115655609,27.951758942614358],[95.97120258427864,27.962813475193208],[95.82379809578279,27.97156927407285],[95.6051971901679,27.954710090108588],[95.5936245420106,27.94686525900174],[95.58603125718709,27.936818951113384],[95.57591510509212,27.939798979927684],[95.5685106129037,27.935997218046886],[95.5647335097477,27.929368043670607],[95.56346237655266,27.919356984519677],[95.55375031182531,27.91382390200636],[95.54458732704404,27.9109365968045],[95.54210964323472,27.906363045552375],[95.54418776359218,27.899875191383984],[95.53985792704184,27.89655792646182],[95.53395459245671,27.898236670339408],[95.52607930939755,27.89071305243272],[95.5200505852701,27.88133295158973],[95.37949599875067,27.83927412788133],[95.30868061643241,27.86810607324964],[94.92224713031555,27.750018598003155],[94.85226768157314,27.727699480541116],[94.84833014559558,27.717203669672635],[94.84775476567296,27.705661606420726],[94.84089199802501,27.700705841712026],[94.82070476680445,27.692171684964197],[94.8134911091217,27.693107240847123],[94.80819965750078,27.692071556694536],[94.7968984721375,27.695725014183402],[94.79364942745158,27.69527644537137],[94.791789241077,27.688186860353806],[94.78896819241999,27.685274877112274],[94.78402722749031,27.68399933364976],[94.77858208580238,27.67979942892986],[94.76908411925164,27.679616514026367],[94.7608474816829,27.66513965154479],[94.75422881324711,27.66064460729414],[94.74129508089045,27.65998837211219],[94.73564956818176,27.663383613070366],[94.72889693219102,27.664625125115084],[94.7250611304194,27.66909994810298],[94.72043165990776,27.66702000664604],[94.71594670766406,27.657630824568688],[94.70896177183243,27.65667553437244],[94.70041368565975,27.661549715053056],[94.69082157566726,27.66183311942398],[94.68924133397958,27.665116997156968],[94.68783277561407,27.66523806449317],[94.6837239848108,27.66026867828396],[94.68657605409116,27.651081730926766],[94.68259975670745,27.64599012733084],[94.67903375854152,27.645249701811455],[94.6726680772493,27.647316111222274],[94.6625737164865,27.64542297630706],[94.65732491238367,27.64188110011197],[94.6465974181103,27.638168926403793],[94.64129114428717,27.62954072459062],[94.63311208693152,27.624256917871843],[94.62838624425787,27.624635587605614],[94.62339409422161,27.627904417726537],[94.62078998511248,27.62504917809895],[94.61430457096931,27.624066192049725],[94.60651453443732,27.618712624776503],[94.60281071853717,27.6213265304273],[94.59993729540415,27.618264423611596],[94.59551503029593,27.619776258850415],[94.58747211262158,27.618553116224074],[94.57966584712571,27.61239633710686],[94.57677044581094,27.60598356180433],[94.5740092554946,27.603904825998097],[94.56849423475902,27.60244080831645],[94.56213865412387,27.604999624495573],[94.55524448496686,27.600848397024194],[94.5445086920569,27.601131559777173],[94.53588391311516,27.592622820524827],[94.53206403667689,27.594663385765067],[94.52949815178138,27.591483652250318],[94.52193268149405,27.591519254572898],[94.52142992048066,27.58464682712196],[94.51377463393626,27.580203365446348],[94.50239268643567,27.57750977715588],[94.50133210307189,27.574083189930477],[94.49888166247021,27.572264965521974],[94.47772734543895,27.576238195907003],[94.46783295594658,27.561243352681704],[94.46165456889953,27.55533907356858],[94.45636624790737,27.559935218594052],[94.45486370061032,27.566699012121248],[94.45125333285588,27.57185653645408],[94.43951957724227,27.58131570105332],[94.43325832510186,27.588514542824722],[94.43163027687142,27.591718735005337],[94.43160584808558,27.600429527043932],[94.41837926314963,27.5976134593273],[94.4015361614912,27.585073219381798],[94.39230999550101,27.589120495366984],[94.38851095189253,27.584887995559797],[94.38182053321837,27.581694494518782],[94.37642701501484,27.58246831001317],[94.3698090355869,27.57485051932857],[94.36393584217448,27.574446833744613],[94.36264055417979,27.576245771550585],[94.35906453440857,27.577025344997583],[94.35060073446402,27.577211232638547],[94.34484654447056,27.58223116751262],[94.3381598807543,27.58131591205316],[94.33689259414534,27.57928616377506],[94.33275612534982,27.587048360170446],[94.32424328637393,27.584717802908386],[94.32270215463882,27.58873549432004],[94.30918477965554,27.590875440537523],[94.30174066367823,27.601118415666456],[94.29818502398584,27.602029068502297],[94.28977482741266,27.596254449928324],[94.28822094858363,27.58935315089709],[94.27732425303326,27.589534104503105],[94.2737335224509,27.595068078874462],[94.27457196142808,27.599924102916077],[94.27239994197059,27.603037191563967],[94.2563289458921,27.61060555852857],[94.25418353992322,27.614327527902955],[94.25460373947378,27.61588541847474],[94.26086862529954,27.618200784402294],[94.26050182789767,27.621964536736442],[94.2665544912291,27.62605172732321],[94.26733374290716,27.629583701065258],[94.26163160579284,27.635969334243192],[94.25433881102512,27.635747494356032],[94.25138323067117,27.637731567510656],[94.24839290707531,27.634099209743216],[94.2423171777023,27.632407047923948],[94.23749044793405,27.632776643811486],[94.22271345166611,27.61150707714623],[94.21728460811235,27.607350610732034],[94.209512774143,27.609006408935976],[94.20943309896717,27.605180070660982],[94.2133003336889,27.600297014285566],[94.22656695294376,27.597837892962733],[94.2227565384604,27.588296495331413],[94.22487691826376,27.574191421628893],[94.23473466278077,27.56926023114591],[94.24664049158534,27.569563240714803],[94.25862431122461,27.555554878559345],[94.25932920934659,27.54914743739136],[94.25679220169421,27.5418089819428],[94.25741882511393,27.537127192810562],[94.26817903602993,27.520937848706446],[94.24127711365625,27.513118848182135],[94.22074734044479,27.50537637521205],[94.21391951366815,27.50089671194705],[94.20897488630708,27.492624417995913],[94.20056771436141,27.494975901647543],[94.19628961268663,27.493036740238722],[94.19375372882669,27.49398343026238],[94.18920124662984,27.492493180801766],[94.18412658992798,27.486745309838337],[94.17614946127179,27.48224855264624],[94.169053396653,27.48132248882747],[94.16446889041455,27.47688037374946],[94.1565903563524,27.474954417937255],[94.15934838639555,27.461714469302297],[94.15500557098602,27.459193217345415],[94.15530761692388,27.457065919841803],[94.13138035512078,27.44101722867692],[94.12761599007548,27.434686335106818],[94.11778167631607,27.429782636469717],[94.10485919535834,27.414070393072627],[94.08952130450174,27.407145503096014],[94.07567611361006,27.38977408792951],[94.06912952239942,27.373560893871137],[94.06077506449294,27.365399506537354],[94.05973759657809,27.36163418323294],[94.05396666288601,27.36043267564684],[94.04047713926983,27.351598945172086],[94.03084013327603,27.348489732694098],[94.03018100072453,27.34575430249292],[94.02776091868785,27.34693439514942],[94.02572125341108,27.344935864318444],[94.02203487381054,27.346300920926353],[94.0114971163016,27.338593089260957],[93.9911782513492,27.32844357678067],[93.95518902096866,27.293358126075574],[93.92816555923199,27.264319356535815],[93.89932773508167,27.239183641080118],[93.86414947948515,27.196249972736737],[93.8597948682976,27.19357371057891],[93.83863230203708,27.17243361704648],[93.82526898812503,27.1685759544973],[93.8059176033437,27.148857516940247],[93.80531420586567,27.13722406848945],[93.79589227900881,27.137742596402887],[93.79469300205335,27.13614450757257],[93.79683632842236,27.129034024390354],[93.798914024775,27.129179578406642],[93.80311282946471,27.13287749268234],[93.80694717866051,27.130758541092856],[93.81237367671308,27.131022750276347],[93.81285877055976,27.12939391726366],[93.80935693815627,27.1234404741115],[93.81396737875694,27.121380262553547],[93.81986195566637,27.122849217945394],[93.82498834814207,27.116520132732813],[93.8265180955276,27.1121570743897],[93.82548295065602,27.103691334522278],[93.8265899185295,27.097067391698538],[93.83132642959546,27.091008668274192],[93.83142376115818,27.086875186800928],[93.83769577870899,27.08546908950551],[93.8331195208015,27.08165479411478],[93.8355253124386,27.07829359975692],[93.83559211026481,27.074394822161594],[93.82972192351369,27.06807113141817],[93.82853194412144,27.068950697260895],[93.82914772936724,27.06691117467499],[93.82733342085251,27.06603969696615],[93.82190903923076,27.06786988184263],[93.82113433123142,27.064494180677837],[93.81884094488748,27.064466264186485],[93.81491596645928,27.061554111515154],[93.8106636850607,27.067567347265292],[93.80833078542071,27.066022996738997],[93.81131353981199,27.059034507332942],[93.80759832608749,27.0599036931455],[93.80327991610757,27.058155290105226],[93.79676319567675,27.065367359069544],[93.79519571096445,27.072554873188686],[93.79370380061869,27.072436706516708],[93.79296567471265,27.068375067691512],[93.79871077824701,27.062489394474355],[93.80014515688873,27.057950593969167],[93.79514587961899,27.057104044965048],[93.79433105285908,27.06201765416011],[93.79375152900805,27.054621391948732],[93.78933934838722,27.050692848042285],[93.78371429750406,27.051551224379022],[93.78295805976526,27.06445201395811],[93.7811073425321,27.065615049501528],[93.7810119118045,27.05891391845712],[93.77949048012353,27.058154810910988],[93.77820272719747,27.04903410290652],[93.77079254058842,27.06213318073897],[93.77177244086666,27.054173844715194],[93.76778340806713,27.051377606502907],[93.76775015423195,27.054662696747826],[93.76664794114127,27.053005776761903],[93.76734591325241,27.039536465819655],[93.74345152978871,27.027789485487737],[93.7329033015168,27.026040971829172],[93.72330169902668,27.020911612803946],[93.70882886243247,27.00820462838184],[93.69359141669936,26.98909294907511],[93.67559225513546,26.974683029466537],[93.66004233312569,26.967052589908352],[93.62737812334457,26.963252982171706],[93.6146474614461,26.960400683294345],[93.58659118596601,26.950567581931974],[93.55958534378532,26.952809586085266],[93.54907304003991,26.950105793614686],[93.54485764436522,26.95132640090536],[93.54093165173906,26.949072350934156],[93.52469320699664,26.948624131946882],[93.50720031885889,26.944039462252256],[93.48902456827308,26.93627427771936],[93.48618154412928,26.942374819746316],[93.47465227202377,26.939421488332204],[93.47057035162725,26.93669467206255],[93.4624127532271,26.937977877758215],[93.44869359776641,26.950879221453757],[93.38041586809089,26.959317872968864],[93.32263978903978,26.960107140849495],[93.24674897297696,26.951343198256676],[93.20087716325513,26.943313491408265],[93.17248149887081,26.936092337878982],[93.10729843480635,26.92585587843807],[93.08815153982137,26.914489580656674],[93.06264134677464,26.922368671344017],[93.0217823654086,26.9135137821572],[92.98181212777732,26.936142750350765],[92.91707319348427,26.96302748312469],[92.9154606250228,26.97401301156104],[92.91833856219014,26.98240276574647],[92.8865374609205,26.999842458581572],[92.85719397869002,27.001736181384494],[92.83879390979459,27.004943511366964],[92.8236680482945,27.009440141095258],[92.79340482775697,27.0229428359223],[92.77828340303606,27.0229203883483],[92.76315275710877,27.027410502868236],[92.7530810617389,27.022879281531818],[92.73291915222956,27.022843215425553],[92.72284909359013,27.01830983558118],[92.71275742238326,27.02280418280914],[92.6976360407815,27.022773058177048],[92.6925836389425,27.027276512495106],[92.68754299425396,27.027265591221195],[92.67744911768305,27.03175737164939],[92.6724082951281,27.031745965902907],[92.66738050802617,27.02722010163919],[92.6447295114933,26.986760119856022],[92.58327296734956,26.959637409533226],[92.55412109666744,26.9575367732044],[92.49679563591909,26.963470269151088],[92.44739993117038,26.95890848050924],[92.42573827081945,26.941136471771006],[92.41194577869558,26.942857508078447],[92.39826127934022,26.9247872708898],[92.36703230878686,26.928780959802502],[92.36312145816314,26.93463981665342],[92.30259430023251,26.922739347049983],[92.302897111535,26.90723612135585],[92.27602252579373,26.902092891263553],[92.25511798173396,26.909701636495992],[92.23795088829523,26.90589043313332],[92.19473385356288,26.890059851294822],[92.16979358317344,26.89175044894937],[92.11995202388798,26.889079979125455],[92.11400321748147,26.893916188611875],[92.11210122261524,26.89194039269107],[92.10165509596023,26.881412583546602],[92.10237426292215,26.867335402639117],[92.0561884381096,26.84666981827973],[92.01660057287059,26.850356063197676],[91.98359411484766,26.857858981297184],[91.97047476270555,26.870417577320854],[91.96434767574945,26.88214711087196],[91.94374780969133,26.894844855684205],[91.89299124801703,26.918704913747924],[91.88525984811689,26.91638926363913],[91.8593657483554,26.91317833312873],[91.82415599063852,26.86391283338374],[91.72074775262044,26.811910419054893],[91.70479603304875,26.812990513846792],[91.69011310925569,26.80680146578285],[91.62593958987382,26.821030295761915],[91.59296507145085,26.805207172304684],[91.49520035098324,26.79121063093494],[91.46426008548745,26.80240242691496],[91.44931500005683,26.810664811642685],[91.40805475203315,26.840035388098745],[91.37616546315208,26.795350456647537],[91.33730486947552,26.780616092091226],[91.2967409676123,26.787152026856997],[91.27746219545206,26.80026300177926],[91.23677430182512,26.81196145696359],[91.19260861740663,26.813446465725782],[91.14625855540736,26.811109086641903],[91.097619491741,26.822082402424236],[91.05411452270556,26.780804668125977],[90.9917240010592,26.790829738641914],[90.95978972724365,26.78475589129731],[90.95713775589617,26.781684345718908],[90.95626234585518,26.78780852973106],[90.81686748526587,26.77629477420214],[90.74216200250865,26.77509803533723],[90.71703859527716,26.768446867209228],[90.69305478632354,26.77083867676922],[90.6757919190008,26.784429184851223],[90.64638157067213,26.77681026156227],[90.63420624997725,26.794135827817357],[90.5843108133343,26.80401760248907],[90.54638448551951,26.816835697042173],[90.41805778461385,26.904413944768706],[90.35670218326024,26.901021441493047],[90.35034268776707,26.889043955889132],[90.34744398694029,26.88847485821691],[90.34667471015518,26.885369982951406],[90.3483213059013,26.880880235282806],[90.3465508450539,26.877247226646986],[90.34788978218825,26.875338680048436],[90.30061592778505,26.848525779428464],[90.24818256361489,26.859481332258813],[90.23076915302357,26.858801564527898],[90.21347306420498,26.84522460842734],[90.20118819036794,26.83539323417634],[90.18768792110431,26.807114888973747],[90.19466618604662,26.773712364326467],[90.13996849962524,26.753806149803975],[90.04920523770227,26.730401919836208],[90.00814895126553,26.73226488215951],[89.96668047286069,26.723496730839187],[89.8976477109855,26.724305320293247],[89.86237854588222,26.73697381458175],[89.85880539173675,26.734879529444058],[89.86392205276296,26.73079602344736],[89.86450533157189,26.726883568631685],[89.86235975043152,26.7238237705543],[89.86214447636023,26.71511417158386],[89.86523554691354,26.70469898240578],[89.86323610639853,26.700957845604897],[89.85183119077276,26.697153768820364],[89.86333339214715,26.68130453383314],[89.86155684341709,26.67136047859145],[89.86291008352741,26.66484158900223],[89.85931254191858,26.655417646613348],[89.86642207497844,26.645637077741647],[89.86243556195329,26.64226582863792],[89.85719175158513,26.633751937426922],[89.84974148124982,26.628105125081582],[89.8497834379635,26.62311577406967],[89.85487880173095,26.615070612035023],[89.85990688258194,26.6134680259433],[89.86953041204983,26.613985956320573],[89.87103875887034,26.60946627984225],[89.86990481189393,26.602297190266377],[89.86552463106014,26.59195900509859],[89.86630682831401,26.589171949225417],[89.87403015774962,26.585467630135998],[89.874198263082,26.584009788207325],[89.86758918326356,26.579919152512698],[89.85915623416084,26.57820162464086],[89.85755182060554,26.575965956422166],[89.86239816868128,26.553781198203353],[89.85706215523234,26.54212919831387],[89.85942774366727,26.537633626838467],[89.85946928985085,26.532643854225917],[89.85096772383348,26.520790058678024],[89.85115975220018,26.515952075014592],[89.85359364224107,26.512337145629452],[89.85267799576017,26.50242032168744],[89.85403086935784,26.499597113902738],[89.84977976475228,26.490853739816007],[89.85175433720528,26.486871264525004],[89.85768378761236,26.484082125726857],[89.86095130166049,26.469153452558892],[89.86799831017993,26.46790201477198],[89.86954860383264,26.46394135204016],[89.86717449128402,26.45733369278941],[89.86903508100215,26.453676068761393],[89.86093396327719,26.446512557076755],[89.85707609259399,26.440961726666497],[89.85368452390004,26.43409530938111],[89.85599303607674,26.43073218985118],[89.85536583683697,26.428199581550455],[89.84781004230352,26.42288171316429],[89.85632872751526,26.41300991256554],[89.84884424484235,26.41412731382441],[89.83870316000667,26.412350871046975],[89.83453898986274,26.413903781339272],[89.82892130067331,26.404051567215134],[89.82801920168522,26.39460315016374],[89.83092517078099,26.39135480786081],[89.83798356903992,26.39135751645344],[89.84275801865526,26.39509945697932],[89.84624690543721,26.404753595957505],[89.85516203515013,26.396636009062043],[89.8541398637479,26.39198470844061],[89.85635842671687,26.384252381028283],[89.85317468775548,26.38385400039623],[89.84655703800924,26.38629045331339],[89.84300312757378,26.384421632488042],[89.84120336098691,26.379372089203997],[89.83057771320885,26.385360969638466],[89.82488663705061,26.381602582931983],[89.82409234847306,26.377761913310948],[89.82731456317634,26.37107321048522],[89.82005138586358,26.36412217534252],[89.82025662215989,26.360366096081833],[89.82405170060476,26.355789507367074],[89.82033015375751,26.35273218267273],[89.8146955259351,26.35390702827128],[89.8113482828122,26.35786057407544],[89.81113190201646,26.36041878532586],[89.81205975300881,26.362752971208227],[89.81954961030206,26.368344039865075],[89.82040700013849,26.373001324246708],[89.81074203228484,26.371442222661056],[89.80153597508229,26.36172211366565],[89.79480011782447,26.359448065458963],[89.79150693711199,26.359806728973435],[89.7863997101929,26.354963972125947],[89.78100575989971,26.35283112116804],[89.77907954914839,26.346170794057535],[89.78260933712355,26.332710251580647],[89.7770915208308,26.327897507079886],[89.7692086613805,26.32458329316387],[89.76680935827466,26.319270751192327],[89.76320033439987,26.316578483614265],[89.75946121650568,26.316512674402567],[89.75542459186072,26.32334785989991],[89.7505436092392,26.321407839154183],[89.75345056917669,26.30314634179513],[89.75765297700902,26.2984719703565],[89.76002326183621,26.291593233673755],[89.75715258934461,26.28878088157381],[89.75145740249565,26.289136868595985],[89.748685925571,26.290803648413895],[89.74466033942423,26.29691427417869],[89.74238241578128,26.294092323880783],[89.73772392699101,26.292834143006495],[89.72676393075581,26.29436124255308],[89.72272254863307,26.297213034879416],[89.72170361206419,26.29993178139099],[89.72540928927366,26.307302523590376],[89.72314527155129,26.30912616066101],[89.71984420722389,26.307031475179787],[89.71769146651074,26.29556259126111],[89.72412255503708,26.287528049820885],[89.73245192299765,26.28051801803646],[89.73834405379456,26.269814847136004],[89.73394888546859,26.26677913386534],[89.73524605992534,26.26196372264291],[89.73434176725134,26.259641376461737],[89.71970901167195,26.25737278821389],[89.7125018173677,26.261800044860884],[89.71453677008249,26.26980992288799],[89.707051037853,26.270543188080616],[89.70227302372258,26.259352420760173],[89.70472063283451,26.256060803829385],[89.71432978207136,26.25816421540384],[89.71697471422024,26.25685161479262],[89.71840508368085,26.255702218685357],[89.71658616231717,26.24690896535708],[89.71807577117916,26.244866128748],[89.72448155775724,26.243669390111037],[89.7318646098548,26.239686851686095],[89.73210560448932,26.236698300569394],[89.72598610111085,26.232290095360135],[89.72114745159708,26.23225058791949],[89.7141961971987,26.22965483528805],[89.71350952409722,26.220887684829165],[89.71066950661466,26.217639215914932],[89.70422062785245,26.21678666699169],[89.70124524323971,26.21951655645339],[89.70049167529397,26.217949893504453],[89.70089684962308,26.215762549451426],[89.70389829705714,26.21330763975642],[89.70936015729085,26.21148321952043],[89.71893538704084,26.214053958833365],[89.72563436486301,26.217568811771418],[89.73228255912555,26.21515326002545],[89.73401976434111,26.209950566783014],[89.72742980785844,26.205322810342395],[89.71757397765137,26.205688345300526],[89.7117047368262,26.202319730620975],[89.71749967889252,26.2011150477792],[89.72049323822004,26.19523022741852],[89.71927087995171,26.191881017159112],[89.71316569571883,26.187157920610538],[89.70618984095643,26.187145147800347],[89.6986022784013,26.19076146661001],[89.70315888925519,26.18272356577427],[89.70348736093378,26.17739671938219],[89.7098181777115,26.17185747569792],[89.71362455516598,26.171924632633317],[89.72219151045118,26.17684460915724],[89.72595392884726,26.17726921108464],[89.73256480439792,26.17705950540659],[89.73669199898649,26.17204852848736],[89.72875517144887,26.17341999816492],[89.72757883207586,26.171271220025734],[89.72849490615484,26.166958701079675],[89.71960293141667,26.165857988761047],[89.72042157242329,26.158426023121777],[89.72219760641872,26.15610301559371],[89.72541666713707,26.155380765896513],[89.7420155348361,26.159503009221325],[89.74720582627458,26.157963322084353],[89.75339375702318,26.148455274266734],[89.75397790629961,26.139564986313438],[89.76335049229121,26.13687376740846],[89.76661241612332,26.129294220377997],[89.75995416072962,26.117550476640325],[89.75531366609279,26.113958845218825],[89.75667397055452,26.108286975574295],[89.76425551529555,26.109971847363447],[89.76789616705483,26.10824159155719],[89.76999375659948,26.104722889153372],[89.77640601823408,26.105851131217307],[89.7789983468366,26.108186150143066],[89.78437921226936,26.105364452361368],[89.78573672297051,26.101420850788855],[89.78391715212486,26.10164080678225],[89.78147955743174,26.099513587385996],[89.78521917478922,26.098342588353088],[89.78604529606723,26.096524322291522],[89.78300872001402,26.093453487882798],[89.78176618199112,26.08318458195375],[89.7849446783845,26.08344474330429],[89.78912905523244,26.089202059971143],[89.79455687201181,26.088722191333392],[89.79491495216215,26.083179989489537],[89.79092509560755,26.07892577905602],[89.78998367646113,26.075549701055245],[89.79123303449366,26.07503092901651],[89.79474579041104,26.077416582463698],[89.79665494754502,26.076672119665815],[89.79509375463296,26.072429560012292],[89.79818525008939,26.06605949521353],[89.79559192435691,26.065149761087547],[89.7985401079828,26.06535992431896],[89.79741350383554,26.063243116195107],[89.79862313207799,26.059555944300087],[89.78537513669559,26.05705605826965],[89.78468416246052,26.052542711186156],[89.7888542408241,26.048903519092093],[89.77906048240648,26.044225884477193],[89.77365912819873,26.038517498571995],[89.77660012799733,26.035090460876198],[89.77980581549603,26.040498082629657],[89.78873595965064,26.040197479384524],[89.78765260668936,26.0363339079003],[89.79073273845744,26.03451111535131],[89.7932877726026,26.035768403952318],[89.79336920667974,26.042438949330542],[89.80181985978008,26.04049010019396],[89.80199494502222,26.037800187782086],[89.7992300599351,26.035116874347594],[89.79792924550476,26.030693786896226],[89.79364857195331,26.027928970149745],[89.79400654520414,26.022553706992003],[89.79236084238343,26.021208531456313],[89.78767298856484,26.0214718656862],[89.78798061663386,26.019003150887155],[89.79244120297378,26.018608941019316],[89.79516661608734,26.021724332111976],[89.79426711592534,26.02238275248261],[89.79654933441367,26.023110650072187],[89.8022236758565,26.031738273969797],[89.80548858209535,26.04412847357231],[89.80870621898399,26.04377790728417],[89.81191539374264,26.04038998797454],[89.81405820178371,26.03128788563551],[89.81921605775223,26.02574333624863],[89.8158361976997,26.02176130581916],[89.81541322145662,26.01855680169967],[89.81875092536949,26.015994670555727],[89.822015269263,26.009839942263937],[89.81915638266793,26.003380530730855],[89.82039338167878,25.997446318330866],[89.81819093179101,25.99588714591762],[89.81501482222134,25.998030966620473],[89.82053984479931,25.987348065677814],[89.82483901825574,25.98466239499984],[89.83600648220245,25.9823593222479],[89.83644442797143,25.98674378579875],[89.83337905642179,25.990557857611684],[89.83089842524004,26.001944866438667],[89.83098037764508,26.010172379637027],[89.83625883693207,26.012683202319415],[89.84406208498692,26.006393788467147],[89.84739833901891,26.001269892952955],[89.84797953283808,25.994646249842404],[89.85041505871112,25.990051214830626],[89.86685336333287,25.982678183846154],[89.86720886082679,25.979532386774146],[89.86964168456745,25.98160291026082],[89.87093957857476,25.980884877013203],[89.87285156630024,25.97730729052498],[89.87191990914602,25.97454451256326],[89.85742783782496,25.968778533089388],[89.84811199212166,25.971243054767935],[89.84190305966001,25.970416344504798],[89.8387090511583,25.965966878685293],[89.84284515793277,25.964485799889744],[89.84719641301443,25.956995109857047],[89.84459476528914,25.95492414028482],[89.84934803532505,25.94922061732081],[89.82943086822162,25.95498313863829],[89.8254590740924,25.95129176154605],[89.82532364048689,25.945862422739204],[89.84214580600934,25.944219340509157],[89.83908262095909,25.94120963589733],[89.84457808716759,25.93995834074341],[89.84839996145904,25.942748838336456],[89.86887451073841,25.944613047031776],[89.87606984997586,25.946899557233692],[89.887246515366,25.94514343143216],[89.87683295174172,25.925949160762613],[89.87849499940904,25.925777677975034],[89.8783251809894,25.92419802905869],[89.86184977594642,25.90699570269589],[89.86073223130879,25.90757373976263],[89.85752581347973,25.90074175703646],[89.84798470443917,25.891873650631855],[89.84887904467813,25.887919748156058],[89.83325988771284,25.871188567180706],[89.8357181499457,25.859215626730876],[89.83409331498902,25.8550088011016],[89.8351854355075,25.840327419735846],[89.82746281753758,25.83284659711903],[89.81675400822213,25.81489332778077],[89.82612502934849,25.810685923324474],[89.8274873271718,25.808109216260366],[89.83130760246205,25.7912487603592],[89.8337463613718,25.788387992643642],[89.83430138187683,25.78336038516665],[89.83851106875788,25.775472185847757],[89.84068713243079,25.765141730855763],[89.84124164538768,25.760664608433473],[89.83934929393601,25.755081187892785],[89.8271244769673,25.740580386255942],[89.82776153611567,25.72964023858897],[89.83497102112389,25.71587210503445],[89.83824966080684,25.714699553420047],[89.84935987512048,25.715144203712658],[89.85209625396871,25.70841975326304],[89.84658407280772,25.69574532249682],[89.8471273999427,25.69427858474415],[89.8585115411292,25.679584717290677],[89.86341860992826,25.66580585648887],[89.86757226619012,25.66242103381478],[89.86785606644627,25.66371640510041],[89.87091383824864,25.662701059984396],[89.88122019423196,25.629387612824317],[89.88230965483886,25.617300616932976],[89.87871962314586,25.601571518368583],[89.87325441938265,25.588035712665896],[89.87577253366796,25.580958712384003],[89.872139729591,25.573475380276925],[89.87284634259684,25.569165095246042],[89.86969154196403,25.56697148014943],[89.86724358700071,25.56197945071217],[89.86605040241955,25.546123669422172],[89.86391621101866,25.54371785992829],[89.85136496244536,25.538918524978513],[89.86019266272497,25.517417526131126],[89.85778682078218,25.50588528588747],[89.85570318566718,25.503533524574102],[89.85405691331457,25.50411100450341],[89.85406365157752,25.49872339413574],[89.851359738742,25.494201203685506],[89.84810512629794,25.47872280825929],[89.8488163647292,25.474861218603497],[89.85142681504594,25.471642128889915],[89.85129089994346,25.466350859046816],[89.85441840167312,25.467445792600273],[89.86537133984514,25.471783750050143],[89.8716262885072,25.47743956025628],[89.8722184777054,25.48603189402018],[89.87662651439786,25.4955937891608],[89.87675067953644,25.500889913833824],[89.87280682480917,25.50750668699219],[89.88081421591069,25.50691527346448],[89.88587249542657,25.508011750110466],[89.88404275385528,25.51433075410271],[89.88063582935987,25.516831383904453],[89.88342636583994,25.519205390759936],[89.8798847937649,25.518090667324042],[89.8772735169981,25.51971563674674],[89.87328134548498,25.516989244278818],[89.87340363583955,25.519539629774442],[89.87167268289836,25.51862333822941],[89.87142394209113,25.52200844219107],[89.86876773428877,25.521579558187142],[89.86787219929045,25.524332724020788],[89.8680162809772,25.52996559036496],[89.8787714891754,25.537787483502953],[89.87488618663838,25.54382202430384],[89.87829943796832,25.55042515194609],[89.88523552790637,25.555082761181446],[89.89240544212636,25.555926126613986],[89.89859103276366,25.5606011586974],[89.90150653478122,25.559034529345386],[89.90740838355285,25.561438968144],[89.90952284705178,25.560544789113454],[89.91219075002081,25.56325669780997],[89.93680206184482,25.564494129146496],[89.94099893246171,25.568351304964004],[89.94710597441056,25.57053744218608],[89.95373945516705,25.570886040536887],[89.96043514695194,25.57453813299351],[89.97209395522307,25.57358308414238],[89.9753606392279,25.576198654642656],[89.97847532918499,25.58705584273966],[89.98344120709244,25.59133999340333],[89.98764210485677,25.591639142206827],[89.99550053911446,25.586334157860872],[90.00293597736614,25.585515661001917],[90.01105897266153,25.59677918433459],[90.01092120253797,25.601648202616307],[90.01678543795038,25.601958797701084],[90.01735326393981,25.605113872919784],[90.02018693482486,25.60757855839893],[90.01753742935281,25.6079672172751],[90.01852878674417,25.611421427662005],[90.01632879105381,25.609895018881083],[90.00977468004591,25.615577148577362],[90.00918515704745,25.619278408580445],[90.00414696925121,25.620328683880267],[90.00690949985395,25.623414727168573],[90.00405674605732,25.626826633742162],[89.99875591692314,25.622489687009192],[89.995131366567,25.624739104631082],[89.99168568066538,25.62417318427098],[89.98311538454564,25.626878833267],[89.98328312246706,25.63064290979679],[89.97909835036039,25.638873809100993],[89.96478977790242,25.646894583643974],[89.96286973857706,25.649567721198434],[89.95039013064766,25.65569481958719],[89.9466791210387,25.66195679249524],[89.94708517841177,25.666244322027207],[89.94537801465592,25.667973732251617],[89.947382028494,25.67111863175476],[89.94285559923703,25.672321375709227],[89.94435381755272,25.679348012365153],[89.9374590896436,25.685958630341602],[89.93621096140468,25.68984065278443],[89.93381001078863,25.68975593645255],[89.92352105427402,25.694584510918784],[89.91864828045757,25.705237562813068],[89.91341357990468,25.708655687334485],[89.90254223660826,25.725348562290357],[89.89906454283474,25.726513584679413],[89.89860681706153,25.729659432369974],[89.89563247988444,25.731641296992933],[89.89433755301249,25.735026421375903],[89.8946781528457,25.74505956367731],[89.89964218651191,25.747229758796035],[89.9260211052356,25.738453442261374],[89.9375160122899,25.745516873548485],[89.93516579852108,25.754583629148353],[89.94198622317977,25.75593308482225],[89.95471687250186,25.767271845537074],[89.9575519941661,25.775481266978794],[89.9553017574985,25.777851059253592],[89.9592900896121,25.780021365253823],[89.95432385148023,25.788062477253064],[89.95521511498936,25.796621907818032],[89.95836696196152,25.801371725487982],[89.954460929901,25.804001216106546],[89.95578094222725,25.811280998415192],[89.94847910681455,25.815181208549454],[89.95100047659444,25.821152081582305],[89.94823568133884,25.82361204991709],[89.9481984030512,25.825561825274388],[89.95439229232507,25.82691071515864],[89.95762170612707,25.829200811002337],[89.95864091488552,25.82602098620615],[89.9539706339105,25.825130257607757],[89.95409714185534,25.82136166505417],[89.96194340753419,25.82027963994926],[89.9636891144056,25.822019207389815],[89.96758635645105,25.822609626941315],[89.96364317096872,25.828319760736942],[89.96391114201121,25.83314893466229],[89.96581357345866,25.832518901929816],[89.96785207451886,25.827858574334346],[89.9710282460723,25.826458740378307],[89.97774356335115,25.82802536242189],[89.97786980898792,25.83230622933713],[89.98139190379098,25.8356043652712],[89.99120151118515,25.83505048093665],[90.00352460025267,25.8393267634105],[90.00393507733692,25.841387238386005],[89.99887953408938,25.842881237824603],[90.00063834378753,25.84629182684039],[90.0090951521442,25.845902485280902],[90.01568945018461,25.850819679807255],[90.01738945526596,25.853162585322977],[90.01696676738204,25.856310465702588],[90.01905946739659,25.856013260793745],[90.02227034176776,25.86022736228449],[90.02375963082952,25.867309052051663],[90.02281842548214,25.870057372751344],[90.01943254851386,25.873242730440758],[90.01421977583708,25.871968409665303],[90.00556435895423,25.87856416506014],[90.01100977822165,25.884704223735273],[90.01379868246282,25.88503011831509],[90.01930681851007,25.892167311343414],[90.02517354584906,25.895786325586343],[90.03360400751674,25.89454259717455],[90.03412602751152,25.891812172818334],[90.04242428322053,25.88775841484188],[90.04337416270026,25.89217703003627],[90.04132305288677,25.8941579942344],[90.04638237534672,25.895997865753667],[90.04761198840932,25.8999064508191],[90.05538372086903,25.90066524543838],[90.05646144678339,25.90328972741916],[90.05552319330005,25.905835175808836],[90.06236228764531,25.91031470115839],[90.06049335706975,25.913550658429852],[90.06699343980316,25.913081267304015],[90.07047477624515,25.918521770301407],[90.07245365252663,25.918611872307306],[90.07584436153284,25.91498072908201],[90.08617580746211,25.919558129080443],[90.08535855075931,25.925563057326983],[90.08788898004887,25.925643865400875],[90.09107293999581,25.928567249529205],[90.0940285517908,25.92791280045137],[90.09205230667473,25.938162764713],[90.09793456857996,25.937500259939142],[90.10130484271006,25.94032012716287],[90.10101632719702,25.94332375650236],[90.10480697425257,25.941770167385485],[90.10662922567101,25.942401430874988],[90.10483798050291,25.944613492926752],[90.10750045944427,25.949236471819468],[90.11225408700966,25.95206695834198],[90.11620767588131,25.956969111742556],[90.1204815905086,25.957917493202835],[90.11971832974089,25.954194422935576],[90.13165672786442,25.95883473245505],[90.14047638013741,25.957389120966106],[90.13932225610141,25.959728762423225],[90.14376030191424,25.960228879814284],[90.15103242914219,25.966781802996913],[90.15840889838535,25.95724262796716],[90.16569790495745,25.95585379950042],[90.17686290392706,25.959045853372125],[90.17715028396961,25.95536538253878],[90.17853305619487,25.955315786897902],[90.18073994555671,25.94986619772658],[90.18682263148327,25.944186499261505],[90.18869709927425,25.945926337693816],[90.18684510912833,25.946946355092148],[90.1873293558637,25.949965704560764],[90.19076399608056,25.951306043913867],[90.19235913363225,25.95534532394244],[90.19977039013479,25.957046351681285],[90.20280871969945,25.960954476985744],[90.2098753294584,25.959753048460893],[90.21143144239753,25.952685169524017],[90.2705203580324,25.960401902752608],[90.32471389374666,25.973487995001378],[90.32785718246912,25.97509890443573],[90.3314694923812,25.98774216084135],[90.34029338200736,25.988435748550256],[90.34300710264915,25.996401026327185],[90.34664321072972,25.997941467978393],[90.34965163537856,26.004220841870655],[90.37211442497797,26.011357990968914],[90.39968427171485,26.01260872845697],[90.40532719278397,26.00907081478957],[90.4110844262696,26.000514964753766],[90.41543052502152,25.99890874665953],[90.41677620670701,25.99159693572038],[90.42512468003706,25.988931557116512],[90.43015838344343,25.989042498681243],[90.43321568991846,25.991410755096748],[90.43740570638975,25.991810694736056],[90.44367543323655,25.9960592500253],[90.45615599877004,26.000271584398032],[90.4760711796984,26.009679538854257],[90.48859759524399,26.00348122273432],[90.50247148820733,25.991553921608066],[90.50957982381291,25.98058282017681],[90.5203988186845,25.970616725336736],[90.53173126092807,25.956102871606046],[90.53494013564944,25.949681263626623],[90.53409887057238,25.939052482808155],[90.52062103313969,25.92606013666633],[90.51793209521995,25.91577141622386],[90.50848871300082,25.90159670650757],[90.51136200048822,25.897885619290687],[90.5149153899008,25.89619433181912],[90.52132147292293,25.898570205708047],[90.5263543319129,25.904937479558612],[90.53742868009053,25.911289925391543],[90.53807695201026,25.913840067674492],[90.54905873418775,25.915521670624816],[90.54999407173968,25.91693310900598],[90.54831193055608,25.919293372440276],[90.54441898964416,25.9206469168186],[90.54373729859925,25.923686514764235],[90.54881073898221,25.921493599793738],[90.55235913196516,25.922841085288585],[90.57666667847583,25.93684304032877],[90.5769971758554,25.944607956397526],[90.57970128003207,25.95136388578959],[90.58375829284071,25.956095459325496],[90.58780679950192,25.958164074070723],[90.58924917494629,25.958319526399187],[90.59062768736047,25.956155212292828],[90.59960858093874,25.955221239066606],[90.60483243074128,25.947184034775166],[90.62405908983528,25.939268821348765],[90.62305373579349,25.93515203771253],[90.6122410461969,25.92575518333801],[90.60620101497496,25.916710332744984],[90.61353943607425,25.899415512616137],[90.62180068568514,25.89792977796054],[90.62486999724563,25.898355697968196],[90.63073364426153,25.906375587205666],[90.63060906769455,25.909593558544547],[90.62606792493153,25.90982838935278],[90.62612781830644,25.91344349579557],[90.63157790432173,25.919919803620143],[90.67258820869401,25.93473349538801],[90.68826898290132,25.9490027687971],[90.70758028395632,25.95217480150128],[90.7137801793662,25.95176495109123],[90.71752182332301,25.955034643843966],[90.71894931188649,25.954632069568092],[90.71987318603709,25.948886160245134],[90.72440920930131,25.946870255553094],[90.73240106942984,25.95219007807606],[90.73826246706426,25.952803925283664],[90.73769125712117,25.95579213373697],[90.74275072241322,25.958080801433894],[90.74435031650708,25.955150441020557],[90.74802909995353,25.95680979845402],[90.7456200267707,25.95199011415448],[90.74769856484475,25.94839242681202],[90.74033097544817,25.939488309166173],[90.7466493254064,25.928181998111352],[90.75002536761896,25.933099221920003],[90.75132523702158,25.932392060626544],[90.75272208764397,25.934363959060885],[90.75456090399628,25.933536553527684],[90.75408544008945,25.92952631940902],[90.74689499487363,25.924900321739862],[90.74772678901266,25.9189537847079],[90.73891029431792,25.916252066279583],[90.74237947206251,25.91247993993796],[90.74523864791512,25.91186281300428],[90.74707459055682,25.91563060973326],[90.75099925547296,25.91835985508345],[90.7604581533937,25.921978136123567],[90.7605988304655,25.91575901536978],[90.75672330788696,25.913521925363156],[90.75661092056008,25.91108019188135],[90.76631023639693,25.907734395521782],[90.77803652880718,25.90870851389261],[90.77798464121803,25.91129462073272],[90.78109854694584,25.911359810083788],[90.78331134273073,25.921863502078843],[90.78525087639602,25.92438309203948],[90.78442172689722,25.925222071383164],[90.79631527303694,25.940614533212283],[90.80908019039214,25.947503496566874],[90.8078152456911,25.951063864574664],[90.80898761630716,25.95253121616394],[90.8161380370855,25.94902746980829],[90.81920747261351,25.95040978522412],[90.8243463381969,25.94549227672163],[90.82583251998612,25.948787425517317],[90.8328472870717,25.945955298729718],[90.83612114232743,25.948515164282412],[90.83540102404957,25.936699372615887],[90.83897353230638,25.94140308542634],[90.84227783955193,25.942216223324923],[90.8442885458389,25.94606643592192],[90.84840713456698,25.94447414420703],[90.87475879750669,25.94264412482439],[90.87162395204957,25.947721438333623],[90.87662098173445,25.949517795924535],[90.88100852246535,25.94291928910708],[90.88042491936464,25.950587269204103],[90.88445851578875,25.950402028487414],[90.88574581147238,25.94501765400992],[90.8895893127043,25.943270743684234],[90.88995799656824,25.938166264210714],[90.89738521164179,25.93756949656271],[90.89435432461926,25.93127401765751],[90.90522463125987,25.92899749096848],[90.90610698078645,25.925115927634497],[90.91676863753266,25.914150625337697],[90.9194439875354,25.915314232844615],[90.91536355924057,25.920492044153963],[90.91416760605169,25.925799949624682],[90.91550201747363,25.930845416437784],[90.91474519223665,25.93598163649549],[90.91726897489139,25.944501906044536],[90.91942044987832,25.944546313015817],[90.92187518802035,25.941436012269428],[90.92385753000222,25.942965307412436],[90.93378952207406,25.93986555453765],[90.93992344790443,25.947395468997833],[90.94736687307729,25.948186253680397],[90.94539804175727,25.944969291526174],[90.94607456389606,25.941105646425445],[90.95697705447839,25.93505212494035],[90.96655405750275,25.914159193258744],[90.96893615337933,25.903844963836423],[90.96591013971721,25.88853347672766],[90.96878647518835,25.885313690479755],[90.97598490013881,25.889767919702653],[91.00059110054885,25.888032764909454],[91.00096203738754,25.88591664739772],[91.010533926303,25.884267483663358],[91.01783774878915,25.88465280255742],[91.02515012144013,25.888871062934303],[91.03047939213452,25.885896222997072],[91.02783881142487,25.869425210357686],[91.01395574396753,25.85696694159533],[91.01524415176546,25.848493645265822],[91.01140591106784,25.846002665949538],[91.01213873421874,25.841874305817065],[91.01016828862618,25.83742067570408],[91.0079138199953,25.83805608642228],[91.0068644143686,25.832582028495786],[91.00132755469012,25.82519405844207],[91.00594513150742,25.82047794052966],[91.01049680432222,25.82045886898194],[91.02238414040836,25.823860665363355],[91.0285596411684,25.831259588063364],[91.03200657572823,25.83294112417562],[91.03242960856522,25.83509225205517],[91.03915984686097,25.83698781237148],[91.04815006944345,25.84929794304459],[91.06163494427807,25.848106915753128],[91.06181148299432,25.846999466094218],[91.06439183346085,25.848047412822762],[91.06713866151244,25.84671980946723],[91.07843386768916,25.852831918914173],[91.07291048902819,25.845987327114],[91.0731667181916,25.84055062713239],[91.07179327317395,25.83885567367452],[91.06766154478818,25.836901003427638],[91.06634507631573,25.838956223329237],[91.05929633853933,25.836754523296978],[91.05766360110312,25.831862370387277],[91.05290017830788,25.83190228619506],[91.04881460176814,25.829367572941532],[91.06206445756149,25.820872831255393],[91.06690191411255,25.825826065936848],[91.07707018376539,25.82903707046129],[91.12029334410964,25.83302412454503],[91.12939051292334,25.84270584582636],[91.13603865238862,25.842721355676357],[91.14747965603429,25.850586576461055],[91.15982496852368,25.85004496064694],[91.17355276308245,25.84450008040795],[91.18015726778114,25.84406716455528],[91.18392179811643,25.850496956092215],[91.1891305382559,25.85181003831272],[91.19575907827834,25.861488648931356],[91.19748496651796,25.849633465071793],[91.20357237488795,25.843309152752894],[91.19721806806388,25.83533917701189],[91.19461059476401,25.834957857230812],[91.19438437561925,25.82737393398939],[91.18930194220201,25.823831282999056],[91.18623463029132,25.81845222095272],[91.18774764565639,25.814896779177698],[91.19020234966243,25.813747830434256],[91.19036849127758,25.81152991713017],[91.1841164037497,25.79898561542988],[91.18199502681635,25.783692442753914],[91.17832868503658,25.780255832202734],[91.17819075770787,25.77744678725619],[91.18506001568369,25.772081126770658],[91.18408447403124,25.76653009909519],[91.18921743588659,25.76404676364256],[91.18887227889992,25.750540654256838],[91.1904080764389,25.74792327654187],[91.21004397473868,25.725583581486774],[91.22238172790492,25.722658612848274],[91.24544741282409,25.7333944380294],[91.26439241683885,25.74592311611397],[91.2744657192948,25.750542947266922],[91.27890579170688,25.75745586643686],[91.28855394579335,25.76559491109725],[91.28996442655354,25.772740317752802],[91.29448337284421,25.77601049930762],[91.29548751865198,25.780276142991475],[91.30177467640854,25.786580050153834],[91.30252044787595,25.789997006295614],[91.30963969262235,25.798972800357074],[91.31465002994985,25.80968947077263],[91.32068048513084,25.815811880206063],[91.32224880347974,25.821625581129627],[91.33424779386749,25.833160873619107],[91.33318438081056,25.836843394070552],[91.33528283004291,25.840639726283584],[91.34396674418149,25.837211689051433],[91.34664425463251,25.84012328596021],[91.35209075367486,25.838657471794782],[91.35767123554352,25.841587334826595],[91.36576099766499,25.840125781787727],[91.37097782174368,25.84271209374785],[91.37282316615315,25.846814710262674],[91.38106777896498,25.845726809951394],[91.39306841686297,25.847689135863874],[91.40265573883504,25.85149225916231],[91.40609704994121,25.850151120979415],[91.41339043490206,25.853660720621455],[91.42239404597551,25.854569667529265],[91.42809950416144,25.852730810317016],[91.43575625675639,25.8436516074389],[91.4450756579916,25.839833654806117],[91.44830882854811,25.841984898312965],[91.44854024983667,25.845098965597447],[91.46170958424122,25.854434142865436],[91.46300843225937,25.857091690882715],[91.46939994640418,25.85925402328257],[91.47782839315073,25.857361742890596],[91.48358619077835,25.86426279375827],[91.48820433982249,25.86314901577885],[91.4956927130989,25.863914730729192],[91.49729576301162,25.861187923733986],[91.50334335355664,25.86434331239887],[91.51364474005983,25.86406267506137],[91.5179894185753,25.86996032115694],[91.52228214122965,25.872946629371178],[91.5278793200845,25.87325285805913],[91.53036021177769,25.871349940913692],[91.5303520595665,25.881730355349596],[91.5351150502721,25.883976515607458],[91.53291658800588,25.888249138072347],[91.52651272022928,25.89116957893134],[91.52122033885205,25.883556499333313],[91.52123752542003,25.87520699689949],[91.51306440143682,25.86580891650824],[91.50047442110176,25.864954670602923],[91.49694121952852,25.866511879242996],[91.49112888967157,25.866040553457335],[91.48156864921037,25.86785744401955],[91.47491671256638,25.870331814053905],[91.475970616956,25.872616394155678],[91.47473592931038,25.874116928229295],[91.4777629706452,25.880579849247695],[91.47829274938907,25.88756659950173],[91.48392659567718,25.89313294596038],[91.49183966097887,25.895949614070446],[91.49935444921624,25.891288502546438],[91.50383017576193,25.891265236824566],[91.49866587617788,25.896090011714175],[91.50413277146876,25.902972797839546],[91.50480654925434,25.907865755842902],[91.52049805293942,25.916904312933795],[91.52089532838221,25.91915667295257],[91.53294727984587,25.926670297061357],[91.53688185048469,25.931307810946937],[91.53650418706115,25.935870446163587],[91.53248054846193,25.92998721481992],[91.52269175413458,25.925404309102152],[91.5178404725113,25.91975922020974],[91.51291233552386,25.91687615272767],[91.50947833131421,25.917306667919764],[91.50459834133106,25.911489685288917],[91.50310344049373,25.914241479689633],[91.50439335476638,25.916819673124902],[91.50117219468521,25.918956245743836],[91.50284128694098,25.92663912570628],[91.50667261779743,25.928519758469175],[91.50788666215783,25.932375030032976],[91.5137408867447,25.932984441159405],[91.51507548681288,25.941330283797072],[91.51974337916754,25.93997295407341],[91.51650316402254,25.955801485333865],[91.51800310261201,25.959828214075078],[91.52209260838278,25.959568092740327],[91.52522324343616,25.961724732665388],[91.52857590609517,25.960734779613407],[91.53028476587023,25.963161866263373],[91.53554807506995,25.962399792689386],[91.53532553003471,25.966822122232752],[91.53829036842599,25.9715103467811],[91.54264376688789,25.97327057580836],[91.54462359897688,25.97600658464757],[91.54668126289869,25.97520885524387],[91.5511741167236,25.976691540937157],[91.55162650830071,25.985121919013828],[91.55738092736456,25.99283263172354],[91.56052771951663,26.001020249595946],[91.56499770313273,26.00210716888843],[91.56356155570825,26.007590146617844],[91.57209374439535,26.01545540574428],[91.56911542947817,26.018532309846247],[91.57065566469466,26.02577193455624],[91.57976919991451,26.03334367728273],[91.58864729208827,26.02965885015138],[91.59399936651614,26.021775644207082],[91.59381996936065,26.019875512426378],[91.597461729641,26.018170319995964],[91.60015823137543,26.02170455123037],[91.61945901495511,26.026052789779254],[91.62627741301452,26.022230180367487],[91.63102277877422,26.022063079192286],[91.63233124056255,26.019120464886846],[91.63110238927133,26.017847775047255],[91.63259580788849,26.01664719839646],[91.63152669052951,26.014814875809343],[91.63482798572389,26.012233142895244],[91.63268023066058,26.011231349472954],[91.63316444146334,26.008582123155175],[91.63128146393166,26.007593837814],[91.62808582768265,26.000840372701113],[91.63015947532831,25.9902214590057],[91.62617167142412,25.988964552216107],[91.62599027641542,25.98677835289055],[91.62845381625057,25.98253511069382],[91.62817905753778,25.976245089116166],[91.63518649976052,25.970675284563132],[91.64064155256101,25.963854467442467],[91.63428654684768,25.96060452819796],[91.62932763717188,25.947244996639895],[91.62974157366827,25.943346580594493],[91.6260866063566,25.942283079830748],[91.62281561223504,25.94488569856079],[91.6118072435184,25.945122846846807],[91.6093986608157,25.937488106143512],[91.61358276367748,25.93611433463036],[91.6155984987334,25.933708062186174],[91.62131363267326,25.932318261370003],[91.62424346012463,25.92966451438104],[91.62517674861938,25.926180331494088],[91.63048220048404,25.92493009505278],[91.63213392291549,25.921888027803124],[91.63642604190197,25.921422958412396],[91.65141985554685,25.90637831919844],[91.65417930941979,25.905903888026007],[91.65658509027713,25.907866630134215],[91.66024252256594,25.906498281173818],[91.6633468621343,25.907855972991506],[91.66643487841563,25.905264557822655],[91.67052640988739,25.90424779649559],[91.67876077382013,25.91634946118209],[91.68801050980673,25.920308371197436],[91.68935552224734,25.924712649998696],[91.69885994499002,25.935106512372016],[91.70105666542288,25.935728234611002],[91.70233347237723,25.94131103222857],[91.71340670754222,25.944145015524676],[91.71325949343009,25.94582584196358],[91.71504457076546,25.94638450249833],[91.72003380487031,25.953692267068156],[91.72016518976879,25.960945577285084],[91.72244910158145,25.9658189587738],[91.71970404231264,25.96592496165533],[91.72103344203362,25.96864359833053],[91.71999506771861,25.981865783368768],[91.72146111017747,25.988423368267874],[91.71954716592133,25.992997997302528],[91.7216413203083,26.001595071932552],[91.72149041501865,26.012286831033663],[91.72496358757132,26.020299907178426],[91.72295323701721,26.035221731508614],[91.72527579615002,26.04627282243415],[91.73362214676101,26.04929959396833],[91.73290428505116,26.05097903371281],[91.73511804921989,26.05141511415225],[91.73464061171438,26.05373076255429],[91.73682651643124,26.056342218888314],[91.7334138534978,26.056322243705846],[91.73064200287396,26.05767370012351],[91.73098805548095,26.059022924947584],[91.74283924246178,26.063129689102475],[91.74307640129003,26.06539503151013],[91.75546366869642,26.068030747309237],[91.75700167878595,26.070455286627897],[91.76266068688516,26.072448874823248],[91.762928177329,26.074710982110062],[91.77720671641208,26.089441997182576],[91.7832498090925,26.088186140491825],[91.78578469582246,26.084110308361122],[91.79128884424817,26.08532801265458],[91.80027687134812,26.100140190485376],[91.8028500864963,26.09535718667803],[91.80554951494194,26.099216079296582],[91.80896799267022,26.097886947709362],[91.81006618939324,26.103386752752456],[91.81694463623614,26.11124564523272],[91.82015652390695,26.112648935297806],[91.82015478476858,26.116503814723565],[91.82532618284,26.119502083417228],[91.83077582149427,26.118537427464545],[91.8372866435869,26.112333784210225],[91.84821007569514,26.10816605232144],[91.85093932012335,26.108500506565672],[91.86064249332601,26.10298675878505],[91.86385153782896,26.10272524934235],[91.86568614198087,26.100513962456567],[91.86631082953114,26.10145278086015],[91.86851024131659,26.100211714261274],[91.87356356572536,26.100726392773897],[91.87909669829372,26.098072609205595],[91.87956642106761,26.096131914012194],[91.87679230040104,26.091745288378892],[91.87837654408328,26.08987676781338],[91.87653194707212,26.076761647809853],[91.87257401125281,26.068001664659228],[91.87020579255073,26.054602120940604],[91.87184966370658,26.051054846325755],[91.8672235349278,26.042114073171824],[91.8708726335457,26.042807700492922],[91.87194639878795,26.044715356644947],[91.87467815580405,26.043112439103737],[91.87302058264515,26.038902004386728],[91.87612330165274,26.036502871830322],[91.87509356913077,26.035210170581227],[91.87701000172024,26.035843569377807],[91.87908060138213,26.034463201333523],[91.87885833841791,26.03124759416885],[91.88296917199017,26.026197178975952],[91.88572175554779,26.028137637365546],[91.88866896719655,26.027965903155973],[91.89775452887845,26.023492130000516],[91.90222995808182,26.022471367129732],[91.90510754490619,26.0239692039912],[91.90843844138583,26.021066498958536],[91.91461713026679,26.020595520080988],[91.91291179817583,26.01481011194033],[91.91471471695105,26.014087498343606],[91.90967956905372,26.0127710137474],[91.9132446832774,26.009498077504976],[91.91068261622186,26.01004928427631],[91.90968333748634,26.008871607179934],[91.91051702976557,26.007467808265755],[91.9140980244068,26.00729992393802],[91.91220431380414,26.005016715236824],[91.91431981395888,25.998896312576743],[91.91890894741937,25.99792914279421],[91.9248875078247,25.999488744291444],[91.92819509661598,26.00245272472064],[91.93107164498787,26.012452815078305],[91.93389757239517,26.010371160384814],[91.94710000971794,26.013271567503246],[91.94772073210453,26.01538792642674],[91.95129656233125,26.014754254128803],[91.9618387117036,26.019013261133374],[91.96187474762124,26.020353623110793],[91.97309003068716,26.022210328533316],[91.97493584222056,26.025205846115373],[91.97889915894845,26.027572404680587],[91.98349329602503,26.025899169010582],[91.98609884333695,26.02907444329127],[91.98538644607898,26.031123959915558],[91.98898056151329,26.038626473115762],[91.99468074479186,26.038585805623583],[91.99913934675332,26.035886995864814],[92.00403527195131,26.03566544732324],[92.00614044237858,26.038650411923307],[92.00833860820076,26.03867023030458],[92.00873501317606,26.036914964450876],[92.01036869474164,26.036744813800265],[92.01319462574222,26.038538735919737],[92.01642316009355,26.037142088004096],[92.01836953802305,26.03928722163675],[92.02396605032793,26.037905711662958],[92.0305440708954,26.039679292555597],[92.03432143725779,26.039013760757584],[92.03625675872277,26.03630705642014],[92.04061281799453,26.036603026918367],[92.04806374769326,26.032870295487786],[92.05135072194543,26.032885505880774],[92.057878801573,26.034919618263846],[92.06372910411535,26.034141421967533],[92.06671597907884,26.035176157733687],[92.07783844731128,26.042383212016873],[92.09721119403005,26.04932030880871],[92.10872726179917,26.05077529705982],[92.11982420979271,26.04605989056911],[92.12132799137495,26.043979362326425],[92.12813767397948,26.045775591798947],[92.1325390793085,26.044335722957786],[92.1341335583951,26.052544996720474],[92.13746648686391,26.055135327456306],[92.1433175682456,26.05614106189884],[92.14506695551474,26.059819107694793],[92.1521589857996,26.06687646533741],[92.15463265144464,26.067250501712753],[92.15705703730984,26.07018805282895],[92.16932294950787,26.07773525842523],[92.17872335093394,26.078287178077183],[92.17870212913364,26.075791352631562],[92.17609791402332,26.074388808930973],[92.17600612147264,26.070322458565524],[92.17796426284075,26.068651910836248],[92.18021419138617,26.07126862162218],[92.18173224001177,26.06915590729939],[92.18725912839058,26.069392794280397],[92.18604897014208,26.067750563946852],[92.18708277023566,26.06667149911055],[92.19093667395859,26.06893537784526],[92.19256988570528,26.067431734929016],[92.20034667298513,26.069716056023502],[92.20643213021434,26.068241441980348],[92.206188272649,26.069726391062993],[92.2080978358215,26.070564730957287],[92.21540202482028,26.068511385854077],[92.22046556666709,26.07039908090986],[92.22215769711666,26.068186462542197],[92.22850775490943,26.066895822218186],[92.22936034774223,26.064715376336054],[92.2372542627587,26.06358114700144],[92.2384820181053,26.062077274763322],[92.24096132337367,26.06298694963327],[92.24154985463207,26.061862724576528],[92.24454488719665,26.06380997160927],[92.2477896253591,26.063018915206893],[92.25044120324449,26.064623438288848],[92.25088205506343,26.063594833092047],[92.25823740221932,26.06356028297283],[92.26087323982429,26.066234210966893],[92.26738365228516,26.066861992863412],[92.26880651721987,26.068271095877694],[92.27157745335877,26.06532602028111],[92.27481511100014,26.06574799513613],[92.27052913649018,26.064138304359716],[92.2694128881215,26.06066236523872],[92.26386946086001,26.057458420410164],[92.26348756996474,26.05441176623695],[92.26806190637582,26.05153130864709],[92.2699539532986,26.047552148780824],[92.2689339001238,26.04291638372032],[92.261001380008,26.041732437492],[92.26500320930873,26.03619784322578],[92.26338736019986,26.03322700628948],[92.25673264506668,26.02879432904806],[92.25321557543931,26.02909376444073],[92.24850590693237,26.02347990194503],[92.24365222860389,26.021621802302928],[92.24277689671631,26.020485211339988],[92.24444304788784,26.018290389249287],[92.23496199481727,26.012331575705044],[92.23379526382456,26.009213847559863],[92.23013316478787,26.007975469087192],[92.22767156082213,26.00865421226445],[92.22471756240142,26.006083812418744],[92.22023733888938,26.00578440551854],[92.21903221929132,26.003988952460258],[92.21182596642149,26.00464795833578],[92.20907421650043,25.99801517602458],[92.20377282412257,26.001321796116976],[92.20092710233797,25.995253113246697],[92.19746594565055,25.994659163185187],[92.19623011355125,25.99094544597564],[92.1984706672784,25.98831764002177],[92.18838140445482,25.984644134869416],[92.18460698636318,25.985900424904724],[92.18080650904349,25.985107669821065],[92.17864075533514,25.97751280697178],[92.17433510951707,25.973994003340476],[92.16924202567381,25.973476637967302],[92.16413303626014,25.97037311508865],[92.16204978472577,25.96665471772182],[92.16144358809731,25.960345426246835],[92.16397390779241,25.95791213822169],[92.15721774052429,25.952728182506487],[92.15701715031459,25.94928919439339],[92.15235833992743,25.944415855474304],[92.15243707097389,25.939690509345766],[92.16007286677159,25.93541930262865],[92.15913882818356,25.93331638733016],[92.16084921060303,25.92824768952131],[92.15674272577508,25.91473147225552],[92.154531633196,25.91386993104377],[92.15466060432135,25.911089749838396],[92.1623458757316,25.911254957173607],[92.17546900888277,25.90746429707797],[92.1774906737179,25.90894852024846],[92.17647834066466,25.910519486941492],[92.18165376498517,25.91135700225355],[92.18599830605838,25.916730469022124],[92.18939082067833,25.914666439901595],[92.19444854323875,25.918554443375758],[92.1962534445958,25.915845640333924],[92.19396533315921,25.911771327383168],[92.20096976333083,25.908549902154874],[92.20219599423636,25.90642344838106],[92.20434865320284,25.909238562964585],[92.21719066667069,25.911595882514156],[92.2254826683087,25.909266068071847],[92.22273569832328,25.906487798444584],[92.22077444698765,25.900355576717253],[92.21562463004261,25.900043029588417],[92.21490241150364,25.895394780924807],[92.19893126945718,25.889085286468223],[92.18746905658764,25.877302138473194],[92.1835475366733,25.876978867949624],[92.17716479457721,25.872847173115062],[92.17612514824779,25.868293662791732],[92.18001639673366,25.858326958787462],[92.17750730153381,25.858201463867367],[92.17742445350841,25.851598655061892],[92.17252567256615,25.84999805886096],[92.17292856697108,25.84728101301794],[92.16972813910836,25.83895497499889],[92.16614594880944,25.835390552538513],[92.16193678295122,25.835639983305747],[92.16409041479315,25.833107408655227],[92.16072836204452,25.83070721319051],[92.16226820739216,25.827339988852078],[92.16119892474315,25.82069216429857],[92.1601514082735,25.819884542660855],[92.15687083182279,25.82167256451266],[92.15566826164351,25.81898294828779],[92.15102035680393,25.81673623003955],[92.15250509589879,25.8118751089854],[92.14861958854586,25.80604013380576],[92.14987853968732,25.794991363926076],[92.1462818254269,25.784214157950235],[92.1504986036088,25.781460341950616],[92.14980025779853,25.77957393482529],[92.15257642033569,25.77809750816378],[92.15203758387882,25.77612981212091],[92.14811926017026,25.77455991126414],[92.14773520253853,25.773047970615064],[92.15083906959308,25.766647530812996],[92.15016551099642,25.763704996258824],[92.15535237805703,25.757493657632907],[92.15547529992722,25.751220058105556],[92.16274412135496,25.743969045307608],[92.16262847763515,25.740954515078016],[92.16182976126154,25.736730304154726],[92.15436707081909,25.725110160646516],[92.14809397349333,25.725368515058296],[92.14416619591474,25.71691108445354],[92.1476473032863,25.709558338550323],[92.15074564839676,25.707878826735925],[92.15232515885577,25.708704488829863],[92.15469584792488,25.706311961722943],[92.1545641872436,25.697980311932703],[92.15675540729193,25.695921724288386],[92.1558975036192,25.69176964314009],[92.16045288108623,25.684213220286473],[92.15951906348376,25.676337605848467],[92.15606641833365,25.672280830582594],[92.16477521670392,25.666731723670036],[92.1701141775253,25.66722668648511],[92.17334919322141,25.674239417774203],[92.17739848860343,25.67440948452098],[92.17988544572145,25.6781637228995],[92.18766351310056,25.684181375486475],[92.19653589827733,25.68651970560316],[92.2007287588148,25.69236697782296],[92.20800369866795,25.695666719516357],[92.20977465448705,25.699262869925953],[92.21677315937103,25.704909389643458],[92.22104946531356,25.713369074439473],[92.22495289046313,25.716187355167822],[92.23159904195671,25.716038127940354],[92.23277334754387,25.70896035924107],[92.23437135790785,25.707677357769224],[92.23867364312842,25.710693481178925],[92.2472611383926,25.713237227138947],[92.25105486936454,25.71091613210375],[92.2547696815421,25.71269294584008],[92.26428867945027,25.70918904902085],[92.27119673386662,25.711360589335854],[92.27707221349142,25.715566504700572],[92.29292990819899,25.71655114780113],[92.29706781789224,25.72007380219501],[92.30204479089177,25.720961032815104],[92.31125863558948,25.727992607887064],[92.3168667792807,25.722520252091925],[92.32407545400855,25.724820221812294],[92.33342798600974,25.724213803092137],[92.34574868915192,25.72928076369795],[92.35316129582229,25.739852264763506],[92.36085077583968,25.736752579847646],[92.36418435468879,25.73745244053679],[92.36885819029739,25.747386506566254],[92.37367727450423,25.750505311635088],[92.37861101967401,25.748492345026563],[92.38393692527934,25.7546210118642],[92.38535165417255,25.75060602120947],[92.3819648240917,25.746420636696165],[92.38169538879526,25.74214200796301],[92.38775534105696,25.74424928508675],[92.39758182959191,25.740551642732957],[92.40653790541383,25.744697698267956],[92.40794291184068,25.74358706423017],[92.40709527411501,25.741966984741104],[92.41424118894388,25.741559005120536],[92.41449478514521,25.740056008856197],[92.40903631605171,25.733851567827138],[92.41156640577807,25.730131914175455],[92.42197045893843,25.729993533790786],[92.42595753880053,25.731923878632415],[92.43109512877624,25.73227404665067],[92.43285639806163,25.727055905009188],[92.44420761509467,25.719793456862188],[92.44761385327718,25.70910415948675],[92.44390630218204,25.707458642565353],[92.44028004143362,25.708340367872577],[92.4378076531929,25.705899762527547],[92.44056457651166,25.691699542223475],[92.45022905747841,25.685389618032502],[92.4552346570911,25.685016872841164],[92.46318126458719,25.681103721115118],[92.46324975034781,25.67951942302844],[92.46788372680894,25.675621546345166],[92.470249224514,25.675249898396],[92.4971141776205,25.624485651777974],[92.50600241177384,25.62150130865725],[92.50554444615042,25.616409839403794],[92.50939816751533,25.615690770643834],[92.51498607575644,25.61843923664386],[92.5163430645364,25.615154465765322],[92.53329830918,25.615044170783985],[92.53576370673119,25.613244873638678],[92.53877509941374,25.613675433527106],[92.53913491061762,25.61168064095731],[92.55408164355848,25.614902205192777],[92.55401794222507,25.61313291469094],[92.55664719607734,25.611509292409902],[92.55539811562423,25.60188163244297],[92.55208770073305,25.60264280479473],[92.55429939159009,25.599669551337424],[92.55323051318297,25.59748904530184],[92.55650110575763,25.596574365641935],[92.55458547716032,25.595427043125543],[92.55423113220492,25.58839499127163],[92.55485543886951,25.584671637804323],[92.55868491919648,25.580223217060915],[92.5561338699779,25.576751178723917],[92.55663964753398,25.57105999332253],[92.57240491368366,25.55744935173275],[92.57533518490278,25.558610358195608],[92.58227154343712,25.55772788801571],[92.58398546791375,25.550552000263078],[92.58987575806268,25.552701931287665],[92.59473205138693,25.551691971690058],[92.59989086495955,25.555136725537007],[92.60184006539562,25.562029026957436],[92.62196226936942,25.565253379711102],[92.63008348420391,25.571766230771313],[92.63421965475877,25.58139762476989],[92.64162101542013,25.588609504323948],[92.64938078052364,25.592300304476122],[92.65290428927494,25.59102692072507],[92.65856438882724,25.578225650388283],[92.65821974118533,25.574163595264316],[92.6613741986617,25.572285235457432],[92.65739745301866,25.56985347195447],[92.65669825740211,25.560944080793753],[92.64533262151045,25.5558414141368],[92.64197189737008,25.54167408675822],[92.64275183086946,25.5349082853365],[92.63767707714956,25.530336749861878],[92.63182688330336,25.5278366333104],[92.62759840725981,25.522073112379232],[92.62011733459173,25.51615594056591],[92.60899614556024,25.511912488184223],[92.59981059420068,25.506449864194398],[92.5972152921746,25.50255878678192],[92.59100382736216,25.501244132437595],[92.57356672819678,25.490577102756134],[92.56427566791051,25.47371119108729],[92.56457794651205,25.465582512181545],[92.56646325337522,25.463457382418685],[92.56872519419267,25.463796800984024],[92.57437713165226,25.466362465741543],[92.58027171934148,25.472182321735364],[92.58250458887969,25.47116739031098],[92.58402284052453,25.465697501950764],[92.59180254643073,25.47051988887908],[92.59555145865647,25.470303956973087],[92.59852525504778,25.46823739493237],[92.60036054281764,25.46485257061228],[92.59751959647708,25.450769866411207],[92.6045245512648,25.447701788113704],[92.6029855656049,25.435226230671763],[92.60688840505293,25.427725322081027],[92.60441426330075,25.420999820858228],[92.6065424413791,25.41333161083705],[92.61116907321446,25.41526837400733],[92.61501030979356,25.42121297636341],[92.61849424506165,25.423099847921677],[92.62451799791229,25.421023729382327],[92.62754977875855,25.422066307775466],[92.62829533013868,25.423975542956626],[92.6251593384313,25.431237874972616],[92.62555710794753,25.435015635089474],[92.6357509409584,25.427414515197825],[92.6366300664314,25.421510715648072],[92.63947239348254,25.417664914997996],[92.64699392716933,25.4283429995015],[92.65353128100394,25.433622658166712],[92.65432629272529,25.432701778730827],[92.6513722125579,25.425941050067745],[92.65181304641052,25.419342182999067],[92.65632364645388,25.411641211078194],[92.6615549980874,25.406453872418954],[92.6634434742069,25.406597873098686],[92.66743198957681,25.41492427007268],[92.67344009736847,25.414123495883704],[92.6776860168982,25.407121446676843],[92.68805962435701,25.402179550917477],[92.69273816084949,25.397772203887058],[92.69819216351938,25.386418046585643],[92.70167391498299,25.384579193185264],[92.70978757498597,25.384610864418615],[92.71785216182163,25.37272625797815],[92.72365503331696,25.378915115958605],[92.73100412999507,25.380101521605095],[92.73792940152217,25.379432903485007],[92.7331687760807,25.372819647101228],[92.73226613630682,25.369015335968744],[92.73869761200703,25.367051610973363],[92.73945732353103,25.361404575860117],[92.74632440129571,25.358424623962325],[92.74986003909994,25.350036015961464],[92.74981127046149,25.34419543400325],[92.75450668000994,25.342475155832553],[92.75584138158771,25.338738967948903],[92.7609766772662,25.333615577802103],[92.76364357771541,25.33367628629059],[92.76982283612827,25.33831177509717],[92.78170681161696,25.333282551363876],[92.78684057656616,25.314473130594738],[92.78144786864306,25.307785122813197],[92.78122647165473,25.305081371441734],[92.78334083813562,25.29954445131718],[92.78714134060814,25.296306047856525],[92.78721021713592,25.290126968882035],[92.79240325202926,25.28266444155786],[92.78740018476735,25.27418944413158],[92.77965170250381,25.273629525757144],[92.77655698748538,25.27012488597662],[92.76852705495847,25.268219129134703],[92.7691050319106,25.26569188069497],[92.77765326810191,25.258277387684615],[92.7748787315154,25.252100921824706],[92.77109273144481,25.251087201368097],[92.766366831279,25.252239343383895],[92.76254287828598,25.249368654769242],[92.76179590217777,25.246628307618217],[92.7700724941154,25.23743391097387],[92.77157582474335,25.230079908167976],[92.78193768493317,25.230262328007537],[92.78901269124508,25.224777939184328],[92.8014252345486,25.22033864608378],[92.8027420749236,25.217062433244312],[92.79493692333865,25.209850080054345],[92.7859570107207,25.209447785564855],[92.78182873366224,25.20334727941187],[92.77612126594504,25.199714584730664],[92.76738160954642,25.203590251201604],[92.76271984819357,25.20168659330429],[92.7547520602197,25.20192858247335],[92.74670392782512,25.20660672818756],[92.74278245282657,25.2067518654866],[92.73713119539163,25.200638468708355],[92.716043936698,25.195881828671048],[92.7091483032871,25.19017063420326],[92.70252369069908,25.188477629714566],[92.69380820167657,25.179336314300308],[92.69089331231004,25.178863441810158],[92.68701705131633,25.180461918361527],[92.6832920028361,25.179635876709355],[92.67714594525785,25.18264425022054],[92.66853584299122,25.17665617982596],[92.66786328781271,25.174184691456215],[92.66338339937226,25.176767744435363],[92.6583343895718,25.172045351946306],[92.65792781207419,25.158937336506778],[92.65566774514247,25.1550521665384],[92.65199626679588,25.152397879731858],[92.6441174282048,25.150764039820576],[92.63859208852153,25.147827102915823],[92.63542315559266,25.143589943928127],[92.6282184406386,25.13820257216319],[92.6271967830727,25.131047777281807],[92.62878438375914,25.12628443056749],[92.62134064507428,25.115126352597887],[92.61623246324604,25.115901309024082],[92.60880580602628,25.122718317931934],[92.60419609934917,25.12353834650157],[92.5949205691375,25.122299581381103],[92.59272569474257,25.125991102141313],[92.58799004605926,25.12888347286207],[92.58311259830839,25.128211904807035],[92.57651979775952,25.13109272073521],[92.56809172471218,25.128338536954047],[92.56051831780927,25.130422567741075],[92.55526487750127,25.1270523461991],[92.54881094032565,25.130511912631516],[92.54300086164682,25.131172856379415],[92.53826420325713,25.13358940517232],[92.52480805295204,25.135288592835593],[92.52334806244329,25.1390349066195],[92.5215267093401,25.13912850082029],[92.52058047342715,25.1365757337448],[92.52256011417495,25.13313365431353],[92.52300686433206,25.126070572589214],[92.53933182492118,25.099153950684663],[92.53386554228132,25.099084136788196],[92.53043129732316,25.100410094528574],[92.52772588789439,25.104096966116835],[92.51985825398987,25.10603635504728],[92.5088311392299,25.104320493882508],[92.4968656901382,25.109606204873646],[92.49092559020342,25.107790442270215],[92.48087515705798,25.108675351654444],[92.47733925604737,25.10029145521438],[92.47722115363864,25.090880224607485],[92.47932190884632,25.086713408693996],[92.47706530132675,25.085106876245412],[92.47748704687791,25.082652206151998],[92.47401891477229,25.08207253232878],[92.47525742564778,25.07786807404887],[92.47052737796027,25.076496079434726],[92.47192895192444,25.074729343607398],[92.47193562011878,25.067353971950077],[92.46833599441851,25.065988601150515],[92.46526017725876,25.058774338065945],[92.46348262331388,25.058179576332098],[92.4635641858501,25.055042677756337],[92.46013469657306,25.057387732364816],[92.45688668045815,25.054167553793086],[92.45695858071518,25.046769726729664],[92.46042226795676,25.048825723167315],[92.46229163691021,25.048229094246693],[92.46419971606585,25.04372354448878],[92.46289112671673,25.039681198722384],[92.46419410518858,25.037535230107704],[92.45971624065248,25.037142824897025],[92.45267690644052,25.040852788364425],[92.4489812831757,25.0406648179271],[92.44721558339936,25.04343266644399],[92.44243946561251,25.045341134653928],[92.43818682668444,25.043969207125954],[92.43810093965843,25.034747466183312],[92.43213958468573,25.03523139993585],[92.42916267024209,25.02924883566078],[92.42518617253407,25.029659240657658],[92.42605877713642,25.01971053408002],[92.42430511568318,25.019503517353876],[92.42484188242163,25.0120465700466],[92.41587519300465,24.990080334270363],[92.41949324315141,24.990587768827037],[92.42190202707674,24.988376987789906],[92.42141477547673,24.978677692003863],[92.41842039778398,24.96645024462984],[92.42218522186838,24.96478472555098],[92.44197893080738,24.966298469970734],[92.44737605574676,24.963988943429367],[92.45558828069933,24.969851213433177],[92.45860447936865,24.970517876641026],[92.46710344476328,24.964010177795554],[92.46831447347925,24.960193914730095],[92.46570095721245,24.956941308683586],[92.45571715301,24.955036510782683],[92.44964470428438,24.950085976721454],[92.44776169890497,24.94378922618491],[92.44914487716875,24.938861848274556],[92.47825036603608,24.94281793232543],[92.48283832090686,24.94684544906031],[92.48723491935078,24.94712662622979],[92.48781638356284,24.944169609908787],[92.48468996879468,24.935902597138497],[92.48392098036875,24.928572731739393],[92.48746301058458,24.92072054446983],[92.49450680044038,24.91597558263111],[92.49279970495651,24.906199941977867],[92.4967055780152,24.902184038712097],[92.49344541038947,24.898372390878556],[92.49104366925593,24.891585455325814],[92.49189168337571,24.87793497486365],[92.49038041613221,24.87408005845748],[92.49236765752565,24.87434523311098],[92.4878232691495,24.871393018832602],[92.47907640916061,24.87250078909099],[92.47576032859497,24.86750370884576],[92.46146787640477,24.87334574072419],[92.44460870298754,24.872012279729514],[92.44188210858941,24.870110870917873],[92.44087799691764,24.86001133761851],[92.43845344755907,24.85614698741995],[92.4254760804358,24.852657284858967],[92.41531997217531,24.858092148107904],[92.40631806790088,24.85908727761839],[92.40312066376738,24.856033105566674],[92.40284701177902,24.849478338850638],[92.40020249285512,24.848700384321553],[92.3857038584426,24.851848014317163],[92.38394784430162,24.85851964142463],[92.37780057669268,24.862765490323277],[92.37740930109761,24.8695261765916],[92.37499750781606,24.873573576751745],[92.37120391518471,24.8747285986569],[92.36319576051523,24.872284134438868],[92.36090497479402,24.878615558330484],[92.35471199731015,24.87952008477369],[92.3485589526356,24.891054498229817],[92.34637143184956,24.891125387872357],[92.34474876991759,24.889446339927254],[92.34427453221109,24.88006541896978],[92.34208365891241,24.878195209949766],[92.33952562169927,24.87816115051481],[92.32868967292332,24.888282513844082],[92.32639387999271,24.896946926908733],[92.31592816018303,24.895201704061638],[92.31297102754027,24.898795060453793],[92.30729977001384,24.90151369681273],[92.3066292692824,24.909162527900218],[92.30353918058772,24.913766312335095],[92.30009322339488,24.915426067905447],[92.29475759442491,24.91542797758484],[92.286740503315,24.912424193786915],[92.28214622699954,24.906131299982626],[92.272325623328,24.90519737494113],[92.26631412349778,24.907285966074674],[92.2588422909007,24.9068959699953],[92.24859340373935,24.909096153376833],[92.24191960389798,24.904792251577035],[92.23653376179854,24.903446676035337],[92.23363600240619,24.900623209253425],[92.23601029551617,24.89928080596816],[92.235593661379,24.89280377087822],[92.23914112730061,24.89202468254629],[92.2451718708408,24.88531235908353],[92.24705736365524,24.885001145161567],[92.2471851481061,24.87988491628796],[92.24580454980382,24.87954768864325],[92.24670258930517,24.872108078415756],[92.24470357638825,24.87199234818188],[92.24597566000082,24.867486513428418],[92.23803061826827,24.868526447183168],[92.2346945843235,24.861586615422652],[92.2356868490133,24.859103258917745],[92.23954448613452,24.857737134421566],[92.24136996879307,24.84208159674276],[92.24251754770388,24.842026510035264],[92.24218452965167,24.840406350702928],[92.25325642542856,24.838056255367107],[92.25011983095162,24.835721185038217],[92.25147544710582,24.834394187621037],[92.24879722518912,24.832498446178935],[92.24885287851589,24.829704638962948],[92.2518324367014,24.830459355411698],[92.25293314241905,24.832286509464378],[92.26952834499171,24.82961443365136],[92.27301335284824,24.82755374730351],[92.27254300394864,24.821196846923524],[92.27624396140958,24.815588910564426],[92.27388906921477,24.814493602542814],[92.27617787954067,24.812135672856968],[92.27343232619846,24.79937993465497],[92.27924703838754,24.79689770667073],[92.28105562193895,24.790624636348443],[92.2884565226629,24.788282348347018],[92.28742056212107,24.78761566344768],[92.2888946337219,24.784771986017912],[92.28789136646651,24.77927556995061],[92.28477172409728,24.77658018916775],[92.2846603662397,24.774611797179467],[92.28170564108191,24.775455757843897],[92.28309191763512,24.770955222706316],[92.27990555110152,24.76635924028642],[92.28888844882117,24.76091187767124],[92.27897171283782,24.74565394051863],[92.28179072501406,24.743470905054245],[92.28116385276103,24.742355589724962],[92.29587194914498,24.736559082797047],[92.2907822977644,24.727406541521926],[92.27704048230065,24.711612951950197],[92.27491342172652,24.708131266287353],[92.27607012123244,24.707558779617568],[92.26772547652213,24.694376786789324],[92.25961411440966,24.687378722632054],[92.25827738892755,24.679604568399398],[92.25596514425085,24.67977885373911],[92.25435623642416,24.67813896758974],[92.25438861260533,24.675254611727308],[92.25698371969699,24.67354579486854],[92.2515381117834,24.660017606149943],[92.24857585604857,24.658570600524982],[92.24700384831884,24.65488136428953],[92.24980513673452,24.649146486798678],[92.24690480636382,24.633417326641496],[92.2432116444829,24.625833291537372],[92.24354163700926,24.616331037279934],[92.24156254962365,24.614401059034726],[92.2420205403999,24.611644685809782],[92.23899626228291,24.607790355318667],[92.235243924781,24.59787283488229],[92.23606381444586,24.595988629986113],[92.23307597199681,24.579371083711465],[92.23461572391965,24.5754637668279],[92.2322473929282,24.571188192752697],[92.23121547121187,24.54700029127551],[92.22289330594326,24.529466724529467],[92.22341355895183,24.52665335838191],[92.22112406051643,24.521534722564862],[92.21913306506345,24.52089822616641],[92.21892115158958,24.51802241401632],[92.21670995929755,24.516913316071395],[92.21811987771235,24.515373232291278],[92.21169868233224,24.504481310162475],[92.22976598739866,24.50244222794547],[92.23111003145539,24.49531401895268],[92.23648263508247,24.48881510607418],[92.22975989143113,24.481721177181743],[92.23123056290864,24.480137065830025],[92.22874130430688,24.475689402731675],[92.23026364598121,24.46669053558011],[92.22861724696617,24.461533982567637],[92.2316629058852,24.457043196066927],[92.22997949807706,24.451691476701853],[92.23417424328001,24.44874031160698],[92.23670340325008,24.444614728066057],[92.24294767992656,24.445333691799927],[92.24662051652585,24.44195532354863],[92.25074676698502,24.424794694961253],[92.25022834025141,24.42155011848984],[92.25379606228434,24.416463302916718],[92.25481406460534,24.402088961760494],[92.25665610501119,24.39933208993853],[92.25983908220122,24.358549943473466],[92.25443261118961,24.352024243157427],[92.24005271698967,24.326432621822246],[92.23849816262756,24.321525066409535],[92.23895195916975,24.312185863906503],[92.23741252255557,24.309279875240076],[92.2188372561286,24.285726366776107],[92.20942308802081,24.25740081203322],[92.20972433625472,24.248310571855974],[92.19229319202137,24.24326784552022],[92.20056527531457,24.242204787619514],[92.20595788981292,24.238461239282252],[92.21250351263969,24.2377127116797],[92.2172892379085,24.23433681806813],[92.21992383134679,24.23433268872984],[92.22481717119338,24.241075274055948],[92.23686487901563,24.24027525195713],[92.26559434837638,24.250913843515658],[92.28609855463654,24.252203297915255],[92.29228206747058,24.250492575781326],[92.29526267219342,24.25257497981827],[92.42243290805344,24.25495851034798],[92.4192615784194,24.226235378633042],[92.42107499760199,24.21820999453147],[92.41847897512703,24.212739490389637],[92.41865824831501,24.204789793132264],[92.42122125321173,24.201294992685643],[92.41879676943014,24.192799853575163],[92.42144813621144,24.18960752037145],[92.43226745896811,24.184579434397346],[92.43562593462528,24.17939572079656],[92.43391149361734,24.17523424373119],[92.4378205242543,24.169612339612303],[92.43574200055326,24.165234376485266],[92.43632155943861,24.15313582304682],[92.44036056192411,24.15284975051436],[92.44270332596429,24.154564117926995],[92.44901901780754,24.14406997184662],[92.45047706256541,24.14723828528108],[92.45227095417034,24.14429864448579],[92.45662474609438,24.144467851204194],[92.46090988337446,24.13773922651445],[92.46401952839288,24.138726038572557],[92.46421953559594,24.136328877964573],[92.4684971979946,24.140335011934205],[92.4724716897646,24.13999839817474],[92.47451617629949,24.14373949952217],[92.47857825560634,24.14212518903565],[92.47855057042759,24.144364230990014],[92.48050450857852,24.145509518726065],[92.47694449768393,24.1474983020082],[92.48059701618814,24.15013667552361],[92.481743350034,24.156072132759483],[92.47932821861286,24.156714789505433],[92.48331969123672,24.158359772641283],[92.48231315770693,24.160716957627425],[92.48361411047782,24.163135659898128],[92.49028564297141,24.162896039839918],[92.49411590213774,24.160279249123633],[92.50140623102997,24.160490704396988],[92.50324970155374,24.163532594712372],[92.50608307060489,24.164234552239375],[92.50317186972093,24.16787529402857],[92.5074335016833,24.167165337721965],[92.50993519117195,24.16470691619238],[92.51130726715714,24.16551149427603],[92.50680613356022,24.169986310595025],[92.51431007374221,24.169567507670752],[92.5145747066451,24.1708226977358],[92.51200646097703,24.170586116280735],[92.50986434823201,24.17256629729818],[92.51541425324501,24.178958068132772],[92.5192367635437,24.1739995371539],[92.52393781091888,24.17154246999525],[92.53006512964033,24.17642632236236],[92.52883373791347,24.178186125798366],[92.53411109137434,24.180249504055464],[92.53100732133788,24.185210000653438],[92.53453663769746,24.19376989377902],[92.53773946046876,24.196872264250427],[92.53658760827211,24.201358036107102],[92.54038072479638,24.203685088546884],[92.54190950649294,24.20761875492921],[92.54085459509189,24.210343158181555],[92.5431619026278,24.211568936546385],[92.54219566662334,24.213547558839743],[92.54701550451675,24.220259971195656],[92.54664789324126,24.23001056278977],[92.54838338896282,24.23196774364531],[92.54676528328595,24.233071077452383],[92.54695139355158,24.23655665427146],[92.55079536460238,24.24732506033071],[92.55585185557256,24.246912167984135],[92.56251086285616,24.25130350468962],[92.57202841447672,24.251984507930715],[92.58893120738918,24.248869298590066],[92.59560698532083,24.2505906827842],[92.60594666520795,24.248556308654354],[92.61220191660226,24.253570503401285],[92.6140555695298,24.256054985418306],[92.61300885076412,24.258749046166688],[92.61779578875856,24.27718933977],[92.61699967929587,24.28034858420645],[92.61961263052237,24.287234942785243],[92.61581298414431,24.289678378823606],[92.6180845629864,24.298279897433467],[92.61820319090958,24.30755215881235],[92.61939464713217,24.308108430980518],[92.61945312476222,24.31364740401643],[92.62351046635423,24.32038599285939],[92.62363600232194,24.322905066593663],[92.62144789313942,24.323810511495978],[92.62358239715398,24.3273875482997],[92.62223667953586,24.328208026483043],[92.62233197551616,24.33144474365953],[92.62466952483611,24.334177892687823],[92.63013561343985,24.33372712789508],[92.6355897885863,24.336800953208197],[92.6385849972207,24.33454814780552],[92.63532347313885,24.333659110535447],[92.63619520008719,24.33144715257711],[92.64025502821593,24.333712903831923],[92.63862365711726,24.32852623560675],[92.64566361745497,24.327884376493802],[92.64606808930155,24.33104876053707],[92.64913199749562,24.328705465367243],[92.65000953564551,24.331698255173965],[92.65161553203237,24.331151788494743],[92.65151300641068,24.335571177643462],[92.6590085266835,24.341997866958263],[92.6575803392307,24.34448091791455],[92.66051680972362,24.344155242929904],[92.6612669218505,24.348258446238404],[92.66305576582187,24.348921617497638],[92.66417341735898,24.346158616027374],[92.66551955449034,24.349747302857395],[92.6661985613692,24.34640637728481],[92.6688345696541,24.346193461473355],[92.67329011195369,24.349744779711],[92.67705481117227,24.35025366777652],[92.67899514882977,24.347901045172687],[92.68473480677686,24.346639422753277],[92.683657637818,24.35056263660781],[92.6896607922992,24.353706614111264],[92.68914922689773,24.355340908024477],[92.69140726094196,24.357642160882747],[92.69106499203893,24.362621490646138],[92.69465403648346,24.3654637865486],[92.6927239809427,24.368570406591328],[92.69522772757337,24.368952941739636],[92.6975348374799,24.37440544153727],[92.70351243399296,24.375549476228198],[92.70399225203397,24.384740519573402],[92.70555959571077,24.38448360265561],[92.70723455127042,24.387088768855783],[92.70637028662713,24.392252728837445],[92.70917453409336,24.39346784012037],[92.70911910804035,24.397449317857635],[92.71317416521663,24.40341803879989],[92.71127526414823,24.407326761954042],[92.71498659265913,24.40963890372781],[92.71279733542967,24.41130863718057],[92.71498519308392,24.415078449140807],[92.71729225088818,24.415701927607035],[92.71786791108516,24.420252270265586],[92.72275697674763,24.4282161608398],[92.72160739639034,24.432052966812012],[92.72601906766641,24.438617291773333],[92.72739840114075,24.446526203860994],[92.7305095858716,24.449108688882013],[92.73354658143806,24.45484202752792],[92.74040529319248,24.468651281602853],[92.74688078544334,24.48712770512236],[92.75071838833709,24.492188030163405],[92.74927000406177,24.495269910298944],[92.75412261429337,24.502101066554395],[92.75179219400353,24.504116967787414],[92.75205149091367,24.506333625664663],[92.75602967206454,24.509672703372356],[92.75593928537728,24.511365374525507],[92.75795243957342,24.511123160813337],[92.75754655377857,24.512644110220123],[92.76289705884969,24.521233948924486],[92.77180970472087,24.500684570479564],[92.79659495553666,24.432934384173418],[92.80117271632561,24.429754764373268],[92.80106168365816,24.425457246355748],[92.80259555520918,24.424460309853565],[92.80169056544248,24.420681586043997],[92.79926578431858,24.419231333059425],[92.80424097955218,24.417635717337298],[92.80674479804806,24.418950508667972],[92.80889582477568,24.415796057360286],[92.80869526780363,24.412785092526523],[92.81150987374342,24.41338664289684],[92.80997243138914,24.411964074855575],[92.81206288831044,24.411581236346535],[92.81234488744441,24.409387493637926],[92.8188418395491,24.41015289731287],[92.81758070909474,24.40812558640665],[92.82006208947148,24.403815468373118],[92.82364159201106,24.401988498938632],[92.82758005594827,24.40222454001797],[92.82984331639086,24.400392441941197],[92.82304132067021,24.38657244617764],[92.82650818525296,24.38133721291879],[92.82545488273456,24.377477203962567],[92.82927079580575,24.37379036641964],[92.8356514475222,24.3785952307547],[92.83975243735556,24.37679960475082],[92.84325619574702,24.37796951865409],[92.84512366835689,24.379807184135984],[92.8461376866496,24.38610462012337],[92.84776410623445,24.386231272934776],[92.84951813150538,24.389730062300842],[92.85635394430489,24.393726063312652],[92.86083887858227,24.39860177728427],[92.86870119086704,24.394751739938467],[92.87324087835933,24.39496399643495],[92.88358270162672,24.402515945654812],[92.88845245530719,24.39843479843824],[92.89135116152389,24.400551663643075],[92.8906952871619,24.398434519469156],[92.89245974816149,24.39757671276527],[92.89286798933898,24.392778857295323],[92.89986919366042,24.39072784903034],[92.90277664946797,24.391168932669274],[92.90382031036843,24.39230607098187],[92.90277181204017,24.39587013915414],[92.90660881126605,24.402861314942886],[92.90697008672386,24.41138816387294],[92.90924175988908,24.41301196167598],[92.91085492573022,24.412077365841547],[92.90916345284744,24.41024047399832],[92.9218844623482,24.403619340850078],[92.9202666153861,24.400988032778947],[92.9242581670617,24.39799391523775],[92.9240849053996,24.39615668272162],[92.92742213679863,24.396579972481366],[92.93109770427635,24.393111775972425],[92.93459222259682,24.392920825299136],[92.93659625709618,24.39849498212032],[92.9392099638058,24.400823204536287],[92.94536135917349,24.40015688255931],[92.94750688192335,24.402467064640124],[92.95106636550683,24.403097270130683],[92.95318998733006,24.401687757905073],[92.95781716084954,24.392002519518023],[92.96006472952075,24.39203734251953],[92.96612117296291,24.39694971368205],[92.96839181845542,24.401299924173017],[92.97373393865166,24.405810656841897],[92.97355352550156,24.408401980726893],[92.98471682126537,24.40574892563482],[92.98855493709715,24.40361993803212],[92.9919077964872,24.3992386866422],[92.99418490266324,24.399047306734825],[92.99916741287818,24.400486084899242],[93.00389681827026,24.407160914533065],[93.00664538546023,24.407853975321906],[93.0062974221366,24.41133137206905],[93.00869769991453,24.411779175653148],[93.0105457374732,24.415995725805768],[93.01389226284216,24.41705906333957],[93.01606348190074,24.40880878634772],[93.02454393481402,24.40687802474056],[93.03980742630047,24.411920642949934],[93.04298420780997,24.416608045855384],[93.04254775324434,24.420652463853994],[93.03717686629777,24.42371911280456],[93.03281979282805,24.428853573468984],[93.03632106288616,24.442321294221916],[93.03561866657225,24.459858237577627],[93.03800907096687,24.462030867333603],[93.04355235449793,24.461875938364315],[93.04546002042854,24.463380169140102],[93.04626259416801,24.473668240806656],[93.04013836385451,24.486417299880387],[93.03245185995564,24.495400311090723],[93.04266764958867,24.50489606874096],[93.04262748591233,24.50645615332315],[93.03711084731093,24.509494950780613],[93.03863612917118,24.512974664061822],[93.04120773274177,24.515669789463644],[93.05002893820183,24.519537199970788],[93.05044617960019,24.523306645805924],[93.04708779018125,24.52867211915179],[93.04989126419804,24.544310248480205],[93.05690335969396,24.55451081805372],[93.06041771461251,24.553686269926633],[93.0615953367797,24.547412239081464],[93.06451718808968,24.546889842722187],[93.07070594618668,24.558150233570913],[93.06907068628114,24.561986563524446],[93.05948616705277,24.571037935791097],[93.05818146022231,24.574161098999205],[93.06205522749278,24.576342957021687],[93.07563991863017,24.57515179146856],[93.08186067651424,24.571280698894164],[93.08429420363578,24.571236184749033],[93.0890617344268,24.57347183211699],[93.09310738893699,24.5816069968187],[93.1017362839594,24.580895390966454],[93.10425843168031,24.5824846979929],[93.1014734926028,24.5876934820669],[93.09348503080099,24.591804291232407],[93.08910594681016,24.592484963018723],[93.0801661601393,24.59021200991073],[93.0710486840103,24.60074484197207],[93.07384115096991,24.60571123543978],[93.08410830986412,24.61370418488545],[93.08316946439103,24.615866081815657],[93.07703524930312,24.620179657522026],[93.07557693594899,24.624639068353574],[93.07861722114602,24.6289509262168],[93.08511123755636,24.628275641489452],[93.0871798600263,24.629770359354946],[93.08752355186077,24.6370921090224],[93.08308465264842,24.649915259553428],[93.08614593686355,24.652836579140494],[93.09526367619891,24.652928909796895],[93.096367676937,24.66435863338277],[93.1040521623214,24.674259017821324],[93.10180835220136,24.68080399028384],[93.0921807039579,24.676960833897436],[93.09000696422665,24.677276295427205],[93.09218345819254,24.68558697656231],[93.09115525370487,24.6881326824049],[93.0817338927866,24.70225904077096],[93.07344541254452,24.707907869230386],[93.07727551540395,24.713058136678185],[93.08241353118113,24.70891663173012],[93.08652177041886,24.709634214887426],[93.08999883986323,24.714424612216856],[93.09069133494606,24.718282411823704],[93.09314450103633,24.719008115707496],[93.0902702011476,24.72149279150421],[93.09055205205958,24.725179989541395],[93.09578826447708,24.724310394866965],[93.09699595235851,24.732053436027677],[93.10765904551086,24.7415435871855],[93.1026180370046,24.74694968634735],[93.10149436765336,24.742876234136695],[93.09977543596733,24.743273015138946],[93.0982284921323,24.746851566951992],[93.10101936009067,24.74968432450381],[93.09814943320076,24.75447203353863],[93.10228202756247,24.7593181028033],[93.10350967870448,24.767301885671518],[93.10017597858284,24.77370397408539],[93.10041719240627,24.779522400815335],[93.10512380664127,24.781215794038726],[93.10419850686434,24.78641577704687],[93.10600784679721,24.788542073832986],[93.1047119003374,24.791381074251206],[93.10828682506234,24.791945745530505],[93.10787603895763,24.794970022341303],[93.11129736075209,24.800684981311818],[93.10932803446038,24.811576868956603],[93.1212711334678,24.819323438730116],[93.12183999072316,24.816723465250725],[93.11779471081043,24.809356698546594],[93.11876404330766,24.807758816347448],[93.12693368272586,24.808860263604554],[93.13165623397232,24.805312195750986],[93.13473269432583,24.810679086485028],[93.13846642502328,24.810096424637848],[93.13460882293637,24.808228021616042],[93.14100212652524,24.801361764769815],[93.14164934561944,24.79738040451244],[93.14615408505391,24.797542400204918],[93.15106867005694,24.794779087553863],[93.15105336905272,24.792382147614454],[93.14840230859694,24.789182233162578],[93.14936122243348,24.78747588186666],[93.15413787831119,24.788815589623688],[93.15976622331651,24.793481798703],[93.1609883794639,24.796329777200874],[93.17058356438966,24.801951408847913],[93.17346626622123,24.8013321374217],[93.17348881752812,24.796100541479813],[93.17459059224096,24.793897356644386],[93.1760493287016,24.793951017224508],[93.17924513203724,24.797308217528197],[93.17984615436964,24.803167070694315],[93.19102258170628,24.804056257347778],[93.19685238649046,24.81146088233428],[93.18995744208735,24.81874498721297],[93.19580551231621,24.83101106203622],[93.19155290393088,24.83309393175848],[93.19150913172201,24.83450676298974],[93.19317174712461,24.835675160920335],[93.19769197800615,24.834260121480224],[93.2004938943442,24.838054901286803],[93.19958474986935,24.83958558709576],[93.19600672865167,24.836793259664184],[93.19165077987267,24.84012650048054],[93.19220629265445,24.842861728678624],[93.19532854013802,24.844431059694756],[93.19986795544075,24.841621253717864],[93.20144629180169,24.842157584973876],[93.20115852638187,24.848644125929063],[93.19801992776354,24.8531144665438],[93.19472560080078,24.853951158245437],[93.1994509601808,24.85524886132575],[93.20229301953398,24.851342906326963],[93.2039699954047,24.85115239751036],[93.20677315770608,24.85586340539403],[93.20992967232446,24.856182080762512],[93.21350979649822,24.86072997354625],[93.21461165565266,24.865396655812596],[93.21679852156684,24.865453991402536],[93.22135358552184,24.86961290449176],[93.22025834066282,24.8736219453382],[93.22634368919589,24.872936261054456],[93.22185981672716,24.877764590850834],[93.2214125266826,24.881624227302297],[93.22482078876946,24.880285874720776],[93.22763544231994,24.885136408004296],[93.23268737344173,24.884762680121064],[93.23144788789418,24.88763890644666],[93.22789058272525,24.888440299038518],[93.22591416603099,24.892030160062905],[93.22748372136003,24.893035737386434],[93.23201581269825,24.891980758101845],[93.22950702831548,24.89792276870029],[93.23190829334189,24.89914433965253],[93.23838614816196,24.898800993154094],[93.2407016519265,24.90345751924351],[93.24021829092999,24.905227350590287],[93.23768001126318,24.905924404188635],[93.23509666401691,24.911509953133844],[93.2364139571428,24.91237106608166],[93.23893176869583,24.910726184865158],[93.24395530766478,24.910654483590697],[93.2487358092302,24.914947760724505],[93.24587040625603,24.925349959600975],[93.23924158595925,24.924470498486013],[93.23839146169685,24.92578018297971],[93.24460539058812,24.932604710511963],[93.24500423808267,24.935488707148444],[93.24253475589192,24.936208440098955],[93.23703157046019,24.93263318390208],[93.23671400971904,24.937264642623298],[93.24481694204088,24.941293660459326],[93.24751852554489,24.939901232892698],[93.25116802121813,24.94074227435739],[93.25086889300832,24.943509497766065],[93.24722189285491,24.94521877602973],[93.2490270717914,24.948273099061993],[93.24526204468773,24.95090776776127],[93.24989978239498,24.955240340840117],[93.26076939284124,24.958646969355296],[93.26290499908868,24.96143739763229],[93.2608229270423,24.971559779095855],[93.25705547179243,24.973724883300534],[93.25233769509171,24.974386499536557],[93.24951757888599,24.97323566406444],[93.25189299039852,24.977176645830916],[93.2490996278186,24.977603128883604],[93.24957262674829,24.979986765075907],[93.25333413155768,24.982170029774995],[93.25130976728514,24.98611346029949],[93.25694107493425,24.99617474110033],[93.25287857611417,24.997439844417457],[93.25267390934972,24.999010449018],[93.2540595094715,25.00033410354052],[93.25853269917488,24.999579370628762],[93.25967986306405,25.001692690721807],[93.25691316787166,25.00483667833758],[93.25224110194418,25.001032280621796],[93.25040012514363,25.004420632354503],[93.24868279245877,25.003087641456077],[93.2487809423867,24.99900724693968],[93.24676242884159,24.99748163723591],[93.24428812629101,24.9981897641176],[93.24409776250252,25.003361078001657],[93.2416845777306,25.00402663712636],[93.24462278376862,25.011814985552036],[93.24757111381994,25.015000864002648],[93.243636665352,25.01622524796778],[93.24378308625174,25.018387458750528],[93.24718152885426,25.018092515607233],[93.24898259260841,25.02018844968821],[93.25384673810657,25.02067990454373],[93.25240290469651,25.02303041474978],[93.25393609712114,25.02557289160856],[93.25106743955072,25.02594975265616],[93.25125436099502,25.02724534744839],[93.25368678947697,25.02726538656228],[93.25979290526277,25.03507451335315],[93.25824927082128,25.038124605516842],[93.2595197212967,25.04130782496049],[93.2620865718811,25.04082226463369],[93.26595345266658,25.043939659173695],[93.2621711132308,25.04601318608627],[93.2641053863618,25.04946317132103],[93.2703524837483,25.050866928260017],[93.27204891802639,25.048543543214933],[93.27441044427957,25.051045713843262],[93.27720608588538,25.049675420007123],[93.27997487325409,25.051099011166052],[93.2795614766452,25.047325250191566],[93.28259754515028,25.049110142928896],[93.28336347301602,25.045097853651903],[93.28707814775136,25.04711324077425],[93.28886782176605,25.045782701713307],[93.2912590274579,25.048740608298257],[93.29357934259912,25.04643529420181],[93.29469614792328,25.051166340191987],[93.29869924295024,25.052048616141608],[93.29930536412024,25.049453500672758],[93.29744397400314,25.046681172770796],[93.29985726477625,25.046140726109755],[93.30199803004838,25.054343274713048],[93.30068894932083,25.055958538949305],[93.30412798589269,25.055716434585356],[93.30545996018527,25.057527074032826],[93.30233475365117,25.063438616542282],[93.30620727585666,25.068355908372247],[93.30601214470896,25.071736649151898],[93.31263928605449,25.07945354730825],[93.31482248684232,25.08471747009918],[93.32177858944824,25.090921971761418],[93.32744305660944,25.093501256835992],[93.33206279297669,25.09334014453227],[93.33160088913907,25.096147506293885],[93.3334392015365,25.098088936256193],[93.33235768652828,25.100832974280753],[93.33797642584824,25.11000186996686],[93.33664733335111,25.111703164600964],[93.34123239923996,25.113690358139987],[93.33922906722316,25.115590148289172],[93.3421034174175,25.119991685583514],[93.34107629629808,25.123164611184517],[93.34515656918437,25.123562647163162],[93.341665447394,25.126513906161776],[93.34523927258101,25.130437068591128],[93.34228241122948,25.13758614397899],[93.34740962746028,25.13887401534515],[93.34604154179158,25.140681266854678],[93.345083807443,25.15083611076391],[93.34646814633011,25.157185506658852],[93.343908713135,25.159234230057965],[93.34577104917805,25.16990942210274],[93.34970725295402,25.17959656053161],[93.35139871056546,25.179763807441493],[93.35123933685765,25.183297956152654],[93.35485999032208,25.18603385999266],[93.35402139234307,25.187766913531085],[93.35606495900313,25.189058129369087],[93.35727060052238,25.187699672729586],[93.35661517711466,25.19197852464189],[93.35988925874587,25.19195180304804],[93.35927868103377,25.195413773134387],[93.36552426565733,25.198176655880143],[93.36600495506417,25.20620199439565],[93.370618971858,25.207994101854684],[93.3688377069727,25.211067798389966],[93.3737296957531,25.21192557325983],[93.37327822854242,25.214940626214513],[93.37660757093664,25.217978339743],[93.37551603701804,25.220244153635964],[93.3816788616511,25.223001911281475],[93.38117303199273,25.227456873142028],[93.38454766115535,25.231460245942884],[93.38416081425466,25.233622314133314],[93.38154076004922,25.23440782723598],[93.38258800253271,25.237346180207478],[93.38086107404399,25.238045863140684],[93.38102004710319,25.23972947565501],[93.383238569648,25.242378918231182],[93.38649912354931,25.242879664967784],[93.39249415726036,25.25006966433299],[93.3935631722114,25.254841773555555],[93.4010639584084,25.260717322734298],[93.40657850213859,25.260878715205102],[93.41583662300005,25.26436999572548],[93.42043309479804,25.277561965993684],[93.42660447947745,25.279740014194072],[93.42742523691486,25.283341515627068],[93.43067677712064,25.28304695143006],[93.43596139705383,25.287924045766413],[93.4439903324508,25.289947117032337],[93.4452224392366,25.29144503528443],[93.45525758395421,25.293574870076128],[93.46306328890135,25.301572976314475],[93.4672043723425,25.30176456338686],[93.47040459988094,25.30516118384988],[93.46653191957196,25.311925058081783],[93.45333483171672,25.321564714680232],[93.45389382726688,25.324915826952036],[93.45657349726783,25.32996277975756],[93.45532356790677,25.332238230410802],[93.45641340041621,25.335482924525643],[93.45195379413825,25.336063078196766],[93.44833607546983,25.340736542104157],[93.4518666234197,25.347125889097757],[93.4514836725124,25.354054457540602],[93.45865127446885,25.360780263137293],[93.46370251748111,25.359743682580064],[93.46491534282768,25.360767534999084],[93.47242753493387,25.374384651509917],[93.47167370647666,25.375987473556766],[93.47358485337902,25.380075448513136],[93.4728893282787,25.386092538728334],[93.46309840494412,25.395690018274045],[93.45956098757728,25.403333516324665],[93.4592366301827,25.408465644458143],[93.46222033768652,25.417951345397245],[93.45822866743333,25.426017144807496],[93.45809611741988,25.43108452218574],[93.45532843767394,25.434497347049433],[93.45019457031675,25.435754841841437],[93.44323393930344,25.44119702231894],[93.43942122962453,25.441113002787713],[93.43743396397659,25.443144970983074],[93.43845434503646,25.445608977736153],[93.4362946271085,25.44827995883151],[93.4255110447237,25.44841688900543],[93.41985256483389,25.445065238378092],[93.41545319239238,25.445084576826257],[93.4103096915021,25.44997402531848],[93.40862403071921,25.448385649027266],[93.40237093348493,25.450883006340625],[93.40054774332701,25.456457528466352],[93.39720770559104,25.460357702042888],[93.39390125227025,25.45854377917639],[93.39156512857667,25.461884109241876],[93.3902474069544,25.460485029166197],[93.38824421507479,25.46359503500616],[93.39031755369999,25.464538142524418],[93.38681265175317,25.466208462629833],[93.38672350923257,25.468934640145307],[93.38436182397759,25.469264301364166],[93.38888183207692,25.47263556829882],[93.3891010704136,25.47647652305965],[93.38651561032974,25.47788493209246],[93.38900693146337,25.478530187273485],[93.39131966572192,25.48225802751082],[93.38662065842075,25.483061920778542],[93.38453737814028,25.48519692966919],[93.38645209404928,25.48735879061394],[93.38376683832387,25.4880450485317],[93.38541809273303,25.490491238916995],[93.37728753541958,25.493082370627164],[93.3765764712615,25.49763194249297],[93.36742512505302,25.4993416890793],[93.36696322750359,25.501058552038522],[93.36910660238163,25.503626845581064],[93.36423766706636,25.50385678628683],[93.36390914777708,25.50663254103424],[93.36203911317202,25.50681293611707],[93.36148651272838,25.51243674769836],[93.35676121623042,25.51379932156404],[93.35759664405474,25.515374597910814],[93.35499385367244,25.524875115955727],[93.35256583861351,25.528404298954293],[93.34987462076957,25.528778473083378],[93.3502420963995,25.532100445583648],[93.34823773311672,25.530041968671576],[93.34498842612277,25.534293063270386],[93.34047610760226,25.53504578879611],[93.34026278287509,25.532937992219093],[93.33488974626005,25.5345163641896],[93.33629626455155,25.538831606338704],[93.33368914518788,25.53968845108133],[93.33289722546772,25.542454926642595],[93.33039981375643,25.542133799248035],[93.33026993712929,25.54378119322809],[93.32713028299045,25.544768618588943],[93.32692556771701,25.546587452158306],[93.32914873006024,25.548894589455575],[93.33251709437205,25.548480358594126],[93.3369885602084,25.55292728806851],[93.33565472370823,25.554077875557866],[93.33788293188843,25.556971560757358],[93.34318116129818,25.560136695160775],[93.34574397305707,25.55920747174957],[93.35206794736727,25.560093238274064],[93.35451172785945,25.555620746313323],[93.35634762917866,25.55628902369187],[93.35862160742089,25.55473211667993],[93.35837750641208,25.557358941469083],[93.36396487476571,25.56129966914541],[93.36149662326689,25.56397143347668],[93.36235727758105,25.56609729671265],[93.36544739502185,25.56528060473671],[93.36941303389473,25.570520897688972],[93.37529997063267,25.57318391725064],[93.37420521984706,25.577187382362194],[93.3797389947108,25.576677252132495],[93.38149248189092,25.582069537329318],[93.37901999663214,25.5816194912713],[93.37825404720682,25.582703994882035],[93.38196898155526,25.584061176967897],[93.38331305884968,25.588019344782612],[93.38565209218646,25.58715256242794],[93.38685194226706,25.59007265565457],[93.38550343987157,25.59287112501201],[93.3891962576977,25.59119629826693],[93.39233756024507,25.59600277692589],[93.3939402229839,25.596165013189452],[93.39460691935011,25.59454915439304],[93.39685704911818,25.597125989546566],[93.39868355405953,25.59613270011621],[93.39937106349254,25.599165619704607],[93.40277632340974,25.602256736368673],[93.40117944761793,25.605867764666797],[93.40142956284757,25.611193533740224],[93.40616857302665,25.61150400520067],[93.40773251388516,25.614514099437073],[93.41091315725208,25.613691912114255],[93.41038644805154,25.61664379931772],[93.41426989826245,25.618154782805025],[93.4136336493945,25.621093236287827],[93.41825725390734,25.61773840369635],[93.4215181851011,25.61834218828729],[93.4221612782332,25.620526549414894],[93.41987288023405,25.624801402053038],[93.42445840606032,25.625567177219196],[93.42481388828286,25.630400974440786],[93.42728431639962,25.63263422874869],[93.43033488371339,25.629572992060254],[93.43356101327471,25.629531081441357],[93.43447794973636,25.63129100781181],[93.437166727756,25.631759218777958],[93.43726297325553,25.634905024396293],[93.43963840273436,25.635770604472203],[93.44152984329432,25.6347812993581],[93.4420618148258,25.638273498977505],[93.44427681327971,25.639711565985937],[93.44656832034809,25.634697638881054],[93.44938199832818,25.63571168838472],[93.44949909821706,25.639629259812352],[93.45499203476969,25.633953073603053],[93.46080121154003,25.6324106410856],[93.46050076011177,25.636879060703414],[93.4556376845071,25.638786547583585],[93.4572176926328,25.64123637578275],[93.46036724620603,25.64071774971384],[93.46407162175663,25.644721190449552],[93.47194196587839,25.642491110060103],[93.46870204268588,25.64442491902085],[93.47139178908935,25.64549734773148],[93.47373089339305,25.644110135743897],[93.47665192543951,25.647867850588813],[93.48164325261895,25.644601082556964],[93.48284422020377,25.64555702912912],[93.48134567939287,25.651326262218284],[93.48511746182747,25.64843033846016],[93.48767482889743,25.651492992957596],[93.48671035987915,25.653217829739447],[93.48792159520767,25.65441292872259],[93.49112739679242,25.65329558454993],[93.49645800148501,25.6546333713639],[93.49989029260742,25.660817517347336],[93.50636084142927,25.664253120983087],[93.50541238218597,25.666522566831606],[93.50650665506787,25.667981305894145],[93.50970830104613,25.668566071581942],[93.50734379777607,25.672608167436547],[93.51104967261489,25.672191331364772],[93.51399844643393,25.677167301511457],[93.51825486996427,25.67952650775432],[93.51744550136802,25.68239189388458],[93.51362964129741,25.682917083255802],[93.51255716603589,25.68468549153126],[93.5203861211792,25.691714108503938],[93.52239857648607,25.69767319647131],[93.52386442850205,25.696017772978873],[93.52350360938838,25.69269572550349],[93.5273801515548,25.69128568636549],[93.53113481748993,25.69267368441051],[93.53197335168853,25.697083804223247],[93.53619908966708,25.70190216755178],[93.54107315615926,25.698944251321734],[93.54182150668986,25.704690186129596],[93.54792959876926,25.711820165575528],[93.54309503120014,25.714742160092342],[93.54295629987926,25.721056218809164],[93.5394576097826,25.722660974377302],[93.54296807230105,25.725953252278053],[93.54235670586814,25.731039473128018],[93.54578951801341,25.73156488728648],[93.54933866468289,25.729418410921447],[93.54948608900082,25.73283955017167],[93.55516608623664,25.733731565963136],[93.55420196845964,25.737928492278254],[93.55818804310692,25.738814912382562],[93.55942489299744,25.7369018887055],[93.56141760692758,25.737868585262866],[93.56341240764415,25.744824451903938],[93.56687468093746,25.74735336140965],[93.56623324250211,25.754850283741728],[93.56823658889192,25.755085766455913],[93.57019623583648,25.752861416742906],[93.5731260956272,25.754216524007433],[93.57233268829692,25.756540574720514],[93.56817101367285,25.75690913303771],[93.56784128345454,25.758533830704042],[93.57137484794713,25.758887137089033],[93.57432135890997,25.756505203948663],[93.57673837140331,25.75697089291656],[93.57765627624885,25.75459265200562],[93.58538514559478,25.758074659957355],[93.5822492733633,25.760646452802707],[93.5858261132964,25.766248432226654],[93.58941990533721,25.766154559841283],[93.59015839506094,25.763067658556864],[93.59157898815629,25.762625634830737],[93.59841594990105,25.768900589494297],[93.60046523343956,25.765263196038063],[93.60255866288612,25.765177706619443],[93.60494464217965,25.775003555345684],[93.61019863045998,25.77384876840482],[93.61262590800206,25.776656246706054],[93.61732654844042,25.776087903725298],[93.62000323333969,25.780330513505522],[93.61840791702325,25.78380119114069],[93.62242586659178,25.78506501184001],[93.62310386825582,25.78742550817855],[93.62665846141091,25.78970928434779],[93.62330335353771,25.797404433648886],[93.62659882854739,25.797251017013707],[93.62766581600084,25.798979573865275],[93.62460467371953,25.802662486061923],[93.62941589856598,25.801660389641672],[93.63279144131526,25.802856262060473],[93.63160511357464,25.806742314629084],[93.63485625672507,25.80937337626889],[93.63300439593652,25.811476410050386],[93.63850617011494,25.80988756264751],[93.63806313359323,25.81573230215968],[93.64337867533516,25.81587165083906],[93.64421685649583,25.81879611902308],[93.6464161703649,25.819833902730842],[93.64604218644074,25.822479089600325],[93.65150739200058,25.81995490596018],[93.65471977374477,25.823740869334117],[93.66044395910947,25.82171311852458],[93.66486760582659,25.82327803412475],[93.66819818789587,25.82192759477428],[93.66754148708384,25.826062017415225],[93.67106647715704,25.824147305764846],[93.67252908176329,25.827739396871927],[93.67853366636244,25.828509027383536],[93.68058568527098,25.833531567683213],[93.67934494837024,25.83572096693504],[93.68046334101749,25.838446510525625],[93.69012522046319,25.84078938382721],[93.68555329243539,25.843765639126875],[93.68820289223049,25.846048172308677],[93.69133899712561,25.843948157025356],[93.6945983131485,25.848094319424572],[93.6991312911239,25.846670363782998],[93.70103352584033,25.84967068523473],[93.6995545314717,25.845605002781987],[93.70078504015464,25.843370300077524],[93.70771594861013,25.847911305880896],[93.71173829902521,25.84423965294354],[93.7142274058117,25.84461278135233],[93.70198255910707,25.851642450273506],[93.68143590026322,25.904485757041634],[93.68467165257789,25.903801107170747],[93.68763887689454,25.907678298588966],[93.68997901246416,25.907761728868703],[93.69388269812517,25.911821934395928],[93.70078214398616,25.91075589395521],[93.70535550482684,25.915022438818486],[93.70653233557827,25.918925298576696],[93.7135222363985,25.916909399917202],[93.71859847952511,25.919952081219538],[93.72811854373353,25.920678686829586],[93.73387227828117,25.92399252212777],[93.73605167650038,25.92286314581551],[93.73694050377846,25.925247969861616],[93.73854614083922,25.925420161959018],[93.73645974070975,25.927770471843914],[93.7394346042996,25.929917431651997],[93.73943661113596,25.931890827278515],[93.74754871615517,25.935021638432776],[93.74953095572909,25.93445467907951],[93.74974744162772,25.932640533644808],[93.75121958274902,25.932908083778138],[93.75192509621701,25.93605887727676],[93.74611074065908,25.93880004883579],[93.74502370011353,25.942435981108257],[93.74704581590291,25.94327585133985],[93.75028782139026,25.940967904319805],[93.75236810668756,25.942215316976505],[93.75283767405287,25.94677399816844],[93.75836981038958,25.94560511471495],[93.75855770470935,25.95272260193393],[93.761719032501,25.951235731385175],[93.7641122279612,25.954541268166476],[93.76409554175484,25.95094873056908],[93.76786447832659,25.95111402822996],[93.76813673972288,25.95368673419672],[93.76345870089709,25.959469165859858],[93.7694302176123,25.958850801310238],[93.76993722765695,25.961360441216527],[93.76804963278472,25.967524137331065],[93.76448871369342,25.96862717142358],[93.76535641439267,25.969850961635473],[93.77132438006755,25.968090662858806],[93.7734841375214,25.970583476346384],[93.77709587430834,25.968338399915663],[93.77705737161696,25.96654203639583],[93.77436703142705,25.96563308542097],[93.77499956126975,25.961485920918495],[93.77851511723583,25.960396066511763],[93.77680449855941,25.958224104640006],[93.78022553199469,25.956579043219943],[93.78317554369218,25.950510702721136],[93.78579197499207,25.949767584982435],[93.78724684779866,25.946681416850666],[93.78453833109732,25.943971866910232],[93.78716894769386,25.943991513050626],[93.78664389588504,25.938313601694432],[93.78979162947152,25.934023396046594],[93.78637389914155,25.93219803806427],[93.78780679646134,25.931558043369478],[93.78725875945933,25.93022628353849],[93.78988938953061,25.929853237370185],[93.78891228031799,25.928160205992725],[93.79089499510069,25.926328993582228],[93.78905112302996,25.9223562648816],[93.79043010885633,25.920159119793095],[93.78862575906486,25.9169853127765],[93.79176579139441,25.91565571849926],[93.79206196953682,25.913011107296803],[93.7942030914401,25.91276407396051],[93.79416653000808,25.90765511770984],[93.79191158886331,25.906697035903587],[93.7955795161696,25.90660880510592],[93.79558354331702,25.900335427947418],[93.79391239032596,25.899621439755915],[93.79342607117724,25.895662985299367],[93.79527432702653,25.89248224959928],[93.79195190615158,25.891442354078134],[93.79193351224785,25.889239808411695],[93.7891091002984,25.88977080078077],[93.7840636909456,25.884442133495718],[93.78466068163902,25.880051029267584],[93.78725224308027,25.876979172657663],[93.78507712713002,25.87014473770885],[93.78885348019274,25.870205679590317],[93.78974808363812,25.86790896788956],[93.78487682527951,25.864363105987067],[93.7843324543022,25.858522607207153],[93.7813110489975,25.856593615308974],[93.77843266716411,25.856966288423493],[93.78103863488755,25.854106555976756],[93.77744072766446,25.849911396897106],[93.781015967698,25.84469193090082],[93.77772095981227,25.842514354311323],[93.77806690731639,25.84021728087346],[93.78026078368303,25.840963469720855],[93.78135906394942,25.839596673264968],[93.78023005591047,25.835524930700903],[93.78469341714629,25.829127888409854],[93.78414694590782,25.826266194852373],[93.78699729760939,25.822260104686215],[93.78741577688616,25.815860530930465],[93.78995701290859,25.8113261436999],[93.79537854327761,25.809027454947245],[93.80374371269549,25.81151854207614],[93.80620886410829,25.816989828293345],[93.81629372339034,25.822712528104574],[93.8210539913023,25.838840389699104],[93.82516625229755,25.84449697428074],[93.82962443205082,25.846610563428072],[93.83038162739372,25.849345852415905],[93.83960692830628,25.856709549576806],[93.8450934463962,25.85838960595953],[93.84804672706304,25.85714907858257],[93.85216168929234,25.85832774129125],[93.85847727154112,25.85379270860167],[93.86908182867293,25.85103135871602],[93.8760096963312,25.842578082712894],[93.88170556320485,25.84344900498853],[93.88644426616008,25.848417791843648],[93.88987234777707,25.85873474522129],[93.89594781124875,25.85795775061231],[93.9018519471311,25.870945880555063],[93.90740989655748,25.87262365083895],[93.91147200461043,25.876621467527787],[93.91078447721111,25.879546224181425],[93.91589979615429,25.88380080392323],[93.93388186906654,25.88534707021669],[93.93532862828948,25.894544539904306],[93.93786938101829,25.896407417979763],[93.9442208868953,25.89562370033992],[93.94491080022001,25.897740066476455],[93.95156777102288,25.898666386905873],[93.95966896151138,25.902204753521968],[93.96097566529673,25.901332884893584],[93.96660801948315,25.905991599777682],[93.97110985466426,25.912857810703112],[93.97859914961217,25.91682877734492],[93.97789054054977,25.928171033381584],[93.96986203275088,25.93687803892457],[93.96861078915458,25.95735527054461],[93.95405637475278,25.96936005071925],[93.95905249713924,25.99443251778558],[93.9529059472842,26.00306519138244],[93.9604464345252,26.01545859132705],[93.96260216123835,26.025860168863918],[93.96237553425847,26.036637740764128],[93.97029195566608,26.040446291221233],[93.97066166899937,26.046516186499122],[93.98729353541204,26.06688547321092],[93.98144043551589,26.081341026313698],[93.98264177859649,26.08345676420506],[93.98855203829415,26.086435400310965],[93.98938770417203,26.09762727185071],[93.99783719215745,26.1096561744188],[93.99568096598097,26.11229414898221],[93.98864613682018,26.110914413288864],[93.98666455481303,26.11400292836577],[93.99377801530729,26.11875397167445],[93.99339346989036,26.12403462538444],[93.99772811602072,26.12886905912778],[93.98877820623493,26.128303236698187],[93.98714622428184,26.131179432145306],[93.99076855490092,26.133739945654252],[93.9982181227537,26.131339963592886],[94.00207970347901,26.134529527894138],[94.00350469472602,26.144328652147422],[94.00073665026402,26.147083769072644],[93.99581174092343,26.14652133949416],[93.99442859679563,26.148408947876927],[93.99648647271982,26.15357360455675],[94.00100316693411,26.155302347098537],[94.00356851643366,26.16020576618412],[94.00127721597782,26.165876680217945],[94.00251236086595,26.170968547031308],[94.00098547820782,26.172366297419195],[94.00771734514919,26.182593928642312],[94.01526883944734,26.184116269896478],[94.02169290763976,26.193909785925694],[94.0319399119323,26.197635515039405],[94.03637113234558,26.22615174531348],[94.04230476620695,26.234603579939865],[94.04759460175869,26.249463403460343],[94.05598857296121,26.25511285252858],[94.06776775188717,26.257072059903503],[94.07082708316486,26.26241766693365],[94.07453087031895,26.2644785104351],[94.07461401029678,26.273133802391737],[94.07215245304346,26.27621123429449],[94.07463389720057,26.283694200130597],[94.08400357714221,26.283440490864844],[94.08417500534281,26.28907168973628],[94.09768837833151,26.302057729399042],[94.10068468830043,26.308729515898033],[94.09961451092941,26.313995469960858],[94.10241967288063,26.315328216540447],[94.10496212073036,26.320047164521124],[94.10958607468783,26.32002166018365],[94.1119663703406,26.318092734157773],[94.1215900013181,26.317858650503435],[94.11488482781542,26.324052505331448],[94.11583819006351,26.329787946076408],[94.11965342041512,26.328901707986823],[94.12482702385056,26.330909187581465],[94.12829062485388,26.33045681403989],[94.13863861685233,26.33637405924608],[94.14089298936346,26.335409188588983],[94.14092129168482,26.331472648308424],[94.14496757860896,26.330689978553643],[94.14749020243701,26.333553569933432],[94.16278096677547,26.335609791335482],[94.1670921237578,26.33941429264356],[94.17154288342684,26.338057275284644],[94.17446342948469,26.34055899331899],[94.1775014805716,26.346520228321367],[94.1725211469746,26.350693131361837],[94.16861866505609,26.35103326016687],[94.16696981633524,26.348087870481184],[94.16193964600289,26.347255129465],[94.16006298452598,26.35439220279138],[94.17103312992727,26.362851211339006],[94.17401455301533,26.370814457153134],[94.17213642728451,26.373750537319733],[94.17748936679001,26.382110559061626],[94.17309410953081,26.403378338367823],[94.17391722774079,26.40960906666233],[94.17181382250304,26.415939737974593],[94.17563066802553,26.424526885254096],[94.17164264133915,26.42988329650841],[94.1760343924738,26.43651980944895],[94.18513671132898,26.45853318250507],[94.19396326805322,26.46133346130872],[94.20257264178616,26.46916182374857],[94.20239779908917,26.472878481738874],[94.20741625898344,26.486565788473904],[94.22117774216204,26.498226264551416],[94.23653160236945,26.5062347125067],[94.24862736466952,26.52506430759819],[94.24772590168864,26.5283082121464],[94.2532296000584,26.53288900479904],[94.25624635298823,26.541321533380493],[94.27055373967002,26.54937450382511],[94.27141981441862,26.55164964159389],[94.28469461373244,26.561167127376326],[94.28118167096554,26.548745559070767],[94.28605343866887,26.542606726414544],[94.2818503822529,26.54069057873991],[94.28087138208662,26.535161719354047],[94.2828224689848,26.52949479869102],[94.28166742148069,26.524597611115848],[94.28647023001125,26.515322254958967],[94.28572501370267,26.51244262636983],[94.28329339011123,26.51084801202546],[94.28314236624401,26.50507150249211],[94.2899703798702,26.48886619736249],[94.28965598658877,26.479813169797808],[94.29220489242707,26.477666592783933],[94.29147440669254,26.47531494820626],[94.29314493535446,26.474390694798174],[94.29334266263332,26.471195731379375],[94.299187025515,26.46692069943455],[94.29982581751352,26.463748490548443],[94.30342058692136,26.46426031561888],[94.30569245681762,26.463331693518853],[94.30661639205367,26.46089073997871],[94.30788396612353,26.462624221651993],[94.31649403694912,26.458412597230947],[94.31836393590856,26.465384513850452],[94.32375765713134,26.465611220274447],[94.32118512110951,26.471114244368692],[94.32247588608675,26.472543023707967],[94.31946555790778,26.47430922854491],[94.32150569929168,26.4757575103181],[94.32638005593968,26.4755371964104],[94.32543083312842,26.482047685287004],[94.33032215625718,26.479595765567687],[94.33191065346229,26.480682735168987],[94.3338450559507,26.479424021258325],[94.33622046836155,26.482149827238793],[94.33935067222357,26.48059461326901],[94.34071625967746,26.48563434333942],[94.34377046965973,26.484803655345917],[94.34459766981436,26.488851775814695],[94.34676452934886,26.486102092202447],[94.34917884959131,26.491194338249006],[94.35275547931859,26.490156996955907],[94.35001430795836,26.492526029747914],[94.34655501976674,26.492171259345294],[94.34937807526006,26.493871596919714],[94.34947455342326,26.49635964362087],[94.35286919255884,26.49938028973808],[94.35054923225218,26.50252134497875],[94.34753964248839,26.503296987441555],[94.34769992169801,26.50455607346139],[94.35411525916417,26.50315362927085],[94.35739032445062,26.505275109510094],[94.3626216599144,26.505758512244782],[94.3655359950204,26.503642169862857],[94.36833471245775,26.5060612249624],[94.36923258127919,26.504757030934734],[94.37208147591335,26.5061425328616],[94.3745893997101,26.50854343530179],[94.37120862696922,26.51452744915936],[94.37300438706997,26.515037443782717],[94.37499082447123,26.512920895345403],[94.37616461622206,26.51391817939374],[94.37598406652802,26.515768563203338],[94.37327032881825,26.517203609564486],[94.37556283301657,26.518277658437256],[94.3760494279481,26.52187896724533],[94.37810620253778,26.52126963360095],[94.3808555530587,26.525899677362677],[94.38510469304873,26.52587693921788],[94.38535107488,26.53062887165473],[94.38991088193971,26.52700464369554],[94.39132617048331,26.530452349145143],[94.39316682119541,26.527473620249484],[94.39567521481104,26.527432615791405],[94.39750189312723,26.52998217033651],[94.39515466715505,26.533705597897],[94.3980950686756,26.535352255721808],[94.40078399491726,26.534250688208996],[94.39767928883627,26.538718929505016],[94.39980703213001,26.540397347976352],[94.4025613638092,26.539571025223424],[94.40263212679905,26.5414438125614],[94.39738901172691,26.541665891073738],[94.3965061591438,26.542807789268085],[94.40102186970283,26.542987582036197],[94.40298932390547,26.545351863865715],[94.40606471616215,26.54412823190236],[94.40611044669832,26.54593787741558],[94.40113365785339,26.548380387841377],[94.4061817100498,26.54928641854684],[94.40488848997688,26.554295912027886],[94.40190797598393,26.55476585699187],[94.40638423163732,26.555852491325446],[94.40332897242284,26.55837133913822],[94.40724376126077,26.560428325589008],[94.40647638890403,26.561953853146417],[94.40401727057667,26.56152563782271],[94.40611528861767,26.56281145129067],[94.40575553221102,26.56797406722795],[94.40803984826553,26.571033293821806],[94.41115685946932,26.572246458383578],[94.40984340753955,26.57661521512337],[94.41329164465658,26.577286687946696],[94.41154072216662,26.5795255655798],[94.41210906019573,26.583063391288466],[94.40949980014675,26.584932382429564],[94.40928977493165,26.587802615079237],[94.40739750792163,26.58800170522945],[94.40757943922456,26.59172463087486],[94.40179235292538,26.59366188930232],[94.40249763103472,26.603224383249433],[94.40498272235187,26.603991094214344],[94.40546515179543,26.605723941564747],[94.40283086558094,26.610665996263723],[94.42565225904849,26.617248652131703],[94.43551042936691,26.622136579306392],[94.45118466922884,26.636389025566817],[94.45263443601137,26.634163458142524],[94.45505571999388,26.635570096306928],[94.45350663188027,26.632041961327985],[94.45784119356901,26.633695623350402],[94.46181219628242,26.63245212951917],[94.46322921318466,26.633656189026407],[94.46540371828051,26.633158866822257],[94.4597123016608,26.636944061854535],[94.4589849618264,26.644706468685587],[94.4530547756991,26.652647911445897],[94.45400996152722,26.654005685125846],[94.45835890434533,26.653637697695583],[94.46019316713743,26.66172797307085],[94.48496583255613,26.667951958717456],[94.49258343207943,26.665987229894213],[94.50137418375306,26.67239129510757],[94.505044583223,26.67874844861387],[94.50895617405848,26.680326580522255],[94.50815746307477,26.685402682646465],[94.5102880558246,26.68486749441229],[94.51320106771217,26.680190043451017],[94.51748953504703,26.68203006387576],[94.51760505030772,26.68741832254261],[94.52072387251513,26.694261920152673],[94.5206088252767,26.699311605014746],[94.52411869670365,26.695857402884013],[94.52645223863911,26.69904502376664],[94.53350439450512,26.70140534326779],[94.53917337120905,26.70628265404892],[94.5451005282172,26.705323960615562],[94.54781447343784,26.706419021030253],[94.55021317197748,26.70181344525464],[94.55494107987795,26.70516297746414],[94.56226183560719,26.70516635756376],[94.56088746442646,26.700653033537314],[94.56233721414101,26.69562644802484],[94.55929765657936,26.686531964195638],[94.56640255073906,26.683655902088237],[94.57148003623576,26.686740086824045],[94.56737518185001,26.687573307931906],[94.56630386541522,26.690163185336534],[94.5677845854475,26.693020367123605],[94.57199389503613,26.6946691023048],[94.57723154385975,26.700758713134046],[94.582372574383,26.697488518029648],[94.58529140286204,26.69839189972082],[94.5897685478476,26.696714365050926],[94.59378765983611,26.697292840082604],[94.59144061801854,26.700257242176253],[94.59434908083753,26.70236074326975],[94.59242402082806,26.705059076266732],[94.59327563090393,26.71506841823642],[94.59720970836763,26.716883296812384],[94.60218558362587,26.71172166013993],[94.60324573400169,26.71244838152966],[94.60099916425712,26.714645678551175],[94.60231520063994,26.71662693208158],[94.6014404535556,26.71920817959502],[94.59828477886201,26.718648031108522],[94.59614378990939,26.72010973046633],[94.59407356664158,26.71917526940807],[94.59100288245534,26.720695303301987],[94.59283128104526,26.72334916003419],[94.59205773366928,26.724973942404723],[94.59552487672975,26.726387182443226],[94.59346311469362,26.73155840273021],[94.59698043584923,26.73465030243067],[94.6059917697392,26.7339883215734],[94.60759460405626,26.737309967008784],[94.6095446992144,26.73703486078288],[94.60797266094191,26.728925312283348],[94.61573219338177,26.726660605432187],[94.62056682023972,26.723231165836925],[94.61887353814994,26.713095528665963],[94.62021015403761,26.712220089915533],[94.62417990899112,26.71538357424513],[94.63573246992037,26.717183648183074],[94.64155205187662,26.720504466698284],[94.6486727491988,26.720521433923334],[94.65292357622494,26.71885094689016],[94.6922532000743,26.732028237396214],[94.70707445992952,26.746406861831407],[94.73680256303547,26.763817920818358],[94.74059127961144,26.77193318594769],[94.7400927927822,26.776080755487023],[94.7482602762437,26.772796104384405],[94.75173113563453,26.76629181061037],[94.75823650675004,26.766103246566406],[94.7604996432251,26.77550952767335],[94.76670670988591,26.777662422051023],[94.76731290561604,26.785433720832536],[94.77012531966652,26.789136212493947],[94.77364364064707,26.79070919471944],[94.77556525831235,26.789862174492153],[94.78863941531424,26.795655937845662],[94.79108022597606,26.799849625095085],[94.79968434905616,26.799876944857715],[94.80262514763213,26.80141281377266],[94.80309488927061,26.806264130674077],[94.79568455893114,26.810177239526553],[94.79515862318006,26.814518194356992],[94.80369381942674,26.81376900301003],[94.80613223338342,26.815227836127107],[94.80636663528207,26.8185131894275],[94.81436804809533,26.81964046458717],[94.8130832021175,26.83374645272803],[94.81553099897732,26.837398204127073],[94.81935895396491,26.837688538823343],[94.82103220991205,26.84179572197114],[94.81740239183506,26.847611104932508],[94.82410557826435,26.854337469027882],[94.82856779774148,26.85542207127143],[94.83445244557205,26.860446370707646],[94.83638185252917,26.86887196692185],[94.83894277692767,26.869757155307784],[94.84310430243144,26.868607402313305],[94.85003183411975,26.87468278364488],[94.85097654918495,26.881194635295426],[94.85774406397172,26.88857368503339],[94.85835748754663,26.892310226137088],[94.86513590249105,26.904075213885825],[94.8659157946679,26.908831575663427],[94.87349626861712,26.917613366192967],[94.89054798603405,26.929638497654924],[94.89772743946402,26.931347692866776],[94.90235509537882,26.934762926243696],[94.91428296434891,26.936871948361304],[94.91663086226092,26.94134768232307],[94.92213100420047,26.945826915826064],[94.9238684789106,26.94660248790214],[94.92552238155326,26.940888970638845],[94.93076180634617,26.936997154549665],[94.93075954079502,26.932656062305764],[94.94016968175538,26.933653716159057],[94.94177174801288,26.935403869983706],[94.9531517991699,26.937703899275302],[94.95540921247829,26.940193567213317],[94.95741110988556,26.93757511568009],[94.96114667943442,26.93722086613495],[94.96709144701539,26.92361163703356],[94.9764075936543,26.921380489993727],[94.98252600378311,26.913095293566144],[94.98989156298711,26.914303281005576],[94.99119724538795,26.920908682180617],[95.00015851796378,26.919603264249528],[95.00405534408927,26.920991199370835],[95.01667161721443,26.92115992762176],[95.03403325879425,26.935693755171435],[95.04398460776385,26.93883601197693],[95.0495984746217,26.93885711329977],[95.06415487250362,26.947180790569902],[95.0808656208797,26.950201261737444],[95.09517934068427,26.95764620975433],[95.10598472518097,26.965590144925823],[95.10782651495687,26.976036949700372],[95.11186536922035,26.980757510874767],[95.12411473175591,26.985536885897474],[95.13870794080155,26.994949272359666],[95.1446673293621,26.99594588388567],[95.15008335036349,26.999338344206677],[95.18227920280998,27.025533554801193],[95.19296733200927,27.036024743908317],[95.19414535033353,27.034223699885107],[95.19311585227183,27.031819040597735],[95.1946454837747,27.031319394633655]]]}}]}