{"type":"FeatureCollection","features":[{"type":"Feature","properties":{"shapeName":"Bihār","shapeISO":"IN-BR","shapeID":"1811400B26595099860318","shapeGroup":"IND","shapeType":"ADM1","displayName":"Bihar","coverage":"context"},"geometry":{"type":"Polygon","coordinates":[[[83.5032947551147,24.52543975680424],[83.53768077568236,24.524834216343372],[83.55203130305736,24.52325081245785],[83.57211507081509,24.516780751258317],[83.59595970108678,24.51263915953174],[83.62935567310846,24.512613691723],[83.65390758203768,24.514829560577635],[83.67960886650827,24.51313346318414],[83.68780494604022,24.51380085769017],[83.69292970178549,24.510891132591105],[83.71863425971696,24.503351043564614],[83.72748579140274,24.504210941575526],[83.74522326833447,24.509769329454468],[83.75461067562995,24.509377743084066],[83.78591921984952,24.521432431885383],[83.80146821389954,24.52994981157611],[83.81686089300536,24.52916732324008],[83.86184450786303,24.53701218319769],[83.87268959879364,24.532201235142594],[83.88843745828804,24.53784437373814],[83.89898394113335,24.54056111557407],[83.90969801547469,24.541286553723204],[83.93300741243212,24.547348165954354],[83.93678832624157,24.549671826890194],[83.94304042993913,24.5586840413417],[83.95113259595229,24.564192554057712],[83.96747474400773,24.58269267846326],[83.96990950271952,24.587452388579393],[83.9748213514542,24.591384534965467],[83.98969245253635,24.624330528594324],[83.99803838453244,24.63826997567509],[84.00835443513434,24.64280078336329],[84.02113745713578,24.638526864962166],[84.02724981711113,24.633707445227397],[84.02332327830929,24.63178482064626],[84.02501625497185,24.628808538685345],[84.03385057134349,24.629979860922603],[84.03280064918553,24.620209599135062],[84.03871469079053,24.620154755443522],[84.03551030944224,24.617907884504827],[84.03695904136555,24.61674533780087],[84.04235804108892,24.618854866265345],[84.04520517412682,24.614309833466287],[84.04468714714352,24.61171069268096],[84.04915719364169,24.61208496317514],[84.05210627917616,24.610397899871536],[84.05140291717329,24.60855539852244],[84.04874758253338,24.609468505818743],[84.0472503568561,24.604419550696136],[84.04902909118724,24.60428937426892],[84.05067858130519,24.600096100567047],[84.05721694304953,24.592651286595693],[84.05062193534003,24.58686691321774],[84.05463243787482,24.585347107743473],[84.06193292132302,24.58677157752222],[84.0649483707974,24.581622959057306],[84.05863897794092,24.57227098850084],[84.0601327280364,24.571242193550923],[84.06358844452646,24.573691940503913],[84.06382439961223,24.570339653575836],[84.06781607615362,24.57095890947832],[84.06829302407732,24.56818118841922],[84.07312774705498,24.5673931141843],[84.07302028249586,24.564106526513996],[84.07557566878063,24.56160343371035],[84.07232779100627,24.559497449699347],[84.07276979985531,24.554978388049822],[84.07770282727114,24.554181842679483],[84.07590043490868,24.550038091313965],[84.07758722038227,24.546964017401507],[84.07760289598399,24.541561558346988],[84.08547043915866,24.538223866933798],[84.08525123765293,24.53522980358354],[84.08929133787971,24.536466075127],[84.09312995676805,24.534378702666952],[84.08905827536913,24.530677992396615],[84.08735697491717,24.522518114744052],[84.08831188047091,24.518481424580894],[84.08436504513357,24.514154157516796],[84.08779213321384,24.51329143413453],[84.08551368854802,24.506219252186384],[84.09173933686046,24.505197500263865],[84.09222419624686,24.503427444432536],[84.0894774400605,24.50383514899494],[84.08868410459542,24.500507123156495],[84.09004474053548,24.497922314722405],[84.09247012532724,24.497579877291606],[84.09186480096294,24.495805908932727],[84.09442767111234,24.494986064799043],[84.09430987682575,24.4933061701312],[84.09843162852198,24.492564697108595],[84.09996717363435,24.485374976664648],[84.1083415723435,24.477495142997405],[84.11114724363946,24.47682695322086],[84.11747494595808,24.48070398684258],[84.12479102505792,24.480850479168176],[84.12565804842744,24.492369352645202],[84.13111087789761,24.497744869222885],[84.13690479229125,24.49804947813454],[84.14071635931313,24.500510355270002],[84.13949468915428,24.510855754737356],[84.1345679481488,24.524223314093483],[84.13674560094141,24.527902392394203],[84.14338511837664,24.53202831480264],[84.14564080332643,24.537534084606058],[84.15761724689887,24.534770029676807],[84.15843559595302,24.53347691072334],[84.16316066338058,24.533484744539543],[84.16456866568893,24.528832208472103],[84.1575653332586,24.523178401351153],[84.15259997817063,24.5157874220237],[84.1563891214464,24.510895543072554],[84.16946332516065,24.505365804917727],[84.17822595058277,24.505159948161996],[84.18365661771654,24.513735481726886],[84.18557648995522,24.522060804997185],[84.182913888843,24.521843374978502],[84.17783790173623,24.526338921776397],[84.17856608958024,24.528330119383863],[84.17223686731217,24.53855333769223],[84.172783088819,24.545101831137146],[84.18411935698737,24.545051541964888],[84.18725539900043,24.54771865514443],[84.18831388120478,24.553309318877748],[84.19991008049386,24.55473112070109],[84.19911592307032,24.548754191496613],[84.20105821007198,24.544327805630186],[84.20946283529378,24.540954807796954],[84.21001781088306,24.533556187842088],[84.2148036502379,24.53260687355994],[84.21835996366676,24.533728405726183],[84.21980784308886,24.53683223264095],[84.22030681500839,24.547049863047214],[84.23184229806574,24.55047737106781],[84.2355955904768,24.550164187937906],[84.23581328640614,24.539035146025054],[84.24226914777307,24.54199871947129],[84.24304404980853,24.53765274513665],[84.24960784016359,24.535710497756575],[84.2505853877541,24.53191200909933],[84.24753977015753,24.528831155861106],[84.2568739172381,24.526925529763307],[84.25901801076834,24.534244036449106],[84.26393574795975,24.53476676248757],[84.2648454808311,24.538342960736205],[84.26822980012074,24.53825949530834],[84.2693845278246,24.54325310920802],[84.27739172938153,24.543903413996887],[84.27965840701549,24.547229426342575],[84.27957834376744,24.548653857109137],[84.27362757633867,24.55053181712063],[84.27359136884283,24.55403278523385],[84.27073452142345,24.554644038356194],[84.2701294108582,24.55631002576826],[84.27049457961444,24.560130997737858],[84.28289301487644,24.558834411975894],[84.28957527954276,24.562786027560673],[84.29722319720688,24.560478395612307],[84.30001697930008,24.545393455315182],[84.31066160309017,24.53549397231702],[84.31287897938466,24.52927441626927],[84.31219020332708,24.523009659609425],[84.32210582180625,24.516580325523247],[84.32207899541692,24.508121545264984],[84.32752928624808,24.50033035078008],[84.32644941605515,24.494034033614774],[84.32735694715576,24.487291549077746],[84.31696229935642,24.486780808168927],[84.30276196490702,24.480034658070796],[84.29629758481622,24.47320091591738],[84.2957692846993,24.469338298224617],[84.29132438743582,24.466231843719516],[84.2923025854066,24.46143544039673],[84.29619007623965,24.456684588316737],[84.29741128196949,24.449046058058354],[84.32162611246137,24.446068760929403],[84.3247850165984,24.4389067454592],[84.32775390549328,24.43883911998973],[84.33340395289754,24.432116491016806],[84.3355838299188,24.431353252980887],[84.33503768207387,24.429147264164296],[84.3368445992504,24.428810601307408],[84.33556180951626,24.424858873885672],[84.33364888035639,24.426055708411806],[84.32877372330948,24.425112041945095],[84.32453958787964,24.427510341345393],[84.32062469214219,24.423379679856804],[84.32049518202768,24.42111201603772],[84.32260098576725,24.417918088972296],[84.32907279851871,24.418792604179707],[84.33047215005087,24.421640328398432],[84.33432614270698,24.420467588012766],[84.33290847272956,24.417430191562847],[84.33372310635168,24.413160684850084],[84.33047963481381,24.410378538445926],[84.33311063768595,24.40444538736103],[84.34456351166976,24.399303618928016],[84.34197003681696,24.39325947374771],[84.3616079778857,24.388993128468123],[84.36351230298176,24.385459172352622],[84.3691413540629,24.38542720051613],[84.37350487474143,24.38350151428994],[84.37898438776877,24.38800180213189],[84.38794555703834,24.388666960168063],[84.38688377352533,24.38533871399624],[84.3887559254595,24.384735545857943],[84.38806445984598,24.382027838879182],[84.3936100798951,24.37677804926489],[84.39388615194483,24.373330986537578],[84.39851946005939,24.372742747497764],[84.40660401015556,24.3748070167631],[84.40545035593846,24.37067547094152],[84.40046845567957,24.366755396829543],[84.40056880647998,24.364555563390358],[84.4105251707438,24.362379320005203],[84.41645462654076,24.359077828411536],[84.43077935519912,24.356605216337815],[84.42758014904517,24.355710610248593],[84.42494484773444,24.348987002835134],[84.42302707935009,24.33665225233379],[84.4243963867276,24.32982489871428],[84.45008110626435,24.33255147397451],[84.45155043925207,24.332964290067252],[84.45200256582615,24.337465142914066],[84.46002913506062,24.337367270005757],[84.46589330040445,24.331579242713875],[84.46380265124371,24.328647961947205],[84.46742409163234,24.32457253756299],[84.46490916007808,24.320966560215805],[84.4668927516165,24.317230259794997],[84.4721534395322,24.31487846226701],[84.47762827862516,24.316991816293022],[84.48368231368403,24.312932888607886],[84.48759053044735,24.314252630061503],[84.49686526924323,24.32695151214185],[84.50502740503389,24.331365803496066],[84.5073380812521,24.324570137519007],[84.50537318275641,24.324447639443562],[84.50323351702222,24.320523572562507],[84.49923859666431,24.319628123856937],[84.49789586145296,24.317442952500443],[84.48881936736552,24.314692172715446],[84.48532090184771,24.306626222387212],[84.48478546192095,24.302276558508183],[84.48884123415617,24.301114351880074],[84.49136814025314,24.303591578843385],[84.49636138443745,24.299644173045387],[84.48960373764405,24.29300661356521],[84.49165787388176,24.286304669056324],[84.49621829449077,24.28632737317969],[84.50159423176589,24.28815132769749],[84.50442076104441,24.295689581050297],[84.50693946552286,24.297834055006778],[84.50991617335399,24.304769972976477],[84.50971475220267,24.31558910443186],[84.51625106219488,24.317311972409268],[84.52241949680689,24.33188197658763],[84.53168586779591,24.33867636812023],[84.52518053530795,24.346955815328684],[84.52468650771578,24.350576276077273],[84.5336618344342,24.359748864534538],[84.53511327118487,24.36366287681179],[84.52739057595983,24.37206786491195],[84.52777947640926,24.37647980275324],[84.53039660210689,24.378203058295778],[84.53920214813492,24.375852265333496],[84.54680487425209,24.377088458053432],[84.54956786299562,24.37293948263219],[84.55394357471089,24.372886067672606],[84.55485526411296,24.37518450004379],[84.55890860191376,24.376044116488416],[84.56855196618314,24.3821968734429],[84.57234912602446,24.382822437801405],[84.57448614711849,24.386006838011713],[84.57422267124565,24.38896331417568],[84.565314676851,24.39201520793964],[84.56150589550482,24.39632222471439],[84.56496348498227,24.400490772485526],[84.56754894776105,24.409209774525863],[84.5781632345457,24.410020166901845],[84.58303848052584,24.412890049016976],[84.58794899795727,24.408081677905844],[84.585934259133,24.400245715384873],[84.59108721928322,24.400859564724488],[84.5949217436505,24.404785266346963],[84.59928556346802,24.40456485156581],[84.6037449478621,24.401045043570512],[84.61464555108398,24.398725897036293],[84.61625171815074,24.401269904994216],[84.62011472989232,24.400893624474627],[84.62176462245552,24.403468173530346],[84.62552580476972,24.40143896944749],[84.62790420407892,24.401963373608382],[84.63069912793082,24.405012725777965],[84.636367544086,24.400034364379536],[84.6398456861188,24.400427598860247],[84.64215525291766,24.398856954056626],[84.6445744510121,24.399083326292008],[84.6448801018892,24.40219016239878],[84.6465321513074,24.40306803999008],[84.6494929778226,24.398222712209957],[84.65646067318733,24.396602635574204],[84.66081006156978,24.39194763424624],[84.66529389541095,24.390981663141893],[84.66811788964377,24.400990351202502],[84.6674454009406,24.404675710581927],[84.67026399989182,24.404925768819904],[84.67004162284157,24.40827430143081],[84.66825103793515,24.4096035465045],[84.67226698156564,24.411090562659226],[84.67358288948938,24.410066342268447],[84.67313732870173,24.41699816623723],[84.67624989863474,24.425365392709892],[84.67070204178056,24.428087391699457],[84.67127138412614,24.429979442975352],[84.67677282413128,24.43534422521955],[84.67912283128757,24.43572393696303],[84.68206644428533,24.444597363890736],[84.68115282889526,24.44602763791667],[84.68641500891268,24.45673510419424],[84.70264362878085,24.462699054692006],[84.70338590041189,24.465545629439198],[84.70740245669342,24.467383754919055],[84.71030704058698,24.470937608522814],[84.7159497981627,24.472018417861218],[84.72075133108557,24.468637788158215],[84.7283064312213,24.46971751262378],[84.74563051513738,24.48586113543089],[84.7489685029179,24.49618220127356],[84.75516489759312,24.49985898299157],[84.76558520846352,24.500516298794658],[84.77877764214728,24.504529815663282],[84.78609241958829,24.503550386898134],[84.78939380281759,24.50736131155234],[84.78928586843956,24.51805459088247],[84.79632406807934,24.521511128158615],[84.7980132843941,24.526517638602297],[84.80218797470833,24.53063336658868],[84.80751284725109,24.524780878802574],[84.80835428031311,24.5219296325567],[84.8114663202401,24.521592061309832],[84.82574271863784,24.525343442711886],[84.83879028550732,24.512713364257063],[84.83993022155173,24.508080507912908],[84.8381711297826,24.4979607011457],[84.83438449999298,24.495559313075557],[84.83371001613158,24.493464291073753],[84.83527115514471,24.4850304007494],[84.83273725117166,24.470195610400133],[84.84070241336997,24.469076999324546],[84.84019647501543,24.460783340049115],[84.8375791777396,24.460425000518704],[84.83691440736136,24.45892590966541],[84.83984694862319,24.452359728717397],[84.84876678011835,24.454409810629073],[84.85359768435775,24.466529383488812],[84.8630184290317,24.461380787292818],[84.86404728479798,24.45713569225125],[84.87092357658251,24.458195895353295],[84.87299093781779,24.462859585347182],[84.8726501232872,24.466325494220236],[84.87522206103108,24.467175993030025],[84.87968460390172,24.46578771751989],[84.88254528173745,24.46231887555692],[84.88466752823999,24.465172412264792],[84.88738085002981,24.463188265922643],[84.88583352890235,24.459297955602437],[84.88697139971994,24.45284102023701],[84.8851131321468,24.45255666772197],[84.88587630128632,24.445048105474907],[84.88460283336985,24.440994946227924],[84.88748404938795,24.43200751022255],[84.88497166365923,24.42799084031728],[84.88557057764568,24.42612171063801],[84.88203570790095,24.424645918427608],[84.88675610498736,24.421245313070948],[84.89138363064642,24.414512002571527],[84.89252357747063,24.405229282684964],[84.90432314456025,24.39540404019289],[84.90488364748347,24.390475961953246],[84.90919493651813,24.383669443967253],[84.90818043852504,24.381545535129],[84.90072253161149,24.376534669376607],[84.90391216711441,24.372219173714676],[84.91660020395265,24.37330801078998],[84.92297394942115,24.377627493329275],[84.93665604398653,24.379858442639406],[84.94153510421333,24.376263451859487],[84.95403948318669,24.371530623304412],[84.96289032676295,24.37381374711363],[84.9746591265541,24.374679922927506],[84.98165144384242,24.381269433056453],[84.98395424273392,24.387458768552563],[84.98870122815609,24.389221696295053],[84.99782925679474,24.39506984884539],[85.00532783223782,24.402060976485576],[85.02817695310492,24.415399415588077],[85.03353570201536,24.41540722485513],[85.03725684551907,24.41301547660797],[85.04097020152757,24.41525065251661],[85.0449981502435,24.409008599183085],[85.04560272900615,24.41012447945886],[85.05495662554823,24.406500700752147],[85.05512322979578,24.40763843563936],[85.06184014966914,24.407414465758887],[85.06732942468868,24.42281892410158],[85.07952723919827,24.433482011592748],[85.0805597412263,24.428237745171465],[85.07868936076984,24.422209276942667],[85.07882692607748,24.41516746942069],[85.07950845632399,24.414310519934766],[85.08104359000798,24.41650159147399],[85.08283831974107,24.416345651969863],[85.08045998960219,24.40679561162674],[85.0817082723513,24.39845033889753],[85.07734090598507,24.39852667249963],[85.076118799245,24.394643068034682],[85.08010895763354,24.39275390112197],[85.07267776122666,24.380839341000733],[85.07382401781739,24.37742659007496],[85.08430588843757,24.376512109055287],[85.08900057574056,24.372390090297024],[85.09875133539879,24.373543071989705],[85.10394924724581,24.377282833202965],[85.10310329655621,24.385100006836574],[85.10761359925725,24.386068321960575],[85.11716073958665,24.391538719976676],[85.11741626896247,24.39445160426198],[85.12317087757084,24.401980670025967],[85.12852127843736,24.4021913510499],[85.13293436456,24.405135055885534],[85.14207219561503,24.406610795657112],[85.1528384926171,24.41193423244679],[85.16371913707,24.41306860466645],[85.16352328457512,24.416388800969592],[85.16551114760274,24.419392353408842],[85.16987191224997,24.421278071699533],[85.17394443986188,24.420586866104603],[85.17521239391911,24.424303957317772],[85.17045828395841,24.42916719455893],[85.17070179477408,24.432799701753762],[85.16672096269477,24.436669949760002],[85.1638374784306,24.44442678136986],[85.15471928005609,24.445903510712682],[85.15264619116255,24.455174187176564],[85.15900636398543,24.457056006329665],[85.1615041350228,24.460727420064654],[85.16823587350507,24.460677077502584],[85.17224150088282,24.458796832547225],[85.18075158113247,24.462213686281288],[85.18968273229851,24.46252450642019],[85.20108564647782,24.460646291560877],[85.20461610459616,24.46222735376196],[85.20834311050538,24.46655752126126],[85.22611816037221,24.463257076213655],[85.23156652252047,24.472119043205126],[85.23729768599823,24.47196620829397],[85.23988190461036,24.473803584320596],[85.24199763563216,24.477013289177584],[85.24127233497344,24.482154797267654],[85.24633292315961,24.48536906676054],[85.24963216390697,24.490839113195662],[85.26727223112256,24.491222190026043],[85.27516359133038,24.49313277035011],[85.28262818979448,24.491639555981664],[85.2851790431803,24.49459614497044],[85.28417419489001,24.498786603551544],[85.28559123335182,24.502265631582567],[85.28343936220783,24.503348111513706],[85.28047669145136,24.51375679393827],[85.28340501242798,24.516940978335338],[85.28206553091458,24.520339179618865],[85.28820643575641,24.523069398855704],[85.30371000110422,24.523138482871854],[85.32160167834608,24.519816843031983],[85.33503132026543,24.521829837385617],[85.3362890092739,24.523206986580398],[85.34910295398238,24.522817016998662],[85.36535070257618,24.52541457845132],[85.37316642194213,24.524796481320752],[85.39170966702247,24.529937158290718],[85.39212677816512,24.534982641955605],[85.39431159412382,24.539574416240434],[85.39672403329405,24.5400507161859],[85.39754205805636,24.544817870241985],[85.37106530740836,24.552801623621615],[85.37081855816612,24.555259248032357],[85.38458173826227,24.555451260728937],[85.38561280388413,24.551280208744878],[85.38748310528882,24.54979947311918],[85.4011276574618,24.545243024440126],[85.40480829862427,24.541509276331958],[85.41340460995467,24.541119102924934],[85.43195493825105,24.531543574331508],[85.42994570699778,24.529395578827035],[85.4344895366218,24.528035148146845],[85.43402729771259,24.531187485999354],[85.4366349596587,24.533987174220417],[85.43910565727002,24.53298968660135],[85.44424310621025,24.534079890042552],[85.45069923527514,24.537056037761225],[85.46063719126214,24.536491045330557],[85.47097577250968,24.54440076346375],[85.47788694138512,24.546533153216128],[85.48693284963375,24.546567365598094],[85.49104016630166,24.54806747405538],[85.49843171736012,24.546455697505973],[85.50940565994013,24.53723779562101],[85.51014989079682,24.532787513369236],[85.50779317771692,24.525251751012725],[85.51821337450129,24.5262480758524],[85.52382276415578,24.52096598408854],[85.52710968001743,24.523515416670836],[85.5383785035726,24.52768759341671],[85.54170636733987,24.531869443953767],[85.54566312636614,24.548799297861446],[85.54395041910671,24.55699597089564],[85.54208410622189,24.55821822466913],[85.54089684782663,24.56234792413892],[85.54485469561106,24.563131011133695],[85.55636241713286,24.55808098825787],[85.56074773273683,24.552729257343707],[85.56167769207514,24.55842637451153],[85.56780279195786,24.55811739945003],[85.57172002331502,24.561662365333593],[85.57222182941928,24.565738768476912],[85.56991540313062,24.56905570591882],[85.57192208227019,24.574306269163447],[85.56729589420259,24.576773771051602],[85.56614107487056,24.587002084110303],[85.57026771070699,24.594086027278177],[85.58063013234383,24.60075686246139],[85.58926135040953,24.596899738796886],[85.59209995484214,24.597496240557927],[85.59376478189695,24.594499011245716],[85.59758026557347,24.596147635228565],[85.6018409489149,24.595742117429225],[85.61245111063575,24.587306695337553],[85.61234768490216,24.584851025951615],[85.61522108378064,24.580761540138404],[85.62005868046889,24.5800349988023],[85.62726578404335,24.58192647892167],[85.63283375597332,24.578861280975744],[85.63561292607011,24.579448002796678],[85.63806109303582,24.577344259661455],[85.64827392721155,24.576462790712522],[85.65124010409261,24.57452586304186],[85.65967699410446,24.578352051278298],[85.66799870213062,24.578982457721303],[85.67754673358876,24.59100429108632],[85.67706191013498,24.59514472678474],[85.67398512279469,24.597857813212332],[85.6761453599489,24.61647290981942],[85.67300673348275,24.62103759818529],[85.67211363471552,24.62984855481623],[85.6674582073837,24.63634839380457],[85.66866151328321,24.64053657829446],[85.66507886304687,24.642695306887713],[85.66244734813502,24.650179659931982],[85.66709858033447,24.656975258842767],[85.66665492667012,24.66113412349857],[85.6600332875057,24.667065833803008],[85.66038555555619,24.672306451015313],[85.65452215378036,24.673883138554746],[85.65356447243236,24.676713606821803],[85.65138616566622,24.67782444450632],[85.6490190123661,24.6845887511987],[85.68137924752642,24.691588339932785],[85.6889369671495,24.69817127444748],[85.69895181084,24.71305947416971],[85.70015130339112,24.717503534821656],[85.70716676128117,24.724535301400362],[85.70858637341624,24.726841154149948],[85.70527680383975,24.73638766072043],[85.70885630098942,24.745269063548303],[85.70422377710412,24.751297470705502],[85.70388405133167,24.76110638523528],[85.70479309789015,24.766994496737855],[85.70956587753743,24.767050722051103],[85.7066917770747,24.768606144097873],[85.70736635436087,24.77318108694693],[85.7093559700016,24.774866371990797],[85.70943924382846,24.77740694238901],[85.70745945036703,24.77961310829232],[85.72240205644746,24.786007918234823],[85.72361740785661,24.797147440686068],[85.72933990349021,24.798628617817293],[85.73080200863318,24.802509514893476],[85.73058811347582,24.812562193138252],[85.73668833631336,24.820782013190378],[85.75577544033133,24.813559203683457],[85.76216000780408,24.81287919755142],[85.76859316155726,24.80761368466471],[85.7678945067265,24.804230679818364],[85.77811645071755,24.796537338323112],[85.78042105342615,24.798948528343118],[85.79065925422886,24.79599601767913],[85.80953998198842,24.79415616923709],[85.81066189782823,24.799443291296097],[85.81322276922609,24.802584246326262],[85.82009680534097,24.80802891637439],[85.82474245091761,24.808458038914996],[85.85499290369998,24.808406569109795],[85.86725381138359,24.804682408078726],[85.8896533901297,24.792685644003218],[85.88931900394327,24.789949736904482],[85.8859265387307,24.786391101470254],[85.88660140168115,24.78391279501713],[85.8977122924262,24.774573716700928],[85.90874581486909,24.7569034500095],[85.91956907404334,24.744826859272965],[85.93672330360721,24.73523906184846],[85.94534914974753,24.732960312659912],[85.96005317945816,24.73128006702291],[85.97020993360735,24.73304169483067],[85.97238494086146,24.73567624576692],[85.97367410144761,24.742750863072896],[85.98038411776801,24.74871371091],[85.98434329685567,24.74869437545882],[85.98584230119724,24.7508263312911],[85.99648215313657,24.753156815195588],[86.0015260407433,24.759332356187638],[86.00835521319623,24.7633378015454],[86.01645945346513,24.763771482685456],[86.0247392227439,24.766743617986858],[86.03450391167891,24.772324517148245],[86.03746304127657,24.776581021104587],[86.04447813894214,24.776316008980626],[86.05529386304778,24.779738484569254],[86.05870973476343,24.771330676739613],[86.05666030659613,24.7606199252814],[86.0538334018218,24.75594724120108],[86.0463001729683,24.75211390940083],[86.04240892088916,24.747155154250194],[86.03450324423066,24.746021063946404],[86.03395509943081,24.74453893765891],[86.03690629600617,24.740668855215933],[86.05369254329031,24.745391384950796],[86.06640140307682,24.75186076534172],[86.09420637395786,24.744916074641868],[86.10713784525498,24.73496690320311],[86.10851248593029,24.73290089884407],[86.10797820662687,24.726345655591885],[86.11519824234813,24.719336672849266],[86.11682813751479,24.713309094394404],[86.12372839994437,24.707193750991728],[86.12854129745388,24.69874778782217],[86.12864964865018,24.686036789531382],[86.13203440721595,24.67989987798479],[86.13126415755538,24.67563566048328],[86.12480632708134,24.671949601409292],[86.12644665797667,24.667746919483662],[86.12438408027023,24.654624194320704],[86.11969774280783,24.650516878190533],[86.11540662544289,24.643733825916883],[86.11683492518507,24.63960440349895],[86.1194443819651,24.63868780028592],[86.12142979079536,24.63535451703273],[86.12186112406555,24.632761216173467],[86.11982501162571,24.630412291697418],[86.12097409970622,24.629466848564032],[86.11837513794366,24.62426856413169],[86.12067619679844,24.62355115209695],[86.12066318290492,24.61953853828066],[86.12460550151307,24.61128275362537],[86.1292563528268,24.61053349127652],[86.13236663564906,24.60343337776161],[86.13622191199774,24.605432852221078],[86.1408918264601,24.605310505359096],[86.14272512715657,24.603431063885385],[86.150118421845,24.601658306843632],[86.15062039413752,24.59247899199322],[86.1524049127208,24.590730565455075],[86.1538235106579,24.59166539340472],[86.15830508972769,24.586727579423624],[86.16348406958012,24.5867730813744],[86.16487254431082,24.584237019392614],[86.16687323797565,24.583750872264467],[86.17245386177812,24.58473242397227],[86.17505611945947,24.58281168673624],[86.17869464041488,24.58352049611223],[86.1800683827749,24.582370085942053],[86.18143570487561,24.58369322945713],[86.18352629025597,24.582696298118844],[86.18516302968679,24.58439675841685],[86.18877012937023,24.583516791524115],[86.20158319822127,24.587787523153676],[86.21362973553873,24.594346010785713],[86.2169296949383,24.599754735040477],[86.21401165338345,24.60230103202176],[86.21519951364995,24.60397248280586],[86.21417435714604,24.605495646845696],[86.21496445059124,24.61385874033795],[86.2175940808376,24.61357106577791],[86.22037681634774,24.61073666045506],[86.22369419947057,24.610652139862772],[86.22533134493989,24.60656118148709],[86.23074995398763,24.6055781772492],[86.24003911613373,24.599545900786],[86.24236677859565,24.596700646679817],[86.24108331243009,24.59214050217831],[86.24296751795875,24.58774622268594],[86.24568918599586,24.586685613676085],[86.24757008392766,24.587932442270198],[86.25155892808097,24.586691844741765],[86.25407774125554,24.58744241141958],[86.25684728590404,24.580347651472106],[86.25920687449117,24.578200473774235],[86.26280076983824,24.579752293378725],[86.26328430600621,24.584234615304315],[86.26659074495394,24.579924625098432],[86.27431691755744,24.576970088695735],[86.2751810636231,24.580033475263402],[86.26990840745285,24.585440342702316],[86.2755460356483,24.5866478384465],[86.28108227189593,24.58511613003803],[86.28477368026542,24.58796587877305],[86.28806862347245,24.587026999322614],[86.29237567335728,24.587895427913068],[86.29748574164763,24.58498495409709],[86.29971071948603,24.586003005415982],[86.30253086623449,24.583268039005183],[86.30916480064022,24.583858082881537],[86.30846974356218,24.58850095064171],[86.31327695922752,24.58718972287759],[86.3174012989701,24.58803167839954],[86.31878134031687,24.58602244451799],[86.32280732082403,24.586905525669074],[86.31535948402484,24.580684585915872],[86.31712036613632,24.577020746572842],[86.30927455590331,24.572221403825118],[86.30664875697164,24.572125116658615],[86.3066810684741,24.56774669534685],[86.3006466337564,24.56091476773263],[86.30779988692278,24.547572343720855],[86.29962990434817,24.536302077904324],[86.29707952706943,24.536121743881225],[86.29716597913571,24.533328193973638],[86.2995547279353,24.53016846485405],[86.305212284357,24.527944216004215],[86.30568876695337,24.518761696869316],[86.3091634953881,24.511187549948374],[86.3028357158144,24.50568512564308],[86.29959517547927,24.5005454605623],[86.29825238547066,24.494983654913025],[86.29348194144315,24.48839979904047],[86.29363574110464,24.483126855755575],[86.28938308331193,24.47884116413521],[86.28186347022319,24.479120528186023],[86.27604506416166,24.46905648327429],[86.27613316822978,24.46591216118944],[86.28300541579893,24.46474587103944],[86.28652059447256,24.462559193849742],[86.29067832549254,24.46164139323348],[86.2912618639146,24.463183714764142],[86.29882689043421,24.46077114588371],[86.29440436122128,24.456234579324626],[86.29427515024577,24.45144762626838],[86.3013448870402,24.448052345237457],[86.31335501833414,24.44716956075102],[86.3171568988223,24.441588471847755],[86.32353354045931,24.442190310140823],[86.32529191088126,24.44375707249923],[86.33411951234616,24.442431877180034],[86.34404151425375,24.444035765279338],[86.34468115426189,24.446905589979796],[86.34911626168542,24.446561942452888],[86.35830413608831,24.429123128164267],[86.36201652461124,24.428222411217703],[86.36506568785822,24.425478993924727],[86.37737957817727,24.430755277343135],[86.37965983654165,24.425484519764733],[86.3954538838147,24.415314250620217],[86.39598944681067,24.41020984425171],[86.40203767965112,24.407956909652878],[86.40470782751008,24.39964071390627],[86.41042954430434,24.392551946069446],[86.40508574066527,24.387766019197873],[86.41302328865171,24.380285305289718],[86.42028434414381,24.378693435073068],[86.42370646274394,24.379536599571967],[86.4279444133188,24.377175961927907],[86.43268426342266,24.380150825255654],[86.44528040620058,24.36785016689473],[86.44871784466959,24.37016455057565],[86.45599069683796,24.37199210120469],[86.45771964743437,24.378148730786766],[86.46354415215838,24.378864921384857],[86.46698664814244,24.38093629499591],[86.46675380302415,24.384764809694648],[86.4720325129411,24.393543874845786],[86.47008156797673,24.397881311087115],[86.47156512938024,24.40162550929817],[86.47075874408904,24.405804342364657],[86.46616359461113,24.417660644872694],[86.46781752060997,24.425220900283875],[86.47707278123555,24.424566809050134],[86.47957337477956,24.42817890557131],[86.48099468652715,24.427957994280533],[86.47720763722432,24.434510435459693],[86.48371089280735,24.43496308026958],[86.49124344522941,24.428028908633312],[86.49416283964709,24.44056541907495],[86.4966382138878,24.443265064176153],[86.49539348487394,24.456130904286294],[86.49074584952892,24.46400811936281],[86.48353663581189,24.467682291942744],[86.48893285255454,24.47327092343481],[86.48842302090156,24.476615027426345],[86.49222669442705,24.478195087068197],[86.4902293856142,24.48124452283563],[86.49340071434993,24.48722575138786],[86.49276028651927,24.490819156587456],[86.49631530906905,24.48869180666619],[86.49670857802572,24.490310460659437],[86.49909236363334,24.48897269965036],[86.50252077583032,24.49303914388436],[86.50254837746573,24.50036992010639],[86.49971210505961,24.509885044272103],[86.502979408902,24.511624501330463],[86.50365625892587,24.510563962057095],[86.50940578935794,24.522124901658337],[86.51534641750212,24.525269018246824],[86.51620467870436,24.52749717192107],[86.51456368305571,24.528685839070075],[86.51667368552091,24.535365915191385],[86.52017692738109,24.538265655234973],[86.52249756861076,24.538381444312215],[86.52768916350473,24.544241072337556],[86.53428635501866,24.540741350061253],[86.54259438799124,24.54339195283446],[86.5524267101857,24.536121866460796],[86.55262769475574,24.544366237525058],[86.5581362170786,24.550632711355462],[86.56298104700153,24.553312145992376],[86.56305189083976,24.555374082610662],[86.55795532512644,24.561258467176472],[86.5590092636521,24.564837369448313],[86.56311064155767,24.564367882739507],[86.5665202601006,24.56642739651542],[86.56971560799042,24.564774804438226],[86.57462994146518,24.567499223605076],[86.57674432860729,24.565481106342208],[86.57883573414951,24.567520861654476],[86.58046320206826,24.56670169650189],[86.58934849334072,24.579641071469496],[86.58889326308734,24.589032583726425],[86.59260391516683,24.594040390759428],[86.5971751227458,24.59680389370583],[86.59772085826407,24.60068331668382],[86.6031843543299,24.601958786316832],[86.60341513961122,24.608160249266582],[86.60807877574807,24.60747282668817],[86.61502072719335,24.608809153041324],[86.61533728002473,24.606130020741222],[86.6116215695319,24.604060472582468],[86.61064290353887,24.599407197775573],[86.62422188408601,24.59998346491162],[86.62491412494566,24.5901384211791],[86.63159155398077,24.584991034941712],[86.64629909520589,24.58050190420211],[86.6520691503456,24.570216419497807],[86.66938257575084,24.56618560196154],[86.67673209194221,24.568336705301967],[86.68331571799706,24.573437233304094],[86.68816637439292,24.571558734048434],[86.6921419450396,24.57689587376587],[86.69553975253318,24.575735079912647],[86.69709333671479,24.573468085567043],[86.70674488912795,24.57569488814176],[86.72156267789295,24.58317350929146],[86.73499494648621,24.579560852170125],[86.73557066148044,24.58439260456927],[86.73972281665745,24.585504267293402],[86.74567964681606,24.59286808089985],[86.74991655354856,24.595400570947238],[86.74850239508558,24.606208979938337],[86.75338742731242,24.61803792507669],[86.75909645899655,24.61688889466141],[86.77155161658055,24.61863644446895],[86.77876229095824,24.617502859449846],[86.7837543538579,24.615051149739948],[86.78701578541327,24.616453037710173],[86.80490594719721,24.600058906847636],[86.81092919339807,24.59923385065102],[86.80613215115334,24.593813839107764],[86.80877362389006,24.589043476450836],[86.80981312738739,24.58169468127502],[86.80325057401245,24.578359701751882],[86.8015050099732,24.575317866025046],[86.80209457159921,24.570284354216163],[86.81129595666395,24.56891891927482],[86.81608333662952,24.5704873174848],[86.82217228650853,24.575586633023914],[86.8243179736501,24.57387641882052],[86.83178770239279,24.572773796297813],[86.83508443234892,24.5762411783132],[86.8435533374192,24.574901805090576],[86.8437990248528,24.56935738125982],[86.84084870682977,24.56283578100809],[86.84444258331223,24.55936353597907],[86.84799115865319,24.560124731852508],[86.85382496992355,24.558541979119745],[86.85625383119549,24.55718738611334],[86.8567889126945,24.55466284663784],[86.8599670228123,24.55605666327243],[86.8630731985371,24.562667416131738],[86.86074222219008,24.564118410810682],[86.8611464667629,24.566393049844542],[86.87134248717146,24.568156564391295],[86.88128787671748,24.574168716233807],[86.88289993044427,24.5698144026261],[86.88842542284111,24.566924955680577],[86.88764760577259,24.561770723170095],[86.89318516254372,24.559837637294272],[86.89503012516919,24.559754364282814],[86.89559736366039,24.56123737954366],[86.90065207866125,24.559002464985145],[86.90497420586979,24.555119154345398],[86.90480948359276,24.550463807147196],[86.91644128311657,24.545150505623994],[86.91820096597719,24.548339682348413],[86.91668957925775,24.551623503987148],[86.91769073457391,24.560885766233625],[86.91443672489942,24.568705383316868],[86.90994687234584,24.571405410636256],[86.91368521589231,24.576743368915444],[86.90852242817287,24.58504965658871],[86.90873630716057,24.59565234851132],[86.9125026026854,24.597081977569403],[86.91444547808355,24.600261751622675],[86.91996598483058,24.602369124124035],[86.92020117904332,24.606469181649878],[86.92776849536858,24.614440254272264],[86.92886341863074,24.625421106764865],[86.93318266943375,24.63117621986985],[86.9386444146831,24.631142096741538],[86.94546830414386,24.635790164367048],[86.9461421439132,24.637777204120106],[86.94340226433033,24.639333375869647],[86.94255460594341,24.642397990464453],[86.93960798897935,24.64365405351155],[86.93866071461393,24.65180564626729],[86.93980204574197,24.65255544660787],[86.94288219996794,24.65093682786662],[86.95821213714102,24.648962943273194],[86.95692046127209,24.641518104959225],[86.95429891047337,24.64160200699814],[86.95400635523649,24.636424800186923],[86.9513574273812,24.633469091790765],[86.9529786079913,24.631347144037413],[86.95804714896268,24.631845365445454],[86.96100270865536,24.635185599713036],[86.97349800655952,24.637700944724504],[86.9749916560437,24.640373355838925],[86.97836159330558,24.640118123799354],[86.99274483283166,24.625374455191707],[86.99619603169415,24.619947489730297],[87.0069255292106,24.622990979894038],[87.0076107093121,24.628896915201153],[87.01072982526857,24.63121601901456],[87.01999547850367,24.629736072525432],[87.02412334682869,24.62420866079389],[87.02301597112006,24.615733542400655],[87.03594942230404,24.61293458742323],[87.03807919938362,24.617261193739306],[87.04564336172393,24.61178922530306],[87.04661734929093,24.608948749741145],[87.05107242805985,24.60855888838768],[87.04885976342904,24.619366394216783],[87.04931113182502,24.625475600268402],[87.04625994197872,24.629974251800704],[87.05243005913529,24.64105396335206],[87.0508504911841,24.644396157571496],[87.05078448297701,24.651901400209454],[87.05374102722324,24.659379154398327],[87.0540428485823,24.669370712058683],[87.05972124591858,24.676350915453785],[87.05972303985423,24.682632244531238],[87.0619022709868,24.68879965030055],[87.06531115111461,24.688527452968152],[87.06926789666616,24.693285228461598],[87.07028980306539,24.697143041461906],[87.06802405878106,24.703420235393338],[87.0738372222746,24.713332846855707],[87.07347279912004,24.71562698586788],[87.0782406416265,24.719128778710942],[87.0771048486122,24.72150731850056],[87.08113446729622,24.729188249689685],[87.0768245005817,24.731249700044376],[87.07891249522073,24.733641950336324],[87.0785806063508,24.736625296912617],[87.07287797067153,24.737064778382038],[87.07383593858206,24.74140304558091],[87.06981163073797,24.74498990988702],[87.07063557809298,24.747609968447716],[87.07978258813357,24.748471065097174],[87.08003115736258,24.75053913005267],[87.07807581065332,24.752456465215168],[87.08428977278224,24.756157450100527],[87.0787378573396,24.768054294339866],[87.07999091553282,24.774837191808366],[87.0786860299376,24.777565118524212],[87.08354672410844,24.781950383400318],[87.08535698750947,24.78593911574252],[87.08870100927372,24.78634357878821],[87.09273042134527,24.79174682128604],[87.09571219028469,24.80275191729208],[87.08738707405035,24.802875496577943],[87.08281954147921,24.806717400779537],[87.0741445422215,24.80839365538033],[87.07566227104687,24.81172335525931],[87.07447451498493,24.817743820952447],[87.0768877329945,24.823774512480046],[87.08419884890242,24.82212383884647],[87.09133683160732,24.823489072363472],[87.1039774562632,24.841260558925338],[87.10466429375639,24.846838278752156],[87.11103703670504,24.846551607924624],[87.11201723252898,24.847586191779257],[87.10936259318514,24.851689388466973],[87.11805454724549,24.851639655738023],[87.1226234066283,24.85507507231146],[87.1268254371682,24.85583000982025],[87.1324381649623,24.862456205915354],[87.13358626040443,24.86067381680337],[87.13779198661344,24.859685583388963],[87.14396161778137,24.861340315607432],[87.14282986538922,24.863213402523865],[87.14148137107856,24.861416502296535],[87.14115841056424,24.864574706655564],[87.14583684464878,24.867335556665743],[87.15178941499633,24.87637914025325],[87.15671513282068,24.881013618677645],[87.15698951783433,24.89983057023],[87.15448601374881,24.90278641102232],[87.15030067121192,24.903236873458024],[87.14630702107186,24.91039891206166],[87.14496219727747,24.9192419287839],[87.15251643143723,24.926663179231035],[87.15443165399603,24.93241883256662],[87.14617774990921,24.941724460264975],[87.14996757141299,24.947993235031316],[87.14988679490266,24.954663319639717],[87.15197758689553,24.96053405658423],[87.14986818091167,24.963439820339666],[87.15439614988104,24.97802404637518],[87.15071902113131,24.999436187913002],[87.15170591030244,25.000522107249335],[87.14575168256322,25.010010635807305],[87.1469946787269,25.013477338290592],[87.14576730785927,25.019334026697774],[87.15033213829801,25.02609010112349],[87.1581273482277,25.027984429543515],[87.16234990347523,25.033304317749643],[87.16394592227421,25.03877050623534],[87.16767172713591,25.04096597856718],[87.16653479865107,25.046604020661864],[87.17196733248402,25.04757686369615],[87.17275759121925,25.05168697860326],[87.18108640042773,25.065824638815215],[87.1882621042897,25.067668259558232],[87.19262841783043,25.066184506311625],[87.19444632858945,25.068533222503635],[87.1934183316126,25.07131329944587],[87.19652021339034,25.0700162174243],[87.1982641362076,25.071045031478576],[87.20039681754048,25.078160310486645],[87.20375270155809,25.079113970746352],[87.20683361575877,25.082257463902433],[87.21124454772138,25.08072836081712],[87.21265145588171,25.091164522322],[87.22778114420491,25.087811094944506],[87.22947512248899,25.087945353007736],[87.23051513712772,25.090124409508384],[87.23711211663925,25.08921033002505],[87.2376026785311,25.092090315998284],[87.23980103659272,25.09203005553068],[87.2400057949853,25.09731407274799],[87.24415864635668,25.10074824290963],[87.23498497611506,25.107045335649964],[87.24130620607207,25.116925919337696],[87.24149800806335,25.114831019227758],[87.24659429619722,25.11180988699536],[87.24967437226974,25.10545710843922],[87.26319412868686,25.10333869385211],[87.26369422709372,25.099672828897234],[87.26707644881715,25.097934878158554],[87.269852445166,25.094003347508046],[87.29550496908297,25.08856273448551],[87.298235101945,25.09978671804337],[87.29532855343592,25.10238506455855],[87.29824763434155,25.112644932586036],[87.29652097804238,25.113698008121755],[87.30324714068168,25.134393126524355],[87.30698918528708,25.13642795278786],[87.3058694748113,25.137968419665825],[87.30678016888002,25.140816277634457],[87.30507454034502,25.142910900486434],[87.30811109034708,25.147430136460695],[87.31212637191922,25.14879105194257],[87.3145272596532,25.160303314380798],[87.31663484834527,25.160278386012134],[87.3193935575148,25.165322924107187],[87.3145619948103,25.169532613241163],[87.31659111117068,25.179001584132294],[87.31570215543353,25.18060186036771],[87.32102073887098,25.189976818554136],[87.3184066288178,25.195283029299166],[87.32300914358272,25.206308501664836],[87.3232715872913,25.21124972739831],[87.32752632558217,25.223641652742558],[87.33349019583767,25.222701266617758],[87.33453472810395,25.216153644085058],[87.36021550852821,25.211909473685314],[87.37188280767542,25.206274441391383],[87.37548939531914,25.215079028323135],[87.37848918086989,25.21693982103611],[87.38357145079377,25.224373959841426],[87.38796830615586,25.22295695700849],[87.39184638623802,25.2278997040159],[87.39739642510001,25.226583029691874],[87.40132313368343,25.227200308873684],[87.40359713168857,25.22531925851061],[87.40397823565966,25.222435976430294],[87.41213440933177,25.219059251833702],[87.41234921088926,25.21509525019892],[87.42309697474869,25.21395428872122],[87.42659470274964,25.211132805054362],[87.44149573030718,25.204754602728563],[87.44616014348676,25.204179646357304],[87.45951380769603,25.196880256493046],[87.46179286411454,25.197793682098588],[87.46326867754874,25.194902317531636],[87.47810605318018,25.19440699825097],[87.47725434069638,25.210681752334008],[87.47520454781308,25.2105989852344],[87.47500567608054,25.212065079246962],[87.47326013899071,25.238283068746302],[87.48284552509334,25.251838928626128],[87.4952742632248,25.25967788713694],[87.49976857860871,25.258504741276404],[87.50056802171939,25.259876809103506],[87.49889963643776,25.262734848059186],[87.50086420974328,25.266666759860914],[87.49631210753381,25.270637480961142],[87.49867976658544,25.27644516982604],[87.49056676325094,25.279879841987714],[87.48739943471315,25.297323570067842],[87.49146596696889,25.297591242841477],[87.49351632848577,25.30378746136539],[87.50171501762361,25.292337714912087],[87.51696647977009,25.29328738384548],[87.52536282521993,25.28474189727036],[87.53214757598208,25.280391939263826],[87.54297343577906,25.281060279407285],[87.54273667400614,25.294052576596048],[87.54635138780992,25.30705208836492],[87.54848219076553,25.32131234844269],[87.54765889558745,25.323825808837586],[87.55034484660887,25.324538263477056],[87.55185839377654,25.33265732619293],[87.57114218751927,25.333372058276872],[87.57456604166451,25.340863042375755],[87.58277832410926,25.34349443918758],[87.58402540221759,25.349452022007856],[87.58811833416289,25.34683834405676],[87.59179971913039,25.34195746002772],[87.58394177984442,25.331909313456812],[87.5935434380301,25.32531653397151],[87.59225783028089,25.322421284445866],[87.61044236369527,25.313271528077543],[87.61203779230111,25.312821928179314],[87.6132252231729,25.31565848026892],[87.61788162427847,25.318096475917216],[87.62721025929648,25.31162447440712],[87.63050478209195,25.319738938127486],[87.63593558846459,25.31594869955763],[87.63522824961997,25.31446526584983],[87.63642716635098,25.31355269942483],[87.63855278782405,25.314674933196738],[87.65487640722843,25.307621002366343],[87.65632342965779,25.308842697673807],[87.6635318492641,25.307937586183886],[87.66428540643008,25.311380692203098],[87.66557522637964,25.30905446913332],[87.66688409869806,25.310693095875564],[87.669267303994,25.308163928236795],[87.67543486364693,25.306894361439923],[87.67545755419268,25.310520860185516],[87.67366301580074,25.312932096960093],[87.69199746276466,25.311614877324864],[87.69185012019344,25.310457995380748],[87.68694720340763,25.309163197444523],[87.68450470930294,25.30970419825704],[87.68503782798301,25.30605701660076],[87.69547027509289,25.306735101865538],[87.69841892135115,25.30395704123365],[87.6952728352749,25.30012524902507],[87.69970260041747,25.29741742104457],[87.69629370052672,25.29383809868765],[87.69327499825272,25.284703714857553],[87.7113495365538,25.27466894993585],[87.7113681685111,25.257683806627348],[87.74289479763051,25.264148268364004],[87.76278592616711,25.26559880211728],[87.7728953956947,25.260818361020164],[87.78854127933634,25.258420700342626],[87.79882024568668,25.251388303130245],[87.81358574890888,25.247210989328625],[87.81849243951719,25.241959472988167],[87.82950754559847,25.24916360728134],[87.83135302475522,25.255513988406157],[87.83426550843342,25.258739099191992],[87.84660861466043,25.264557619430235],[87.84524701392981,25.273603979670487],[87.8463708476727,25.27649730055272],[87.85132502322696,25.28011852060281],[87.85342071822467,25.290031019176187],[87.85236493276282,25.295194612500186],[87.84713781578759,25.30437414449117],[87.82760118222502,25.31173050351899],[87.81756267421498,25.321652129597766],[87.80837405960033,25.327621850006732],[87.79277812228847,25.32960738209385],[87.78879061482832,25.336372921091936],[87.78420365079924,25.340132977490125],[87.78739859804045,25.35186154573183],[87.78951558850025,25.376870637534374],[87.77612038709056,25.376927117604062],[87.76667246298936,25.381059592843318],[87.76485907704442,25.383899550895528],[87.76653949076773,25.399106872687756],[87.7704973403488,25.405093817670238],[87.76737082766427,25.40819029749976],[87.76662173961684,25.415081141272896],[87.76772056875384,25.416902568280186],[87.76913388369876,25.416505430649412],[87.77376836501307,25.40999084951147],[87.77864404757442,25.410398905021676],[87.7789356892247,25.416666476713985],[87.77687831815363,25.424194133892602],[87.77343888722137,25.42884143751314],[87.7756207126885,25.431065935971755],[87.78052180230105,25.430740125908855],[87.78522651570087,25.437165537330177],[87.78704738820538,25.449283577170064],[87.79355635797191,25.447570817528163],[87.79739624168819,25.444538579208395],[87.80271451610518,25.444059908974516],[87.81427080234793,25.43499267119583],[87.82138031025492,25.43591963768889],[87.8259720551179,25.438213502126523],[87.82581046796123,25.446864404050196],[87.8270569900124,25.447476934678726],[87.82882620579483,25.44599436861792],[87.83034296982953,25.448910974873275],[87.83057342453084,25.46191942211959],[87.83898316475988,25.46155271158537],[87.83918495422046,25.467975205531364],[87.8535334190636,25.467190942083885],[87.85514355578557,25.471475438788115],[87.85945887735754,25.47125676498435],[87.86290877366288,25.46948095693724],[87.86231921742674,25.463211389899612],[87.86426560254273,25.464398529094982],[87.86877560071487,25.469455988307],[87.86364749605026,25.47939822854053],[87.86507605540552,25.48124688708724],[87.86412854927478,25.488775465600263],[87.86614221820555,25.496997964665198],[87.87041652988815,25.498702114300112],[87.87418838239132,25.50473959854551],[87.88122123615686,25.505401097633268],[87.88544202262158,25.509348967131995],[87.88220042227442,25.517110601484262],[87.8839857825791,25.52057094400913],[87.88966940182216,25.518069891112482],[87.89324169178833,25.511525653020993],[87.89680486205773,25.510104539975433],[87.89718049439043,25.504015716111926],[87.90274370524943,25.50479236290561],[87.90427833587685,25.508253677473874],[87.90848248554252,25.509140860563228],[87.90586371323296,25.512297052076267],[87.90684234598834,25.51463402956737],[87.90844468533365,25.514610503648377],[87.90894342728447,25.519281971289008],[87.91312340508243,25.524577731350377],[87.91269938589532,25.52727659779704],[87.91594726097472,25.526976737823883],[87.91719201693805,25.528426806469778],[87.91572868828968,25.533798997616973],[87.92398752682233,25.53454162407431],[87.92709001855617,25.5390402198844],[87.93231335452238,25.53842408445471],[87.93728753915126,25.53631185350174],[87.9374155751304,25.534797522463762],[87.94088756190689,25.536552687113275],[87.94450761619503,25.53448237361532],[87.94661072588707,25.534973795616857],[87.9463542532802,25.53787200529169],[87.9500349896641,25.536858465343986],[87.95198903381618,25.538136333575263],[87.95484082461887,25.535966888825627],[87.9591633749339,25.538731661375287],[87.96434059768164,25.53589427206523],[87.9661899566621,25.53630628413769],[87.96921394102998,25.532016890003597],[87.96887979020218,25.529918616677108],[87.97413525800776,25.52574027940211],[87.97938786198424,25.52469128334212],[87.98483969432442,25.525558993503434],[87.98412691977404,25.52410776259228],[87.9869217466079,25.518166218185673],[87.99406744045119,25.51419792496882],[87.99714318305081,25.50028295622739],[88.00014540213768,25.49823411831613],[88.00758373655779,25.49640716265121],[88.00195293106692,25.514376549446627],[88.01351458474346,25.514095451954084],[88.01708572217113,25.51160966471625],[88.01960029619592,25.501189888433714],[88.03058447687519,25.49065507434405],[88.03685720319676,25.491479694700214],[88.0385389841559,25.488997669741213],[88.04600675277463,25.4879564437058],[88.05037006234906,25.485552843915286],[88.05165404684256,25.489441316187587],[88.05366765828114,25.489960359319486],[88.06191794575064,25.488370444813572],[88.06525661355579,25.48935804959],[88.06665368336715,25.486586846222643],[88.0732085983672,25.483682677968787],[88.07191143828345,25.504053626512746],[88.07375458092217,25.507179421042725],[88.07701257103169,25.506816203480497],[88.07510786774486,25.50850090340389],[88.06841578898405,25.50740655297331],[88.06654143438081,25.50957351031488],[88.0717849644746,25.51458727849734],[88.06542585885028,25.52315438546625],[88.0693593847484,25.52612937256337],[88.0597402112113,25.52644225171287],[88.05994384491319,25.527733062203463],[88.06488410376704,25.530069397051193],[88.06500392824617,25.531966305939413],[88.0624140179084,25.536471059714422],[88.05424385117911,25.541195039796175],[88.05218464844323,25.549196262769378],[88.04610644151667,25.550145967334206],[88.04076304032286,25.552968667133577],[88.0365444735952,25.55074486637469],[88.031440303643,25.554148183706296],[88.03108595509435,25.558395506122917],[88.02870521208062,25.561434903222743],[88.03457373335523,25.567183911715393],[88.03495177317288,25.570102548126254],[88.03985784214701,25.572904175509233],[88.03955523206714,25.574271340646494],[88.03624132272952,25.57514822752795],[88.03155158514376,25.566517597019736],[88.02771429935532,25.569235333764624],[88.02233530421499,25.569020646610536],[88.02085958690053,25.57052095441204],[88.02705319500174,25.575388069889897],[88.03115145665163,25.576116867881133],[88.03522166840672,25.581077324503962],[88.03442067570218,25.582764219721852],[88.02447132728074,25.582632071658164],[88.02496598549023,25.58643970630938],[88.02178081910587,25.58824434018998],[88.02316334519274,25.58861126247328],[88.02161105458515,25.596152099303378],[88.02488779073802,25.598288180496883],[88.02485927821088,25.601713923483953],[88.02659358096979,25.603186600174702],[88.03318161146449,25.599568990397675],[88.03967282513113,25.60087361152067],[88.03960693729829,25.603780522347886],[88.03288967516679,25.60405455359504],[88.03087715068969,25.607287997435453],[88.0423011528203,25.60870593703234],[88.04372569311303,25.61042030625237],[88.03792506740591,25.615570766395056],[88.04266452674263,25.615862310031673],[88.0428392328957,25.61845624674729],[88.03514215223271,25.625708278875166],[88.03443076018957,25.63059642997043],[88.03973810300788,25.63933128879917],[88.04777713367196,25.638837764371424],[88.05520237514685,25.644767114095075],[88.05414518382157,25.645515000218488],[88.04851272004069,25.642418886721114],[88.04527580350943,25.642278598457516],[88.04123316105039,25.646877247997555],[88.03600483314614,25.64884203114662],[88.03800799717798,25.653666583479346],[88.04444136742515,25.651947364944892],[88.04597302373068,25.65499042211755],[88.04954636831897,25.653260064857335],[88.05070397063177,25.654312570146317],[88.04697744801615,25.66118115686402],[88.05120006614574,25.665412515592028],[88.04869923903976,25.681957743674786],[88.05450815709527,25.68659565932176],[88.05530256245383,25.691518926350202],[88.0496952568908,25.70224962411259],[88.04616125042709,25.702432703007634],[88.04409118705941,25.700276699067217],[88.0381086192696,25.703798625972915],[88.03233930793496,25.704316111571273],[88.02684599947979,25.698978514073623],[88.02103166637971,25.69637442859878],[88.0186533578004,25.699616549176923],[88.02152518462715,25.710299479100403],[88.0126589654865,25.710756995524125],[88.01024772017726,25.71348081062876],[88.0021894889223,25.716148883129176],[88.00060477542114,25.722902307343475],[87.99376149492669,25.72360115459705],[87.99325111350475,25.726140120137647],[87.9914611825719,25.726578820798352],[87.98486415365299,25.724416326070767],[87.98385914097099,25.72058482345741],[87.9678970126201,25.72605595971589],[87.96831609825969,25.734299577599902],[87.9657764666284,25.735134006999356],[87.96325081996942,25.73915358909656],[87.95848751844673,25.741141420045178],[87.95614833419296,25.745486499989877],[87.951425063396,25.74693546980899],[87.94999163696848,25.748886796651657],[87.95019485475036,25.753221025008056],[87.94720244885966,25.75124797699951],[87.950148901432,25.755270665339342],[87.9503831991261,25.75832961021515],[87.94563928324723,25.76034390924796],[87.94505937312064,25.769866900248502],[87.94240353991574,25.770589502580474],[87.94198831164195,25.774328019256224],[87.93512458100005,25.773406813950093],[87.93687312205618,25.768524275452158],[87.92893132773338,25.772842426566584],[87.92783316604464,25.776028743997813],[87.92584143307478,25.777010708496757],[87.9243397292958,25.777185046681065],[87.92487887297648,25.775866303544824],[87.92226923383845,25.776899358844773],[87.92031100623208,25.774944902283575],[87.90849941249739,25.774372327604063],[87.91029873082499,25.77203088869321],[87.90963305584324,25.770010524884764],[87.90813875418219,25.772043006926484],[87.90438759976148,25.77252722802519],[87.90298985711199,25.776119880041996],[87.90606352280668,25.782126260147614],[87.9073922550794,25.782645640500686],[87.90871244976364,25.77954599670759],[87.90987428583637,25.780856460288422],[87.90735234652458,25.78548449858769],[87.90761993129152,25.791535741729216],[87.90617970461734,25.794445704475184],[87.90720488537573,25.797034724835104],[87.90526645304497,25.802598884983237],[87.91030713366614,25.80370793648691],[87.90711355455915,25.807157253254584],[87.90012745810415,25.807107777294583],[87.90416017777257,25.81357776326505],[87.90800779778009,25.811662864307443],[87.90937012704443,25.812908381050125],[87.90855797007752,25.81512403581474],[87.91078559794603,25.815010729400445],[87.91614798144013,25.81140037358967],[87.91767400800376,25.816177243730326],[87.90999771884798,25.81999768511144],[87.90612301643131,25.820390736186148],[87.90297007800606,25.823687898218154],[87.90158951833136,25.82238566118619],[87.90034244201965,25.823233265357107],[87.90117097886744,25.82436754375876],[87.8995706715113,25.826507415029106],[87.90063324015186,25.82792108401399],[87.90384637468426,25.827246846469727],[87.90567418038613,25.830608495194586],[87.90284490136449,25.830019248334867],[87.9004561031576,25.832050013458083],[87.89807451213423,25.832072920522265],[87.89847504486826,25.829797906650526],[87.89650724122095,25.829505801069665],[87.89549800825378,25.82720431089577],[87.88915880660117,25.829780675285004],[87.89336796886614,25.836527024387912],[87.8952742558828,25.834077645421537],[87.89772361760784,25.836894048554388],[87.89847829946456,25.835091233306727],[87.90344422408438,25.833074468565638],[87.9041587790957,25.834116466531366],[87.8988932438707,25.836540586513255],[87.89866013015614,25.838022850178344],[87.90575062791514,25.83707438354762],[87.90305337608743,25.84074044339691],[87.90930438114539,25.84022668852649],[87.90416480050304,25.842938629186918],[87.9085219224818,25.845069777686053],[87.91570254192501,25.853398133867888],[87.91259437733018,25.852468934517493],[87.90588124385576,25.85749408727546],[87.90148526345276,25.857409645761177],[87.90222319083111,25.861109173236077],[87.89234484794466,25.86579254397512],[87.88838137311328,25.86448806086787],[87.88591639238041,25.859913324217786],[87.88302477297299,25.859406697529582],[87.88112977508452,25.860840955053508],[87.87583273324755,25.860457621415485],[87.87465155015857,25.868194608387494],[87.87208376532625,25.8654968696205],[87.86785899034166,25.868263655328185],[87.8670831405836,25.867124543776324],[87.86439325763618,25.86750603224593],[87.86178355381944,25.864790256099436],[87.85782227626726,25.864794008355553],[87.84963799880151,25.86942428405074],[87.84770882989793,25.86852391590711],[87.83073127110269,25.870850971648483],[87.82821546369101,25.879775959115214],[87.82464592616289,25.881637039203813],[87.82583112921277,25.884057919525855],[87.82433745727072,25.88705471460294],[87.82955368307147,25.892749681549102],[87.82231755043863,25.89965170188053],[87.82415454949911,25.901671942359215],[87.82546489505458,25.911074888907656],[87.8221919372158,25.91274492034103],[87.81872421384367,25.912375495256555],[87.81781754422741,25.909284533820784],[87.81544857722871,25.909110761094468],[87.81197577657859,25.9097869460417],[87.80934772467215,25.91267531684549],[87.81002941122553,25.915789119030624],[87.81463051922871,25.916149756379532],[87.8106422104713,25.92136437387993],[87.81079751391256,25.927962965080283],[87.81330185073638,25.928487856461633],[87.8143165409689,25.931601577065944],[87.81872161501754,25.932931657159784],[87.8209372081562,25.936220075862952],[87.83441909788911,25.93032004032771],[87.83962503887817,25.933920910917852],[87.83731580355767,25.933679477023187],[87.83723293037944,25.936187449693424],[87.84074794466142,25.940588731009235],[87.8383603618751,25.944214191697487],[87.83489424289404,25.94446017281426],[87.83453515842719,25.946338201194433],[87.83889224716829,25.954130822632056],[87.83736958569374,25.960015733755117],[87.8466179167152,25.96362274068818],[87.84622276039813,25.967510329391157],[87.84808483323482,25.96956594205504],[87.84635793169558,25.974252575343087],[87.84859552277891,25.976801989328195],[87.84634633175033,25.97889052636031],[87.8456529697932,25.982236729901917],[87.84755136061852,25.986962845931018],[87.84701356351243,25.994162438114977],[87.85106078288786,25.998118530632023],[87.85157691173096,26.00537475484504],[87.85453456180332,26.011057618231376],[87.85477330256481,26.01401954354501],[87.8514737581869,26.015545655547207],[87.85370516167454,26.015925259700957],[87.85678365132229,26.024651879552632],[87.85537879581238,26.030350580781544],[87.85362733343494,26.03043888025727],[87.85543328941415,26.035109826235725],[87.86473066934848,26.034352196132165],[87.87331032771014,26.04135055278543],[87.8796526258555,26.03929833904782],[87.8838084057347,26.04355822594651],[87.88623905555235,26.043361507870465],[87.88534470004201,26.044728989249528],[87.88939351482537,26.04702104571337],[87.89292047580231,26.052651881716837],[87.89187290453542,26.058425728250256],[87.89032280491881,26.058860342914176],[87.89355220704269,26.064038681181806],[87.89727583528646,26.066918181719334],[87.90115686543601,26.06491257905619],[87.90641866097448,26.07437362248205],[87.910981279761,26.074021483674205],[87.91368611516634,26.07814514694944],[87.91900282381978,26.07662532023087],[87.92664620139846,26.083946731648997],[87.9310285238159,26.08228633383608],[87.92990318359821,26.071459847026073],[87.93656694566464,26.0692434238805],[87.93506703312634,26.064212745505984],[87.94881355666047,26.060130582381444],[87.9503327524347,26.06093303672231],[87.95103390907352,26.06638153072613],[87.95362741446905,26.065861086424285],[87.9556493407139,26.069940733992734],[87.95465422387309,26.07158714002496],[87.95127505911658,26.070616705943397],[87.95358991339918,26.07532516456281],[87.95810718253523,26.07333006722132],[87.959813320415,26.07589199538875],[87.96501670030719,26.073124519219807],[87.96658634097615,26.074808800082675],[87.96939310731847,26.075476146615166],[87.97104177098633,26.074433562184645],[87.9729863307257,26.075587220184303],[87.98231060891456,26.07272806091348],[87.98460215640713,26.080184187937345],[87.98150416163959,26.081975799138693],[87.98098731504258,26.0848343194672],[87.971040975079,26.089662487201657],[87.97059862397187,26.093502942079354],[87.96420246913027,26.095025296599612],[87.96905089770421,26.09878816742068],[87.97247275758954,26.09818898571027],[87.9755507118414,26.10132913033795],[87.97720639494491,26.100475044419053],[87.9843744748051,26.1017619771799],[87.98516190654212,26.10359328258218],[87.98876375467438,26.105203632737748],[87.9865781994022,26.106419620305363],[87.9881303426861,26.11263306818362],[87.98543793726937,26.117463096206254],[87.9825949212104,26.11600786477572],[87.97557102095334,26.118078539153494],[87.97131250524666,26.116474748960062],[87.96892180530632,26.11930177702429],[87.96958082556843,26.121034474318073],[87.97780954179298,26.123539309890795],[87.97531569729172,26.125658182418444],[87.97942851524242,26.124740133275626],[87.9819134439645,26.127358662443957],[87.9794828507407,26.130596688426003],[87.98057425889515,26.139009933328555],[87.97385642633347,26.14062370259586],[87.97514832678124,26.1430977573785],[87.97967348851535,26.1442251023271],[87.9854748616208,26.142569113642754],[87.98731762337381,26.14555239570666],[87.9865078047216,26.147113366692164],[87.99245826762149,26.151088561021137],[87.99424119798336,26.145367801510112],[87.9983186411765,26.139681139248996],[88.00321145820358,26.142456647301774],[88.00582309429647,26.14677866656107],[88.010455242686,26.14541568464955],[88.01414215947904,26.15100384892598],[88.0117201460645,26.15221044880961],[88.0091152158952,26.156853351376487],[88.00923669237613,26.160364254071602],[88.01484062386697,26.15890402277191],[88.01985754943877,26.16081051819364],[88.02179501608062,26.164588652598294],[88.02741272593127,26.168087281236875],[88.02777101449077,26.170593941936335],[88.03215982454118,26.170458201087573],[88.03333797222284,26.173283343144362],[88.03179803524702,26.175797629924233],[88.03480921413053,26.179159584451178],[88.0491631595952,26.176976697829183],[88.05062317705344,26.176360230344176],[88.05027857342898,26.17250014225639],[88.0572090893207,26.173044137619815],[88.0585020623569,26.170792756692776],[88.06665664421432,26.177508293462115],[88.06870976805068,26.17764634546903],[88.06888884360933,26.17481301823721],[88.07324906747074,26.175170820813452],[88.07375733066525,26.17718702925092],[88.07731980384197,26.178515316470833],[88.07868797125735,26.180666460960893],[88.07704915581994,26.18446180285246],[88.07845911915052,26.186994439819795],[88.08331872635989,26.188538464104994],[88.08657781780393,26.191681712007348],[88.09031745402606,26.191802100572115],[88.09267004114385,26.202948081439654],[88.095216732635,26.203085279569784],[88.09598993954948,26.205065348122066],[88.10211636265059,26.205807359696],[88.10505001602677,26.208818877310964],[88.10434734842167,26.211073750599397],[88.10616613413974,26.213670392564953],[88.11299249306919,26.21513391723426],[88.11215085249636,26.217105078686185],[88.11775283015143,26.219205877406118],[88.1182609262593,26.22038302225841],[88.11596731623484,26.22173852507291],[88.11642346905803,26.22379670785198],[88.12271701293795,26.226331904359686],[88.12579192190098,26.22591153147467],[88.12668380345104,26.228012136508987],[88.12979991544123,26.224801034736718],[88.13208065889584,26.226278274180274],[88.14193402412583,26.226402339462517],[88.14145858177852,26.22971126411803],[88.14318832289239,26.230607609931745],[88.13828997853136,26.232695545243956],[88.13849628022962,26.240608658513015],[88.14266066956249,26.24322092719781],[88.14596185246751,26.25021412393669],[88.15513978072356,26.250830338884764],[88.15764555036023,26.25604011035218],[88.16271476596638,26.255267610850023],[88.16448916951954,26.25285483303177],[88.16737051848831,26.25306654841893],[88.17015300067354,26.256233387897737],[88.17323217304092,26.253645600563818],[88.17660747594002,26.254061529114146],[88.17995282990583,26.256717952338885],[88.1821995568556,26.26622422545106],[88.18569326938723,26.270853099181636],[88.19979942086896,26.269890176907722],[88.20511441913014,26.277590397858543],[88.21362560071432,26.274135425737455],[88.21668223075794,26.279989473785896],[88.22767951875556,26.284868681372956],[88.22981380088626,26.287564206464236],[88.22974760043972,26.29119101039499],[88.23209171644437,26.292471390062417],[88.23105178714562,26.30122199251406],[88.23560277364753,26.302969779212173],[88.24096097548397,26.30060875337888],[88.24475335269476,26.309378696830436],[88.25032162376374,26.311396071505754],[88.2506750443527,26.318404194628183],[88.2492131179745,26.320376800029273],[88.25408071929155,26.325805728625046],[88.24905540794657,26.326625971973023],[88.25198476737572,26.328458719244555],[88.25217297610584,26.32991157225169],[88.24977175689348,26.330910463684976],[88.25324634249611,26.33441202504873],[88.25532171041556,26.334161659233942],[88.25686667705861,26.33199834123642],[88.25979668956296,26.330971375269257],[88.26186816238732,26.332099530820805],[88.26276499634952,26.33101125649497],[88.26492042212709,26.33486364165123],[88.26849149038448,26.33252368880404],[88.26966737790487,26.32884058034474],[88.27426446774376,26.32870305329746],[88.27485234233369,26.32980404928893],[88.2755760736356,26.325979267704405],[88.27822055662688,26.32556133370812],[88.28293753742025,26.33012663881075],[88.28540538018562,26.329625268159738],[88.28640357195967,26.33179486685744],[88.28721566245126,26.340294618487043],[88.28470995749328,26.341437048293923],[88.28416278467057,26.344494673124654],[88.28554425972855,26.347450090379297],[88.29099009222095,26.347650637638555],[88.29239565021342,26.34993159513933],[88.29620734299942,26.349545673257026],[88.2975764734088,26.347637380960894],[88.30038590056095,26.349999583755135],[88.29959689317894,26.351880854601383],[88.29606279598538,26.352968630008235],[88.29756326547918,26.357311218626766],[88.29621395100668,26.35926137112641],[88.2908889553947,26.356217628955775],[88.28744632196843,26.3580439398949],[88.2854554882122,26.36556052991363],[88.2826874428519,26.36905996085475],[88.28185402905044,26.374935009703652],[88.28330434829684,26.377969192334294],[88.27759874638048,26.37886099378114],[88.26831374972234,26.37782990568099],[88.26521535610286,26.381238916245437],[88.26270617376642,26.377824635941753],[88.25212301180974,26.373959881446257],[88.24457707448992,26.37576938471234],[88.24427622420967,26.377654005068134],[88.23830322168101,26.380867598319195],[88.240049514254,26.38372767964734],[88.23412624156111,26.391796343029235],[88.23729680133896,26.396177576073804],[88.24416839673117,26.398525881995656],[88.2469130751143,26.405404560912466],[88.25102451864265,26.407015629034596],[88.25269308089239,26.409669594038736],[88.2544437527524,26.409480871295973],[88.2613549144413,26.419947866262138],[88.26879782128626,26.418356565186322],[88.27336500171776,26.41903845475217],[88.26698010546164,26.421306332263878],[88.26695989606272,26.422799846043546],[88.26299999383122,26.422797338502544],[88.26192255807271,26.42439740082695],[88.26307006332168,26.429283895142152],[88.25906075734285,26.42938983253975],[88.2580013292125,26.432209558546486],[88.25090794157329,26.433118440640595],[88.25070305921315,26.43617857782105],[88.24660239726487,26.438578291873583],[88.24563943921292,26.446501060311245],[88.24086129752175,26.452179034310625],[88.24198234558895,26.456697802899388],[88.23465797593734,26.459852894586113],[88.23019994440608,26.46879105103145],[88.22430271836488,26.47419420416329],[88.21518541022085,26.477219801253224],[88.21695985779147,26.4809462272477],[88.22574478928037,26.480060013937205],[88.22935774148789,26.48485675571008],[88.22757862627105,26.49195299087446],[88.21964297193323,26.49321901652415],[88.21829625898175,26.490637318844733],[88.220620554558,26.4864833065125],[88.21391768703063,26.483121974341433],[88.1983446612501,26.484787875265674],[88.19442580034901,26.495284937182557],[88.18850039056407,26.495253408035843],[88.18499035564372,26.4998721851111],[88.18456717907631,26.503724534200238],[88.18258345638385,26.5042315074839],[88.18338071030017,26.509632846655006],[88.19026202276883,26.51209496640257],[88.19646922507526,26.52144625221834],[88.20830385341041,26.52425275530638],[88.21266096550772,26.5326925209473],[88.23541172893606,26.544801647774456],[88.23724885645561,26.55236529215726],[88.2330307730216,26.55640603327004],[88.2341293146977,26.56640978258109],[88.23278958974085,26.57104149850656],[88.23094373329165,26.57248010520767],[88.22105144406044,26.57407320257692],[88.2168969667384,26.574425564302604],[88.21577801084746,26.573276902909974],[88.21448666645686,26.567173736777445],[88.21689368249773,26.562888601889778],[88.22110096818206,26.561057795223],[88.22035088929286,26.556401823533218],[88.2123935936415,26.55561227296532],[88.2120094839075,26.554290893839212],[88.21836729146621,26.55342048347894],[88.20205771542466,26.554946914279007],[88.19884636494639,26.55833488965644],[88.18923483068248,26.559643005945198],[88.18156094541845,26.55400754702339],[88.18144516784967,26.545293689307268],[88.17903208279077,26.544883187003],[88.17139135075057,26.553599806402218],[88.16854943063626,26.55347985121716],[88.16597437034848,26.548248182813392],[88.16575869742518,26.54490563770416],[88.16793875680445,26.54170636968627],[88.16650133377223,26.53561039447128],[88.15630316549182,26.530105436517974],[88.15212180428827,26.532335649127152],[88.15030365996732,26.531893718798802],[88.1482898652724,26.524308371706695],[88.14596066130146,26.522234971347526],[88.13999444015485,26.52430126563704],[88.13493941613355,26.523466845548256],[88.13121753241802,26.526293912996326],[88.12784889591666,26.53272381478032],[88.12306033556482,26.536045050032747],[88.12018667258164,26.54069318416785],[88.1149791622358,26.541292535492865],[88.11336077089466,26.54839930606088],[88.10540160764585,26.551079975441777],[88.10126247085391,26.550146687745478],[88.09810175840819,26.547515590764174],[88.0995805219098,26.541849658829065],[88.10297291885041,26.542709068473247],[88.10646916642779,26.541596384097705],[88.10327798492429,26.538486230496677],[88.10673366278677,26.53673158836444],[88.10757276292402,26.533672594063436],[88.10466872700276,26.526059729983576],[88.10031305759979,26.52452560053214],[88.09904083923992,26.522624789963587],[88.09854831183426,26.51312729385744],[88.10762121805043,26.50748180137039],[88.10959158638786,26.502508710640885],[88.11059616159031,26.49760176512988],[88.10948419638892,26.493343867415113],[88.10488867141522,26.487108808653364],[88.1073390635079,26.478566535761114],[88.1043248644884,26.47268098658251],[88.10159308321781,26.471204239123335],[88.09162119965916,26.470857400085727],[88.09088640919778,26.4687376087236],[88.09615820478197,26.46307035010743],[88.0991513805289,26.456118327748936],[88.0903983464191,26.441110395414366],[88.08119062912989,26.437039207256372],[88.0787920617443,26.42884784564301],[88.06875002694845,26.422088298329143],[88.0684713506827,26.415030892622916],[88.05994272740897,26.41247306695348],[88.05492432860011,26.406044182312414],[88.04866957397411,26.405674587131656],[88.04653986606486,26.400251920786022],[88.0393142652804,26.39380304148662],[88.03433571843247,26.392922307922884],[88.0331249008206,26.383776502709612],[88.0283624032901,26.3823161048882],[88.02840924594058,26.381063163266262],[88.03330120777152,26.38058439557175],[88.03083946816018,26.375595369027074],[88.02847461095391,26.374125320300458],[88.02960377350311,26.368042285118158],[88.01923952379465,26.363799917235443],[88.00708539705225,26.36317281691168],[88.00516167732921,26.366681801432055],[87.9974270524772,26.365028484478422],[87.99565241266714,26.36605470225409],[87.99160172848968,26.370641976877017],[87.99180273012776,26.392713567071656],[87.96583220439683,26.397501679429393],[87.93286071958455,26.418020859040727],[87.92804907881812,26.417407479587684],[87.92612285099878,26.418656675192995],[87.92553432962185,26.4285534116898],[87.91732893905197,26.430370763024506],[87.91516442681532,26.43216998011155],[87.92493521800606,26.439505642429133],[87.9256446741798,26.442432826338546],[87.92407124262031,26.44681427638494],[87.89845786369015,26.449212141031516],[87.90969043213876,26.458379836359917],[87.89995961238492,26.47775483995277],[87.88840030151461,26.486835339876603],[87.88589480766075,26.476837916981147],[87.8657435593572,26.46959075432928],[87.86358760267531,26.46851172547812],[87.86383620783694,26.4653095429819],[87.8623003357378,26.463479494621314],[87.85861091444173,26.463772335484627],[87.85972943824304,26.459783124185865],[87.8587153777295,26.45573804386233],[87.86276782440153,26.45265584812358],[87.86146037411619,26.449829374269388],[87.85858086669377,26.448217697116018],[87.85063617889743,26.445899947744994],[87.84829903112443,26.436949329778898],[87.82838821600836,26.44006077460364],[87.8291211173127,26.450443331585678],[87.81190879280108,26.461631243016253],[87.79212066599327,26.468957224782844],[87.79069334002484,26.4656224827258],[87.78692843778703,26.46751595171298],[87.78941556648326,26.46087787830141],[87.78201958673044,26.457716626165045],[87.78375427576489,26.45403716673024],[87.78163178941219,26.452829928554085],[87.77665772066594,26.453075809163774],[87.77641444880219,26.45157820633219],[87.7793364537241,26.451973065246598],[87.77926430732866,26.4502784099142],[87.77413959919411,26.450048801203437],[87.77440315142375,26.447419158763005],[87.77730189806464,26.44836019962833],[87.7763491691288,26.443767559535384],[87.7774603411178,26.44253471388862],[87.7749712154667,26.43921851755568],[87.77783140731391,26.438401306260467],[87.77895595881074,26.436175969219267],[87.77549581093139,26.430860811264363],[87.77305416753128,26.431318874764244],[87.77348753368894,26.42842920162749],[87.77046224586559,26.428099163900548],[87.77531834425544,26.424333138018127],[87.77314422453684,26.420727190754615],[87.77098950393676,26.420539662264883],[87.77181939274907,26.42204498927361],[87.77027273188335,26.421927893444472],[87.76805139851004,26.4145251322072],[87.76534927511857,26.41359387821231],[87.76669532152006,26.410945299869393],[87.7532444434274,26.40853358571221],[87.75319071249531,26.410920469682672],[87.75039085419753,26.41218266219454],[87.74932641885779,26.41791128528552],[87.73914034818932,26.417457333463467],[87.73380684193837,26.407649823474525],[87.72273699971022,26.412473560139336],[87.72375723614134,26.416821984558155],[87.71807242393557,26.422458814337094],[87.71550603688183,26.42153336920379],[87.7128325975957,26.42735722253171],[87.69827453154228,26.428333185235818],[87.69218215459044,26.435649451950262],[87.67708402498148,26.435554657801095],[87.67752547418009,26.415719176078767],[87.64951682468141,26.405934613272557],[87.65133637845909,26.393355898145355],[87.6268752065601,26.39391729880864],[87.61212509417369,26.39021460380904],[87.60811133883924,26.383090837326368],[87.6052506448338,26.38090967061552],[87.58826288836346,26.381675099007836],[87.58425856264454,26.393359894175607],[87.57321514975035,26.39598877654974],[87.55260528095154,26.4055189395086],[87.54709673078095,26.41815622110096],[87.534613434369,26.421134702933312],[87.51590970705976,26.430846029309315],[87.49746999640917,26.435458221825765],[87.46371440811801,26.44019774361862],[87.44257162276004,26.43252562164895],[87.42714939536961,26.4220702973387],[87.38796991054697,26.419151568032245],[87.37565304860095,26.40710565536145],[87.36800230483695,26.40808521935681],[87.35564154671457,26.38874364591159],[87.35261677721913,26.371993268702425],[87.35734301784645,26.361291226693734],[87.34024963387172,26.34773755143224],[87.33718886079801,26.351368521121458],[87.31662742376943,26.36424798630437],[87.31303973578098,26.367615434721355],[87.31164671018504,26.371835337449234],[87.3007343354397,26.366213121911972],[87.28879974078308,26.373926185530117],[87.27241783508977,26.372380990905],[87.26552880339788,26.37357427476795],[87.26399962734088,26.38824372033921],[87.26533482928028,26.391540745436544],[87.2652103182903,26.406000921944724],[87.25882751061724,26.409907204113548],[87.250279303172,26.410067472045046],[87.23533608444049,26.415237903606837],[87.22764513028774,26.41395499719689],[87.2253806131021,26.409317052801796],[87.21834317972525,26.404582453722995],[87.21565266885545,26.40758778001691],[87.21047454150424,26.409923472365893],[87.2113177586204,26.413845792883325],[87.1843004611232,26.41441653987696],[87.18819513758021,26.40603142876474],[87.17238870792931,26.40401141830718],[87.16221779722954,26.404517591711294],[87.13712502434589,26.416345747336393],[87.09113680464132,26.450771983889695],[87.07916331562784,26.522324293510447],[87.07548478999786,26.536198942765612],[87.07179787679809,26.540703450774846],[87.0722441813908,26.57778178029097],[87.0707462873669,26.58652152773352],[87.04246993901526,26.587516264780387],[87.04087748113807,26.568421187832904],[87.03754748207537,26.56115433959595],[87.02182723050461,26.541156978327404],[87.01649586583727,26.53183010272585],[86.9920727322007,26.52264264421348],[86.98091119982982,26.52440708663168],[86.97640078663602,26.519706555756105],[86.96318386038604,26.524269181819385],[86.96077547441438,26.519858629708292],[86.94789406173649,26.520332792578674],[86.94470849739844,26.51624699356112],[86.93343904412427,26.515423893084435],[86.93026745667372,26.500545688584896],[86.92829334864976,26.499096510687448],[86.92941231082892,26.489799601403565],[86.89310767476562,26.487949530213275],[86.89345850461332,26.486550499896165],[86.891181611338,26.486013753346516],[86.88957134975017,26.482020029682428],[86.89217837119746,26.478071003204562],[86.89111001111827,26.476428429170912],[86.89291023854089,26.476486863765288],[86.8920615884139,26.469027245341643],[86.89394189345758,26.469004424372926],[86.89469364590815,26.466914816971123],[86.89347929522225,26.46152213373662],[86.88368719509464,26.46127937458736],[86.8832558528413,26.459600596332265],[86.87884358328728,26.45743013216632],[86.87450678299683,26.457750525208205],[86.87511836951701,26.455800946073218],[86.8720250711418,26.454225950842925],[86.8701047578303,26.45563838931185],[86.86643985155834,26.454965860588885],[86.86443419559988,26.457759124019663],[86.8610248681111,26.457560297652122],[86.85637339965476,26.449405030895676],[86.851425488053,26.44809102458292],[86.84561492967376,26.448730779973403],[86.84502445356279,26.444285401284255],[86.8466141033064,26.44207444041005],[86.84468393996782,26.442823243710727],[86.84205271251687,26.44048044293595],[86.83860372081502,26.440723274888526],[86.83954070228391,26.442190206312485],[86.83725458151399,26.44274022527429],[86.83592200535017,26.439896747790367],[86.83554059595188,26.44142647995252],[86.83352103407286,26.439327413095487],[86.80385539801519,26.446297116797727],[86.76649538163022,26.45881034398962],[86.76305315154751,26.456515095634668],[86.76364901755021,26.452007216912524],[86.76014003815031,26.45154866301696],[86.76027367063367,26.448227305225398],[86.75522700633437,26.44646765421409],[86.75321583292349,26.44738204108316],[86.75317019850704,26.443054162602625],[86.74960740283512,26.441643015200995],[86.7475880017545,26.43628280922993],[86.74423897188252,26.43530343567462],[86.74699881382766,26.433247748761424],[86.7465828588168,26.428577269543833],[86.74097572123871,26.425422877014913],[86.73017646235395,26.422457214236445],[86.7302748907596,26.42593212359033],[86.72470679845534,26.426658080143692],[86.7199719636457,26.434870285440766],[86.69989293090784,26.437788428573374],[86.69861757922423,26.44225690595782],[86.69548592548136,26.4447495540092],[86.69612483066761,26.448341461181766],[86.69245684317423,26.451285658573198],[86.68933328415035,26.450948615918858],[86.64022360029317,26.46262795231027],[86.63715543498297,26.466319836609117],[86.63442761977439,26.46446974641646],[86.63176515790101,26.46466393118449],[86.6302261372068,26.46792680292851],[86.6247306117095,26.469826829592964],[86.62803520102608,26.476212454665294],[86.62562324335282,26.477232411835473],[86.62553308843093,26.48056289917813],[86.62268474176905,26.48123523410262],[86.62075900981978,26.48407378617656],[86.61631082472235,26.484258631861305],[86.61627049395933,26.486185579474604],[86.61349213324465,26.487940944914097],[86.61136098264102,26.485900928440135],[86.59253812075882,26.492346689387716],[86.57034393910745,26.49655038989518],[86.56526652637432,26.50172182323563],[86.56301687900155,26.5019411126234],[86.56147809276766,26.508499506021593],[86.5538652983328,26.518158876046332],[86.55531562296912,26.51721188240583],[86.55451370589816,26.524359797261308],[86.55189505126793,26.52432232422929],[86.55040635868751,26.5303913548132],[86.54777172392669,26.531513671050504],[86.54202251598979,26.53831573389969],[86.52242558031882,26.54372285337146],[86.51544033906,26.53937179144677],[86.49720409682128,26.54270571490766],[86.4559489638048,26.567830769757393],[86.42969479053134,26.573317302874145],[86.39521836531011,26.5854747251853],[86.39762917763137,26.592636137849098],[86.39683131286066,26.59386820677364],[86.35609532433173,26.60450519527832],[86.34084886490305,26.606158532794176],[86.33904050323551,26.609687102075622],[86.34052077321184,26.612286835374064],[86.34196672754429,26.61197573227682],[86.34307987492859,26.617251496751873],[86.3328319723208,26.619473565988915],[86.30747666140546,26.620339241209184],[86.29347855120128,26.61344991839595],[86.27617901375032,26.6181005886126],[86.2529014809343,26.61487385307918],[86.25323011880124,26.617392259584015],[86.25220110672811,26.61720184438671],[86.24810972707164,26.612175559421857],[86.24867054171027,26.608967511092768],[86.24371813853207,26.608234246354737],[86.24387698672543,26.606487666394944],[86.24219950689985,26.605771514630636],[86.2430396320148,26.602571301954786],[86.24024444944811,26.60351226130453],[86.23963986080399,26.601373707083926],[86.23719053411325,26.60181788680888],[86.23716346697545,26.599791627606834],[86.23470739842848,26.59839011807507],[86.23428808282017,26.590389277132836],[86.23188595002121,26.592769300587843],[86.23096581465882,26.591077699039353],[86.22414942433406,26.59125410008521],[86.2179381867954,26.588631812207083],[86.21209909882107,26.59326105181708],[86.2079078678275,26.593394455615663],[86.20494849927802,26.596573143866944],[86.20179454485819,26.594219166922954],[86.20018518158564,26.597166933609007],[86.19773816805674,26.593517287318512],[86.19595138841392,26.593834099692533],[86.19575404112241,26.607250729123436],[86.19070053345729,26.610479768779744],[86.19028506623168,26.612515189673058],[86.19293481604544,26.610884889409466],[86.1940602919087,26.61226067288548],[86.19101443715694,26.61492019275067],[86.18255418286284,26.613651235995828],[86.17609851643032,26.615156418850876],[86.17430039106543,26.61360463238116],[86.17100325147753,26.616787318375486],[86.16752800651149,26.614067166813527],[86.1618902462637,26.614975814145463],[86.15551276560025,26.610040279421554],[86.14525093371562,26.60890039421769],[86.14206749389324,26.60522290031922],[86.13606858485008,26.60645091737709],[86.13906198876907,26.61687064790277],[86.14050293768878,26.617010402493936],[86.13781848415891,26.629285427080845],[86.11825592431896,26.630418494577494],[86.10097659267369,26.6365674878234],[86.07320690671867,26.649827463269748],[86.06935142106256,26.65751575313422],[86.02727627890528,26.666270272118503],[86.0193493139712,26.661814949844416],[86.01237958661733,26.660180548995946],[86.01280866601446,26.65792901303932],[86.00909445121657,26.65554326337385],[85.99318325285068,26.65572677767963],[85.97901226097176,26.657962592006733],[85.97491852952588,26.657378874851446],[85.96684803896217,26.651829142128328],[85.964206621921,26.65212414684926],[85.9626936236239,26.65042374795531],[85.95929425575667,26.651201954190448],[85.95847417385234,26.64920330567003],[85.95359590144804,26.646525533104164],[85.95170617577193,26.63699559824928],[85.9548349423295,26.630355615782243],[85.95170764272079,26.624400470170297],[85.94913163201545,26.62404080425903],[85.94609144293813,26.61996733383478],[85.9458873708584,26.614809345019083],[85.94715161397521,26.61333760110144],[85.940901217975,26.61361587950959],[85.93780500726163,26.61609022809566],[85.93225114606808,26.614079858733717],[85.92817551926845,26.61620694538266],[85.92612431064028,26.61009292908276],[85.91381888334952,26.60848119175788],[85.91240197065187,26.604708849066274],[85.90894307053247,26.604673693024992],[85.90038277266177,26.600230305720416],[85.89988481314361,26.595866511343004],[85.89166725579153,26.594125840218403],[85.88753482312657,26.583809943200002],[85.88524602268214,26.582817315689855],[85.88034738726695,26.584365435557558],[85.87873106474592,26.581869945686524],[85.87375717117118,26.579193912967398],[85.86979214135606,26.5791035465161],[85.86898428552273,26.57608894902607],[85.85869655610682,26.568975960218356],[85.85842515619484,26.571467006053027],[85.85678396381516,26.572279115282644],[85.84992422977794,26.56845568733841],[85.84825123973214,26.576795008695495],[85.8577368230067,26.589735086320836],[85.85073565910947,26.60853543563104],[85.83084610801447,26.611471513842083],[85.83031803337471,26.601540404603952],[85.81703632960959,26.602837761584514],[85.80314664785683,26.614958066638],[85.80160700822339,26.624253335639594],[85.76970166465156,26.629557463301605],[85.75913965262993,26.636431685307112],[85.74771397334467,26.63931406235515],[85.73234782238755,26.653619977067244],[85.73665669585242,26.66418753203539],[85.73034983624503,26.665779339118394],[85.7305022776538,26.66740791201868],[85.72570279109316,26.670402413718737],[85.72669589480941,26.673657230518426],[85.72365833869422,26.674010369036527],[85.72459576572751,26.68203523538649],[85.72316659641612,26.682635679657214],[85.72509773173184,26.68434854507496],[85.72321586811113,26.686047045015496],[85.72537268717569,26.697321537599016],[85.72381092383344,26.699926041863293],[85.72664798136711,26.70674417502439],[85.72530565488918,26.710178211889616],[85.72847775527777,26.717717226642876],[85.72649513571645,26.719479277650304],[85.7265595206678,26.721663186112323],[85.73009269349494,26.72532463117544],[85.72859350679536,26.729733949010715],[85.73182499301075,26.73094599714407],[85.72993367641831,26.73530706060222],[85.73409882033602,26.737377697507398],[85.7286512136709,26.749480980221122],[85.73541834667368,26.778144577014096],[85.73466926491447,26.795850018467675],[85.7291508494454,26.802511309779884],[85.7292471443523,26.80865713329653],[85.72162086530673,26.820266489540106],[85.70447755296851,26.832244779484707],[85.6793953092383,26.84370823854173],[85.6427252475006,26.853394934363653],[85.63519282084265,26.872382019127638],[85.62410176220412,26.87367984489374],[85.60707352405379,26.857695128867757],[85.58570404344398,26.84692618123287],[85.5860239703476,26.8547412741515],[85.58442604801851,26.855412870038045],[85.58462058358317,26.85825083683312],[85.58261101815661,26.859252893026746],[85.5782466988758,26.85675862081425],[85.57832897467436,26.85913200995567],[85.5757277976663,26.86087536023673],[85.57199288209098,26.85677743258794],[85.56598668681258,26.840924652660863],[85.55817819708803,26.844181894012628],[85.55338328744376,26.834544345009398],[85.54356860097496,26.838139009690607],[85.52202678396782,26.81649882594988],[85.50804013896158,26.816561044795517],[85.4976463777994,26.812942397912725],[85.49677295393349,26.803034778667694],[85.49483664162676,26.80284690026069],[85.49644220772063,26.7993843830882],[85.49532348179838,26.797178635100817],[85.479357628134,26.80242587734721],[85.47778034909014,26.7933024537482],[85.47340330337668,26.79064763367265],[85.46505452461945,26.788220854884713],[85.46437638461487,26.789119254707778],[85.45418440662506,26.78222996269848],[85.45279166849001,26.782217180431672],[85.45322471574579,26.783137552090935],[85.45101672504937,26.782006051081762],[85.43251845053045,26.790367639946354],[85.42908242151817,26.786948427854213],[85.4257233529729,26.78624116164203],[85.41909295613274,26.790264143764443],[85.40766418574461,26.791657070245567],[85.4030310438184,26.78352177419382],[85.39651874309881,26.77808060883098],[85.39291351280947,26.776091027406512],[85.38485920539564,26.774945519802912],[85.37492959475762,26.76145294592946],[85.37009870758624,26.75872268090607],[85.36572528208336,26.75980101522453],[85.36166319469169,26.763013682884765],[85.35474141042454,26.760287140231995],[85.33434359254181,26.741718631778806],[85.32229433512566,26.745311208274472],[85.31908081341935,26.749028467009],[85.30784549163441,26.75211771226156],[85.26005605456376,26.7556354945886],[85.24069379477763,26.76149160854439],[85.23254573019759,26.762156860612272],[85.21191163473388,26.757883918916715],[85.20594225061917,26.761317054778598],[85.20044780310022,26.768887848314595],[85.19731127959018,26.76963411426989],[85.19140140886303,26.782046749267757],[85.19442018479889,26.7853801665692],[85.19258326119692,26.79080529868771],[85.1860268397221,26.79172430726734],[85.18601900910777,26.79577219541759],[85.18062849846383,26.79587367633072],[85.17904596427555,26.798676625892327],[85.18264796961301,26.80165361815506],[85.17669770074922,26.809738035982676],[85.17717311165545,26.815572744966776],[85.18517869354999,26.822749204892965],[85.19141066600201,26.831546051456428],[85.19273278128436,26.838576132147598],[85.19062611875538,26.848901944700884],[85.1929751629177,26.86481233369352],[85.19052789786052,26.87020609140584],[85.16534828483836,26.868545779410834],[85.15342375939774,26.87094031893111],[85.13979260290228,26.871037160181512],[85.13575701042159,26.86944455533193],[85.1352184263913,26.86744998237025],[85.1234895863589,26.871218345056597],[85.11296798055878,26.87217901958224],[85.10970754613336,26.87062187657014],[85.09900977890939,26.871233925910214],[85.09555394833326,26.867203464797193],[85.08947018802164,26.868758943224872],[85.08598899710674,26.866605483016762],[85.08524517678013,26.864033092688285],[85.08932195342334,26.859693078647982],[85.0863387911969,26.85869946678363],[85.08688786395645,26.85656969346802],[85.08346271893214,26.853454985069668],[85.0825561643002,26.856257083493357],[85.08099183357288,26.855327003845066],[85.08101127042069,26.856947047758645],[85.07940665833767,26.856188344413727],[85.07671401037582,26.858570181950746],[85.07749524194075,26.85503249162883],[85.07063780399739,26.85527374867637],[85.07067864230855,26.853974090389478],[85.06588456719915,26.853019976579507],[85.06599132388584,26.85065994228484],[85.0636072076982,26.849679692586747],[85.06166334235658,26.853212208608255],[85.06467551837007,26.856083584376382],[85.0624163847879,26.856353284955716],[85.06280794604719,26.85800060389609],[85.05967573085725,26.853843008131864],[85.05772232630564,26.85622479566186],[85.0563060541068,26.852022893518278],[85.05873188715792,26.850422064002426],[85.05764077904075,26.84936106133812],[85.02307865633807,26.855233777229667],[85.0230018881105,26.856740883744337],[85.02947467733067,26.85958386205449],[85.02941678001231,26.86258019815607],[85.02799736909984,26.863305804307164],[85.02601609790979,26.861923544169922],[85.02569782031304,26.86352079310923],[85.02797638175988,26.864334622296003],[85.0276367377341,26.867339777993262],[85.03105786908573,26.867743789932728],[85.02901230457248,26.871000427634794],[85.03039250761603,26.875329005269986],[85.03634083881374,26.87470558689176],[85.03802896367544,26.878113735151462],[85.04219294427487,26.874722684916765],[85.0418990397684,26.877619677064885],[85.04380480306726,26.87967399844933],[85.04636178026837,26.878637509268188],[85.05307800664234,26.88138484757155],[85.0498766328536,26.88280909423296],[85.04919561913839,26.885182338884032],[85.05087269472209,26.8831887077903],[85.05448008995127,26.884557881977035],[85.05567977294521,26.88125522650746],[85.06085989545467,26.886925505483557],[85.0586465984099,26.88519616714664],[85.05175636387384,26.886402160765808],[85.05354624989093,26.88923699437733],[85.0524035919512,26.88952523874205],[85.02218566177538,26.891839323130856],[85.01906895420217,26.893348782700805],[85.00449719333227,26.895128487942117],[85.0007093130878,26.898040361926732],[84.99780894678446,26.90527065523588],[85.00261048869046,26.903944503739865],[85.00180429833368,26.90942660164431],[84.99989906504089,26.91179848846244],[84.96872374187626,26.9157480612685],[84.97069496181658,26.923274700220283],[84.96854598594278,26.925860905086292],[84.97074691767767,26.927032759171837],[84.9702660135735,26.929853456348283],[84.97644610831789,26.932908719967532],[84.97776453691431,26.93771364879507],[84.97492618131501,26.93921834981177],[84.97682186192313,26.94204187580253],[84.96552622904662,26.957956405245792],[84.96216939461145,26.96057126941388],[84.95817152418617,26.96128211872949],[84.95338147173265,26.959863461438047],[84.92942555816356,26.96878692270971],[84.9107814322768,26.9680031399395],[84.89977793153068,26.97004516719843],[84.8958804541266,26.97298799913098],[84.89132253802057,26.972817073151646],[84.8916091814446,26.969924486797375],[84.88873435424479,26.97651316208963],[84.88674505031948,26.977880664264674],[84.86590327783681,26.983742595219653],[84.85864960020817,26.988791494203763],[84.85576870758355,26.98638593798474],[84.85686618385776,26.990722629783367],[84.85505226521185,26.99345244144305],[84.8575055292185,26.993312937889844],[84.85609453462195,26.99641281267496],[84.85741922986578,26.997857043824162],[84.85322780124288,26.999264304703797],[84.84951051959659,26.996962275524222],[84.85232910417476,27.002065960186798],[84.85132114322198,27.00456121738453],[84.85551189361688,27.008302802026176],[84.83902607979466,27.01392203578788],[84.82571234300487,27.0209304836362],[84.82192322128866,27.021213343275942],[84.81407998472892,27.01814166258969],[84.8119270517763,27.020920410816725],[84.81278641431308,27.01569977189986],[84.80957025784804,27.018870620872768],[84.80674641004059,27.014365819605604],[84.81077169076013,27.014661013195592],[84.81123683661761,27.011705544998676],[84.8082799051975,27.011081382976275],[84.80684649404135,27.00696978239042],[84.80149750532644,27.00496805869954],[84.80029104903525,27.00109565351968],[84.79880814969012,27.003820432753624],[84.79634536443979,27.002875998445482],[84.79344950049264,26.996272981414908],[84.7903996688991,26.999321633256134],[84.78884948933242,26.997434459673602],[84.78780047177793,26.99904477923624],[84.78645578452746,26.998678475883853],[84.78862272311369,27.009369440852396],[84.78612875464489,27.009692755361538],[84.78471965729022,27.007688328554394],[84.78204940253175,27.014153040577842],[84.77470590684943,27.017369874943064],[84.76968350245272,27.016477245856088],[84.76481459498525,27.0133237616982],[84.76111398247737,27.005834531285913],[84.75706676040699,27.002803334732313],[84.72965140862762,27.01529975673664],[84.72632983666061,27.0138401372787],[84.7214030130101,27.014416588383767],[84.71703237767454,27.017497083554073],[84.71604187458101,27.020060810342923],[84.7143490865647,27.020224400569585],[84.713682232095,27.017869282854445],[84.70170723750508,27.026959977568502],[84.68110626831579,27.031987577198162],[84.64327601981222,27.046464544150513],[84.64263632590514,27.048242549239127],[84.6446170859538,27.049022954933132],[84.642868560169,27.05069740109053],[84.64630585490757,27.051689619583687],[84.6444723898194,27.056910930100997],[84.64569741788077,27.058842069380272],[84.6432481468856,27.06015104765544],[84.64488198745299,27.0643790485047],[84.6433095251757,27.065426162568443],[84.64701048892485,27.071328007523046],[84.64607880661781,27.075768434341423],[84.64730386971347,27.076237572441627],[84.64788826243337,27.074721296090264],[84.64887674521582,27.076864526063222],[84.6529047720852,27.07785652185128],[84.65290547726268,27.08046931295268],[84.65506270416236,27.07926403841246],[84.65826909594028,27.080102627332355],[84.65861730540229,27.08109080327905],[84.65412583138963,27.08187697105867],[84.65453455675906,27.08328931117133],[84.65649034993103,27.082503697976012],[84.66226394353463,27.08673046472348],[84.66407365626833,27.08605318425463],[84.66314206828442,27.089397151586457],[84.66559185311596,27.088141971870947],[84.66617244865712,27.09033486863764],[84.6695001201849,27.090907003248205],[84.66716649111287,27.092527636101725],[84.66343537990278,27.09190147230123],[84.66343603028304,27.093679445510293],[84.66728317957335,27.09435522755565],[84.66914997126021,27.09769840403652],[84.67285460103405,27.094980652284722],[84.67396420905612,27.09586929888725],[84.673319939131,27.09847766259211],[84.67495540834399,27.102606040970308],[84.67356006689128,27.105634400629953],[84.67531103699193,27.108508259330236],[84.67026335490146,27.107724750155565],[84.66968419576642,27.109498378834488],[84.67236890711274,27.1146146555174],[84.67650786244496,27.11210881902191],[84.67966031577996,27.11388100212439],[84.6785514910888,27.11508629992338],[84.67621643998365,27.114509511329288],[84.6752291214178,27.116702909544323],[84.67651086461466,27.118638284275804],[84.67531807619052,27.12375585801314],[84.67847219949358,27.128244692357665],[84.67701223952754,27.133831585958678],[84.67949459906791,27.135608570096924],[84.68364491629185,27.143959541395656],[84.68148743516892,27.146627236317705],[84.68423248545459,27.148715393749207],[84.68364822838032,27.150227266687967],[84.68154458149574,27.1499709339781],[84.68262730653466,27.156080364708263],[84.68601172463893,27.155293826978163],[84.68770862334601,27.158740594358264],[84.6862463574046,27.159837688633186],[84.6807013661762,27.1583238484654],[84.6790129529553,27.161356812923348],[84.6810273755726,27.164487722291966],[84.67787533186936,27.166578166472416],[84.6803833140566,27.167782034587347],[84.68050525137326,27.169505780702252],[84.67496004454918,27.168303000509585],[84.67285748103285,27.170970604758892],[84.68120382984722,27.173995328360945],[84.68059541797325,27.17811994772244],[84.68176160818018,27.17947776164451],[84.68684212728755,27.178798698121785],[84.6875440600708,27.179791178179865],[84.68042262792669,27.185800205667345],[84.68250227991173,27.19687288107901],[84.68081360617937,27.20037060775675],[84.68621700405438,27.206843717236694],[84.68721318090724,27.21044870398965],[84.68476107662562,27.211650082283427],[84.68501408802372,27.212899912723078],[84.69137969834902,27.214936684439376],[84.68787751919582,27.21593095267031],[84.6898998092584,27.221620267457226],[84.64773436305886,27.298983052630387],[84.63374516683724,27.32145607472746],[84.6201546788713,27.339288955806197],[84.6051332052005,27.335876230786628],[84.60171202623815,27.33819959707808],[84.58647194574631,27.340989318120563],[84.56604495687137,27.34731294322925],[84.51585120948548,27.353004133479597],[84.49498815501545,27.35680476788064],[84.48534375409021,27.360043837366202],[84.47788114359786,27.358789616313228],[84.47328923434318,27.35459014830678],[84.47015230748954,27.35482157534305],[84.45812043606743,27.363182456428884],[84.44922117868727,27.3638059581424],[84.43956148124941,27.36884430712914],[84.42224758961851,27.371453901310975],[84.396317706366,27.368993368211825],[84.3911455815575,27.369482085544444],[84.38077263615709,27.374959431274505],[84.37712949516614,27.375455789101476],[84.37038140285412,27.373124153237942],[84.35783608765328,27.374780985439703],[84.35399050771977,27.37160204546341],[84.34176973406817,27.37521833218032],[84.33619713850939,27.375515780455338],[84.33414648504005,27.37778547412088],[84.32465208120772,27.37859811516658],[84.31617389654056,27.384186022149624],[84.30961615544062,27.385549707067277],[84.30552874454108,27.388278937565765],[84.30042536151306,27.386227470484243],[84.29819333908618,27.382990678030918],[84.29413406611627,27.382421531212586],[84.2877478430485,27.39024188392654],[84.28795115425514,27.39245866465321],[84.28394163537557,27.39484931156874],[84.28033658924092,27.393750443561345],[84.27942854430393,27.39468266127653],[84.28005259944024,27.400809673494877],[84.28183630325154,27.403240477325994],[84.28051982310099,27.407531178889084],[84.28114105662895,27.41398300196281],[84.27710365763623,27.419463870461215],[84.27659033153681,27.426110875277452],[84.26998244827435,27.43224582319431],[84.26219616759857,27.436021415603477],[84.261112927825,27.43896905915813],[84.26333175400038,27.443686207067206],[84.25772120821408,27.447810740132493],[84.25852193052575,27.45104243541873],[84.24615629185645,27.452564648029906],[84.24089390522653,27.4511143496528],[84.23249087631099,27.455691372728204],[84.2304903380547,27.45211691665754],[84.22165421786596,27.446606130463376],[84.22245130828891,27.4419106837771],[84.22058065204969,27.440755370253225],[84.21061913684606,27.442698235655225],[84.20833337899549,27.445902608977423],[84.20969847686753,27.45243238101644],[84.20580594738405,27.45864761450823],[84.21131948679775,27.465140825260523],[84.20842238227722,27.46874668099795],[84.20070289313942,27.47245156345622],[84.19678367201394,27.472823473814355],[84.19183340053789,27.47043528662361],[84.18902360417816,27.472764503674377],[84.17537410767783,27.474338258118777],[84.1725756866845,27.47545810431101],[84.17247172465667,27.478349286755215],[84.16466123438403,27.48339149092982],[84.15410286682747,27.484319364711254],[84.1531111770595,27.485854521943896],[84.14904015143073,27.48616074832859],[84.14596597818792,27.492046794990845],[84.14576998735248,27.49648033075254],[84.14688124468144,27.498704367643978],[84.15086881771862,27.49920970637735],[84.14904250322012,27.50637933851024],[84.15175591124823,27.510507546979504],[84.1507295096793,27.51402724988584],[84.15182834600282,27.516766000788884],[84.1468437319335,27.518400306751577],[84.14017834391642,27.517832616682398],[84.12896809680598,27.51185909377175],[84.12340128729593,27.511777927719006],[84.12299137615034,27.51419193767828],[84.11762189866046,27.513659326831338],[84.11672579502856,27.519507079095078],[84.1100248840319,27.520039001185054],[84.10795976049997,27.521631570162608],[84.0976513860022,27.516720539827823],[84.09902585060769,27.503635368217168],[84.09286842574782,27.49041075404266],[84.08887507115345,27.490508280745622],[84.08867628206593,27.487754484231022],[84.08380422151181,27.485295533711454],[84.07967347588294,27.48405164808273],[84.07626889868537,27.485430691568553],[84.0701337430614,27.48141746457291],[84.0669654443431,27.48199516405359],[84.06452237082505,27.478143943521285],[84.06509297799859,27.47398455325012],[84.06295072511637,27.46993731273912],[84.0595644385163,27.469637737944815],[84.05724837330466,27.46766890102731],[84.05892274495936,27.466271012710536],[84.0531656336446,27.46253106908893],[84.05348216491643,27.460855498481994],[84.05780755211117,27.458005070550843],[84.057457176811,27.45578230836275],[84.04810409953244,27.449723959359662],[84.04649185266784,27.44587962470941],[84.03792338012809,27.444059252444497],[84.02530225789704,27.445139986478715],[84.02694545531645,27.442903070116817],[84.0262469316397,27.44111931068114],[84.02168364360833,27.44168373690003],[84.01632214944635,27.437165348233446],[84.00720438585645,27.443409666911013],[84.0040642115931,27.441085124174364],[84.00213693633813,27.442917713606136],[83.99934729188516,27.442265541505893],[83.99793353317249,27.44632786610008],[83.98568626999976,27.44306274846176],[83.98237414112302,27.440022031814767],[83.98042252871038,27.442604372166908],[83.97340180579448,27.443414510050882],[83.97009816779378,27.446621765977063],[83.96207340417304,27.44483896512458],[83.95898074719493,27.441243498473362],[83.95572214533273,27.442887198893686],[83.94956812239283,27.44118363049098],[83.9467453148345,27.4431540883382],[83.94406246479743,27.44807621381286],[83.93692158951731,27.4480855640653],[83.93418895933878,27.44992678703524],[83.91586860963662,27.440249758628717],[83.90286896788757,27.43888282145377],[83.89150709953024,27.4401255697181],[83.88082792922926,27.43774141881054],[83.86975596428209,27.437402335631003],[83.86333282764262,27.43990116478884],[83.85630217025799,27.44862469418354],[83.85120832464334,27.44986883938368],[83.8480971084715,27.448824834973646],[83.8430381489309,27.443755923372233],[83.83989186342866,27.437825871533175],[83.83238182458423,27.430881921926797],[83.83101676354312,27.42724995194891],[83.83510529554013,27.422976608788762],[83.83951248961283,27.414215746527834],[83.85199949067702,27.408719246298094],[83.85701827755807,27.39393595089351],[83.87495214417724,27.384028084508],[83.88366733945067,27.37378831734622],[83.881886441078,27.365092235011563],[83.87295155112375,27.356571805135772],[83.86351268473555,27.344097664674194],[83.86388049274208,27.337620099094718],[83.86227661278606,27.33540090408035],[83.83675890533196,27.32227755225004],[83.84559324955141,27.315234328433494],[83.85307112781038,27.3172048351221],[83.86020304509047,27.30789072236602],[83.87148499572687,27.307276485307007],[83.90247484193813,27.326292409059405],[83.91688033902201,27.326592774798975],[83.92509755231934,27.322153291485503],[83.93414043953366,27.30853983644239],[83.93442849960088,27.29962488198613],[83.92924609716725,27.291641361712518],[83.92146428560999,27.28422353328938],[83.91309072413071,27.27756932530216],[83.90587531383487,27.27500698257506],[83.90473330088552,27.272430617356743],[83.9052570204928,27.257409400256567],[83.91214230531162,27.24578942766144],[83.91934614530665,27.244578046291952],[83.9233434030809,27.24181060843902],[83.93244439332778,27.239393096334677],[83.95379638733228,27.2361248188085],[83.96215139141442,27.230127451100554],[83.9633917896503,27.22839842276088],[83.96258782891205,27.2266706935559],[83.9702277659432,27.22402591664774],[83.97278688113471,27.218225715596816],[83.96756871587131,27.21309864848525],[83.96751024003788,27.209542937028147],[83.97181432278732,27.20847961746981],[83.97456711385577,27.205296479179545],[83.9789513173454,27.203862837388666],[83.98699958269061,27.197561873933644],[83.98886246490939,27.18845881856928],[83.99343190819712,27.181672855967996],[83.99397866599816,27.173924586464636],[83.97877868630063,27.164907160158617],[83.97540547288288,27.155853102910857],[83.95876397024216,27.136293466708427],[83.9628475902512,27.12772637143526],[83.95956013719699,27.122101262121042],[83.95223018810917,27.11864890960962],[83.9477178210796,27.11252789695433],[83.94681595475515,27.090272775192815],[83.95288226169914,27.084958384506486],[83.96444651060857,27.084157343581513],[83.96702512014004,27.087151993816153],[83.9784423552616,27.090794707753684],[83.98930212286731,27.09088560815482],[84.00063925341836,27.100645746620426],[84.00323961655276,27.101893506731592],[84.00880877875053,27.09927198441559],[84.0164869202324,27.10545574714224],[84.02205474124544,27.10416035409117],[84.02400968461116,27.100150210580864],[84.02821546471905,27.099313807759504],[84.03071305699169,27.09704129227137],[84.03041323438414,27.093868803856083],[84.02498445281415,27.092511226130185],[84.02516785106593,27.090340876440507],[84.028815465667,27.087256869379086],[84.02818200337303,27.085194205044303],[84.02051937399949,27.079444296567676],[84.01663994195283,27.07182881197422],[84.0038719667324,27.071547587682925],[84.00010474684115,27.06862019494861],[84.00564300160326,27.060263329857037],[84.01193151312097,27.057014983561302],[84.01804603264624,27.056054153982092],[84.02822247786645,27.049504888156964],[84.03136030662861,27.045662342502414],[84.03911751692348,27.044074411877034],[84.04717960015442,27.04579385949422],[84.04954478794069,27.043304248208052],[84.04957038273979,27.03505538658483],[84.04417176749533,27.02321597878961],[84.04428714890705,27.01675412576996],[84.03735019928129,27.0091102038472],[84.03987593936505,27.006805835918634],[84.04379558898697,27.006609664409236],[84.04593767298591,27.005035969223428],[84.05283441312125,26.997031380316216],[84.05258904548792,26.994783990833486],[84.05672773491884,26.989741059384297],[84.05402557559475,26.98524516130102],[84.04787590589072,26.984673359717622],[84.0457871512769,26.982316590260364],[84.05381509313715,26.97530839822324],[84.05302415527557,26.967577930471997],[84.05486191161583,26.960137709532383],[84.0528255647157,26.95505545556706],[84.04599908271706,26.952524767968473],[84.04203520454212,26.946872691490842],[84.0349318689594,26.945279907648274],[84.03216069836027,26.941257358392154],[84.03499778733497,26.938271924720002],[84.04313742841259,26.940569227150103],[84.04656206499044,26.939235511746663],[84.04325944927258,26.93186455430041],[84.05338515584891,26.92974017410099],[84.05623350251075,26.92317579484329],[84.0600007340801,26.92025787460703],[84.05913200391156,26.916489454159176],[84.0531309281319,26.909636431290355],[84.05240810951835,26.906445566935954],[84.05530457982829,26.902697097271968],[84.05808330346235,26.901953844964456],[84.06088524046167,26.895682630755715],[84.06029560697044,26.888168819743253],[84.06701389497795,26.888559910864256],[84.075244461732,26.88348636764281],[84.07824546899153,26.87910559556135],[84.08144149870263,26.877437008069347],[84.08423938250343,26.87750105078403],[84.08739314109052,26.8817573540647],[84.09436295019106,26.881682275807453],[84.09652303553001,26.876299176937188],[84.09816868714674,26.87600169287013],[84.10453315571331,26.881973024097697],[84.1067967997365,26.887803656567],[84.10761078746997,26.896995934506258],[84.11044920774795,26.89866591636248],[84.11590534301831,26.894970570770603],[84.11639886036743,26.889158381421897],[84.11799433119408,26.887746003669687],[84.12904110378746,26.893233480132313],[84.13131530121859,26.884483443355542],[84.13551232814238,26.883364057839483],[84.14003662210393,26.884658800209355],[84.14156682493532,26.887154176446334],[84.14644804111883,26.885456754946972],[84.14775084891076,26.88234285090642],[84.14355336384618,26.879640426473234],[84.14712978875762,26.872509976428944],[84.14236443548283,26.87159002764117],[84.140411571717,26.86766425330396],[84.14064580832566,26.852713838128675],[84.14587725338393,26.848159892724112],[84.14921143500258,26.842640427339077],[84.1562578093114,26.83762101805586],[84.1661360731461,26.833827922570116],[84.17764447648923,26.832452275474008],[84.18178487451583,26.833538268142252],[84.18683467303711,26.841704013526446],[84.18334654802656,26.847571939479682],[84.19016958139282,26.858534699560572],[84.19307402245428,26.860816778415494],[84.1979083959873,26.859613992355634],[84.20615134781416,26.861780108136337],[84.21953317600422,26.871663538014698],[84.23562125264952,26.867775630532105],[84.25409777087062,26.85658865273496],[84.25735117238564,26.84854537721967],[84.26176889740839,26.84276380793186],[84.26018288045178,26.834120775371552],[84.26097121409735,26.830398442504983],[84.25383881532028,26.82547372190085],[84.25031958793963,26.81931538021582],[84.2569496703694,26.818224477919813],[84.25423969929558,26.81254532101866],[84.26003895237695,26.806968016058462],[84.2599258787372,26.80443179784601],[84.25700517277923,26.788585342561568],[84.24850183797906,26.770937923067223],[84.23262426355427,26.753715697755414],[84.24070685172985,26.738755416819824],[84.24965319520398,26.729211142719734],[84.25603318037044,26.726788835541765],[84.26626787235368,26.73977106192419],[84.27588079631131,26.742043604706],[84.28603743817109,26.750150604668264],[84.29046657988282,26.74898004880765],[84.30611865920501,26.749566236713168],[84.31446312155727,26.73892462050049],[84.31491242742136,26.735111493380668],[84.31822087410377,26.73203521422651],[84.32443989105276,26.715313477954655],[84.32604839733251,26.714190316147334],[84.33033654486715,26.683976007414195],[84.33633017271477,26.68120540999309],[84.34326764516003,26.68092732114522],[84.35029100642794,26.678040658675222],[84.37635208683108,26.677510353145443],[84.40372763785346,26.671848557959084],[84.40540563061708,26.672985445467578],[84.40647000397304,26.67090937187216],[84.41061880753574,26.670190825545365],[84.41142593393707,26.6502216352527],[84.40994344152871,26.6469322538125],[84.41359594386324,26.636935482088862],[84.4199291259051,26.62689725927527],[84.4095191537453,26.62304614787304],[84.40015546826154,26.62454185540484],[84.39134308156262,26.621226197206347],[84.38626711781204,26.621696019274413],[84.37952369314623,26.614525488562258],[84.36491370806266,26.616348323885816],[84.35437484652421,26.619826532412333],[84.3351215739416,26.615444956757347],[84.33132216831203,26.612361546413272],[84.32552888723067,26.611493223035048],[84.31883663419673,26.61153132856188],[84.31580275937755,26.61454457013631],[84.30735219251547,26.616318869543452],[84.30555096886121,26.61422406368097],[84.30342721588394,26.61441697996918],[84.30039145999257,26.603837459583733],[84.29602862113533,26.604503017800972],[84.29474970044514,26.602647478779843],[84.29165707221311,26.603038362122717],[84.28594220237794,26.60576059282672],[84.28469699725696,26.5995727381328],[84.28148429571252,26.59956165107381],[84.26807922002124,26.601646061931294],[84.26874003421894,26.60364118491248],[84.265941645565,26.605909061963292],[84.23959188615542,26.61003457777495],[84.23911794129971,26.61298640324086],[84.22925779289103,26.613174406400976],[84.22798159050288,26.6175347111817],[84.21110884803328,26.620032370631407],[84.20850515843739,26.622782212003084],[84.20122610609691,26.624794500227917],[84.19129983539509,26.625142384545065],[84.18330049050361,26.623548263427615],[84.17446396337806,26.624300746005883],[84.17364996216988,26.622847896080337],[84.16930169847812,26.622668785998506],[84.16032498386255,26.62453057321358],[84.15665526262066,26.626990892503418],[84.15887622948136,26.63215298346427],[84.15872681270015,26.636228051089063],[84.14519352855318,26.634745866271476],[84.13634591981027,26.636055477351356],[84.13058110005204,26.633488092931035],[84.11254420744959,26.634426217041426],[84.11199723944277,26.630662479521867],[84.10826134919536,26.631451823278255],[84.10816065434022,26.63284625708308],[84.10298851695532,26.633531441922937],[84.10062799142536,26.635977002172947],[84.0865361734623,26.639172878473087],[84.08843618305174,26.634904840187662],[84.08738959274514,26.625878964256685],[84.08523622321127,26.623861201358572],[84.088672330377,26.617869090864115],[84.08639973913357,26.61243056471115],[84.09002114808116,26.606962007495557],[84.08912370955275,26.603053725943372],[84.08491343786842,26.598314105490218],[84.08332427680833,26.592523701314192],[84.07787887101568,26.590360361546878],[84.07507486609457,26.58594141410176],[84.0756380729468,26.583441494371343],[84.06614990432085,26.577016128565],[84.06691460598623,26.57272337898321],[84.06067910854502,26.568227293332367],[84.05841855562468,26.563302742210517],[84.05944840582598,26.561308489504054],[84.0551344478966,26.5584047303953],[84.05469659645071,26.55230761615391],[84.05665555708238,26.548734405214468],[84.05644733568437,26.54456449136418],[84.04779252785929,26.536265428766537],[84.02446139616356,26.532162150381666],[84.01465737988372,26.52774578428618],[84.00860817237118,26.52171185400748],[84.00655038897342,26.52267132128547],[84.00687358304972,26.525559836873146],[83.99911588676628,26.527272557047414],[83.99246666842436,26.533102230221644],[83.98462434095967,26.53235926122901],[83.98449793901605,26.531371042510727],[83.97662824078299,26.533484363129592],[83.97526856604031,26.527704314560264],[83.97662124919512,26.52559593347423],[83.97179377741844,26.5179409077284],[83.97197116953424,26.514267312895548],[83.97380569553273,26.51264146477778],[83.97216335151288,26.510178609153137],[83.97491029724374,26.5080240683803],[83.97122816936947,26.507543705003783],[83.96274690168427,26.50834789452914],[83.9618877107257,26.51018675709803],[83.95102937593288,26.509018680276338],[83.94780180188059,26.51214700513659],[83.94923514386646,26.515707364936514],[83.95214257901274,26.5162363172297],[83.95283900153002,26.517765009558325],[83.94633139899933,26.519061505799876],[83.940220067595,26.525287628269258],[83.93465636715418,26.525019228029628],[83.93131794009751,26.520241485912614],[83.92715863163589,26.518871153787344],[83.92571444878115,26.519954728092387],[83.9219067966173,26.519437071006664],[83.91668865920163,26.516658675422562],[83.90812154311797,26.519106896366825],[83.90612817251936,26.512446398015918],[83.90693484527145,26.509169810973635],[83.91522896334025,26.502881339417534],[83.91254887831764,26.497580319761827],[83.91284013099737,26.48372576137725],[83.91058318121966,26.483040371150647],[83.9096129989162,26.47551760521212],[83.91250635386874,26.47553042022345],[83.90992596567297,26.46598631841838],[83.91164748630369,26.45582736381736],[83.90942076663191,26.453580500468235],[83.90805515402522,26.44711833944555],[83.91107312417228,26.447076991838813],[83.91075811195158,26.449739735186657],[83.92944999138054,26.443289454171566],[83.94681397756325,26.441011838203572],[83.94627108521286,26.43864736004281],[83.96336407842044,26.437333653315928],[83.980203524834,26.433161464800552],[83.9848809096863,26.43375821643182],[83.99152125536817,26.43229982985747],[83.99793971358164,26.446501010444194],[83.99997937436683,26.447206904412127],[84.00810178935056,26.444035296900285],[84.01733994784978,26.447636273907243],[84.02383356181485,26.44032557746541],[84.024450208545,26.43434648507327],[84.0225632972907,26.431131883153615],[84.03496862083432,26.41904568960966],[84.03394682941948,26.411774770819974],[84.03722338051938,26.413311222374254],[84.04123809525456,26.41302485369265],[84.04000685983456,26.410632284007534],[84.04145740096486,26.407681617987983],[84.04412723171849,26.409605677031763],[84.04981166663185,26.407582530141028],[84.0500747095167,26.403873082727685],[84.05299564274847,26.404921583112404],[84.05524712537934,26.402724899063987],[84.0637172934809,26.40090556076449],[84.06261088974944,26.398707250537942],[84.06550824579823,26.3969935971965],[84.06510937494747,26.39303114257246],[84.06823719468075,26.391073778555963],[84.06827853335346,26.388429203433883],[84.07384582975038,26.387605469716892],[84.07609651198237,26.385340737829498],[84.07929854064292,26.384755169431312],[84.07926429057609,26.382661103562526],[84.08428004654138,26.381890932828284],[84.08740593938836,26.38385041848022],[84.08890319381176,26.38687906302306],[84.09973668210212,26.384620421639376],[84.10262760621349,26.386010889166222],[84.12126218750039,26.385204880991616],[84.1247996048672,26.382925845070798],[84.13565730544944,26.381716094242574],[84.137711067988,26.377907003354768],[84.16142858664696,26.374229425887002],[84.16264149553687,26.375704850968635],[84.17553163085614,26.37323688265738],[84.17694334859652,26.370691120964928],[84.17573602992265,26.359580629899167],[84.17297295224586,26.35290245027194],[84.17278954590927,26.333541827633375],[84.18616089075995,26.31299373750065],[84.1841958413473,26.30889223846421],[84.1781696935881,26.303808443650063],[84.1747549420716,26.292454961925024],[84.1769303356013,26.265024189718826],[84.17369044115489,26.26183014018711],[84.16732827586871,26.260559464225267],[84.1616511370721,26.256918974855616],[84.16173147969616,26.249976146417232],[84.16628757491709,26.24109102238951],[84.16323263999443,26.24183428673569],[84.15119575776964,26.25781926301552],[84.14757646076129,26.25510304790112],[84.13231646372128,26.259143756400803],[84.12926824550198,26.25570945167567],[84.12732630794497,26.25811491319102],[84.12069947831482,26.258629285584277],[84.11691366509383,26.24987886196736],[84.11972886392171,26.247778176680768],[84.11733457880506,26.240083376340106],[84.10714800058841,26.241267128001937],[84.10611283775056,26.236679480274844],[84.09956971583355,26.237348609694795],[84.09822941236165,26.23334082445613],[84.09423859281301,26.233446023513544],[84.0932225227682,26.234664326159233],[84.09116852576938,26.233763504850668],[84.09023871555138,26.230412326810605],[84.08747681287103,26.2295271384378],[84.08828948187762,26.222987880959057],[84.08651204291714,26.21869555018201],[84.08022490133023,26.2197068863679],[84.08032146124009,26.22233803306173],[84.06363848068779,26.22415050554654],[84.0621934776712,26.2221371167403],[84.06205515149047,26.223461589687158],[84.0565579389571,26.2247136750146],[84.05685993099604,26.22609029034268],[84.05208965315688,26.22873483851243],[84.04258904196591,26.229866972477623],[84.03814660159475,26.231832038198757],[84.03816526499307,26.237100997900537],[84.02691345912265,26.239837601023705],[84.02454057906262,26.237886371727566],[84.01903244391364,26.238868495303198],[84.01552665532968,26.233759355853078],[84.01228321433449,26.23204637608238],[84.01632807293734,26.22205540254178],[84.02273939583247,26.22006757631574],[84.02836809297739,26.220423567673926],[84.03110722156869,26.2175799331806],[84.02761288021635,26.213980664894482],[84.02593966199846,26.20449982033527],[84.02897074036218,26.199230669612007],[84.02399087209247,26.196007230177045],[84.01625206737945,26.19600381494931],[84.00900460878752,26.18974522456124],[84.00803391983422,26.187388677368254],[84.00945124396027,26.175468549011033],[84.01887399457229,26.167397495895777],[84.03375565445226,26.160356046793677],[84.03445267794245,26.151298694004314],[84.02757924190222,26.142383139783405],[84.04974247210045,26.130612871668685],[84.0519180812258,26.121276346499613],[84.05184662743147,26.11963576224153],[84.05025149257473,26.120142743616334],[84.0489339694801,26.108737421193208],[84.05595483253322,26.100082524353763],[84.08873666592103,26.100320270814215],[84.10390056748012,26.092732298105954],[84.12120931445938,26.07656109553835],[84.137650396672,26.052099445812075],[84.17252861137037,26.02462750359797],[84.17005906989078,25.987719670776475],[84.17569849651346,25.9914140616432],[84.17466042942226,25.992885792583827],[84.17607028675165,25.996558995724513],[84.18651612504748,25.99349505834761],[84.1963156497509,25.987921276951948],[84.20156065398005,25.99040095003964],[84.20711032812608,25.99987559429827],[84.21309959016139,25.994948166380574],[84.21770882342634,25.994773824046774],[84.23931805360566,25.985100290053115],[84.24516098367447,25.98067262436553],[84.24494627015189,25.975834637725516],[84.28232508468248,25.95882570982622],[84.29695490816077,25.945217309893827],[84.31189800741632,25.943812736364055],[84.35398610866986,25.958826982734962],[84.38739792697315,25.93737238530512],[84.411899087377,25.93078799589019],[84.4138080522715,25.923015761243654],[84.41990328676425,25.913549746205],[84.42498847082291,25.901709929961232],[84.42896862377587,25.89755178018153],[84.4275885330217,25.89127892924674],[84.43534665959815,25.889917465747192],[84.43664976293584,25.8916409418307],[84.45443005986223,25.88777808893847],[84.45955940060868,25.888190422303605],[84.4601841222949,25.889553049264723],[84.47243178521795,25.881755511740508],[84.47855146736119,25.885104647864228],[84.49018292013527,25.88649047366088],[84.48952113575704,25.888364065823385],[84.51090597845653,25.87142612233329],[84.53402124229454,25.876276895360036],[84.5438258343945,25.858918569781604],[84.54131309293288,25.859133373076812],[84.53370068657023,25.864121806182464],[84.52320903060165,25.860122408987788],[84.53066491450922,25.85348035836769],[84.53052344242835,25.83166152818525],[84.54844037131286,25.828538723931196],[84.5507844172489,25.840651280450636],[84.58136530183381,25.825187853259973],[84.62483848847451,25.791938740335656],[84.62358335427469,25.770967475739692],[84.6196291823964,25.772513402940923],[84.61816448022397,25.771377919567605],[84.61350211430491,25.775912467822717],[84.60742847171834,25.77166549183022],[84.60623758053606,25.761289715923795],[84.6029990892581,25.761983162897227],[84.6099950078924,25.7551677088713],[84.6225758254116,25.749832137907397],[84.62951320982195,25.74323425527748],[84.6342023401466,25.73377457042812],[84.63468220669664,25.727959668538634],[84.63039402682269,25.72898858773444],[84.62793265552058,25.72621800458853],[84.6119206006028,25.730973470677917],[84.60812708702319,25.73516867526451],[84.60044756213581,25.738436855491223],[84.56031941684726,25.736943670940835],[84.56453574407492,25.71728693313689],[84.56203823804051,25.68649554155494],[84.55745037389956,25.679568310138293],[84.5552423562537,25.68021379135995],[84.55651116371044,25.681861359816047],[84.5512341974235,25.685928724063448],[84.53544884584238,25.690543277114074],[84.53974363372359,25.72681299673293],[84.53456554589825,25.72427079870269],[84.52913595045457,25.682714344745015],[84.52018125175002,25.675029831478078],[84.50760502462194,25.68178888829969],[84.50518995248959,25.676767403835978],[84.50436891657442,25.67771361701707],[84.49921910142604,25.67487711905561],[84.49588870351135,25.67658610791984],[84.49181492993613,25.676138029018237],[84.49338373607023,25.690683855881982],[84.4706128072604,25.687003725458034],[84.4657403900751,25.691325011569624],[84.46595494459588,25.695326914405076],[84.46874004896338,25.69638960546166],[84.4682163104915,25.69821383021193],[84.46234236788415,25.69734375181807],[84.46399752726985,25.70039266234769],[84.46207728402695,25.70891385813886],[84.45278084373042,25.709128236389297],[84.45347984261596,25.71397334214428],[84.44421322728515,25.710308155666766],[84.44417100556848,25.70814521459398],[84.44030786536784,25.70797855582031],[84.44027797841834,25.710684798975027],[84.42965773131176,25.711055912243285],[84.43153184157326,25.707415896496304],[84.42908288049686,25.704377318421685],[84.4268344683076,25.693113670902896],[84.4229801289018,25.692386498989844],[84.42185778815886,25.69463008670783],[84.41469763143948,25.697463736966487],[84.40662565775727,25.69790170152352],[84.40097039024292,25.707925000436617],[84.40649391712591,25.71559964010564],[84.40062535722375,25.72443322070692],[84.39828314474914,25.725306494350654],[84.40000581432513,25.72884431626101],[84.38432305484103,25.732099131090894],[84.38787735155208,25.73695860553336],[84.39017930782383,25.73628079680485],[84.39377441230329,25.74355401430304],[84.39103787085999,25.744957425305042],[84.38501266543352,25.74689560306603],[84.37781473455644,25.738582193971617],[84.37366089952987,25.743613705644744],[84.3717168257791,25.74130203478047],[84.37689563405327,25.736436804840945],[84.37511839721371,25.73464052489189],[84.3645996202084,25.74185293439877],[84.33664057298476,25.743578470198106],[84.32853588894811,25.731138617137475],[84.32936193117435,25.708804280354858],[84.32396371657853,25.67036409859583],[84.31671851096137,25.66636918928917],[84.31650406603501,25.671631249268078],[84.29871601215613,25.670947032505545],[84.29759318093305,25.676453163343187],[84.29256123642804,25.674648462963052],[84.2872118865904,25.676630245441178],[84.28777056773023,25.672234669779673],[84.2909057231061,25.669766490047202],[84.29900017802662,25.66773601161055],[84.2998099661361,25.664592657645056],[84.2940908499646,25.660233828645303],[84.27645487816837,25.659351044390377],[84.27391907605511,25.661747692867774],[84.22323176550609,25.66247869543633],[84.20581917327999,25.669791168381167],[84.19891392250564,25.70222577893612],[84.17444089823482,25.71767785199615],[84.17412669090461,25.72066592531932],[84.17208860217116,25.720653686922322],[84.16986550181167,25.722934200864724],[84.16679413041423,25.721571488746125],[84.1627958701201,25.724713878007297],[84.15442877471426,25.727449196894568],[84.15465199707921,25.729316410437065],[84.15074227833274,25.72938682827326],[84.14882161647493,25.727083165172115],[84.15264393633076,25.727021295073243],[84.15565934178768,25.723943648366117],[84.15236413986585,25.723315178427242],[84.15028286911667,25.71924978422214],[84.14303495597721,25.71638313544456],[84.13885804682423,25.715864035881374],[84.12984604368934,25.717829779519633],[84.1352425146552,25.72407542229435],[84.14159660768026,25.722045505560907],[84.14208132872608,25.728316497911088],[84.13983255092255,25.73174555001226],[84.12884390831121,25.723737632497134],[84.10445937438406,25.72101342421086],[84.08917017940239,25.713427969148782],[84.07499047386518,25.695342838554204],[84.085182053003,25.65202126118534],[84.08130833424157,25.636469487518706],[84.04660126657113,25.627137030565613],[84.01738642039437,25.614796231487034],[83.95744055689423,25.570176312659335],[83.92122180875526,25.552007343564405],[83.91421417069978,25.54523924395034],[83.90211466511994,25.524051202370313],[83.89420489394037,25.519949643774588],[83.87623839512017,25.518086746856138],[83.87418406574471,25.509556248815827],[83.87744665792341,25.503946038551042],[83.87783944448475,25.4992781069169],[83.87161299846832,25.493157706941183],[83.87076278078116,25.487538424021718],[83.86362213546977,25.48443722020768],[83.85613579687748,25.468065955636163],[83.83280587790738,25.457634842214684],[83.83051874024454,25.4584014205631],[83.82491275251002,25.46581982500432],[83.81658138310301,25.462783562859677],[83.81271789525434,25.45366472444927],[83.81283504544885,25.448221448590225],[83.81961973602385,25.45028233489465],[83.82539308708235,25.4459288868758],[83.83500659943648,25.447520601053956],[83.84194644702737,25.446944667935792],[83.84654650849328,25.4388212848875],[83.84637850736547,25.434375438353783],[83.833018713951,25.431050219220392],[83.83181547812012,25.43219184405043],[83.83290282409283,25.435681057983107],[83.8291697060464,25.43623062300939],[83.82153066104233,25.434359404835863],[83.81242190306318,25.4296481084896],[83.8015863764954,25.42985514869379],[83.80008659061956,25.427778202981283],[83.80098262148789,25.425512841526054],[83.81304654839262,25.42312632062541],[83.81441920289284,25.421231237128076],[83.80786041974716,25.40912304943395],[83.7896754165139,25.39679604300779],[83.78483102047726,25.396323795309414],[83.77632677029382,25.399057989578314],[83.77280939434095,25.398184410934704],[83.76916117786867,25.393415557362886],[83.76899835013859,25.38637881360347],[83.75780594177304,25.38954779957866],[83.7550108211901,25.392276187461437],[83.7565369528566,25.396777477476295],[83.7663005350672,25.39742144120661],[83.76629241070378,25.40097364100137],[83.75548091496817,25.404494795650848],[83.74509166334873,25.40048276273109],[83.74353364059132,25.407895280117422],[83.74061923182347,25.410655335448055],[83.73409007062429,25.406228042940267],[83.732373440422,25.398172641864047],[83.73061368120459,25.39745173196033],[83.72448401338866,25.400033212753815],[83.71745073472002,25.397546235622222],[83.71364639105133,25.39352699824581],[83.7101479461948,25.386068140394567],[83.70663538072029,25.386377046812356],[83.70528954632117,25.394705255530585],[83.70398868428016,25.3963488886527],[83.70170788692661,25.39618311035173],[83.69450354118008,25.38897399653046],[83.69445704078773,25.38586873579239],[83.69657164891541,25.38249607634565],[83.69061027058649,25.38397026860784],[83.6820817730769,25.378647790218967],[83.68403312677475,25.37628188553375],[83.68940344418941,25.375733563479034],[83.69455284251951,25.37124922885129],[83.69373220006642,25.36965186663767],[83.68901136370386,25.367157955978538],[83.68073457952678,25.366398492388903],[83.67668498141248,25.364364272516607],[83.66394058337501,25.372849121001625],[83.66711663185924,25.362746977359116],[83.66441885631373,25.361935271162228],[83.65988896135637,25.36375527525813],[83.65597067268213,25.36838712828734],[83.65796531799013,25.359648372489588],[83.65455191394653,25.356900321179747],[83.65137287047915,25.357424507222397],[83.64918153364982,25.354008140931622],[83.65283621619554,25.348365542010676],[83.64935347299183,25.344525036863093],[83.64882590949344,25.33929391800807],[83.64632327587543,25.342489875780497],[83.64221039234768,25.339755139163934],[83.63373242776777,25.34323587302327],[83.63517713164535,25.335865100428684],[83.63416378978407,25.33437560291514],[83.62991251180364,25.33387932349042],[83.62846706142606,25.32854430726347],[83.62406201971676,25.32873840204178],[83.62140496120985,25.33149619583491],[83.61687558458038,25.332087228262438],[83.60811991571188,25.331540330450203],[83.60603448486461,25.328719053068877],[83.59630577525338,25.327688295602325],[83.58744786732571,25.321768989390268],[83.58576146363612,25.315332115203333],[83.58064117521278,25.317118036050793],[83.57626216039222,25.315058437526037],[83.57712803212154,25.310129858955868],[83.57374820889996,25.306147724446387],[83.57075862731249,25.307198272666145],[83.57350230946395,25.31251633383868],[83.57208121331202,25.314686849259214],[83.56172822668059,25.31360848470924],[83.55732488099058,25.311503157908845],[83.5539463648177,25.31483263131527],[83.54583156125939,25.31631792578402],[83.53993252870616,25.31580909444883],[83.53717363448365,25.313022540610245],[83.53731497181721,25.309790913596036],[83.54725309039928,25.314084401263226],[83.5537802321857,25.310242184639755],[83.55411885662363,25.308513643268252],[83.54516232984747,25.30677580867394],[83.54282046232595,25.304097930161507],[83.5383912774951,25.304379744071294],[83.53403694298865,25.297371963966434],[83.52810477248289,25.302495618974753],[83.52348206089545,25.302578217080853],[83.523725642678,25.296164556170126],[83.52696038528626,25.293002777799742],[83.51527569116188,25.28472554823329],[83.51106196096374,25.28881616163778],[83.50894243815313,25.288466976203342],[83.50548429351684,25.28106179836719],[83.5020178628204,25.282417550227127],[83.50449096432345,25.286599249853502],[83.50230075667639,25.287495616960978],[83.49737729003014,25.285330471697645],[83.49741202518722,25.28036998082883],[83.49139977706042,25.27993250734715],[83.49109475051243,25.28279888146704],[83.4933953503281,25.284932036702422],[83.49356188450705,25.28772130435056],[83.49237241895116,25.28975338489225],[83.49040113343378,25.28950215773313],[83.48997399439764,25.284063565520004],[83.48701483785058,25.28361449408882],[83.48534776860082,25.2793458058615],[83.48005330852197,25.276275862594645],[83.4768278275443,25.271827724691907],[83.47973792889037,25.267546788838395],[83.4770375401457,25.261531961018314],[83.47068109353461,25.25762290896042],[83.46794720301972,25.252366215524077],[83.4622085898133,25.250650012341385],[83.46033415885323,25.2529620739137],[83.4530107108731,25.256288171840318],[83.45011504635198,25.261060502251237],[83.44702710732575,25.259920072888093],[83.44652934453862,25.257537137741313],[83.44304337907798,25.254586819693646],[83.44216252883965,25.25917307033666],[83.43898523978197,25.257856495141287],[83.44079441442484,25.2533285532433],[83.43704984914675,25.248896168105677],[83.43625338395125,25.244261050187028],[83.43368825004733,25.245552957703488],[83.43271293926188,25.250470230357],[83.42723011324777,25.253690507683363],[83.42477750770622,25.251840729880065],[83.42743115531002,25.24793553971037],[83.42674559342454,25.246414694901848],[83.42184227329516,25.246542679762214],[83.41833493332065,25.250633073725183],[83.40993625225109,25.246648110884564],[83.40888245116768,25.240830273268177],[83.41282719073551,25.23889299092554],[83.41363498189011,25.235534687065705],[83.41259765141746,25.23498872946841],[83.41090627285782,25.237756057135385],[83.40697640040796,25.23917875093032],[83.40599289968209,25.23600129547592],[83.40930097625855,25.229361029095028],[83.4027943780444,25.224406401111953],[83.40208412506499,25.221242419013812],[83.40386835978062,25.21319420474484],[83.4020664704747,25.20910520805361],[83.40092639069985,25.209567980870954],[83.40219629949115,25.212824445317022],[83.39974092264694,25.215903183836776],[83.39763232963843,25.216350330820273],[83.3952702886506,25.214563275574438],[83.39588920811839,25.20763016230915],[83.39315002113662,25.204385188292825],[83.39040662734436,25.204999356588846],[83.38973751091677,25.210122412551637],[83.38624978655484,25.212194536375172],[83.38250378936216,25.2107367713414],[83.38355994043833,25.203316306128862],[83.38196241157135,25.201790766888223],[83.37271492676287,25.20037353113993],[83.36633033234067,25.195394724792298],[83.36341811366547,25.198256152463344],[83.35727623774486,25.199699871840995],[83.35383010897381,25.18889820232117],[83.35197488758779,25.188699352012286],[83.34981281697209,25.18492551774244],[83.35355821498847,25.18336890309691],[83.3529984971928,25.178679076745873],[83.3564013379469,25.177673028564225],[83.35166220290199,25.162998376055945],[83.35133092398817,25.157049239848757],[83.35777818308796,25.156174519545235],[83.36344189207105,25.153512001445783],[83.36382497053914,25.137926224220344],[83.36193630397678,25.132721773532893],[83.36422222262574,25.131999778432952],[83.36429661480938,25.130641164416577],[83.36819876435123,25.12992825770089],[83.36740077291806,25.125265546403487],[83.36609191407435,25.125152589469582],[83.36331668488677,25.111218589390276],[83.3501195269629,25.113315772800508],[83.3507259373904,25.105105351819244],[83.34821852922666,25.10063631352366],[83.3472995643691,25.08683318472075],[83.34414242362497,25.086187032093427],[83.34134330464067,25.081573431534903],[83.34045959236984,25.06868648438695],[83.33597197212973,25.06149495500738],[83.34278604659768,25.059907770675096],[83.34338789358353,25.050916458522835],[83.33579677280154,25.051153830292],[83.32438105403618,25.037369885142947],[83.32515846416788,25.026040520949536],[83.32482699121793,25.024749523855252],[83.32143364655468,25.024694175231968],[83.32023795297891,25.01728210271007],[83.32660508145705,25.012933016135477],[83.33420331509943,25.014117961776495],[83.35056591420066,25.008795399699203],[83.3526435827055,24.99662914625174],[83.35014471662178,24.992412446189295],[83.35053323259228,24.990440229363852],[83.3433681899361,24.98083278478728],[83.34517011786956,24.97239197646465],[83.34323767640339,24.963354761929143],[83.34377322502635,24.962198789466814],[83.34989434447402,24.963153456898663],[83.35561423589162,24.956363132436117],[83.36024442415719,24.95598592441644],[83.3617133681744,24.953684252028044],[83.36119406558336,24.942651755341863],[83.3651281098094,24.937311264261492],[83.36108568564099,24.932106320851286],[83.36304911179792,24.927905411313464],[83.362456194066,24.91805702975587],[83.3639851347644,24.91366534315468],[83.3628141134179,24.90933242292222],[83.35642038672253,24.90746863426388],[83.35471371614179,24.90546475763724],[83.35757359717189,24.90071988774171],[83.36264661085508,24.897338355118254],[83.36635106186415,24.892079035602194],[83.36501967327314,24.89081103422851],[83.35895866189777,24.891229049895692],[83.3581022045126,24.888901543410487],[83.36047637365513,24.885616824796333],[83.36955458262642,24.880106872670687],[83.36730374139265,24.87610265167279],[83.36193185551949,24.874827252549],[83.35761230378085,24.87057488954272],[83.36971617337637,24.862267716820043],[83.37702528783782,24.860035953704514],[83.37689453445496,24.856316517662787],[83.38071888989323,24.85364835805873],[83.38072080869465,24.84774844544422],[83.38689686371522,24.83989717866115],[83.39273746175753,24.840658149167634],[83.39322936842733,24.835802282989622],[83.3968857092631,24.832444141114344],[83.39522777677807,24.82632439369569],[83.4013593840567,24.819362617598177],[83.40200668220265,24.81352380390402],[83.39999500573518,24.809657332897768],[83.39401531704586,24.80513976446732],[83.39589229652636,24.800162927927364],[83.39967654578045,24.796681293168557],[83.39165995593044,24.790113644946146],[83.39340205247275,24.786918097189112],[83.39312431045488,24.782968256374655],[83.39701611320132,24.782008541410303],[83.39778397424155,24.778231646176337],[83.40811305490665,24.774153369854282],[83.41268970986948,24.775039340448163],[83.42169525860902,24.76969341764481],[83.42809286063653,24.768217606488367],[83.4281118788694,24.76304053232829],[83.43510459590803,24.76096347648792],[83.43742809378028,24.757626322225164],[83.44136435415012,24.756822767060367],[83.44225308800343,24.749692262246967],[83.4491448047597,24.739913288115595],[83.44877874128143,24.7384945183702],[83.45137796445374,24.738505463324763],[83.45355487344129,24.735004429588987],[83.45791901395738,24.73356039150653],[83.45826859604514,24.731550209438225],[83.46055960005695,24.7313606988296],[83.46265348135607,24.733223971477155],[83.47102205628724,24.732449106836512],[83.48937186174757,24.73647251959361],[83.4887234416058,24.724726750530895],[83.48554325997293,24.715731225593313],[83.48505064812564,24.701603911684455],[83.48629535108839,24.70234927252723],[83.49023104641789,24.70042668859385],[83.49526064991329,24.704681868419527],[83.49864665803563,24.70334971742678],[83.50054011082183,24.697334223398162],[83.49886265345413,24.69488174374839],[83.50701690023993,24.692839085868215],[83.51080786350245,24.68580027619681],[83.51776143465592,24.68302484662927],[83.51684415054626,24.68113283757591],[83.52038437155512,24.677519684083258],[83.50915137461013,24.67120537874068],[83.50399388964583,24.666312664219802],[83.5004965937345,24.65126924991081],[83.50288057427655,24.64781351626196],[83.50479774168791,24.646916791573485],[83.50990330941869,24.64832014608965],[83.52019718959934,24.641078284808668],[83.5298113451473,24.643043797538287],[83.52679889963919,24.63003254615347],[83.52476479942561,24.62944888770388],[83.52469693529915,24.627841864099388],[83.53153693694286,24.6269796208983],[83.54370365896382,24.628300326368944],[83.54798316201048,24.62329658554658],[83.54327122256247,24.61732205917374],[83.54192125501474,24.612766690894887],[83.53042189680824,24.612416776426112],[83.5273014441586,24.605887523664325],[83.52353153021983,24.603149522899287],[83.52266134028893,24.598567215346048],[83.52435248169336,24.58895804185129],[83.52800269601885,24.586292676885943],[83.53022235223754,24.582068984352954],[83.52881620045866,24.574601899532208],[83.53010006367957,24.56733966074727],[83.52829792554033,24.561601178704446],[83.5227501585177,24.555693136449527],[83.52228283694058,24.547680408128954],[83.497127748824,24.53911596491603],[83.49861541193509,24.531822540145832],[83.5032947551147,24.52543975680424]],[[88.27529056029223,26.33129228771488],[88.27416852407818,26.330836429530425],[88.27559636657786,26.332611375584662],[88.27529056029223,26.33129228771488]]]}}]}