{"type":"FeatureCollection","features":[{"type":"Feature","properties":{"shapeName":"Chhattīsgarh","shapeISO":"IN-CT","shapeID":"1811400B70654311394581","shapeGroup":"IND","shapeType":"ADM1","displayName":"Chhattisgarh","coverage":"context"},"geometry":{"type":"Polygon","coordinates":[[[80.27289101775115,18.72299154160009],[80.27844499213239,18.72164320735568],[80.28210242711611,18.718415467324572],[80.28498388567937,18.712336621629497],[80.30029248337286,18.69119442592992],[80.30492722160534,18.6822795099152],[80.31717146284547,18.643053595604407],[80.32162253063665,18.63847047796731],[80.3259874347207,18.636285770720207],[80.32951429239137,18.629118558329488],[80.33270046488886,18.614295302711085],[80.34583029677711,18.595472781560613],[80.3506056231482,18.59482325605899],[80.3549452917593,18.595998184520607],[80.36064020462211,18.60005927258172],[80.36144600241511,18.60414234927128],[80.36465390156604,18.607972686913957],[80.37365665474846,18.611568401977742],[80.37676926690226,18.609820215927158],[80.38694773782342,18.597570681756576],[80.38950619993975,18.598152940126287],[80.39435027168456,18.605844179757867],[80.40763491294065,18.61070696000138],[80.41849022041099,18.611309896712836],[80.42089203520635,18.616029292225136],[80.42610155328684,18.613787400749302],[80.42887291432886,18.617368398096403],[80.45459628567733,18.630266972086115],[80.46400572954502,18.624850594472427],[80.47598080677994,18.626749381865952],[80.47763086193822,18.629639101477856],[80.48697786301219,18.631945370565706],[80.5015846995007,18.6215585438139],[80.51472952696597,18.619375963648004],[80.5187883831176,18.61438686336231],[80.51960233222347,18.608248318821847],[80.52775417871084,18.603107671144958],[80.53026693724043,18.599730128238097],[80.53532662711132,18.590589750543746],[80.53450351518956,18.588371392789632],[80.543135459094,18.58660917911728],[80.55640684840301,18.579784513198234],[80.56748465868775,18.57129591389872],[80.57150351645302,18.564647677613888],[80.5908819432193,18.55798034899951],[80.59979645039977,18.553067057075353],[80.61066212442844,18.542452731106923],[80.618420097393,18.527595921733614],[80.6228099423026,18.52859891543475],[80.63132884041507,18.521868175573655],[80.63764109530408,18.522554481043922],[80.64090748286485,18.511337853761866],[80.6368444854798,18.50702865404725],[80.6370479871293,18.504770032167748],[80.64564965601204,18.491698524993048],[80.65138699720404,18.485775721624975],[80.6552816224571,18.475900263601158],[80.67355724324464,18.46644196165775],[80.67868684899412,18.460762398339316],[80.68614155431199,18.458244048941282],[80.68800256713662,18.447397362912902],[80.69488849245427,18.444747905769344],[80.70161903797383,18.44458276829275],[80.70540806087534,18.439684463843694],[80.69830757744366,18.437663525156427],[80.6961678084032,18.425160281587836],[80.69895378503486,18.421432511503355],[80.71828958763928,18.409733305533763],[80.7209262445078,18.41119117859881],[80.72288763238733,18.41515186801931],[80.73483554187314,18.412859651796282],[80.73195566703973,18.401016809123313],[80.71959019366045,18.39112579469797],[80.72271427011391,18.384623747402525],[80.72942489998366,18.378815516447524],[80.73021329022309,18.375928503102156],[80.72685959539983,18.369330448405144],[80.73152504254028,18.354791112772002],[80.74245774436392,18.34058667850197],[80.7476300739883,18.33000385015133],[80.74898114287058,18.3082932229765],[80.75765457816135,18.301997041663373],[80.75872520199506,18.29931444945879],[80.75683173932741,18.294877150167782],[80.75950702824471,18.289882587678466],[80.76192931834034,18.288248755706206],[80.76568852615759,18.28881570909308],[80.76928806921285,18.28745798098113],[80.77546934793678,18.278259499847444],[80.7803368693038,18.26635410933945],[80.7898041547943,18.264099966708102],[80.79413750824897,18.259335998959493],[80.794148588968,18.255798870200724],[80.79173518590545,18.25093316829667],[80.77677353464269,18.24622238980525],[80.74843016388597,18.23094728155848],[80.74735910526768,18.227028887073637],[80.73718580325264,18.22211449638174],[80.73682889540373,18.177221974572415],[80.7449377988273,18.17033473842199],[80.74842647809838,18.172959988680216],[80.77544102764912,18.170112107942796],[80.79911174587848,18.171546130274944],[80.8132565356972,18.183563285095527],[80.8174693918346,18.192482007776793],[80.82406680972402,18.19441290483127],[80.82259649936924,18.227484626044607],[80.82359043941706,18.239451551685658],[80.83672317915185,18.242296166171723],[80.84342825114491,18.235814981432217],[80.86051831404804,18.23536997025357],[80.86593615862947,18.23350472028107],[80.87260684221512,18.213953504688135],[80.87096679249248,18.2081712105793],[80.86390503992429,18.206029532039814],[80.85521246153479,18.20753305864634],[80.85291071816376,18.2053779653099],[80.85423977742325,18.198868488390584],[80.85854178147112,18.18982955138831],[80.85708249613985,18.177799492524937],[80.8604012968042,18.16477147154536],[80.86016140709745,18.151241699588432],[80.86545402832488,18.14483182605109],[80.86666862514919,18.140300852844714],[80.89108238935736,18.139356505005725],[80.91416962486018,18.14454851497843],[80.93990295133865,18.158803412420987],[80.94163764576301,18.15999543055568],[80.94235736518885,18.163762718044588],[80.95162090828137,18.16703447907572],[80.95765553973011,18.176925277874037],[80.97902736943439,18.178789895359547],[80.9787387110892,18.154178956796187],[80.95551320330459,18.132433777356525],[80.9517778969621,18.093499148271086],[80.95000082092099,18.091259172376887],[80.94925711827366,18.08624055010885],[80.95343547820582,18.082006052379768],[80.96244474866559,18.06636269165067],[80.96965624679838,18.047765329818294],[80.96425994471582,18.04152009646498],[80.96953615282469,18.035125385746014],[80.97325740771947,18.02701922587343],[80.97962469699605,18.00665096946562],[80.98802310407946,17.943518374464993],[80.99839734215554,17.916773519974935],[80.99929641471945,17.902723279374996],[80.99417026928047,17.880686457668777],[80.99655072393503,17.8718667462206],[80.99644108096132,17.849063018588808],[81.00323257268137,17.830663349321387],[81.00345702753485,17.819568322748154],[81.0082439412748,17.7982752842528],[81.01766557168766,17.79142748997606],[81.0317623205033,17.788521034272684],[81.0389792839863,17.784201076493265],[81.04661453001502,17.78235666295051],[81.07326037953214,17.78650392459428],[81.08558432199924,17.798071960732894],[81.09045499735119,17.802459581006186],[81.09396249902244,17.80932243060053],[81.10243658198202,17.816077535325284],[81.12791451203529,17.82704788839816],[81.14213183452503,17.841512627547033],[81.15727507303599,17.850478302075132],[81.16613095256773,17.857650691707608],[81.16831472198912,17.855666969740557],[81.19930428253612,17.84698423578624],[81.21560527607346,17.834558586371926],[81.22928176335479,17.830621580477818],[81.23453883105992,17.827203501641797],[81.23929246042196,17.826066879164536],[81.24837050410322,17.817112129274705],[81.26535370881005,17.811131884767406],[81.30521575963671,17.81000504153267],[81.31500547473722,17.813408838283454],[81.32603802430468,17.815229433241278],[81.34588645501752,17.8113705300968],[81.34879562750557,17.813414640286418],[81.35449085477875,17.81331195318707],[81.35940686361148,17.810398756942327],[81.37011950963156,17.8084669307883],[81.37778251719584,17.805316806947676],[81.38612684480081,17.799159197795866],[81.38726993932175,17.79545142078198],[81.3933495682814,17.794674753414647],[81.39404868035467,17.808649986227362],[81.39279746640273,17.816239291889858],[81.39607140430347,17.819951703982543],[81.39179640990123,17.815450877666365],[81.38836441162964,17.825440775727092],[81.38953667444784,17.830753139944747],[81.40332437675465,17.849715191401188],[81.40363153949637,17.854057555382678],[81.39425529197167,17.86930661636273],[81.3954613979199,17.883241551384],[81.39925205575523,17.8919470035956],[81.4036697340656,17.895969054069273],[81.4115360133107,17.89520364257191],[81.4353241260763,17.880847517737305],[81.43927226397082,17.88182386224914],[81.44461545226393,17.885784163550777],[81.44809467137675,17.889766675234632],[81.44747938828921,17.89851729938469],[81.45280800231514,17.907588656735964],[81.45335469453916,17.91465993910287],[81.44990407958161,17.92405886796268],[81.44909786047872,17.93196481421921],[81.45289078835678,17.936398373262655],[81.45982199684958,17.95297662830681],[81.47209474522693,17.96053047309434],[81.47607537428696,17.96936927329102],[81.4829333934403,17.976845168158466],[81.47760002642818,17.98843641796692],[81.48026544825044,17.99781619155807],[81.47996738813747,18.00461373777852],[81.48304838138992,18.025927388028382],[81.48084625759064,18.029082747243596],[81.4801478803393,18.033737965002544],[81.48080294621752,18.05135768910434],[81.48343605204572,18.05667712951731],[81.49068788722973,18.062887995777626],[81.49659232404773,18.071002313843614],[81.49904537784859,18.078905336153603],[81.51327791869751,18.100041062712272],[81.51485437039301,18.124581714632725],[81.51313051144761,18.13114459230229],[81.51335673149067,18.139483924732108],[81.51875166723572,18.1488788123367],[81.52579933062698,18.153430815353556],[81.52598108765673,18.16044841194154],[81.52388253332151,18.165437744611182],[81.51774818528298,18.17548754606883],[81.50990742268354,18.179521387818113],[81.50698614629533,18.186226295724946],[81.50939808420561,18.19459373118495],[81.51324062603682,18.20056675913414],[81.51550029321827,18.213263713743583],[81.51990496841492,18.218107765432272],[81.51990030615858,18.222023339385306],[81.52424850517161,18.227538288842272],[81.52591232341838,18.23357571674021],[81.53043027168079,18.240310178997802],[81.52764372641552,18.2509646409156],[81.52462218366855,18.255885121225834],[81.52545844602781,18.258126301172616],[81.52888924594684,18.260844312088736],[81.53210795183065,18.26624867672767],[81.53734294792925,18.269353450302724],[81.55167290568089,18.269766494073163],[81.56431055601483,18.275226699294727],[81.57344551066431,18.282669392982594],[81.58549771455459,18.296456431243307],[81.59288765044217,18.300740286937934],[81.5975804674527,18.30893663181001],[81.6005212570455,18.309713685316144],[81.61651845652342,18.30737617256569],[81.62809051628419,18.313872900862],[81.63963564365446,18.317964968046365],[81.64450041617668,18.31821072375789],[81.6513023993209,18.32155877232288],[81.66221202611982,18.32125465549455],[81.6621505993207,18.325010045011343],[81.6519020499259,18.332569249487857],[81.64964709171315,18.336933127723736],[81.65085349320712,18.34064810750838],[81.65912380142935,18.346589163526033],[81.75027962802977,18.353626915699266],[81.76952546435845,18.41894303332526],[81.85472999172745,18.49029277804159],[81.8572041721072,18.493961028558896],[81.85730074010192,18.49884756151674],[81.8560265625164,18.500470128218268],[81.85697791792815,18.507477891344703],[81.86822960522095,18.524949291866903],[81.8796612457264,18.52526704075169],[81.88924907524658,18.538190600433584],[81.89787839068053,18.535117818387185],[81.90916754400887,18.537942234158056],[81.90585658204368,18.545187914706947],[81.90138849297453,18.548638811055643],[81.90897709937202,18.552967432603086],[81.90568587249531,18.563095802461785],[81.90589744550766,18.564576903493748],[81.91033857613519,18.565802672020446],[81.91067234338236,18.57066299241723],[81.9155499231856,18.572835449850572],[81.91775185654203,18.570827545909964],[81.92081812910193,18.57271946878908],[81.92444488212713,18.570483125480404],[81.92676059699578,18.56676206539397],[81.92969481900555,18.56615571802564],[81.9380834901479,18.566629348721023],[81.94506292559504,18.57016415956011],[81.9505536594786,18.570050793478124],[81.95049518634013,18.574881387152384],[81.95342479999246,18.576850235662146],[81.95289429271492,18.582848973374833],[81.9560467631179,18.58395364067891],[81.95981649200372,18.589510355500682],[81.96362219662007,18.59047144009687],[81.9633821353351,18.59412364561136],[81.96082790248715,18.596648923910898],[81.95095753664047,18.600977944406893],[81.94427473837486,18.600781112300155],[81.93691318206372,18.605598421826965],[81.93504636612236,18.60738341714562],[81.93512738517782,18.612678801433372],[81.9277303292433,18.62004440485377],[81.90872630950764,18.628105251338027],[81.89473900423967,18.629150540607235],[81.89519628624514,18.632849120066656],[81.89884910478665,18.6352582536657],[81.89403247298051,18.642302986582823],[81.89810195171034,18.654437647789052],[81.89455717624301,18.654645874715186],[81.89375171082665,18.657486626209238],[81.89833191233825,18.658562815179522],[81.90087360111154,18.661397321354134],[81.91524032600944,18.65132395621654],[81.92170819785173,18.642937664092358],[81.93661176494656,18.644838591789913],[81.94241905345817,18.64325528837917],[81.94892503722468,18.643737726187936],[81.95314454448847,18.65406821097351],[81.95276761319187,18.659569119763034],[81.95505970865673,18.66424763821488],[81.96158372700091,18.670305343547366],[81.96517518342199,18.670783890096345],[81.96912981344107,18.673415917502712],[81.9607343815779,18.68865911884711],[81.9629220667556,18.689009343315277],[81.97096627351239,18.69866453450891],[81.98888033856774,18.705307946006943],[81.99470918305289,18.70470788560805],[81.99857248225534,18.70693299421072],[81.99990575012193,18.7111098892664],[82.00581621733045,18.714674963371912],[82.00877219114646,18.712580645865422],[82.01672316714979,18.71952310601659],[82.02812872686762,18.72124118562398],[82.03090426777067,18.723814999797717],[82.04019008099736,18.723935362961864],[82.04809878318176,18.721424327557884],[82.05363226070317,18.723638887001055],[82.05607000272,18.722924865277754],[82.05874616030817,18.719371964719446],[82.06275115886525,18.719051067118986],[82.065029158865,18.720099901694596],[82.06740260576203,18.726529568819466],[82.07454186946451,18.724649838981666],[82.07650822502758,18.72213991680409],[82.08495505489806,18.718621229132385],[82.08686049031184,18.72145218738464],[82.08604389566744,18.72797683558496],[82.08834135137958,18.729802404124417],[82.08766713431783,18.731157302221167],[82.0935016103415,18.74684275967173],[82.09256235972819,18.752712907009048],[82.08872134862625,18.760213084149456],[82.09156022524839,18.76575849826301],[82.09780431687193,18.76386497676884],[82.10573860846546,18.767338042151586],[82.11098954337217,18.765906205156245],[82.11534067268967,18.76903412668335],[82.1208004542218,18.769778616314415],[82.13339788967545,18.765392287391602],[82.13359644879425,18.768142748039345],[82.13131402549006,18.770140012107056],[82.13347498668637,18.780473654840158],[82.13564983493868,18.78150868973711],[82.13839914773037,18.778401469493154],[82.14055330059517,18.778483297641607],[82.14735841257153,18.780998954600324],[82.1521503892164,18.785329523267787],[82.1573365502012,18.785505287637065],[82.16078247505466,18.789947919517182],[82.16015470628298,18.795256175191017],[82.1654155172679,18.798652727171643],[82.16450838501927,18.801952132152707],[82.15650238720478,18.8043557963617],[82.16017637005439,18.808096639556904],[82.16135505762348,18.81254421846661],[82.16612918204872,18.81409586426203],[82.16027159866101,18.819897516217534],[82.16894284026586,18.836049963301974],[82.1657228138586,18.843895584583475],[82.16745192884672,18.852378875882394],[82.16300827934316,18.854182236974726],[82.16017746599901,18.861424453936873],[82.16485767695117,18.864777287044646],[82.16734767576474,18.87364638072271],[82.16180453776074,18.87645917538543],[82.16039304639585,18.878939896734007],[82.16503632760667,18.88324828171332],[82.16930366566774,18.881920358731193],[82.17670785242899,18.8872697634185],[82.17514315518899,18.89163815220703],[82.17612699547807,18.902696742474888],[82.18107022416227,18.90697119190813],[82.19249097259491,18.90753531209739],[82.20082760433284,18.913612678818204],[82.21828155948623,18.922544232929184],[82.22726219434966,18.91906948965694],[82.23088900037548,18.919696094368977],[82.23436518318269,18.915317620072187],[82.23693992726349,18.914261331071312],[82.24603383070111,18.91913875485334],[82.23908916544536,18.962318609729618],[82.23274170108883,19.017963814876172],[82.22985690797924,19.027439073789875],[82.20223527516286,19.066665350675127],[82.20469968905878,19.07563100113487],[82.21493018051977,19.08601399722163],[82.21853624893727,19.093047273521172],[82.21839627794127,19.097295052238536],[82.21411899014011,19.099880500139033],[82.21292192483692,19.09800891375829],[82.20969305810891,19.099701749938237],[82.20646129161916,19.0964293094292],[82.20489358951457,19.09716695002061],[82.20497019784199,19.101173893542427],[82.20733090483162,19.102306013197627],[82.20515993280979,19.10702347941009],[82.202957884469,19.108135691544504],[82.20631160893664,19.115098576628164],[82.20579288845391,19.116967881643994],[82.20897968528053,19.120547775359267],[82.20579752915069,19.124155926654094],[82.19737106139272,19.121667258579663],[82.1905594608851,19.128922122951803],[82.18251043287017,19.131344455914196],[82.17713618802107,19.118743606088636],[82.17395217237858,19.118247589131048],[82.1703071251626,19.120440669034284],[82.16918683886672,19.12807424574184],[82.16607750376706,19.132724933802457],[82.16680020919293,19.136126912517096],[82.17571717236734,19.13868601992942],[82.17270426422692,19.14353502374686],[82.16981201689714,19.145279343355103],[82.17152507899112,19.150233694384408],[82.1765431023042,19.149239360005925],[82.18091391370956,19.150842342607543],[82.17765989415362,19.152534854802695],[82.17714772238932,19.155105307027263],[82.17127973471399,19.156551369170092],[82.16963935800459,19.161024526073803],[82.17490472165136,19.16290770663088],[82.17863898504977,19.159856744409122],[82.17813856863928,19.155965462595155],[82.18218189022465,19.1593144238483],[82.18612139800429,19.16637320365597],[82.18393533608227,19.168510724418276],[82.17808880826075,19.169393164780743],[82.17602550471557,19.172108179029053],[82.17669155159983,19.173495410878004],[82.18203120861557,19.174188554061605],[82.18104528064177,19.178608956330322],[82.17512467414868,19.181841154927188],[82.18053689168316,19.19103685831567],[82.16750919734437,19.195128121033743],[82.16168798404757,19.202271105855857],[82.16579976354583,19.211470760848727],[82.16875421112421,19.212965452079544],[82.15895734723067,19.22336077130482],[82.15782747321578,19.22752385755151],[82.15840837777738,19.265192186809745],[82.16591891788177,19.287710241681825],[82.17439681239307,19.294559356989637],[82.1766614912755,19.29950491847266],[82.17915440602044,19.31899233885532],[82.18120735288869,19.323412002087842],[82.19410481486746,19.325960048412174],[82.19010900517742,19.326784731825402],[82.18798876191798,19.328945080766594],[82.18787303914645,19.3347799036969],[82.18602154846381,19.337433708655045],[82.17787689299028,19.34007412889379],[82.17863035673146,19.34335697685907],[82.16791011455737,19.34628215303872],[82.16498547397845,19.349010704410354],[82.15491491677403,19.34957288739753],[82.15221719961903,19.35260862883258],[82.14996172128174,19.353607139607018],[82.14877656404595,19.35275360353758],[82.14829878428229,19.364157827947558],[82.14709371049832,19.365355922742836],[82.14890758422847,19.36961515306293],[82.14771901069963,19.371842538405044],[82.15120307083352,19.37334411496122],[82.15324912223365,19.377040567128272],[82.16002053211551,19.377098475456325],[82.16419800002058,19.373552043479663],[82.17190753043512,19.372639509562436],[82.17351072856985,19.377196131626363],[82.17551243104272,19.37666423283106],[82.17647313881491,19.378581261123554],[82.17881801838757,19.37907509941037],[82.17798671832196,19.382524443780486],[82.18181570637213,19.38422815922502],[82.18097278300507,19.38620913863478],[82.18222859183967,19.38876853332648],[82.18071952726524,19.392434552771544],[82.18429784941854,19.400517154334732],[82.18206133900851,19.402950088841862],[82.18242169459145,19.409456691808263],[82.1851880160847,19.41371359929407],[82.18925554996196,19.41538696655936],[82.18942651553022,19.427553439517677],[82.18617515947908,19.4266783713411],[82.17816887869527,19.436632739033218],[82.17147536622329,19.43721166854038],[82.1352227327335,19.43180504342943],[82.13523159551208,19.430408645881904],[82.12727926215435,19.43053631600174],[82.12612569687047,19.429109441147872],[82.11351886324232,19.448287024900328],[82.11336836488952,19.460079567000847],[82.10280555696056,19.466129756355887],[82.10732704458518,19.475065499904254],[82.10794721720279,19.49430295680387],[82.0979575577813,19.498950809805393],[82.10023979693088,19.516612249820657],[82.07601243943239,19.523648764131828],[82.06540048647084,19.51062280231915],[82.05132521278036,19.508206065869096],[82.03849966453338,19.50917921661256],[82.02904306629979,19.507686229696624],[82.03183098149584,19.514550002663483],[82.03404371619526,19.514555660400198],[82.03642018053333,19.51980311409005],[82.03727546651531,19.52827479985901],[82.03986133353597,19.53020697755696],[82.04324393794171,19.52987887128687],[82.04363610556385,19.531566079669247],[82.04660761394608,19.534101360625144],[82.04721878095299,19.533381279423295],[82.04705975309656,19.53916333390302],[82.04977851238881,19.543653456990057],[82.05069570846355,19.54884134638083],[82.04771192011138,19.556229510220643],[82.04520121692714,19.556711281726475],[82.0460502281769,19.558647547845492],[82.0449457153991,19.55975817649314],[82.04936267056567,19.56822883702087],[82.04813012091043,19.568759300741313],[82.04826444958813,19.571810431809112],[82.04975860212885,19.573991766634002],[82.0485343008045,19.5784535542147],[82.04579800100808,19.57907615534366],[82.04403209821243,19.58246388385921],[82.04264469337522,19.58607754901876],[82.04335479903095,19.58902390918454],[82.04049648915426,19.590840490866],[82.03986895753782,19.597658317482843],[82.04625538542149,19.60730675297623],[82.05064717338708,19.608099125055595],[82.05060033253322,19.616793842234024],[82.05569781812137,19.62312620098114],[82.05608984740294,19.625978640179934],[82.05900383216597,19.62819745225337],[82.05644673459058,19.633137777728326],[82.05762553804239,19.63553891464248],[82.0569922392418,19.639533723241556],[82.05472023190332,19.640524309344144],[82.05470015635335,19.64284814660613],[82.05190953722828,19.64659362084884],[82.05349912408984,19.652822850689386],[82.0554960708816,19.654485829748065],[82.05192693130711,19.660974941886238],[82.05360564541793,19.665415538659946],[82.0553101205161,19.665678207605016],[82.05185139107657,19.68048941032608],[82.04908839424817,19.68495302580206],[82.0445743132331,19.700549433836592],[82.04473712209854,19.70889866193498],[82.05100874528894,19.719111420053736],[82.04922755047222,19.728740283442228],[82.0509292506745,19.736437420248244],[82.05038562080725,19.745851877152006],[82.05562357505809,19.750023037295954],[82.05597136770182,19.752988434138945],[82.06359954039597,19.759036887705022],[82.06381584034335,19.761078430386632],[82.06045261259833,19.76665540280362],[82.06621706045401,19.783174903952606],[82.06553438485554,19.790679113242966],[82.0623795312221,19.792561431281104],[82.06020917993611,19.79639529567553],[82.0563517781735,19.794871723273427],[82.05638601566389,19.793037985939574],[82.05296738252707,19.792309395309143],[82.04867061296238,19.796977829089688],[82.03103796493271,19.797827410955637],[82.00964079105933,19.804454195691076],[82.00428020419578,19.80331013203406],[81.9953544914305,19.79686739551348],[81.991891761793,19.79963355112083],[81.9859350205676,19.801134596427126],[81.98654569439941,19.80430035270463],[81.96536175362502,19.836924660905993],[81.96811967766703,19.859915181419673],[81.95759326857504,19.863910689317393],[81.95771557689594,19.86506232841956],[81.94105314620401,19.872895254719705],[81.89966587909412,19.88721759113592],[81.8696405001045,19.90255508043313],[81.85314535548144,19.918497323247603],[81.85179792657271,19.92316736333813],[81.85680001826422,19.947552932779804],[81.84500639263189,19.951857844469817],[81.84526530236812,19.959551911205594],[81.8553475134167,19.972299254703792],[81.86056361165667,20.003529600429935],[81.86652627996632,20.011072754455107],[81.86501775707602,20.026722461274208],[81.86881199739267,20.03193031414117],[81.86884276469117,20.039725866454372],[81.87090725041924,20.044190476506557],[81.87596619558677,20.05208099180157],[81.88190436504199,20.044357676392448],[81.88729071468954,20.044034372091055],[81.89527024813577,20.048256791687155],[81.90143497360395,20.057925865813765],[81.91605264018153,20.0720012782372],[81.92137291963824,20.079989667689677],[81.92275189737975,20.087179617859004],[81.92599939876,20.091747234139596],[81.93386057826923,20.096062593672436],[81.93383269905438,20.098228281127408],[81.93711638277763,20.102368818792502],[81.93850980273399,20.10158243575812],[81.94637148080817,20.105152059670246],[81.95814361334902,20.09787317732653],[81.9633219095835,20.0904682471419],[81.97588007608283,20.081728841494108],[81.98385032633888,20.073262525989826],[81.98415267860224,20.068052470677024],[81.98737435431643,20.061350273793284],[81.99533401163863,20.05358568595706],[82.0033570289345,20.05335920843307],[82.00324332647405,20.055149936874955],[82.00573794891638,20.05563042604303],[82.01226331383515,20.053934327460883],[82.01766529147369,20.049021465154883],[82.02270883053411,20.0321778044474],[82.02153159194752,20.02375371396938],[82.03254630187175,20.015765611927268],[82.03836992534846,20.022498278749595],[82.03998510700909,20.022641369536192],[82.03795701472814,20.026113569535312],[82.03884053026793,20.027159635001635],[82.03732519814776,20.027965034109766],[82.038028888934,20.030160412795524],[82.04119677442728,20.03100886704959],[82.04295818384983,20.034950423571395],[82.0481387007197,20.034862464267743],[82.04780805871138,20.03676151446191],[82.05638193551589,20.041789757428155],[82.05907371121363,20.0450269374561],[82.05899602670445,20.04779549686846],[82.06217143199498,20.049269117561174],[82.0606292052135,20.051165488124333],[82.06294934787819,20.05208993166069],[82.06352435140671,20.05457648552422],[82.0704538854398,20.056992901859],[82.08542070471043,20.050759721606827],[82.08457827451844,20.046091619863034],[82.08638033180931,20.04528364274052],[82.08944281527535,20.03910787605171],[82.09873339406462,20.03976453265367],[82.09950264120538,20.040812512403953],[82.1022628002558,20.04008571652156],[82.10211512261296,20.036339185436137],[82.10381899224664,20.035727438745013],[82.10318156119574,20.031111490858976],[82.1054540410481,20.030648793638598],[82.10693350793056,20.027299938054117],[82.11016152036069,20.027566726785643],[82.11650092593084,20.021203373583933],[82.12677002698274,20.01484215660526],[82.12847590255446,20.014245916113403],[82.13631046857505,20.01897448049777],[82.13979164691354,20.0187732784836],[82.15345140576764,20.00760680550802],[82.16056650209406,20.009166090870394],[82.1712185154257,20.005557262996433],[82.17124352991307,20.000800732619663],[82.17367541401595,20.000010125565822],[82.17476851279976,19.996794440280887],[82.17689092638894,19.997354664363776],[82.18033619098067,19.99114168338166],[82.18345608397988,19.98963977169058],[82.18517534265268,19.98734614595511],[82.18424051175059,19.984210503921087],[82.1930870865326,19.987144679789566],[82.20998671378202,19.986274958763072],[82.21655593714792,19.99739889129636],[82.23746355254764,20.00350022584957],[82.24196301617646,19.998260436082894],[82.24648805034981,19.995628798903816],[82.25852842702105,19.98198459305794],[82.26915538813603,19.97528251210915],[82.27486048969077,19.963062291157186],[82.27534358029439,19.950708994450604],[82.30115153790835,19.904665355288447],[82.30407101586933,19.88919379430236],[82.32632599460078,19.861634618190962],[82.33260464171836,19.844188218646373],[82.34530735163847,19.83585321507943],[82.3620928937451,19.85250011014873],[82.36318798050061,19.8553730569906],[82.36039272337374,19.857329783394036],[82.36083188007176,19.86281917404097],[82.37388350193642,19.86035415551793],[82.38363289525708,19.869901758892993],[82.38293612060023,19.873879593395394],[82.3924669277611,19.88206962352423],[82.39485462822672,19.888037496948407],[82.40176011885126,19.889964177806256],[82.40522094585698,19.894285223977416],[82.41194408476704,19.898537082508245],[82.41855890482012,19.899870691978936],[82.41800536743362,19.904095124089128],[82.42618847349625,19.90547831643998],[82.43004017994,19.90403104360592],[82.43333813609647,19.90558350523383],[82.43709327724044,19.90496443216112],[82.44597468240096,19.910214226114373],[82.45215743166703,19.90872818169839],[82.46419933547423,19.900870035000924],[82.47226214723884,19.901601972439916],[82.47288178356227,19.90705686148076],[82.47787015887772,19.906473177862576],[82.48415821584787,19.907931025123325],[82.49159592953217,19.90346937240584],[82.49732175162727,19.90415317794718],[82.50488441108612,19.899745758453356],[82.50285772466854,19.89449581910225],[82.50545481973194,19.889879933831274],[82.51172111860764,19.888158312321327],[82.51630954958556,19.890944278897383],[82.51910359039353,19.890997242208062],[82.52328278845384,19.88310619535122],[82.53102766218491,19.878438161262178],[82.53489408572794,19.8869138574455],[82.54212395261168,19.883499732163845],[82.54837044453367,19.87572584363862],[82.55019483034923,19.87577320507055],[82.55290802547658,19.879765031354935],[82.5559390706026,19.880687371340105],[82.5611610312481,19.874341818615413],[82.57300236640518,19.87757438288858],[82.58319648777525,19.869424180998823],[82.5961426851548,19.87300509983523],[82.60341134129249,19.86701358231972],[82.60018239910602,19.860212865918758],[82.59586988656595,19.85816460587656],[82.59685252940073,19.855224243221667],[82.5942591479727,19.85265492123373],[82.59058357241013,19.85212583431035],[82.59059794275973,19.848942741759448],[82.58769783696783,19.84870209381618],[82.58861420928747,19.8434044403667],[82.58388536624078,19.843600055758838],[82.57971709259263,19.84013631947915],[82.57576982965719,19.833418150652356],[82.57602161665154,19.82894402841277],[82.57938145415471,19.830341698911855],[82.57775349845072,19.824998850242014],[82.57911879574878,19.823568472011083],[82.57851039195967,19.81803138006706],[82.57617764952482,19.814763504631888],[82.57856608301572,19.811101650596484],[82.57597492042643,19.8082426350907],[82.58466985150366,19.802374875845704],[82.58268332876244,19.79502056313684],[82.58446822104489,19.78827880259977],[82.58175070232606,19.783230218481258],[82.58356763571803,19.78166474937674],[82.58345834129068,19.77881994582543],[82.59179414927354,19.775886723505767],[82.59445509928227,19.775426815492434],[82.59527489013246,19.778493395837597],[82.60217260044831,19.781209354230946],[82.60383365368061,19.788407034204386],[82.62694805064437,19.793582432376592],[82.63272432212582,19.801077136234618],[82.63332317951843,19.806036877531437],[82.63660670603653,19.81295056129859],[82.64173984935155,19.814565147628382],[82.64697058024916,19.818918438175487],[82.65214025894515,19.832189827268373],[82.66097881536494,19.83204466176454],[82.66589737002323,19.8304132675582],[82.67799640847916,19.83214289139996],[82.6932282370468,19.83040004427886],[82.70390398386824,19.83203750345378],[82.70731088860069,19.835062856041258],[82.71270535362852,19.844013197676258],[82.71138263198338,19.850652110866687],[82.71814013145304,19.853610122498033],[82.71957417053159,19.86745713950636],[82.7217149834144,19.87294246070588],[82.72456497129826,19.875561779108892],[82.71403314177188,19.87783145120614],[82.71345863860495,19.88362011847944],[82.7073891237771,19.90206478995877],[82.70885198440321,19.905374863324788],[82.70708897148785,19.91264746580478],[82.71274304064963,19.918544975087624],[82.71104034780896,19.925513409467534],[82.71305350470006,19.93847898954106],[82.72024460748264,19.948115773081685],[82.7156074096629,19.953012634023455],[82.71469881944857,19.95769102367873],[82.7174975539539,19.965577374586708],[82.7180892535703,19.988764851502246],[82.71565341598188,19.991642870089123],[82.71538570994237,19.994747115587636],[82.70829991755883,19.99746471082901],[82.70061204462749,19.995979746056573],[82.69369273611727,19.998418305479994],[82.67555208181129,20.000199377461794],[82.67114207241848,19.999495437256464],[82.65299436454089,20.004310783809224],[82.64371646637014,20.002078994900888],[82.64399355531278,20.004823795155897],[82.64251482774378,20.00513121962225],[82.63430226412638,20.003291282855137],[82.62213630387674,19.9907099786892],[82.60601536416337,19.98854764701241],[82.59672327979766,19.98998264312398],[82.59132450375478,19.992145955456092],[82.58426816173953,20.00159473333279],[82.57832805641488,20.005140714201907],[82.55452990228103,20.0138149188083],[82.55108246556293,20.01619486176108],[82.53542095213365,20.016268058052034],[82.53414838432911,20.013716906661845],[82.51007078856487,20.016585414053626],[82.49468702434,20.02279388027717],[82.47951663245293,20.03660467940333],[82.47095560425197,20.034344263525075],[82.46726818979225,20.03785901116183],[82.46161527316896,20.040332418415264],[82.45847008271305,20.03840166512015],[82.44894177466529,20.03909455798652],[82.44145741506156,20.041613998335485],[82.43095746045637,20.048043893825007],[82.41773885615345,20.050590583421005],[82.41046192383706,20.050224019962734],[82.40096000110579,20.05455197598036],[82.39920885224039,20.056617434003563],[82.3993111487917,20.061131217831477],[82.39675080200993,20.067414857509707],[82.40241073178063,20.07946752224269],[82.40068084963126,20.088248192013154],[82.40235358096226,20.094525354844002],[82.3990933666241,20.100150279592032],[82.39858669344765,20.122238824839634],[82.39514873754906,20.128389319107402],[82.3940686715234,20.13607570693522],[82.38671112619004,20.144909734410778],[82.38811235969271,20.147524238818207],[82.39166470705955,20.14826444301175],[82.39506351078481,20.151102636199013],[82.39465767888889,20.155520912462247],[82.3909219188972,20.16217531304456],[82.39583169971012,20.16859870475879],[82.40563292761932,20.174467648532932],[82.40545362478694,20.1763534691411],[82.40846556723841,20.179718708420918],[82.4125073006024,20.17997552502314],[82.41500472309345,20.18834712044274],[82.41439166153961,20.1978418715601],[82.42173572226224,20.204317087199144],[82.42140915591038,20.211577166880872],[82.42339934018469,20.219320110706594],[82.41514997797995,20.22680155462819],[82.41384969535228,20.23485123979299],[82.4106565582164,20.242207508014758],[82.41133423648695,20.245465076596606],[82.4220601838614,20.2475384774781],[82.41773723379606,20.252307743202554],[82.41626376226979,20.25644008104064],[82.41126093665473,20.260220647297828],[82.41134042767588,20.264333810076547],[82.41612878231352,20.272218726913408],[82.42489958869292,20.27523716606375],[82.43296690101711,20.281988023832593],[82.43536087352004,20.2850061877267],[82.4378906326664,20.293428513262167],[82.42991769824425,20.301217549470998],[82.43137333551718,20.312858019359997],[82.42196711480472,20.322656752279908],[82.41829417579748,20.322794987825006],[82.41387790604546,20.32654085214505],[82.40979434712186,20.32632069378018],[82.40850856959106,20.32850491650914],[82.40909548657692,20.331798392222357],[82.40242874659532,20.33613176643335],[82.40028212879913,20.340818290196133],[82.40630180419672,20.3530543372424],[82.40506441262208,20.358214334336186],[82.40911575167141,20.36293056977346],[82.41030130416593,20.369292940464387],[82.41802360143727,20.38212900841828],[82.41756414820374,20.38729046605005],[82.42116135653757,20.39283456876578],[82.41656186370525,20.407642553341713],[82.43199446573891,20.41669139218109],[82.42964822521859,20.427867893720485],[82.4380102514313,20.434212532355748],[82.43441229569916,20.44424093124488],[82.42666652005954,20.443918262774805],[82.42563890307007,20.44535686442719],[82.42705280641151,20.468935391603146],[82.41856357875456,20.480347489899014],[82.41672486750515,20.48011851063328],[82.41559220601792,20.474262310178105],[82.41373947476185,20.473021079618796],[82.41314045567255,20.469401870652987],[82.41171018951817,20.46925529674414],[82.41171583542973,20.46672921488132],[82.40890827677337,20.46592504986407],[82.4094750813783,20.461839961593604],[82.40519305676067,20.45864813811902],[82.40283678116032,20.46052439933216],[82.39890022614307,20.46051997986212],[82.39698023981833,20.45816748993604],[82.39467456811455,20.46185237993646],[82.3975778683156,20.464711817406016],[82.39784778241409,20.472749981987864],[82.39627107649538,20.476537833908022],[82.39204246300959,20.478502699877065],[82.39362074098001,20.482820362898607],[82.3904932347588,20.48649370300086],[82.39123975092956,20.490958058742702],[82.38830490459071,20.495589313481815],[82.38956648240602,20.497898142989424],[82.38810008151938,20.509769388917817],[82.38955864909677,20.516949990755396],[82.36897526981905,20.522486082697363],[82.35834746069443,20.528114335220113],[82.3488869386197,20.545836656555636],[82.34590277117844,20.546576133389376],[82.34293483898932,20.550611935788567],[82.33660031666108,20.55373370035821],[82.33212392895531,20.562050965307158],[82.33283980987996,20.564089971475063],[82.33479660377515,20.564560408118275],[82.33331185479884,20.568736691130646],[82.34330012722155,20.57143167573218],[82.34814284340861,20.57620155288865],[82.3506851187818,20.58139299057658],[82.34717361062437,20.589836097989103],[82.34405829723649,20.593081547964076],[82.34371152148569,20.595743289838097],[82.34573315038817,20.596730573114975],[82.3449452910531,20.59882322088094],[82.34694873715593,20.602472441586617],[82.35250004533742,20.60300252318985],[82.35559181208507,20.609157985306823],[82.35876373909879,20.608555927434825],[82.3625368941591,20.610290811749515],[82.36291910665125,20.614203561873627],[82.36538733659052,20.61569648762966],[82.36433616218103,20.622115093485313],[82.37109505044613,20.626178389931006],[82.37653962889041,20.632422753199364],[82.3747807455304,20.635195378879704],[82.37482021031745,20.638793934820896],[82.3684612151859,20.649596289083306],[82.36992453035955,20.654994399075786],[82.36882120335794,20.65950638752002],[82.374180535275,20.667240749973065],[82.36796335627903,20.678873084765847],[82.36236127172442,20.68063908748895],[82.35518652456824,20.692994252801686],[82.35249839333562,20.703475899144827],[82.3497866633605,20.706343428453604],[82.35141044638995,20.70632760582015],[82.3516644010191,20.715979042392558],[82.3549227558446,20.718362013527045],[82.34564300265278,20.73160250622372],[82.35347279053441,20.73584990341333],[82.34261994085469,20.766475173222688],[82.34454114798991,20.76967307707406],[82.34476822592407,20.7909592363793],[82.34701704864341,20.796364224989503],[82.34205089495315,20.804560958834408],[82.34322904173646,20.8090345189342],[82.34083372445554,20.81374882462221],[82.3410939924445,20.8204192090737],[82.33932525007427,20.825458868520588],[82.34160077072384,20.83169392576287],[82.33952918650837,20.846865367442785],[82.34437962641024,20.855871572256437],[82.34670340096363,20.87773899965467],[82.34944155937443,20.88232783706455],[82.3508196432922,20.889519216547434],[82.35207499668097,20.888371142005056],[82.36467023844867,20.887254536775654],[82.36038826503498,20.872566689063333],[82.36552350232299,20.869430458554447],[82.3768353470954,20.866737047075627],[82.3859778071691,20.872849362922018],[82.39059966625533,20.874077066567622],[82.39016530027276,20.87285151588536],[82.39649320381399,20.868787409898946],[82.40637903146339,20.868945951940983],[82.40844351269988,20.864518817496077],[82.40778209932587,20.858030928223787],[82.41380371418616,20.84961280694497],[82.41092036017767,20.84352280554778],[82.41363273424484,20.83954660262454],[82.41658605982745,20.838764927008715],[82.41952462429329,20.835345237681597],[82.42089044710578,20.83030472016794],[82.42825358804505,20.830288703969835],[82.44028432579326,20.834381305216827],[82.444473010063,20.833112462834332],[82.44461867098799,20.82974038744361],[82.44822783859321,20.82870221873439],[82.44996325256811,20.82974948957403],[82.45531884030707,20.826387421891013],[82.46539622560596,20.827770118833804],[82.4697383708723,20.8339234397308],[82.46553428498704,20.840397157866164],[82.465437516668,20.843172316619512],[82.46889924827721,20.84700039788339],[82.46990094617578,20.845767147259814],[82.48203732130987,20.85005717608577],[82.48764302158348,20.860401255336058],[82.486939723361,20.86904221831133],[82.49177352107395,20.877583973634106],[82.49039344648948,20.877606899241353],[82.48923928562256,20.897078430748216],[82.48689791756433,20.905479899284884],[82.48808025588677,20.90866971505584],[82.50206748928952,20.918628846058425],[82.50237618276049,20.916614374998176],[82.50752160335053,20.919189140367923],[82.51691758776032,20.920542812624753],[82.52663707347024,20.93196473616518],[82.54401013623055,20.935391612683404],[82.56013834061964,20.946726216297844],[82.57237884846143,20.971053629174843],[82.5815111396061,20.978528318338714],[82.58978299742216,20.992354146035233],[82.60869429035928,21.008902044549764],[82.60755307331726,21.00973818967969],[82.61234681605,21.013999288318697],[82.61356054779668,21.02284856156243],[82.62934201955406,21.03846090646776],[82.62711867844605,21.04737256179191],[82.61889237240142,21.053510071171576],[82.6182601228331,21.05868951799658],[82.6121426685118,21.068324776709137],[82.61180789694811,21.07368755878482],[82.6139966861553,21.07775198160996],[82.61536790245276,21.076682966696705],[82.62072730893003,21.07847388066107],[82.63065445009933,21.07766036837068],[82.63412968248893,21.082027712091573],[82.63491159497683,21.08660612433819],[82.63731796872229,21.08931203696994],[82.63732300916934,21.090715230455054],[82.63573242966939,21.090495725928207],[82.63742608276335,21.093089923586604],[82.64591370243595,21.09990461779959],[82.64999919094079,21.106368744032892],[82.64854609769674,21.109463161170115],[82.64179947862182,21.111499931080164],[82.63977378933423,21.115250617319106],[82.64124456321966,21.11947288130549],[82.65159116821931,21.126692709935117],[82.65284061428673,21.129470914083324],[82.65155196663862,21.133574718638002],[82.64288161616253,21.135718539950616],[82.63736655679936,21.144642448299557],[82.63705179071708,21.15063427009859],[82.64047106165772,21.154754071474265],[82.65558221414337,21.15703923133274],[82.66414763330947,21.1549002056807],[82.68424017581087,21.160961308387588],[82.68563744325158,21.164876706257814],[82.69309972046896,21.165646783117804],[82.69717949209536,21.16410188973632],[82.69592766639073,21.16060838156044],[82.69960618124094,21.15829732560037],[82.70577326119349,21.158107187324863],[82.710767024604,21.16075390429988],[82.71556168271998,21.16049802887117],[82.72128400408045,21.15757619020782],[82.72108951792312,21.165943499919756],[82.7369293352582,21.165234137367435],[82.74068950876433,21.16347466511383],[82.7449141112724,21.164564856392463],[82.74710956238576,21.163738921873243],[82.75589593836563,21.166907249492773],[82.7578695981303,21.164099787886578],[82.76065321039614,21.16604584587589],[82.76124237317016,21.163641418895235],[82.76597550297741,21.162847554277725],[82.7659692066856,21.1615582083162],[82.76842251021807,21.160981796201224],[82.76776427238862,21.159075605618234],[82.77356325867035,21.155116476602107],[82.77950059718394,21.153487430183944],[82.7808643862106,21.149571036540646],[82.78382956506337,21.148000486547872],[82.78573651952827,21.144773110160028],[82.7897190988308,21.142706608856937],[82.79379389019724,21.14269280703329],[82.79675819229426,21.148554057663787],[82.79643418703927,21.151868333908666],[82.79792921633572,21.151843027521508],[82.80041372374792,21.15584958985658],[82.80448605552711,21.15587527590688],[82.81206424416224,21.160968645330644],[82.82637315438677,21.16375898792622],[82.8287990063025,21.165593207023267],[82.83135702195611,21.16457709466487],[82.84286319837565,21.16762251318983],[82.8472008529639,21.166437094228705],[82.85098242703508,21.168536412934436],[82.85024698888836,21.16128249994588],[82.85304520326918,21.159409134633908],[82.85451566184594,21.161656029331574],[82.85916602806941,21.159572449844354],[82.86431511737908,21.161302489259807],[82.8658700202875,21.163289645309366],[82.87180035733178,21.157387365454834],[82.87264675897563,21.162287006334054],[82.87646486303782,21.16345056955177],[82.87654721519317,21.160816736689988],[82.87861681503018,21.158486064579357],[82.87828243872522,21.15335497226021],[82.88227726745495,21.148333867921345],[82.89403291591039,21.15627742872944],[82.89558408631879,21.16088454105407],[82.90000471739152,21.16360776154594],[82.90220851115892,21.166897786740545],[82.91032199060051,21.1651084034297],[82.91508501005218,21.161861727360872],[82.92630216790211,21.164461254504435],[82.93222097147643,21.163158774438283],[82.93378589329524,21.16392825037384],[82.93529227550023,21.16867621477656],[82.9378006259967,21.169749895356745],[82.9400660145482,21.166255640916734],[82.94008687522575,21.160836245202578],[82.94778625827078,21.161682546248006],[82.94774506332848,21.163981586644123],[82.94266488737755,21.172112376003415],[82.94651344253124,21.175533969260808],[82.9439476959763,21.17775838795777],[82.94692963379903,21.17972008586483],[82.94699713500609,21.181932179631072],[82.94913553681069,21.183808695633363],[82.95926433718488,21.188781083462086],[82.9610912014523,21.19256679545815],[82.96503810057008,21.193180272125264],[82.96753690377169,21.18297686033174],[82.96566258959265,21.175235794059017],[82.96749041595577,21.17474039964734],[82.97010998596924,21.178760709325537],[82.97544519452768,21.18205829211404],[82.97797392779796,21.1824847979381],[82.9833568746272,21.179960556624586],[82.98818933834193,21.18271717196782],[82.99010699084357,21.181737308159303],[82.98066662067559,21.16993071360221],[82.9861776394166,21.16801461853139],[82.98793892038009,21.169759566511882],[82.99329016027306,21.171015214669808],[82.99662667391819,21.169589473879146],[83.00145785933026,21.17047172953992],[83.00338470249557,21.168209466198732],[83.00363634216622,21.166651645230356],[82.99342171944474,21.161792328392888],[82.9925009031594,21.158461404395407],[82.98586783652623,21.150943621672013],[82.99042631138435,21.139762976606665],[82.99383286846881,21.14074354647099],[82.99555414924936,21.13843816541214],[82.99945834245847,21.138808835803196],[83.00165441700264,21.136776631157677],[83.00468802322555,21.136862663676794],[83.01023178196537,21.14247787779473],[83.01015513860365,21.144646409579575],[83.01610187529174,21.146210438315112],[83.020400293265,21.143363872614565],[83.02314167932259,21.13646706231533],[83.02901359982226,21.135028577199687],[83.03348105108758,21.137205806235624],[83.03492063007648,21.13652914840366],[83.03393724164002,21.13183552799958],[83.03875719272114,21.131633087112277],[83.04535581884461,21.12391278704755],[83.05243777362524,21.126175350791847],[83.05613714196645,21.122215325820832],[83.05946447572768,21.12268978526585],[83.06621755099458,21.1206612453228],[83.06861781439946,21.116757436464322],[83.07510391395715,21.113557799265976],[83.07735702074207,21.11396826599012],[83.07791950804375,21.1118525282051],[83.08500286060296,21.112853793881783],[83.09021329855831,21.111037509260964],[83.09452627732401,21.113178888428124],[83.09720154647842,21.110066156531],[83.1013905532433,21.109892370880857],[83.11429009661859,21.11253555359138],[83.11682163712412,21.11062551257393],[83.12170652202727,21.109806380538895],[83.1233379721777,21.106963264224692],[83.13135073250962,21.10575245468633],[83.1387793354803,21.109415711734297],[83.14072216686101,21.11244518782268],[83.13904112880857,21.113237070752746],[83.14771999441528,21.118843465793915],[83.15743514844888,21.130971227332466],[83.16430474868287,21.1351658266328],[83.16702393467484,21.138692246539044],[83.17093264910483,21.136170180875528],[83.17484659981459,21.136685069423955],[83.17808070102572,21.135202832779775],[83.1921762101663,21.13909519423097],[83.19821405129557,21.14534786279452],[83.19667072587451,21.1513327903167],[83.19847205912325,21.153363877075737],[83.19862686489785,21.16416278137468],[83.20472795640629,21.165600553789325],[83.20295545189163,21.177548791836532],[83.20522541735947,21.179338952776522],[83.20943761952336,21.189353216096812],[83.21473140227243,21.194693420931348],[83.21063749565508,21.204942689668147],[83.2128620279291,21.21010626276312],[83.21717002912983,21.21321957384926],[83.21867981774638,21.22079456447056],[83.21769632241039,21.22587366731675],[83.21900721234495,21.22851603154035],[83.22225963110307,21.228631226127064],[83.21726936483397,21.25505043761909],[83.2205770739995,21.25970901322296],[83.22202654703294,21.266048493170597],[83.22973923502566,21.272293968937024],[83.23201994703928,21.272625948874683],[83.23807144795074,21.26951595245504],[83.23944738848827,21.273534347510985],[83.24637821968865,21.281068263424682],[83.25070371737614,21.28229286407296],[83.25594589011556,21.28202857598222],[83.26788096087927,21.277465952317726],[83.27095421604388,21.27243518433145],[83.27502198527972,21.28571819267893],[83.27870848884773,21.289226314267303],[83.27938331766222,21.294865697168095],[83.27640827800258,21.30221146517915],[83.27216200543494,21.30179477398534],[83.26219294348459,21.30774468100118],[83.25761527073051,21.318559605950117],[83.2575999113358,21.32096953736643],[83.26289751731474,21.330121671802043],[83.26664224428959,21.330766486141354],[83.25772024785462,21.33349181966227],[83.25807274407717,21.336178846521115],[83.26880759016284,21.345762273571726],[83.27213176634585,21.359218251017218],[83.27474476877632,21.36419371194248],[83.27417971947943,21.377306410834667],[83.26884265410331,21.378502906719753],[83.28416535983837,21.38024100153041],[83.2861717488221,21.377518156819374],[83.31148390736608,21.370750871977634],[83.32308794804933,21.362310084682708],[83.34396606816503,21.358272420677128],[83.34729720000327,21.35619859111003],[83.34783526750225,21.35366720275291],[83.3547308901334,21.354198181973125],[83.35755900853167,21.35203197733846],[83.36698020505823,21.349276281686404],[83.3698821901257,21.346621191852474],[83.37533271092558,21.346318474118178],[83.3789992135038,21.344465140701434],[83.38560564868204,21.3462089825231],[83.3919509849297,21.342547469326913],[83.40007956325456,21.346299642771136],[83.40690795596984,21.352040503697367],[83.40749379767226,21.360884591577015],[83.39948165627958,21.3642470945074],[83.39668391351428,21.367179587006007],[83.40022813561941,21.37526902706404],[83.39699795465616,21.38763698911679],[83.39869784295648,21.405242141988477],[83.39570947319636,21.40565165014103],[83.3854103917702,21.4152896102149],[83.37827214136735,21.426745972912055],[83.37542954212667,21.428324703711365],[83.37438579408962,21.434185314255913],[83.37136283469947,21.435426812659603],[83.37393636156308,21.44098881278616],[83.37305199711537,21.44296081362263],[83.3539997773748,21.448009851030065],[83.3508637569213,21.46123837232093],[83.34640625000614,21.47113026306859],[83.3451806048022,21.479094710870005],[83.34670771203909,21.48967899686541],[83.34073065092194,21.495085214616697],[83.33800013178436,21.502017817206017],[83.34315317008802,21.509571265167825],[83.34995602010649,21.51309523396169],[83.35216270375413,21.521065928854938],[83.35721086464667,21.528001831799468],[83.35800264692462,21.53766208901973],[83.36142458047182,21.539075869078413],[83.36026290879079,21.54276748641669],[83.3646258877852,21.546963244658325],[83.3662025119572,21.54654523767317],[83.36718708796647,21.54927731520391],[83.36610096549917,21.550730231342612],[83.36956658232198,21.552370702711485],[83.36989922128515,21.556378511950324],[83.3726992951786,21.55801102587714],[83.37202828510242,21.559483145449118],[83.37044806317766,21.55866882190462],[83.37223133579762,21.563257574120435],[83.36760365562836,21.568659951022767],[83.36787061067628,21.57201523897709],[83.36509235775942,21.575996176816577],[83.36906531790186,21.584919663034526],[83.3670183951359,21.58698497895851],[83.36904808102821,21.588902082238814],[83.36785674158662,21.59163696154477],[83.3702877264759,21.59178629461966],[83.36977649884095,21.60042707751559],[83.38046853122016,21.60895757338961],[83.38280601226815,21.614462125541877],[83.38268562364703,21.620242233603808],[83.38932200775851,21.617489846953315],[83.39258414179643,21.627216322379457],[83.39583966153893,21.62710371577837],[83.40265679477041,21.630644468541483],[83.40919440192991,21.637121027550403],[83.41516472119083,21.640722789374163],[83.42769306631763,21.64344766840917],[83.428962242982,21.6471491303488],[83.44315553194457,21.655478434451386],[83.45087806008294,21.650669088492013],[83.44450367681058,21.639210152332865],[83.44303839073325,21.631340089759156],[83.44475030388197,21.63034877928319],[83.44409658457835,21.62392508382091],[83.4525915893009,21.622337165895896],[83.45238702584273,21.612791784627277],[83.45517943531013,21.612335233613205],[83.45622973386222,21.609917952860528],[83.46072580096093,21.607720571081924],[83.46599385236703,21.609416523675083],[83.4710456289786,21.624974858640456],[83.47311898107853,21.627204409195436],[83.4736789818435,21.632417294558135],[83.48733735459713,21.629973520814744],[83.48973523117827,21.63138744802249],[83.48967292582682,21.63478781392832],[83.49205241030083,21.638106400543645],[83.48726761029677,21.63982137621136],[83.48679150409453,21.643297907733523],[83.47111268012972,21.6477886206342],[83.449474999407,21.656604192615237],[83.44382282119889,21.660354734770905],[83.43667495702587,21.669686571630958],[83.43031049744245,21.675082032843214],[83.41814587478427,21.679862390506457],[83.42259308520961,21.687375293546623],[83.4242937568409,21.68711738599682],[83.4232701130999,21.689194956370688],[83.42535883537435,21.69322678986533],[83.4286977888438,21.693853501234024],[83.43217416838203,21.69986273543784],[83.45303953691227,21.694505910689468],[83.46082449706456,21.697633167445748],[83.46241016816981,21.708172957965587],[83.47470916082816,21.71972724104252],[83.47919528447497,21.72963632276146],[83.48265159025986,21.730221226746696],[83.48153533290805,21.733051541941148],[83.48655723245157,21.74426646052636],[83.49067483033794,21.744493567390396],[83.48880259575874,21.748053303601115],[83.47627813764217,21.751653348521028],[83.47700620062037,21.75593375711367],[83.48191299812824,21.76306540962957],[83.4818570851883,21.76590570796352],[83.4766555648088,21.77951913702019],[83.46888663239775,21.78732663065116],[83.47192738471875,21.786819190739987],[83.47219939099354,21.788706538012253],[83.47539694694228,21.791066311288695],[83.47826604199228,21.789768875669708],[83.48500979184821,21.79330750260035],[83.4884820499159,21.799482921853603],[83.48868104471765,21.80151762584502],[83.48723638665413,21.801776949506603],[83.48828064493425,21.807409114628147],[83.49274192207866,21.810923694186915],[83.49398222778807,21.813740510674997],[83.49202641754809,21.81706090679906],[83.493323404257,21.81815724183876],[83.50729516867055,21.807087813437366],[83.52396517755018,21.79856952729664],[83.52842994734438,21.799467368837192],[83.54242521797399,21.798435365250587],[83.54411510083868,21.804853593467392],[83.53878520042528,21.8122062606096],[83.54148268491663,21.821174084053435],[83.53112751717569,21.826823351049814],[83.53208189362175,21.831605813618904],[83.54097523110421,21.838328109011954],[83.55179342378024,21.840945453239716],[83.56274788998655,21.837951841363825],[83.5681143967478,21.833486079704567],[83.57652336262906,21.83141570351087],[83.57884210482024,21.83251464284787],[83.57782785386385,21.837822408319308],[83.58126293695014,21.838464967856783],[83.58703493604413,21.84391803609895],[83.5909167162869,21.851214536987836],[83.57434454112824,21.875035694183858],[83.5762661021997,21.878775136010624],[83.57607416096957,21.882969342593366],[83.58081409012517,21.883947650178538],[83.57780151615805,21.8894998405994],[83.58218674732035,21.89020535298313],[83.58729732405712,21.895829829664144],[83.58536073327268,21.899573630586826],[83.58615565426425,21.90268204335575],[83.59198579322171,21.90445904593175],[83.59514677156875,21.903487654352585],[83.59669478529726,21.90580019059626],[83.59878250056028,21.905377127923526],[83.60303038470555,21.908718181161447],[83.60574219103746,21.914087656654992],[83.60147681579531,21.917898022855994],[83.59999867033464,21.92200697556724],[83.59048471916174,21.92963759275924],[83.55684876400854,21.935278998983932],[83.55878900285136,21.94520120466386],[83.56168958654698,21.94804882138668],[83.54216818122511,21.962048539524567],[83.53793408082954,21.969317423333614],[83.53868438878915,21.972482296506904],[83.53728584124916,21.97789351090996],[83.54367364984346,21.987552254765554],[83.54337408684903,21.99430596675141],[83.55556616471723,22.006976831772892],[83.5402523981176,22.01974102413938],[83.53648446316737,22.028254941318753],[83.53708941203588,22.044478766114583],[83.54386704454771,22.056907000629977],[83.54838355730226,22.059055239902083],[83.54722945662247,22.05673053839835],[83.55047888848227,22.05328858375384],[83.5539217608604,22.052916629470975],[83.55442264888642,22.054305586392204],[83.55749709791203,22.053653038771667],[83.55813289043581,22.054780827096373],[83.58190692121103,22.054521696751866],[83.58320232239346,22.050163518915216],[83.58683881315635,22.048669395933405],[83.59000710917968,22.054388635799317],[83.59333902973877,22.055107735604377],[83.59629873695313,22.05782675219499],[83.60164998942251,22.058709593808743],[83.60353274866358,22.063770245550703],[83.60660580979207,22.06662680967778],[83.59376420954925,22.073188038007384],[83.5748247598179,22.090606188763076],[83.56337205651394,22.095089652335908],[83.5619109089751,22.098622164238115],[83.56403591240723,22.105226735364994],[83.57604794184135,22.12084113916085],[83.58334105910426,22.125009365842406],[83.59379238969973,22.14023375005469],[83.60783829297199,22.153687209731824],[83.61346370587621,22.177644011735946],[83.6273875415761,22.203726541375374],[83.64964634802895,22.22328513864336],[83.65544272560311,22.219984552842163],[83.66460717014674,22.228736430286727],[83.66589999316429,22.232674661567046],[83.69118056873957,22.242671112507583],[83.69160812908555,22.244069617598225],[83.70408103109139,22.246660381370326],[83.71319910100678,22.242662591595746],[83.7213388669502,22.2429895338215],[83.72834329802012,22.241280930696213],[83.72962712710503,22.24276875290735],[83.74449799372691,22.239579612197634],[83.75788786543201,22.240285167111214],[83.75781374364131,22.247083477506173],[83.7598478204987,22.251153363284935],[83.76659047261334,22.255574340357054],[83.7730308110922,22.25565292120965],[83.77571748525742,22.25729005204217],[83.77686292707618,22.26124744746455],[83.77537627995969,22.26160594872796],[83.77485889796674,22.2647181362074],[83.77695688187177,22.266417150790904],[83.77678325549363,22.26980096003922],[83.77989188900905,22.273774752931487],[83.78594102645303,22.274039121569864],[83.79236359086563,22.27642232795759],[83.79617819059992,22.282417874808704],[83.79498373849587,22.285895638128288],[83.80291720363935,22.29009979505432],[83.80940282798832,22.28890092873264],[83.81704439815664,22.290824477701758],[83.81919783236921,22.289513042603996],[83.81998787820372,22.29123872037955],[83.82649908836858,22.29276961734809],[83.82740632212682,22.293820724796102],[83.82299127947348,22.30122464217804],[83.82614460327599,22.30545129284455],[83.8216442934342,22.312799990216057],[83.82756529069444,22.318276763732577],[83.83007986471922,22.323605605734937],[83.83572925186176,22.3225008639461],[83.85105707979054,22.326452556768476],[83.85355485352287,22.3374726184225],[83.85923593682189,22.338340178929634],[83.86421789636958,22.343296202898372],[83.86946112732436,22.341202213056278],[83.87220660790305,22.33772656079399],[83.87935136749844,22.335333040794815],[83.88302273625055,22.33666272112816],[83.8904768756298,22.336494713996284],[83.90145946179946,22.339309051868867],[83.90258326050808,22.34686388512447],[83.906258589034,22.35093827622525],[83.92342713774349,22.358360623201637],[83.93283456219841,22.3539093620863],[83.94281658953325,22.35469765464009],[83.94754317062208,22.356515225617095],[83.94820426509416,22.35834142880387],[83.95408265166724,22.362151906873226],[83.95767760702634,22.362481947404593],[83.970972489975,22.359004851088216],[83.97746922648399,22.36392842548666],[83.98007674559797,22.364279459772913],[83.98267094359458,22.367279213661508],[83.99282931291464,22.36961203288237],[83.99681629845361,22.37193803947521],[84.00592864160909,22.373632517123248],[84.0104383271675,22.371535451923382],[84.00652519392467,22.38215639715871],[84.01332843920186,22.39422228378061],[84.01353215375211,22.39737247174643],[84.020206342564,22.408507813723865],[84.02361547152513,22.409400632392995],[84.02483161435005,22.41545334392904],[84.03041990437515,22.420036349417842],[84.03048381771097,22.42659228468664],[84.03894109229327,22.429650219374757],[84.04186650632165,22.434938504360378],[84.04739456790024,22.438186737337873],[84.04504234010855,22.45281608904672],[84.04654326414986,22.455306659009647],[84.04556936102449,22.462558444521893],[84.04739541950312,22.4691756769261],[84.0408934512059,22.47305903890467],[84.0267494878372,22.47527856759523],[84.0175708319458,22.489205261369076],[84.00262415919207,22.49337219133979],[83.9978981117025,22.497663879989656],[83.98773284871096,22.49922779324443],[83.98385010816912,22.501966322438207],[83.98008482145237,22.50234620354152],[83.98009702686213,22.506560519801457],[83.97461979196234,22.512081867725044],[83.97738291994474,22.515922624267663],[83.98101622348503,22.516020555256542],[83.98016118184478,22.520196748788152],[83.98176356071596,22.52284750569702],[83.99497138074393,22.528463297332298],[83.99719694158897,22.531075973640114],[84.00283324027781,22.53217703808155],[84.00397307391425,22.527987035909433],[84.00912746777568,22.526052383891994],[84.0120248301127,22.527377743232865],[84.00960042268792,22.528083926948288],[84.00998536785517,22.53173848144527],[84.00281444033556,22.545959915776116],[84.00699111772317,22.551029276936195],[84.0094739551673,22.573104553773465],[84.02321990108472,22.585803444912337],[84.02440169862135,22.591859322205305],[84.0329041728355,22.592105970503077],[84.04148354912614,22.59525950291273],[84.05274528946528,22.595870232424364],[84.05761253055795,22.605359127709868],[84.06481908077015,22.61193673914306],[84.06956573201904,22.620486272342774],[84.08398421964023,22.63817298754026],[84.09482873025915,22.635191488463033],[84.10453056048046,22.637233700249674],[84.1106776789691,22.64075707457128],[84.12276030071317,22.638677964635722],[84.12385072521239,22.637131639340186],[84.14002228768695,22.638476568486283],[84.15243506185752,22.63685784540541],[84.15623970466517,22.638590752343227],[84.16324272268515,22.645485168869946],[84.17265028188741,22.649758595016184],[84.18010108312706,22.651163316676975],[84.18799716757495,22.65528493538895],[84.19220546116898,22.660529132932602],[84.19653289742088,22.66229313545771],[84.20015506724151,22.666514850967463],[84.20786884399239,22.66843582896112],[84.21271010311206,22.668065393649936],[84.21225473272152,22.66578977431178],[84.21372884923812,22.665566111202548],[84.22027279131699,22.667262675380012],[84.2334303110789,22.680813830778334],[84.23404998333496,22.68598132361355],[84.2380787441279,22.691900681854456],[84.23289610184408,22.700390726548893],[84.2344012120346,22.704950666805725],[84.23395023081252,22.71157522720601],[84.23205403187652,22.725610756013477],[84.22975205674015,22.728015985426524],[84.22954066698411,22.736876912178182],[84.23183011691047,22.741890303632342],[84.24223029473872,22.748377612740057],[84.24309785979236,22.752240355545926],[84.25553372695396,22.760158961043093],[84.25983516236825,22.767692668121683],[84.27600279112018,22.7691902838522],[84.28554391004224,22.763942540666243],[84.28933310811522,22.766285621991564],[84.28982602359306,22.771432861504223],[84.29220481816095,22.77576846722943],[84.29111142652638,22.783440981306505],[84.29790640011645,22.794331864554614],[84.2993051407942,22.795945424350116],[84.30574496094513,22.79712944283882],[84.30790745107407,22.80115135558066],[84.31506454813157,22.800711239794353],[84.3156916476584,22.811978858497458],[84.3223945717796,22.82108332891612],[84.32529406042889,22.8350359825774],[84.3251641631405,22.83770503712421],[84.32171131586942,22.83780325766384],[84.32296087692124,22.848074866517667],[84.3241858169477,22.85100062706853],[84.33358327549287,22.860626862326],[84.33598967888274,22.86217273555967],[84.33817767936912,22.860403432044137],[84.34405352999812,22.85963261904679],[84.34834070645393,22.86064928455013],[84.35281229895271,22.865449430197994],[84.360408563488,22.861210796659055],[84.37246861236564,22.865322016686058],[84.3732462542627,22.872282310888743],[84.38056942017184,22.877242756080783],[84.37915371121667,22.883832452754046],[84.38311729294757,22.893485796745857],[84.38238404219857,22.896577226873546],[84.37564507137996,22.900752584744136],[84.3751540603305,22.904562362349143],[84.37751005655478,22.909690458582546],[84.38315951466424,22.91398289700767],[84.38894007919443,22.91488100431961],[84.39367835994149,22.92060107998147],[84.39636994160314,22.927346099864188],[84.39583231427862,22.939216151167006],[84.39287941898907,22.945470038095003],[84.38366826474562,22.95268434490165],[84.3821703850948,22.96845964040047],[84.37855063353886,22.975117708028403],[84.37410902949924,22.979134681318406],[84.37280657115195,22.979342639017673],[84.36982460009158,22.975820261269877],[84.36496584089183,22.974291859555493],[84.35103823406442,22.978182957584362],[84.34372462892483,22.976198796482695],[84.33951890271587,22.980047057566107],[84.32807368058162,22.981958839798164],[84.31963777602161,22.97745784583566],[84.32068637406286,22.97488368821439],[84.31288183602727,22.971914054017198],[84.30760085337265,22.967492085189225],[84.28412534983434,22.963448268860155],[84.28050313330132,22.964031097914603],[84.27874222693528,22.966965371171476],[84.27909488126133,22.97105479754825],[84.27704425474144,22.971820955881476],[84.27396616933558,22.981236366653757],[84.27440878275078,22.985684404890986],[84.27697754584845,22.98557426780512],[84.27882780943243,22.987497399856046],[84.27831640033781,22.98880187204732],[84.2802896810134,22.98959320187361],[84.27739070170887,22.992975765127504],[84.27293346069506,22.989588906605313],[84.27078670365998,22.98971154084505],[84.26783620238068,22.985253906465847],[84.2688444427095,22.984045931767753],[84.26643943530158,22.9837048346579],[84.26396941591825,22.97997891476125],[84.26188566042902,22.97942792398609],[84.26116708455854,22.97694524612733],[84.25351677827406,22.972297790055208],[84.25140817448576,22.97195886248113],[84.24917610534646,22.975637095674717],[84.24572772180407,22.97686753863458],[84.24254442840704,22.98337596313489],[84.2347752273998,22.982027008068883],[84.23031729288658,22.98338660173175],[84.21918319326785,22.97881777742111],[84.21676207727029,22.989239637322576],[84.21205891526091,22.993545105913682],[84.20784031888886,23.000634041826515],[84.20394143202812,23.001913555542373],[84.20036448160224,23.00615796355908],[84.20086973274559,23.01060286317274],[84.20327710721426,23.013986629636477],[84.20164030040978,23.021123259004966],[84.19671059945543,23.02426705326711],[84.18576980470945,23.027148406956908],[84.18415984046396,23.02560030129669],[84.1820620479001,23.026893188816565],[84.18081090671174,23.02616389332112],[84.17915267418942,23.021739172899963],[84.18054056950676,23.017161066065682],[84.17843612132495,23.01215839973911],[84.17542870997573,23.009870308633776],[84.17932930273723,23.001137475613618],[84.17506493720145,22.996730404436754],[84.17668678256483,22.990914675124444],[84.17640098804877,22.984309031218757],[84.17862881444496,22.981716948720262],[84.17828193359128,22.979852419393787],[84.17182727956009,22.97043174953306],[84.14946053423759,22.965434004204027],[84.14665901225992,22.978103408163484],[84.14796234197306,22.98588250636514],[84.14692434225552,22.990528481305752],[84.13835660363938,23.003464039151865],[84.14011585171536,23.009667893156802],[84.13391858477598,23.020265182967425],[84.13095022588712,23.022356633342106],[84.12535615520316,23.03697614637833],[84.12710636173583,23.0449546920429],[84.12475955707353,23.045398469821194],[84.1245169463698,23.04788836921881],[84.12625154557274,23.058250837644778],[84.13254810599537,23.065418218267514],[84.13389967613759,23.068999057044202],[84.13342901552258,23.083145795919922],[84.12680387292853,23.089300056705937],[84.12098169663776,23.0879560967805],[84.11536549865171,23.090077754983174],[84.11277036461055,23.093239092751535],[84.1129744483684,23.096729520373266],[84.10904098535235,23.097845292640002],[84.10587828403659,23.104853314954532],[84.10094657265265,23.106326424909767],[84.09793678436121,23.109233386637637],[84.0920937716474,23.11060845588025],[84.0934758404918,23.112477751701526],[84.0822638497514,23.112228504508888],[84.07308226894543,23.109037295813618],[84.06656383902063,23.110491367432672],[84.0625546525177,23.113464328116905],[84.0586833115968,23.12192753355475],[84.05826854415875,23.126228793140385],[84.04915058204121,23.134908264654914],[84.04481795801856,23.13485772786577],[84.03743837611297,23.1399337131614],[84.03665954843969,23.148225536973722],[84.03239743228539,23.154367346286467],[84.03236371132625,23.160539861632774],[84.04000188137125,23.174290591860313],[84.04290464707468,23.182703519336386],[84.05518451909225,23.192014990784454],[84.05827735842834,23.199294348523363],[84.06204655910479,23.202329946126884],[84.06332461202246,23.20607322324008],[84.05575633629645,23.22009312368451],[84.0590498628603,23.236041671267007],[84.05379785536518,23.24380170930127],[84.05370364993964,23.247353941976655],[84.05977223321456,23.269384634877742],[84.06410440718123,23.274339694927875],[84.06245307641525,23.288490001682472],[84.06321756068836,23.290367124029956],[84.06579583604656,23.290730548361353],[84.06745771303396,23.294202457595283],[84.06162678625401,23.30736988694462],[84.07292994072438,23.329126238745364],[84.07425965665233,23.32942190614059],[84.07472554451823,23.33332629388237],[84.06842930120087,23.338341184394313],[84.06655319128956,23.344109660458845],[84.06003799889304,23.350320384646107],[84.05377597599811,23.352640998760595],[84.05161900601658,23.35957653263365],[84.05322660230294,23.36379430871765],[84.0523587596699,23.367285034701773],[84.04724998405523,23.370594524704174],[84.05010689345836,23.37225492067481],[84.05096010343377,23.37456175640953],[84.03623201234821,23.378563646309818],[84.02310467777647,23.37800606259932],[84.01525477751397,23.3688227635488],[84.01169228726924,23.353746868114413],[84.00568119437588,23.35392514127998],[84.00256905204095,23.35740131210031],[83.9968261466841,23.35880519472482],[83.98950230883513,23.356885958950475],[83.97456665840991,23.362941845988548],[83.96925751985934,23.36687292687869],[83.96336686140118,23.37744335429331],[83.96231531239421,23.385400324564767],[83.97033812846746,23.394378932902875],[83.97280715431404,23.39994224038955],[83.97144807874767,23.4009317760314],[83.97212437540931,23.402728183304365],[83.97506460894496,23.40318685872808],[83.97715930681267,23.41092372211128],[83.98013504176834,23.41271415982594],[83.9781257377515,23.414309161092866],[83.98166800152931,23.422327063764264],[83.97255991908325,23.45503200287389],[83.9709766276152,23.466976452031734],[83.97615382610842,23.475884640354533],[83.9979683348049,23.486341719747095],[84.00107834992923,23.49398549197145],[84.00075348768146,23.496983524088016],[84.00526051961651,23.497897988875156],[84.01461463804253,23.503555494544408],[84.01513365407097,23.509051927122123],[84.01855384219152,23.517451609091903],[84.01743818940588,23.522660679175097],[84.0215566146406,23.52772976564296],[84.02081483887957,23.531028676530767],[84.02311425471571,23.53346359837175],[84.02802633521576,23.545656300460713],[84.02650780329654,23.553000633451703],[84.0243461998048,23.55561777743612],[84.02641191802142,23.556819982973607],[84.02950481934128,23.566452469849985],[84.02801538565076,23.577821894079843],[84.02974100709073,23.5858150267806],[84.0281187242478,23.5937641999785],[84.03002988911643,23.600045030114046],[84.02847980387287,23.602377301506323],[84.02083405025024,23.604468737518154],[84.01669902774235,23.608468312244423],[84.01105577160162,23.620659783534702],[84.00767747012611,23.622348281342823],[84.00867010582014,23.627907142563096],[84.01390364485133,23.63026244998635],[84.01656153699483,23.63442871038149],[83.99710613628679,23.634531317790994],[83.98733180124225,23.63234725793788],[83.9806206278918,23.633705656696975],[83.97948000373786,23.6287742512129],[83.98042008798775,23.62493926697069],[83.97547461531198,23.62576332741792],[83.97345694258998,23.62406357011247],[83.97271771534943,23.6259712239654],[83.96932091576556,23.626744065841457],[83.96131469966049,23.62523375852036],[83.94772449825713,23.626753560961557],[83.94249118110982,23.62604579198378],[83.93187719975235,23.62046688118928],[83.93052689533638,23.618310558758793],[83.9306219092457,23.61129181268752],[83.93378713752232,23.60741097511315],[83.9329616145223,23.600807225620056],[83.93908911829672,23.59036118749666],[83.93800582462421,23.58430281292798],[83.93977527127365,23.570910040137232],[83.93766469478497,23.56904559312921],[83.91876497574201,23.576414239266185],[83.90853685942665,23.576301190983212],[83.90014321880413,23.580203535771506],[83.89936563619588,23.582461939262448],[83.89442553005561,23.582706153993016],[83.88803589698298,23.578815252765466],[83.85302469658826,23.587105974606033],[83.84465362523898,23.58670139016199],[83.83857643430699,23.589447116054505],[83.82584632038083,23.590766342687488],[83.81534551956268,23.59625385669084],[83.81202541634117,23.58900324174013],[83.8071953601114,23.587523361980743],[83.8053904740257,23.588875800675368],[83.80435071720345,23.595423331247062],[83.80061582498433,23.602068547393273],[83.79448971539524,23.605154324723518],[83.7898419776423,23.604616050827733],[83.775292268616,23.609006171930996],[83.77245393637294,23.610950244735537],[83.77634396584499,23.617644980927647],[83.77511133084975,23.62199546403053],[83.77232437415614,23.62383231615551],[83.75942131657148,23.626062490216725],[83.75189167379257,23.63871725873601],[83.75318538524397,23.643445208098033],[83.76054739071272,23.647948342706645],[83.76109615804506,23.651514824975745],[83.74620696309645,23.663040639924663],[83.73882530518422,23.666819168732328],[83.72997923705204,23.67588985684916],[83.72283233497467,23.685916081925004],[83.72299509263618,23.688815854442133],[83.73208846427114,23.695053395538267],[83.73504286064556,23.700357955816933],[83.74208845162347,23.703880995642365],[83.74604055737659,23.71954646115311],[83.73944888421342,23.7343671136501],[83.7377086840147,23.760541098710053],[83.73408444627229,23.76475020369346],[83.72427852646237,23.76877396964608],[83.7215622501136,23.771540266969275],[83.72259557230343,23.786629811049483],[83.71263220746863,23.8007273405302],[83.70510908017052,23.80392306335143],[83.70436336439863,23.806658922321024],[83.70761114156167,23.817465046377595],[83.7053201159903,23.820808402102383],[83.7025671677167,23.82302316542537],[83.6914663138483,23.826466185860816],[83.68870217076959,23.8256309064838],[83.68525599438784,23.820378015709995],[83.68278904544617,23.819431672110625],[83.67866059141961,23.821733591144664],[83.67431334372245,23.827224551487262],[83.6644641412855,23.827706175751032],[83.66332419805458,23.83124525233062],[83.66846093013922,23.836715594065687],[83.66652999514778,23.84433360303195],[83.65946758770774,23.84931408865809],[83.6546154383119,23.849948415167145],[83.64335285175974,23.846978595354535],[83.61805968539744,23.855536833471426],[83.61026163589312,23.854021058278487],[83.58967309848906,23.8633635224268],[83.5823892114157,23.86356274436575],[83.57463155375984,23.861261089742445],[83.5711641376115,23.862185231071756],[83.56890923778928,23.866230700324206],[83.5694605841848,23.869129855919752],[83.57439269262413,23.873317566318818],[83.58133621432451,23.875637269792346],[83.58350555500581,23.877832588755282],[83.58600811136871,23.88266063357316],[83.58573195577566,23.88645259002758],[83.57630836523887,23.892963999306136],[83.57040040343168,23.894501203562474],[83.5591284582309,23.89295012288456],[83.55553603342597,23.894854359747765],[83.55341841414547,23.898117768508254],[83.54689364480973,23.91435397239757],[83.54921659021808,23.931068500793625],[83.54736459737718,23.937594355107862],[83.54134775526602,23.943494118947235],[83.53533549815603,23.95250600379427],[83.52646220927409,23.960550631020492],[83.52257609645667,23.97037675212108],[83.5152778498135,23.980738603976075],[83.51546934817422,23.990034645931843],[83.51377591876076,23.996401060892918],[83.51518873424239,23.999356052046668],[83.52290416119843,24.006411058392455],[83.52387821524079,24.011427130537253],[83.51614617933345,24.02248968710122],[83.51569460522329,24.027215443705277],[83.50824031223213,24.031204265390656],[83.49984291755003,24.032645150352344],[83.49246365634295,24.03673398962576],[83.47922688720669,24.04093127340586],[83.45571988424295,24.041371547581935],[83.45146746180886,24.042779431169237],[83.44709810836918,24.049858370142857],[83.43726292414225,24.058839393758948],[83.43794433670944,24.075065124685814],[83.43418269176286,24.08425038919416],[83.43163897100038,24.085986109525347],[83.4264613880282,24.08632505419561],[83.42120024825991,24.082768773077216],[83.40661984739359,24.08049230417376],[83.40304747747737,24.08527023997873],[83.40092212460057,24.092202433956135],[83.38780727032308,24.10002287346732],[83.36421816673224,24.103333092587587],[83.34851307513021,24.096207146442055],[83.3298774625774,24.101694597944302],[83.32146512172561,24.106034099879945],[83.31476096242089,24.090989624211737],[83.31114677952145,24.0880333464244],[83.3056178968827,24.07965422810771],[83.29946901769611,24.078945906285753],[83.2947443643919,24.07173127882665],[83.28741824122883,24.055128238346736],[83.28212606556579,24.04975108276975],[83.28401512738688,24.03954424708744],[83.28346233560208,24.03243693228034],[83.27912303619851,24.018291441548662],[83.27502242006432,24.019193432993546],[83.27276350117953,24.018190818462035],[83.26364687216183,24.009256271400627],[83.25977277790459,24.009483161829827],[83.25768848522281,24.013126430841133],[83.2518924930259,24.014930593921946],[83.24259904232265,24.01160230351138],[83.24115225884519,24.00531276276843],[83.24244429673519,23.997194716627984],[83.23366761088225,23.99609026768962],[83.23144456172675,23.993993482173792],[83.23050879208517,23.988784791282868],[83.22362219213274,23.986664108392652],[83.22334362007156,23.984230024415353],[83.22691991023571,23.977898154825223],[83.219679606725,23.9729612841624],[83.21862364968493,23.96899237723501],[83.22283302485059,23.962211548066872],[83.22313969351893,23.95816179692925],[83.21995303323622,23.95272143847761],[83.22003716315753,23.94886803328737],[83.21552926165327,23.94552925072833],[83.21600354158056,23.93792074807504],[83.21194215217986,23.93575761446967],[83.20846945034441,23.930584409363895],[83.20382781574548,23.928694694700482],[83.20795248786469,23.92425132340047],[83.20792950177321,23.92141101202277],[83.19844559385666,23.914080269578232],[83.19465370173616,23.91435101526678],[83.19318304463168,23.916943648158025],[83.18977364887093,23.91736315828167],[83.1880369736614,23.914541094338997],[83.18130133379583,23.915111535175924],[83.17827975331966,23.912178700695126],[83.17468484646956,23.91231832043729],[83.1711996894927,23.90778873884707],[83.16476750142844,23.907682858125174],[83.16368563428063,23.90879055106065],[83.15948716017091,23.90740109136944],[83.1542266429351,23.904058105016958],[83.15278231275668,23.899486108272665],[83.15384819528235,23.896750877836272],[83.1482318859052,23.893306425716986],[83.14759629460403,23.888999972837965],[83.14149377567263,23.884935825545384],[83.12569563208189,23.882805951190246],[83.1116759533277,23.87907249792881],[83.09776482429753,23.873255418921566],[83.08189988557551,23.8704757597173],[83.07505899190477,23.87013398182365],[83.07116308295917,23.874228926070597],[83.06214099084536,23.873953018149503],[83.05248889135817,23.87954651622334],[83.01872316198575,23.87948159870764],[83.00125782607606,23.876805255403237],[83.00163705705975,23.87365216121544],[82.99723413267962,23.87260401169263],[82.98285100723959,23.874177038228403],[82.97458773552101,23.871648284507554],[82.9478909605104,23.87143842218992],[82.93663647227056,23.877084448730184],[82.93066324516306,23.889473323143037],[82.92723170593055,23.892307005166828],[82.91170993622347,23.89751367940428],[82.90516923796113,23.8979033235481],[82.88472410581238,23.908856083751417],[82.87726351024118,23.917801739659335],[82.8652347685495,23.926413118407627],[82.86111909754943,23.938943275445684],[82.85829148400435,23.939275537890964],[82.85335905306985,23.945489277930683],[82.84865920045402,23.945366953933775],[82.84112950467453,23.950678138251888],[82.83700000950054,23.95682054058158],[82.8336325255377,23.95751174856707],[82.82761573552881,23.962193142831502],[82.81259098031224,23.959911763966883],[82.8103128213107,23.962879981157148],[82.80168855171372,23.961692766675718],[82.79834740006679,23.95084991297337],[82.78999671957611,23.946040350228103],[82.78696141553732,23.9416789500996],[82.78104634446296,23.938404021327578],[82.77660192600153,23.936709549913072],[82.77032357622632,23.93703273808521],[82.76198816260387,23.933870514286834],[82.75444058765531,23.934229817799757],[82.75606992317158,23.925076607421808],[82.75523909382316,23.921750757567477],[82.75236345993623,23.919831502892063],[82.71498105483947,23.92143002826497],[82.70989002544327,23.923938417524084],[82.69891076304015,23.92496704906827],[82.69346273416687,23.9204214967903],[82.6888708608448,23.920700205085584],[82.68435976852467,23.910350655004166],[82.67612550520323,23.909227081361756],[82.67464162310115,23.90678522463947],[82.67112545628066,23.905833733023467],[82.66157040898014,23.907682649530354],[82.65103863784422,23.88951866933177],[82.65121488640465,23.88679643657912],[82.66372178964399,23.8772186627286],[82.6684279529247,23.871831676352386],[82.6644585519074,23.86259166103391],[82.66020269251905,23.862877055477405],[82.66154111671536,23.856971881587913],[82.66044605421435,23.855184394863493],[82.65155196394369,23.855524693945355],[82.65055587512572,23.856888212927743],[82.65284849969828,23.858833617505194],[82.64956004951412,23.860292330544567],[82.64680615800947,23.859182162731784],[82.64719331393063,23.856012928585404],[82.6450776637572,23.855150952741567],[82.64715854823079,23.85372857872022],[82.64712336211944,23.8487627124497],[82.64242101398375,23.84698009810618],[82.63811667790938,23.848023319870876],[82.63671755634596,23.844520146742614],[82.63914673921475,23.841693933673145],[82.63531820301716,23.837748508243738],[82.62951720989906,23.838832243104722],[82.60754055798873,23.833332573391633],[82.6022212181698,23.830338763844193],[82.5999350030768,23.826573305652378],[82.58860036535064,23.821478575492055],[82.58359033434866,23.820745976412233],[82.58178868938448,23.823052350815182],[82.57919780796792,23.822446705173597],[82.57774466801149,23.82426558696236],[82.573176057462,23.824101560192293],[82.56935482456768,23.820339564818966],[82.56474186778588,23.820784745215835],[82.56320006680586,23.82288789518724],[82.55423274048337,23.82623822350693],[82.54671957101014,23.826234549435096],[82.5474725676274,23.822591752579704],[82.5330553610038,23.822186505479156],[82.53353269610136,23.82027257959061],[82.53832208200498,23.820234832124147],[82.5394711350512,23.81902552923989],[82.53877604024389,23.816406763890136],[82.54842287650185,23.80858835375121],[82.55145540384808,23.790680790727176],[82.5417899751587,23.79152909886641],[82.5381085740215,23.79428987760694],[82.53546652815959,23.7908392949104],[82.52337858569409,23.783716858309532],[82.51095029043202,23.786055655276446],[82.49738473161354,23.784940123117032],[82.48890699700233,23.789989268428716],[82.48415695281659,23.800385044253872],[82.48269124273442,23.80201128626962],[82.47916876974064,23.80249667389743],[82.47903913925185,23.805990972056875],[82.46578831956623,23.812061329581734],[82.45038721965297,23.81254588328117],[82.44354805523913,23.805579959374036],[82.4380705176071,23.805007373311547],[82.43732222546701,23.803831891059318],[82.43429536379524,23.80503923307364],[82.4201593181775,23.804402870569238],[82.39346207065309,23.799938896369536],[82.3928492543393,23.803279650038736],[82.39059739800923,23.805239230077902],[82.37393599948163,23.812029909586418],[82.36624907696785,23.810048704540705],[82.3610729106389,23.81093615106728],[82.36055269176627,23.809034396313287],[82.34973434637664,23.804549472611537],[82.3394491385317,23.808658493583085],[82.33463870689766,23.802584286630452],[82.33084474505871,23.806194799214357],[82.314752889201,23.8127397139523],[82.308801784904,23.81118103099174],[82.30308683961036,23.812702159071794],[82.30213719189597,23.808391226940522],[82.29610880823002,23.807998114823068],[82.28162372580184,23.817020848167846],[82.26957226661496,23.81802971115644],[82.26059340772082,23.821277257415005],[82.25557182079105,23.817571557241113],[82.25011206890328,23.815720729432105],[82.2432960235316,23.8085550533031],[82.23726029613822,23.80535327289395],[82.2317961299292,23.805350650248098],[82.22702758494017,23.808328540499453],[82.22549185926641,23.820120122755096],[82.20629550663517,23.82744730633147],[82.20808913233878,23.83496481850416],[82.2119508136754,23.835882912327868],[82.21530250705221,23.84105497449946],[82.21184138989067,23.85196854515571],[82.20961334250892,23.850847570991377],[82.20952558968204,23.85277590000736],[82.20285008124499,23.849634383859268],[82.19907153269969,23.84942195120918],[82.19562869984743,23.84291117355637],[82.18885629373392,23.842623575012656],[82.18620071475226,23.838702411599346],[82.18083511079791,23.836316032823266],[82.1785447481832,23.821650505399152],[82.17144568229303,23.818275886016472],[82.16180776181429,23.821601073365652],[82.14360669131388,23.816365325333607],[82.12851140038121,23.819828630953847],[82.12154110439378,23.822950674032974],[82.11478492454926,23.81793737522649],[82.10489827763632,23.81959875118929],[82.09363620492053,23.81656868502771],[82.09248407424614,23.81761421169253],[82.08166616543772,23.81637065071854],[82.07602032574226,23.81956149331875],[82.07073384899137,23.817962209461932],[82.06018630882896,23.820076635005123],[82.05271074732512,23.819458337028546],[82.0524242152922,23.82167978478117],[82.04775540216438,23.82510479329635],[82.03840009167403,23.826874936694725],[82.03874057382797,23.83316798288652],[82.04085079638043,23.83295691112943],[82.04125126174081,23.8369104042421],[82.04403511475513,23.838869376298078],[82.04416461408988,23.841683342498012],[82.03333222084582,23.847192604596483],[82.01994621369307,23.849420754946117],[82.0174334084511,23.85099022207222],[82.01690653935043,23.853857413386706],[82.00751638680346,23.861789002426143],[81.99966857332737,23.862879908629996],[81.98892901557802,23.860454090912775],[81.98597606099966,23.861951925854566],[81.98169482330623,23.86092112941376],[81.97719474522978,23.856274244286105],[81.97031873461792,23.857262700847187],[81.96538957355106,23.855942971275155],[81.96357190443888,23.85364162985154],[81.96025013484251,23.855562058969163],[81.95778401414753,23.85231755250949],[81.955541638637,23.853447306547544],[81.95415477728056,23.85714990395924],[81.94991358468585,23.856682503519274],[81.94606650636248,23.858806102163744],[81.94690261331317,23.861925177662943],[81.93846974865207,23.86238025106903],[81.93821532061078,23.864127475414595],[81.94044962565683,23.865625326203585],[81.93963089392035,23.867783600498626],[81.92891589880583,23.87075362440679],[81.92044285250208,23.87064792941551],[81.92038277497252,23.86735241134791],[81.91613895390728,23.85953909499639],[81.9104246823501,23.857256140694094],[81.90864127947442,23.85111228538144],[81.9062702661135,23.849957146372944],[81.90607790447184,23.846097278220284],[81.90198430058672,23.844897185437183],[81.89873444112885,23.840757881617375],[81.89221668583883,23.840551083370666],[81.88814262480274,23.835580952188426],[81.86769751960344,23.834177555185434],[81.86626257681971,23.82871789996699],[81.86305573229092,23.824489289453663],[81.85632265801382,23.82288548409238],[81.85039948144068,23.823728836974404],[81.84667038515178,23.821854577516923],[81.83818595090518,23.8211349681054],[81.8365179276446,23.82001498966877],[81.83686242616615,23.81622735505355],[81.82914414616076,23.815060448229058],[81.82749099001815,23.813841110202116],[81.82736941472254,23.81063572233875],[81.82280152102867,23.80775385351952],[81.81498121845814,23.806481829225742],[81.80872716721301,23.81345025244729],[81.7958898860701,23.81492033734427],[81.79311075280425,23.809943958611875],[81.7911042191918,23.809378517342488],[81.78244065997923,23.81381575413495],[81.77314288927776,23.81643075769835],[81.76210874340407,23.823637756658943],[81.75449373462202,23.830778595823602],[81.74284091272393,23.833800202651616],[81.73734131785841,23.839211990966366],[81.73221633843268,23.84089020809952],[81.72844927844156,23.83905504950034],[81.72545994658576,23.839855001838238],[81.72503026621567,23.844659683379238],[81.72967201669726,23.848972279575754],[81.73196389207492,23.85670891430944],[81.7282867705117,23.859472463563467],[81.72400996690249,23.859727917142834],[81.720183382744,23.862241730848346],[81.70747689181489,23.86116325402095],[81.70726875036691,23.86508521823341],[81.70972797200052,23.871279663230162],[81.70769035128934,23.87422497817262],[81.70382171070418,23.87595784162564],[81.70729638164677,23.882390038371128],[81.70263299613985,23.886223220220593],[81.69042338046236,23.884793745755278],[81.6875307522469,23.906508808814646],[81.68254668345493,23.91142865948207],[81.67229659704266,23.913418260902382],[81.67170457942265,23.919585098133446],[81.66856878175136,23.924992643676386],[81.66237079795641,23.924304648664428],[81.65776913389605,23.916373605472714],[81.63845518460757,23.910858212241017],[81.63643755410641,23.907620416807777],[81.63217055021862,23.905851126302352],[81.62074810666506,23.90675750104119],[81.60900453426198,23.90323451405569],[81.60834534242167,23.901514792577647],[81.61045957415524,23.898796658446393],[81.61155498789755,23.892317122397596],[81.60373229041846,23.88474054136121],[81.60422195848658,23.881781413126966],[81.62219388223276,23.870268402647085],[81.61424668813679,23.861729113635832],[81.60492111996714,23.86151807688197],[81.60316870717217,23.853739726765223],[81.60770770655489,23.846423802740155],[81.61218738209462,23.843174859839344],[81.61130784788814,23.837039459403403],[81.61321655496619,23.834507322586056],[81.61673444565369,23.83347836624449],[81.62240044264581,23.835406961845848],[81.63240566358299,23.835964385010993],[81.6358226258534,23.834543053548167],[81.63744824234436,23.827703811585287],[81.6416101271742,23.820608198157213],[81.64130406666534,23.814771613543073],[81.64663610596746,23.811531197608222],[81.65143329733255,23.799085497864123],[81.64946014691266,23.7833877239172],[81.64443321949847,23.774850009211],[81.64464833277135,23.77015625545619],[81.65201875635263,23.765396542987638],[81.66430853858441,23.761505189314498],[81.67010988563871,23.758135046852104],[81.67667062711173,23.756879105060882],[81.68183568846713,23.753333510869467],[81.68674844899184,23.74753452198138],[81.67915917784103,23.742368203453186],[81.67845172850365,23.739402318874575],[81.6860451579559,23.733065700503637],[81.6895125920705,23.72380504352011],[81.69589561444096,23.721350852904063],[81.68500512445256,23.700236353867133],[81.68406449582359,23.690950214378436],[81.66594375896408,23.685028339955533],[81.66061046022394,23.6846910472484],[81.65553586909913,23.682046507918248],[81.65420166428972,23.677834696132813],[81.65628845338965,23.672168546962087],[81.65515896385367,23.663166636443904],[81.64453226235182,23.6572135652674],[81.61455223930089,23.66294775223841],[81.61932108522551,23.658424419570906],[81.62031628471135,23.65145842374191],[81.61418264634185,23.622465378811448],[81.61043953453789,23.61972926623687],[81.60650099065059,23.613900380147715],[81.61108303550513,23.603296069533044],[81.61195582516046,23.595282808990856],[81.60833061005101,23.596623178558517],[81.60357930103737,23.593390091245396],[81.59809757995104,23.594260596834733],[81.59679514406166,23.59239126960615],[81.59298318357769,23.596042811158316],[81.58969085536643,23.5960555980395],[81.58496028665607,23.594580793107124],[81.57667155488569,23.58537398459333],[81.58400833027137,23.553605551130957],[81.61030333556775,23.5551129454773],[81.61407215356189,23.54569912861092],[81.61245276419247,23.540894168020394],[81.61322101061,23.5334618712831],[81.61631418861096,23.530782025028547],[81.61625728482929,23.52846493745243],[81.61359380696132,23.52705261599109],[81.6152243668813,23.518867031808202],[81.61203308476648,23.517041532733526],[81.61138906547129,23.512558537086083],[81.61570009489282,23.506052924875455],[81.62173303391559,23.500588681765482],[81.62286006655926,23.490000236544024],[81.62703965179347,23.482056981297568],[81.63940178703318,23.47837044589151],[81.64415281577244,23.481873854792866],[81.64853126914593,23.48972553193124],[81.64947224901616,23.496429401422695],[81.65188221692104,23.499118714751702],[81.65462567179873,23.497971543821727],[81.65432269969783,23.501583515297757],[81.65815182159697,23.504937996864758],[81.65952678476746,23.511797104725762],[81.66233571874456,23.513980874002993],[81.65889787872864,23.529027680497848],[81.66810419284934,23.532975756284817],[81.68004012060585,23.529283618376418],[81.69032186814033,23.528403926970316],[81.69963095671606,23.522047676503714],[81.7020216746227,23.524552158341887],[81.7019845167093,23.528042023657363],[81.7059218209215,23.529114544343443],[81.71106666299647,23.534908607697275],[81.71449007337398,23.536003788501866],[81.71537477019841,23.540757197050045],[81.72251118893638,23.54333081126763],[81.72151018363887,23.54723655245872],[81.72429393244863,23.550295808529626],[81.72521966431523,23.55690007367852],[81.72800597062863,23.55651904415522],[81.73634957149655,23.56649519323973],[81.73759725956097,23.56509930857498],[81.74236364769496,23.56618386393191],[81.74662308058154,23.56982844595228],[81.752640256866,23.567983105025757],[81.75478558108817,23.565623843141157],[81.75824777982133,23.549902916330023],[81.77163050991992,23.550570175964697],[81.80189106156273,23.54843556780555],[81.80905492652758,23.549373367302692],[81.81696248425831,23.540902609440526],[81.81957216471883,23.529747884768994],[81.81756298107628,23.5221489138898],[81.8206748125941,23.515274264678983],[81.83641047206864,23.51094013055471],[81.83963353657818,23.51092228256438],[81.84396383037101,23.514433368240088],[81.85024473405657,23.51358271848013],[81.85216094296555,23.51532166938587],[81.86367185081168,23.517605138434018],[81.8691009440971,23.512959546628302],[81.87558973860064,23.512745157228114],[81.88124095201817,23.515101111737675],[81.89366119657863,23.52449612586925],[81.8968353190749,23.524679819118465],[81.90442668869022,23.529582122301182],[81.90785813000635,23.535367603869105],[81.918518272193,23.535035473545417],[81.92327094125598,23.53269272488272],[81.93783914659397,23.516341196761754],[81.93761343230244,23.513776365998723],[81.9423276390982,23.50572401402878],[81.94780036984515,23.5011367361162],[81.95767616780442,23.500399443643346],[81.95486963951566,23.483684288166792],[81.95497716695687,23.467204063841688],[81.95781796777032,23.465354319952798],[81.96470400897063,23.465734314658324],[81.9690264892171,23.460381936775104],[81.97034924320161,23.45560909450529],[81.97685968171362,23.451848795902535],[81.97597638446442,23.448657460461828],[81.98038891632655,23.447074462583217],[81.97777195681728,23.44200169936094],[81.98380394542245,23.434607088983284],[81.98175795510775,23.43369652099407],[81.98167266007154,23.43096969268805],[81.9838826872487,23.42931126020762],[81.97768101586948,23.425762348964877],[81.97672552012259,23.423830666243777],[81.98252011004931,23.420196970557335],[81.98531864243371,23.414529132953394],[81.98841047835164,23.414567562147045],[81.99054189934817,23.418525428216473],[81.99967091254038,23.42159182781243],[82.00238591328143,23.416993116765717],[82.00953856637322,23.41202743586495],[82.01180547667082,23.415957264850014],[82.02545942073012,23.42491565023559],[82.0257614675663,23.420021470493143],[82.0327359407198,23.41002478367782],[82.0306186448328,23.408271613669022],[82.02567130635619,23.409722372055537],[82.02383249359714,23.4087052813165],[82.02378010744305,23.406795345100253],[82.02905395567767,23.4002382380193],[82.02114489776044,23.39180795288276],[82.02188211546971,23.387356518608954],[82.03229513471493,23.382450698516728],[82.03683032973247,23.388774540071513],[82.04445685401812,23.380087082573226],[82.05598772512482,23.376819184569662],[82.05874546411385,23.378788989403553],[82.06404622497605,23.392973199250996],[82.07110108656772,23.39124654486652],[82.07702377445736,23.394977989999784],[82.08215599160935,23.39350304735326],[82.0859902401938,23.39702593352954],[82.09146419624284,23.39831854601717],[82.09299556688408,23.397506122907224],[82.09202298877372,23.39367716613919],[82.09346633619525,23.39289182501926],[82.10339607798728,23.398271077851064],[82.10492749174767,23.397016120907146],[82.10522660378784,23.392591277157617],[82.1137489577192,23.384194057940014],[82.111784217327,23.36616493600121],[82.110097185715,23.363207320599525],[82.1171208398337,23.355496064540183],[82.12372798557931,23.3537534452622],[82.14088974212694,23.361848407664112],[82.14573152586273,23.361215813050034],[82.15381356876097,23.350391705844117],[82.16206148827133,23.342876836160492],[82.16371194587488,23.334708484649997],[82.18279361778035,23.32741075683615],[82.19205891887586,23.326811148708003],[82.1939448051524,23.32387999049112],[82.19937103820196,23.31346555426492],[82.19476791258262,23.308627414550802],[82.19739225534524,23.306915029989554],[82.19601201726739,23.303750510460535],[82.19730580238061,23.300693096298435],[82.19669779474854,23.297320568767105],[82.19379784526352,23.295253914782393],[82.19219598472021,23.288526904602982],[82.19472590197006,23.28443053380491],[82.19336371104627,23.27800151452806],[82.18878174793839,23.273533414362284],[82.1853167024441,23.273932023168932],[82.17433729541223,23.26873887562519],[82.1722711001902,23.258435733436098],[82.16827246080699,23.255190469886642],[82.16966417935419,23.252079053867444],[82.16711197939372,23.25017218816282],[82.1673050569927,23.246212061873276],[82.16373058412039,23.24542559803189],[82.16048296416251,23.24713794548618],[82.15336780944563,23.23101398591188],[82.14748434559458,23.227446971800273],[82.14481941515082,23.227406101105625],[82.14789318505005,23.222355817559233],[82.14760423026082,23.219010420642235],[82.15127386885769,23.215217381751977],[82.15368037375717,23.209228770995086],[82.14699012216964,23.195732154155774],[82.14863036772503,23.191021505695204],[82.14701883502106,23.188544756388065],[82.14299194541886,23.18691217445066],[82.14345765452003,23.179294010640753],[82.14891528728201,23.175769747957798],[82.14818191615878,23.170929456229988],[82.14421243698806,23.165420091434004],[82.14514783293046,23.1634464049342],[82.16025307629818,23.161533276518153],[82.16134284323059,23.143151093933003],[82.15567185430042,23.13770153076083],[82.13963032386157,23.132015724197508],[82.13580151637272,23.124120999492124],[82.13723543597534,23.11198042016564],[82.12924511376255,23.108156615772867],[82.12579915656974,23.103980370235675],[82.12322215232767,23.10335730449462],[82.11868303706225,23.1049328796235],[82.11107835082116,23.10938397245695],[82.09785111999653,23.108560470305548],[82.09348263971934,23.109105955024237],[82.09213956584311,23.11240602318012],[82.07682254195223,23.11335465406815],[82.07013838633223,23.11822395372569],[82.07005109973105,23.116797196968257],[82.06659039130294,23.116592761957403],[82.06605422823233,23.11479562498845],[82.06223804925979,23.112974674073506],[82.05912611713066,23.10854423887787],[82.05477293965431,23.10729173932575],[82.05333676258539,23.10031101672101],[82.04737963328776,23.096709812056158],[82.04929880394222,23.094692582627534],[82.04699689258624,23.0917748290292],[82.04375687507063,23.09089724698442],[82.04363611185202,23.08875714912684],[82.03484267511399,23.080444831871905],[82.028435210483,23.080680288256882],[82.02764814525861,23.082621226016826],[82.02118398256012,23.08031897784156],[82.0182870181768,23.084344366698353],[82.0147999379069,23.08169618839245],[82.01221798484592,23.082344448165188],[82.0117901181744,23.080425355040756],[82.00823364125218,23.07931656268854],[82.00422021649776,23.081769609254764],[81.99998947400474,23.0816038238594],[81.99716807141151,23.084537849961652],[81.99430271604805,23.083587364432063],[81.99112352525698,23.08664632033975],[81.98946721782431,23.084344929467225],[81.98825853371122,23.086169786394976],[81.98563279496669,23.085905294150184],[81.98531789503538,23.082699927871484],[81.98239479237222,23.08268835336734],[81.98125087768943,23.080183324105533],[81.98084295361724,23.082662310316216],[81.97715732680494,23.08104384222072],[81.97619439570242,23.079012709516828],[81.96787550748796,23.080756058325598],[81.9633940829284,23.078248295616536],[81.9635292470393,23.07592307941694],[81.95803426592107,23.075334539582958],[81.94223569652888,23.0789989942705],[81.94602154747912,23.07631890449605],[81.94504813213895,23.072616778728563],[81.94683884909766,23.069135173319268],[81.94388369903675,23.06742075392595],[81.94292875485543,23.064808892131424],[81.93779834511376,23.06528817055018],[81.93738338004636,23.06191640651118],[81.92953382114368,23.061676137483968],[81.93025286054487,23.059077337601394],[81.92676872944405,23.057611023989878],[81.92902762766761,23.049866695916936],[81.92447284129204,23.047145848277914],[81.92148644153731,23.04084784682909],[81.92559875283821,23.029235924474776],[81.93181070902914,23.025516957766254],[81.92948971026998,23.02276848151291],[81.92975337478902,23.0206459407916],[81.93671537124153,23.016208106425136],[81.93953556290575,23.009563955475745],[81.93912186176796,23.00464984608433],[81.94542503828269,22.99585508228749],[81.94474459859096,22.989207284618566],[81.95046585724442,22.98296115975324],[81.94619255077662,22.973951399471634],[81.94779020810269,22.967571018047902],[81.94629211016124,22.956812864165318],[81.91890641895588,22.94657924869321],[81.91272934434747,22.941684098251244],[81.9046715658434,22.93148437673337],[81.8981300312495,22.925962718132222],[81.89038546474225,22.922688800149537],[81.8782252213711,22.909842144384587],[81.86910906486726,22.917367393457393],[81.8660990942178,22.915843960392223],[81.86550832795096,22.912771245890237],[81.86931080671714,22.9098358871707],[81.86809756724723,22.902126551124386],[81.86947644617405,22.894541378339376],[81.86161171831948,22.889294437409735],[81.85317646773298,22.890925825749683],[81.84624557904044,22.88675691036281],[81.84205691992354,22.887782389426654],[81.83822358672231,22.885279225227503],[81.83835984228632,22.882817279991016],[81.83390566273098,22.880933133512702],[81.82746760776959,22.88283662229016],[81.81756274302272,22.882314833610664],[81.77566876321052,22.874469197293408],[81.77744697562046,22.86755371164446],[81.77488892223762,22.86394307471143],[81.77728012972612,22.85552023686686],[81.776514269234,22.851673033531927],[81.7739984528392,22.850253658205954],[81.76782327637098,22.835438210823455],[81.76133103952324,22.830319636963726],[81.76944331522236,22.827789068729956],[81.77764426092821,22.816458031298257],[81.77789375003208,22.813312081920554],[81.78176366712323,22.81097799707654],[81.784116023374,22.798731988499462],[81.7819124362191,22.796107261012672],[81.78096126945358,22.789973252980506],[81.78368289796484,22.783986074404922],[81.78356740426368,22.779215962184438],[81.79437604694992,22.76649492137981],[81.78846590672822,22.76358712984157],[81.78070773972756,22.75456405925015],[81.77926771337768,22.750888213762355],[81.77310173296301,22.75061625585555],[81.76961395470215,22.746978218798606],[81.76814610932453,22.735531315280216],[81.75476826606108,22.733384332899075],[81.75225168609828,22.72671457258182],[81.75692014888314,22.708339868257315],[81.7611384335398,22.69756518262683],[81.76852079752784,22.685665843990805],[81.77161322902882,22.676435759287205],[81.76852082807058,22.664260549617918],[81.75455586480206,22.64643209418699],[81.74659183537932,22.648305735562623],[81.74619386284381,22.65097969243573],[81.75200320400585,22.65440493956733],[81.74968096108002,22.660421846105393],[81.74638814957515,22.662945849655443],[81.7429763723806,22.672570104232463],[81.74027323209621,22.674992184734297],[81.73945834065756,22.67215280257072],[81.7377214220046,22.672354231378836],[81.72863878972883,22.67646766839083],[81.72430208376153,22.67101135822874],[81.72462370848102,22.665015080021316],[81.72271097425556,22.65709672444338],[81.71312643077269,22.648121574424856],[81.69887167548507,22.64479646656246],[81.68875552967832,22.648498639523677],[81.68330179650299,22.646938436212153],[81.67449385736302,22.63757690382563],[81.67204059874628,22.63258832277574],[81.66902965971293,22.63199320399899],[81.66242795146971,22.626843026158486],[81.66088410592413,22.619321067639476],[81.65272793943853,22.618591221726383],[81.64724113748096,22.61329569035996],[81.64569817048772,22.604902202526972],[81.64802144737442,22.597731743704294],[81.64647936073014,22.593438047631707],[81.64942037310514,22.588976652370395],[81.64496610371828,22.586895734454508],[81.64547138360771,22.584475495815276],[81.64894309819466,22.584994329020617],[81.64970098973191,22.581485854675805],[81.65182562305814,22.580885073652457],[81.65782147513441,22.584473539196136],[81.65516056554983,22.578843627838886],[81.65554890994213,22.575849990822253],[81.65616556116382,22.57232351240958],[81.65991812593954,22.56948722191164],[81.65344582180965,22.563049732360007],[81.64927481099481,22.563312313227502],[81.64275503719034,22.559746065255794],[81.63872512835044,22.561128113169392],[81.63623600090274,22.56008524120851],[81.63517172905637,22.565313930475547],[81.62901205212007,22.563390703638454],[81.62402902986543,22.555913516884427],[81.62867608669542,22.54444938372487],[81.62192938048388,22.5380468121436],[81.61540648144054,22.536953768878597],[81.61319964597759,22.538696532315193],[81.60497598726809,22.534640962096404],[81.59996478486296,22.535290416188786],[81.59632397769515,22.536563093711298],[81.59181622800617,22.54524942958508],[81.58622175487695,22.543947703217235],[81.56953667047023,22.5507606794365],[81.56282014495726,22.54752978693197],[81.56273983287593,22.54239143790257],[81.56302061658936,22.533993302976622],[81.57002033240234,22.532302680034235],[81.56252023161989,22.533473819865502],[81.55893934387812,22.530817412969668],[81.55294630981693,22.531076720413793],[81.5460709477887,22.527610210779557],[81.54096923562714,22.53307101406162],[81.53265909071533,22.538556903230013],[81.5222181527294,22.53904269713924],[81.52132555881532,22.536626442479786],[81.52342851669208,22.532202882050523],[81.51823254969764,22.519832323097532],[81.51047906112301,22.52198519107747],[81.50929954081559,22.526093140126708],[81.49663720477764,22.519548261830682],[81.49551772876215,22.514291935974466],[81.49742332317771,22.51167164777822],[81.49440938197469,22.505039032041136],[81.48936856121637,22.503196239242012],[81.48630140201927,22.493787406392652],[81.48699825572788,22.49026510653911],[81.4846980844086,22.487859988571756],[81.47855004424848,22.49224829623074],[81.47278349433505,22.493768957765457],[81.4629968685408,22.493097326630632],[81.46197511126189,22.490930516539382],[81.45882566997805,22.489500858032724],[81.4525612063605,22.495838833074043],[81.44941243791482,22.495786079142075],[81.44687967929376,22.49345737080403],[81.442594457572,22.49438030418815],[81.4439628549561,22.490749447569268],[81.45106928613328,22.48663291850599],[81.44722496384117,22.48468403471051],[81.44252869550333,22.479227157221725],[81.44638968064561,22.4762048213094],[81.4498602579654,22.479156261805816],[81.45087046560468,22.478618485567328],[81.45018147574808,22.4712724958489],[81.44660502658215,22.469793091358948],[81.44901833442324,22.467547942474734],[81.45418396171728,22.470064981550827],[81.4558792030327,22.469526866187678],[81.457289379264,22.471706998264622],[81.45891550599805,22.469322117475127],[81.45526551535308,22.46690828457203],[81.44735603343103,22.46590507039919],[81.44100440448483,22.47181375384607],[81.44291963692508,22.47382671929641],[81.44151360013055,22.47993644887699],[81.4392019806813,22.482154374093515],[81.43219459505244,22.479235566556127],[81.42782693314044,22.47984204664034],[81.42276583021959,22.470077089601837],[81.42449775423961,22.463294689508174],[81.42868778598226,22.456917829607384],[81.42294264292204,22.447722041477515],[81.40669295396721,22.44098009271495],[81.39640036556389,22.440110217190835],[81.39297234413405,22.449073475084198],[81.39004846622478,22.452293081486737],[81.39044234064595,22.45585109179059],[81.38809647382477,22.459242232808418],[81.39004975171397,22.46333747652886],[81.3886414008593,22.468236616346893],[81.39124085220368,22.471121661938472],[81.39148948700971,22.477736474060407],[81.38405187932663,22.48978811924177],[81.38618085600726,22.498579215397292],[81.38204394613894,22.50984704296846],[81.3758083768325,22.511082122831677],[81.37239747639364,22.514751753892646],[81.37061430169004,22.514911130813203],[81.36134400596157,22.51503277616811],[81.36058181059579,22.512065158440652],[81.3542974385149,22.511285085305254],[81.35387326930909,22.514259544461847],[81.35058929722665,22.51761994274175],[81.34004740117918,22.519535843607223],[81.33473367672907,22.524263386842556],[81.32651577352559,22.52617216239635],[81.32285989532224,22.52304869172445],[81.32369047404069,22.518757193458136],[81.31851288837358,22.51670165551444],[81.31756902670793,22.514335065726865],[81.31991578465785,22.507079836872155],[81.31983573757948,22.503259876350686],[81.3181919921878,22.50188582732335],[81.32087900411955,22.49525575833804],[81.31811468676767,22.493945418933098],[81.32224103873648,22.49121056965667],[81.32278604033117,22.489187916860985],[81.32047444962798,22.485985869449088],[81.31516782366526,22.487794544091415],[81.31371715497417,22.4829491247078],[81.30727996868367,22.481935144020802],[81.29993889216439,22.490321064689642],[81.2917735017775,22.494322003846186],[81.28125865759648,22.502981691700093],[81.27327582643488,22.49321411921645],[81.26905728665668,22.49434914051545],[81.26211933361273,22.493292307065904],[81.25976942077955,22.48515876699178],[81.2619226546678,22.472196999936376],[81.24830412848522,22.458803575261264],[81.23218075074418,22.452182042697068],[81.20773013764304,22.456621259316208],[81.20610532963582,22.46086188433483],[81.20015009668178,22.462805074749955],[81.20143600806153,22.46822852428273],[81.19940588738467,22.478221647489704],[81.19991009558395,22.48522910819826],[81.19562231905356,22.49064168818821],[81.19405564641826,22.491476256806163],[81.18696313553474,22.488869242988812],[81.1726824827158,22.48793481459603],[81.16723272638221,22.47799367307415],[81.16280561845632,22.474576732831164],[81.15510561287874,22.45494078889105],[81.14968898102296,22.45315428371678],[81.14101826313588,22.454252465711406],[81.12699886196114,22.44925474216772],[81.1205190362374,22.445827539457625],[81.11115484590043,22.437600196671028],[81.10881467799145,22.428781618843086],[81.11032634498524,22.417461974670058],[81.10832740303525,22.400980944189868],[81.10596922749805,22.387714685819546],[81.10365383871788,22.38339323266249],[81.10865581632335,22.373848499180788],[81.1131142781476,22.353299792080414],[81.12120157708857,22.34262148234733],[81.11508664972814,22.330908428919056],[81.11353894681673,22.324153392953278],[81.11892654063094,22.309248607580855],[81.11870888512581,22.29128654243608],[81.11588516038758,22.288328863531948],[81.10798191097696,22.284530725846736],[81.10184530547212,22.27833034446892],[81.09730127013387,22.26900983622205],[81.09151788219873,22.249028661650932],[81.08240038451017,22.24385636812121],[81.07954008306851,22.239403464461954],[81.07769709853328,22.239064268484835],[81.07602663275345,22.24467185531679],[81.07260088046802,22.2484003895981],[81.05960330035253,22.24431367487598],[81.05005271049245,22.24457588331945],[81.0379041533048,22.23391349193417],[81.02703857270092,22.22894026299238],[81.023628885886,22.22930386701364],[81.01945423599594,22.22120959767237],[81.02174993550173,22.212144243776077],[81.03036342082373,22.20320000173629],[81.03163128055787,22.199678778369634],[81.0289983939186,22.192520265518386],[81.03065516847519,22.187427936468204],[81.02552057617757,22.187424768980783],[81.02242580546364,22.189499969484412],[81.01664938486182,22.185554208796542],[81.01715326337944,22.17963481222298],[81.02674244666075,22.166415350582866],[81.0262988909128,22.16286595748993],[81.02220636770099,22.15775648699105],[81.02376887933985,22.1486995076348],[81.02190457059643,22.132754322294776],[81.01366948172327,22.133697101968096],[81.00050325998117,22.13138910970665],[80.99836479888776,22.13166089044531],[80.99705963661148,22.135439825673092],[80.99460732122576,22.13553392680243],[80.98871339469659,22.130777431580576],[80.98239187278713,22.128222518280918],[80.97796248044544,22.122649801652116],[80.98095311934999,22.110239372124187],[80.9843340708556,22.114581015133314],[80.99046817185742,22.113578940692886],[81.00315602364275,22.10108805426521],[81.00665059496379,22.099970785663206],[81.0113251267667,22.095594192437943],[81.0061094956507,22.092217421095963],[81.00144144609087,22.08352165305545],[81.00457330105637,22.075387098771444],[81.00669070384289,22.0750274598044],[81.00909693924777,22.070924629307797],[81.00525828712178,22.061570326327963],[81.00249996692276,22.05826745144444],[80.99487028056731,22.058631702142414],[80.99438281337166,22.049266989069952],[80.98965705244467,22.0514061583057],[80.98352751488449,22.048624258078355],[80.98052896361891,22.054731055377307],[80.97003404766417,22.057433142327763],[80.96901677836844,22.06477138983981],[80.97005479425567,22.07404553493153],[80.97212201984536,22.07893006626694],[80.97178443475823,22.085039351725126],[80.9664560740572,22.09616257103422],[80.96117965484424,22.102186603041645],[80.95697132172428,22.11044258104237],[80.94756965906357,22.11829029746292],[80.92194412502933,22.119974690808966],[80.91467780181641,22.113212412399196],[80.90792665163916,22.10959700341091],[80.89680330844763,22.06436733779976],[80.89294715264832,22.063107938541826],[80.88899854852816,22.05712531415071],[80.88610201713279,22.059171040087705],[80.88269631883773,22.059057382069003],[80.88198424317662,22.052989484606883],[80.8857961093375,22.049647921841668],[80.87578396059287,22.038558091784612],[80.87694142726004,22.033929767111015],[80.87587803127111,22.013467216021898],[80.86741165944991,22.000639599711306],[80.86380023707335,21.991675858422003],[80.86042254914716,21.972954231182875],[80.85673940438001,21.964862002819952],[80.85169626956149,21.957920961871935],[80.84753868496689,21.955761793858855],[80.84070870043692,21.955340593510538],[80.8382732751752,21.958017695593025],[80.83574256650961,21.9543730818117],[80.830983376576,21.957564269765736],[80.8255664339031,21.958361976825785],[80.82724211530153,21.955883460600155],[80.82578622829693,21.952812428714086],[80.82785263013152,21.95414962680166],[80.82883568259807,21.95284950523226],[80.82728232658856,21.95142667149957],[80.82875501388556,21.947913999902323],[80.83275243874648,21.950019347647],[80.83348839432276,21.94933313188589],[80.83081232387116,21.947024950621916],[80.83328629763835,21.945269070815435],[80.83630540056099,21.94952348978577],[80.83742921633764,21.946394478528546],[80.84302936322617,21.946142911489982],[80.84173749421946,21.944196406046377],[80.84575519944622,21.942264566518368],[80.84510203260649,21.9413568621725],[80.84212513073928,21.942331584998062],[80.84137996922793,21.941198031793665],[80.84583806364127,21.939672707515594],[80.84580022300824,21.933993909104075],[80.84753543306556,21.933280773932832],[80.84776570001895,21.931293944616744],[80.84555885826781,21.93082848975545],[80.84577272827235,21.926274583574937],[80.83941197423948,21.922794048434902],[80.84006138162971,21.919107221537253],[80.8376204245425,21.91711535822178],[80.83809758446857,21.915293429080528],[80.83566608484466,21.91446199762094],[80.8355460636345,21.910851711892555],[80.83356974755154,21.909315981170128],[80.83460324940445,21.908006731282356],[80.83200951763347,21.90824534154808],[80.83300689104227,21.906308463397853],[80.83548192032995,21.906643196734883],[80.83302621919394,21.898232317302675],[80.83427039035402,21.89570848916347],[80.83182860232512,21.89035463195964],[80.83381706902063,21.89072989798943],[80.83241682366476,21.88914460077796],[80.83446204591986,21.885304644859975],[80.83941917782974,21.883666703144872],[80.84210268184033,21.880185761553786],[80.84394346909636,21.880709904100993],[80.8447181411631,21.87775464265769],[80.84307832230748,21.876715693873194],[80.84471605527499,21.87462184946227],[80.84616484469048,21.873883561230485],[80.85011245168069,21.876153119705435],[80.84969637360065,21.87332667553145],[80.85122191237909,21.87435064181408],[80.8511352096828,21.873022015333586],[80.85295943739486,21.872661139025368],[80.8452159443744,21.86958048829259],[80.84221500987839,21.86485801111241],[80.84474560984783,21.863861601409305],[80.84494158361528,21.862028109318686],[80.84646181604533,21.863080952827637],[80.84782284365082,21.86190400799379],[80.84633315663537,21.859745014191354],[80.85046939905546,21.85808793923961],[80.85099817527946,21.854521700199804],[80.85248403996334,21.85423388678849],[80.85038087996567,21.852238832767505],[80.8469551851724,21.853249369123994],[80.84229433560954,21.851323741392235],[80.83916331517892,21.848150129450282],[80.8414099172629,21.840506405405286],[80.8385535405607,21.84054833072109],[80.84002843681499,21.838641676163874],[80.83831118947009,21.837220327946564],[80.84219637342952,21.83566318739391],[80.8447350869826,21.829312306510023],[80.8397306920107,21.818773659895975],[80.8405922365553,21.81631358190761],[80.83942235157761,21.815683807047208],[80.84070241672153,21.815338810102663],[80.83840197590766,21.81282396113052],[80.83904569696216,21.810381215086903],[80.83722789310266,21.808773222353214],[80.83877582418619,21.806795707703113],[80.83767887432477,21.80403192609025],[80.83858883267327,21.80034738232289],[80.83605559345352,21.79863539385067],[80.83499715436835,21.796810844323645],[80.83594510067357,21.795966657751553],[80.83354675427353,21.79630021004797],[80.8318258732433,21.79492246856732],[80.82927470275216,21.789164311792785],[80.82977333331186,21.787114337636076],[80.82547642899986,21.783301949404787],[80.82662795151481,21.78076045135979],[80.82916645845538,21.77965438203623],[80.82671085703237,21.778547358200758],[80.82769307137076,21.77600529120825],[80.82312500969194,21.774599505039486],[80.82242955555851,21.772585343139955],[80.82368193642199,21.77178201500155],[80.8222948837244,21.77088740876577],[80.8240886253107,21.770088768764477],[80.82097621707443,21.767811838543334],[80.8220929640081,21.76763613737809],[80.82165365908808,21.765956158013324],[80.81834255429077,21.7652460180363],[80.81670035040806,21.76175487252843],[80.81539784534839,21.755337655096383],[80.8164956998133,21.7538478902474],[80.81990833849223,21.75368205143701],[80.81973273402386,21.74804707665939],[80.80925723156072,21.748452483960204],[80.8045020454183,21.74664109506264],[80.80388602930549,21.744787798412954],[80.78542653685403,21.740331384791503],[80.78573068305303,21.747249523595503],[80.77651024561943,21.753628003558966],[80.77817561795162,21.754771655956496],[80.77226431620822,21.75853495383274],[80.76831991171203,21.7580020096049],[80.76548460679145,21.760073174893183],[80.76313949994503,21.75869931697757],[80.75937839039435,21.75920772655829],[80.7561003903119,21.76217996798534],[80.74746126168179,21.75556742849781],[80.74093491759933,21.744562831403858],[80.73796266271708,21.735557588799736],[80.73985935392989,21.732024141673786],[80.73337651346,21.727794107498042],[80.73399122971063,21.720548902998736],[80.73205344057358,21.713685550837354],[80.72613699507687,21.71368852609587],[80.72567037238906,21.712157918964866],[80.72901565269305,21.70694320244846],[80.73396826967029,21.705962875172418],[80.73512063300831,21.703915106006],[80.73232360799695,21.69818416142966],[80.73413090246592,21.694529807742974],[80.73299029268507,21.69268149875792],[80.7297721599264,21.692086162834123],[80.72530303959127,21.68130676944284],[80.72287961492343,21.68002384675196],[80.72144684875765,21.677025988804875],[80.7159707205823,21.67475112674038],[80.7191763137579,21.66851003145384],[80.71800643506847,21.6662160647371],[80.71525649794766,21.665804662744062],[80.71629308192031,21.66329802014865],[80.71438189100054,21.661572719632108],[80.7170716769299,21.660104381342812],[80.71927772187537,21.645393774885232],[80.72500658386943,21.644668862819767],[80.72684010016154,21.645646348965396],[80.72831235716554,21.640020903234838],[80.72763273673732,21.636687122318833],[80.72957816694418,21.634055946219338],[80.72899954679832,21.626885201302116],[80.73156818143687,21.626531892248398],[80.72909397949759,21.620583040515374],[80.73094044769947,21.617370808103463],[80.72339532425333,21.614071434827874],[80.72296223118349,21.61205299227589],[80.72497288536816,21.60957473972174],[80.72190652477339,21.60957461862103],[80.71704299911276,21.602989066786755],[80.71878382723388,21.600390341591467],[80.71866860302731,21.59927411647018],[80.7163617707002,21.599091914498768],[80.71807802091513,21.59321975884354],[80.71542826571147,21.59031944810954],[80.71860716455008,21.587456607854556],[80.71535037189484,21.585072990848083],[80.72549707659095,21.580110325915452],[80.72890903794017,21.57259820152824],[80.7286695812214,21.569968561394308],[80.72570162747273,21.569127929520302],[80.72597777048938,21.56637534695434],[80.72116342130236,21.561240952897336],[80.72237290491607,21.55995580626539],[80.7199886288283,21.55501864014256],[80.72454867124661,21.552690709074295],[80.72762596344008,21.548711395569924],[80.73418296073496,21.54579754222575],[80.74077609096553,21.539249396289865],[80.73047309288471,21.515621551121438],[80.73364870927931,21.512816320323942],[80.73149165665276,21.508203685504586],[80.73320575809753,21.500688417095176],[80.72928523890643,21.498979040856433],[80.72759445323484,21.496220886393697],[80.73288376596712,21.484359172335285],[80.73715598277846,21.48100574515645],[80.7374332118583,21.471319134576213],[80.73492071563679,21.45993194450946],[80.7243944583601,21.445207930150666],[80.71428850034697,21.436209009880393],[80.70681078917465,21.43309681599968],[80.70573398852505,21.43090719603755],[80.70718752104524,21.42547850998021],[80.70654313523745,21.4115790630059],[80.699923205567,21.404605164290505],[80.70127159028321,21.401086761614643],[80.70054112251496,21.39662546772188],[80.69715463828553,21.39345672830394],[80.6991013746428,21.390967665247235],[80.6902884615311,21.37209053447799],[80.6873900472669,21.369987236372978],[80.68492176702196,21.370168798431646],[80.6801951535938,21.364882291995656],[80.68187093470517,21.35997297179726],[80.6764734046256,21.351037819398424],[80.67777408430865,21.348829147011124],[80.67159343081214,21.34579173766258],[80.6724113396918,21.340986612131832],[80.67113311878917,21.338268426345458],[80.66417764141069,21.337353441108686],[80.66004059410011,21.334107258188677],[80.6631356900042,21.334395745311955],[80.66578011550331,21.32802780787162],[80.67121824314553,21.325562147212842],[80.67489439812147,21.32176761695874],[80.67536046744705,21.317662432388573],[80.68158574116204,21.313483090478286],[80.6789217063386,21.303241553774775],[80.67958993343406,21.29875243817245],[80.66998827435008,21.291073309243135],[80.66126160040398,21.290980480525917],[80.6588271893402,21.286604831432683],[80.65910068592001,21.281862984690004],[80.65299060856383,21.279303462819474],[80.64965076486392,21.274702051489115],[80.64881022113407,21.26207515861062],[80.64385636088846,21.251386116724916],[80.63928414989134,21.24723424947858],[80.63502089377491,21.247388007494713],[80.62313683923448,21.24000434461332],[80.6148428397433,21.22716018460243],[80.60594222950031,21.224115587746738],[80.59821145033605,21.225387898359344],[80.58760153744853,21.222007831316283],[80.57792194681869,21.217403319810195],[80.56978684672485,21.20572213284856],[80.55948721552974,21.202015184843578],[80.55289988212766,21.200675678129627],[80.54145751034783,21.200999906524682],[80.52964669724915,21.205243194303186],[80.51777497208599,21.19272189024139],[80.51500367123111,21.182938140633997],[80.50929053065288,21.185923969486733],[80.507327002088,21.184536137673646],[80.50260268655033,21.185228230906315],[80.50046211082275,21.1826343230818],[80.49362246131865,21.179506585785667],[80.49207961110639,21.17692891932822],[80.48676369297036,21.176666035586376],[80.47862703519782,21.170592378346512],[80.47571910418147,21.17090125596536],[80.47338086315877,21.173589682093816],[80.4696058315178,21.173212497911113],[80.4642767898938,21.174935917800774],[80.46082820782372,21.164667974843],[80.46105502524645,21.157180164962714],[80.45876891256135,21.149959982585155],[80.44473376391969,21.121888740229416],[80.44516670068266,21.120699057864886],[80.45473356711739,21.11829689818643],[80.4582094885148,21.11377677024619],[80.45534556686255,21.113362710439336],[80.45361674472522,21.111462198319558],[80.45346812924124,21.11258221932328],[80.44781772610413,21.112327263818322],[80.44648568982781,21.104704552522215],[80.43916211428689,21.096465400979465],[80.44165357286276,21.09350635986374],[80.44088193889833,21.089740186847333],[80.44630730866687,21.084029571073923],[80.44653802657457,21.073317091213053],[80.4496778343253,21.069088571705716],[80.44719703965016,21.063164433022934],[80.44957240265366,21.060196294701136],[80.44951797462893,21.0571614350204],[80.45394674623475,21.05296839558652],[80.45121373696715,21.042745020910726],[80.45265962931586,21.0387339336299],[80.45065263396931,21.036743165610375],[80.4495141648738,21.030226781207567],[80.44473646515372,21.027889370988333],[80.44013321826185,21.027985977062414],[80.4392454033851,21.021740397279498],[80.43582014337643,21.020133901864874],[80.42889077463332,21.011595957509396],[80.42583184310594,21.011759472152324],[80.424243950467,21.009632805106335],[80.42582060338512,21.005867889288467],[80.43645458124077,21.000619044167227],[80.44378765826245,20.993942112973272],[80.4429195928472,20.986404829247395],[80.44552845673917,20.97979544554792],[80.44377516179853,20.977087554228905],[80.44536849553315,20.970529322041873],[80.45476402359877,20.952595745041105],[80.45471415093083,20.946616398733568],[80.46174342041834,20.939861585694963],[80.46176736501225,20.933222200436916],[80.46371176574978,20.929097863987057],[80.49296247985919,20.929229533944063],[80.50399190239115,20.93128997481159],[80.5190672740807,20.9298459298436],[80.5345008678544,20.934487811076533],[80.53903516814992,20.93248492204776],[80.54607625228005,20.934913602425766],[80.54629416919492,20.93189233614165],[80.54432428325279,20.929994569613232],[80.54204569216158,20.93011539836504],[80.54295684886267,20.925247360997492],[80.54179439654568,20.923815151704],[80.54811664159894,20.911741667286513],[80.55613454568422,20.88909599956972],[80.55395134309975,20.871477062027825],[80.55655096422572,20.860783550394647],[80.55505849153458,20.846479840155602],[80.55653952418058,20.8378678065868],[80.56123125422963,20.830607699364545],[80.5618322550025,20.824262218194725],[80.55860357781903,20.811460500637576],[80.54918942767756,20.79594436461965],[80.55220433456948,20.78074945333419],[80.55168316258438,20.763973570866312],[80.55866222792561,20.75123988908752],[80.56274472504056,20.747415164179152],[80.56285847960329,20.733876585193478],[80.5600220562802,20.726080079808824],[80.56523223821573,20.71051407502784],[80.56729669250277,20.7072544732406],[80.57485737387134,20.70393626761737],[80.58180815216257,20.697294787211273],[80.58749602223357,20.68592175437695],[80.58704009578584,20.681772734640433],[80.58012382447961,20.672811074252714],[80.55697077480578,20.670128055011226],[80.55247202354101,20.667986076113674],[80.54491592447872,20.660179548040748],[80.5307929592298,20.660002462936294],[80.51999197557963,20.656470543710835],[80.48932565043144,20.633339065423844],[80.4862739916646,20.625073275534657],[80.48102291931566,20.61838586512529],[80.49127462449208,20.60398288210175],[80.50222482459911,20.595227863475266],[80.50441183154881,20.583377303385223],[80.52092603662555,20.58050224721059],[80.5388357646147,20.585019491931995],[80.54487116052978,20.590116840570584],[80.55782837844124,20.59436773173534],[80.56439076023791,20.603642045506792],[80.58076469158642,20.60838922703309],[80.58752821066682,20.60762766074242],[80.60140477521983,20.60881806838121],[80.6050216279123,20.607450134409486],[80.61230347311498,20.600531928606184],[80.6282898919112,20.6001170737751],[80.631866728251,20.598279129036253],[80.62406054090854,20.5919378584153],[80.62323161778518,20.589119336617383],[80.61735307939684,20.585641360648676],[80.6255597258115,20.57802166624639],[80.62108171035841,20.5743133609655],[80.62096265214224,20.569950109641987],[80.62587320191302,20.56834216382289],[80.62659346032807,20.563698816654547],[80.62407222799038,20.558919949480472],[80.62431737284153,20.555658670743625],[80.61844399976606,20.555175126372976],[80.61774949245698,20.55200427871364],[80.61528078820724,20.54978175087145],[80.61798092991522,20.5464618569114],[80.62133052123426,20.532680311298563],[80.61798113832435,20.525434660388143],[80.62088137167699,20.52591905092108],[80.62018232248586,20.5220512981583],[80.61809263362416,20.520479243728875],[80.61904699929043,20.518541368806346],[80.6173411982789,20.515049434423084],[80.61884909594175,20.51436177022606],[80.61726054483772,20.510270718689657],[80.61962924773174,20.504533748129976],[80.61681824403624,20.50065287759939],[80.61473096445611,20.492435822498013],[80.61636490563485,20.488236271012287],[80.61260800558958,20.461809689616747],[80.60218306031062,20.44984165715806],[80.60266082749784,20.44623326260638],[80.60804688070137,20.44390353999646],[80.6120098309166,20.43984369289715],[80.61364892303517,20.434862882620514],[80.60813685685854,20.424028308443923],[80.60009593164749,20.41789451390061],[80.59891667544478,20.410465087522613],[80.59148088685015,20.39295428709618],[80.59398809558792,20.38580057283332],[80.59694751623972,20.386184810929237],[80.59658209865013,20.38386155415082],[80.60380051201398,20.381265716784032],[80.61074602527935,20.37508808700407],[80.60948455885512,20.369736933317135],[80.61590031852946,20.3599360644999],[80.6151109104988,20.35167518453236],[80.61881749321006,20.349014920041547],[80.61827621872551,20.345411480303834],[80.62106325536922,20.340235804005022],[80.62609579455896,20.336139535180607],[80.6246679251098,20.328093179835328],[80.6223752870625,20.32528808390802],[80.61485961039133,20.322265930280444],[80.61053289818159,20.31828171179902],[80.58809491196548,20.317795659691686],[80.55921303353534,20.30838898335986],[80.54959073475936,20.30883764325364],[80.54605952744608,20.305913940822418],[80.54619358573089,20.297539243355267],[80.54351542579792,20.29340503291804],[80.53221256417835,20.28073439544849],[80.52257772851426,20.273416756889503],[80.51883516917421,20.26604266583604],[80.51047688624128,20.268459946625384],[80.49852058469412,20.27479151575049],[80.49084029983199,20.276190770043264],[80.48079577041462,20.274955218640144],[80.47063201838935,20.27258437574634],[80.46748742531311,20.269800622397373],[80.4617439818654,20.268554593480847],[80.4516397773637,20.258089374880974],[80.43752676095654,20.25450034731981],[80.43290419938774,20.25173109076448],[80.42531270400829,20.25291086424723],[80.4089705173253,20.246172310735258],[80.39814952639715,20.244136866718765],[80.395273555642,20.244873228846895],[80.39520417875259,20.23687574287307],[80.40484533675965,20.218599073965844],[80.42219529125761,20.205807056684215],[80.4210142258479,20.19604351622983],[80.4121142848498,20.194337846700083],[80.40069221499537,20.18958819905273],[80.39659194650919,20.173768232163248],[80.39203179629305,20.170304536226517],[80.3885381313721,20.16507026976833],[80.4018173944146,20.147268810922395],[80.40523647311582,20.145263024464512],[80.42592808231727,20.13995608614023],[80.42958507802486,20.136120549254564],[80.43359694959216,20.135256617976484],[80.43866185508158,20.136831115447627],[80.44680057718267,20.136024163723008],[80.45543140088795,20.13795061651548],[80.454652742098,20.1452796698318],[80.45664430528626,20.14933008679127],[80.46014596521321,20.150963425612666],[80.46615736353378,20.15044559956398],[80.47688624480595,20.145765263929263],[80.48508196231687,20.14389961130629],[80.49695296613282,20.145553967721604],[80.50559332006496,20.144465001120626],[80.5099332770353,20.14132447339438],[80.51240957743909,20.135870213772254],[80.53067007239386,20.13174852452443],[80.54033919226076,20.122874108669997],[80.55207092756326,20.117988065707618],[80.55194362730437,20.109201825056818],[80.54772929972654,20.105297895153704],[80.54401572273248,20.09551303836215],[80.55056628629332,20.08434393964746],[80.55490419869803,20.079711842861265],[80.55682513184709,20.07174874261765],[80.55438141244034,20.065297552382123],[80.55110949934225,20.061506583755037],[80.5493302646495,20.05511874333019],[80.55100097656772,20.04150416842376],[80.5468600117042,20.028845160645137],[80.54588955721117,20.021020548056658],[80.54698572823327,20.017813548592304],[80.54258410730857,20.01063368746183],[80.54989952075681,20.000649770650572],[80.54962212998025,19.985833518738993],[80.54380232614011,19.977405279705927],[80.53766127666954,19.97365849115295],[80.53782726467279,19.969429123222994],[80.53587155594246,19.96551043988927],[80.53938937296812,19.96258240999969],[80.53722364171762,19.95926670828531],[80.53892584856972,19.951758620906407],[80.53497069842611,19.950967362517893],[80.53166320216128,19.948433170112494],[80.52991848972489,19.939336004002286],[80.52563398665536,19.9371778667148],[80.52364306576253,19.933655190363098],[80.50877362925861,19.930639985193164],[80.50571140810065,19.928206103557475],[80.50011163221632,19.928461934333004],[80.49594628258441,19.930933345434987],[80.48876615092638,19.930481829211622],[80.48075096154993,19.934244067761572],[80.47844231013435,19.93831722369535],[80.47999585748505,19.940790873820415],[80.47914165666788,19.943873866108067],[80.4731815782012,19.95081608091667],[80.46604831704143,19.948054983409463],[80.45217109581995,19.957471770153422],[80.43200926446406,19.941458113586712],[80.42420970668839,19.939304561186585],[80.41952708735293,19.940209196208716],[80.41126256158621,19.93835949957291],[80.4125820942121,19.924503055571225],[80.40796009858194,19.912580516273636],[80.41388975829648,19.907317763041387],[80.42372168253723,19.902459221453025],[80.43322686615296,19.902711672162184],[80.44984847380509,19.896318344873094],[80.45292077316223,19.90437832174138],[80.45926855642071,19.90610264878111],[80.46218251333596,19.90466745002116],[80.46862335666798,19.907590875900468],[80.4741422751936,19.903836717392693],[80.49142602116018,19.902040076772366],[80.49958388097006,19.890869061319055],[80.50584808677112,19.870522083363724],[80.49953845047119,19.869556355042874],[80.48630623759004,19.863466708224454],[80.48261105270309,19.85886696146291],[80.4841877954527,19.85409976868695],[80.48103486780727,19.849142227785425],[80.47870689003666,19.83919168074556],[80.47191799624446,19.83542781858859],[80.46909349266689,19.82688865849279],[80.46008628833228,19.822859748047627],[80.44072580451544,19.810195145006066],[80.42968026890225,19.807004239658447],[80.42145570469094,19.81330238542004],[80.41190623323338,19.815951761058578],[80.40209788168399,19.81665312356283],[80.40769385859298,19.805863112732553],[80.40173049319066,19.79614496383642],[80.40487817467483,19.79374451667874],[80.42416264934053,19.799187562168555],[80.43948871387644,19.796085143655368],[80.44929687228802,19.789798028363123],[80.46425822800508,19.79580203500805],[80.46804357140718,19.78868575807411],[80.4765805454198,19.784693949329835],[80.48110729986693,19.780846596941657],[80.48268131353474,19.772596241140473],[80.4890497095357,19.77027064787847],[80.49147762218672,19.778388876842644],[80.49000040288912,19.790045276529092],[80.48597402083504,19.796346539610077],[80.48498699332332,19.802343028896374],[80.48052115004238,19.80195932421263],[80.47566848411523,19.803482729879505],[80.46889143461001,19.81031141778995],[80.48058100119648,19.827532760415092],[80.50036855398085,19.8277393574758],[80.50403463075762,19.830877658492177],[80.51191795104364,19.830373105055017],[80.52020568029415,19.831745549560594],[80.54630129912334,19.81829356901666],[80.54665847736514,19.810908135113657],[80.54525490375117,19.80593959103917],[80.54759669401757,19.794755844074814],[80.54249203089029,19.783341272664853],[80.54264695075092,19.779782186740423],[80.54377436967015,19.77566117344694],[80.5526368733788,19.765414470714383],[80.56218082019736,19.7608192262161],[80.57148605410221,19.75907876835878],[80.57384406255274,19.754664716240597],[80.58208492669488,19.750668198437083],[80.58421854497061,19.747225823075162],[80.5814325135417,19.7458466207109],[80.58490902333565,19.74393261868653],[80.58646578126513,19.741164712517506],[80.59010204385594,19.742250241001948],[80.5943756054453,19.739198339736472],[80.5989673512066,19.74034112357248],[80.60571754827134,19.736763312264063],[80.61105646327863,19.73820037107296],[80.61397318341167,19.735059480105708],[80.62110265637591,19.733060364688438],[80.62675900905512,19.725814039958752],[80.64012980234024,19.725335143339823],[80.64759678403477,19.71390591096926],[80.65428862564036,19.708422232270454],[80.6634403347682,19.70596196850931],[80.67640804230723,19.69941191607745],[80.67932012264184,19.694226076997133],[80.67968518719351,19.683481418627732],[80.67658958823287,19.652461190235908],[80.6689027124315,19.641196627649027],[80.66289589102732,19.62360202535731],[80.66536986928608,19.611741004996794],[80.67030831623802,19.60918109579236],[80.68850285239309,19.61303493193812],[80.70570598264774,19.613847376233586],[80.71467909501901,19.61657213459659],[80.73036731895495,19.610048590410894],[80.7331068140589,19.606172259242133],[80.74087350068167,19.606101300122756],[80.74590540745749,19.601409211741206],[80.75783701521578,19.596566360125006],[80.76032076085663,19.591543383401437],[80.76565157934829,19.590290017631332],[80.76976591724844,19.58658056487706],[80.76739228709512,19.57481974050547],[80.7754940812515,19.562429417768623],[80.78151862551792,19.563674167537222],[80.78983637197364,19.5603579163546],[80.79738800820564,19.56243702915497],[80.8067109407182,19.56892500771318],[80.81117065748894,19.56887293799842],[80.81653556255404,19.57118191747353],[80.82434876034898,19.566718445591388],[80.83218038977692,19.567455894167345],[80.83598233224883,19.56637273477949],[80.83985968828887,19.559433035404332],[80.84105840828882,19.55427441589538],[80.83981710814439,19.549229554249653],[80.84413050013515,19.538477672135972],[80.8501151672878,19.53453062127831],[80.85034735124601,19.528937773571446],[80.85666643872104,19.523043930624933],[80.86494695270319,19.520098797586538],[80.86893603940165,19.521863772751505],[80.87360532863657,19.518769080793835],[80.88414071818643,19.52625904893862],[80.89166717913258,19.520613937102194],[80.89543000177052,19.519730621702255],[80.89519473479423,19.509724350223404],[80.89369643473185,19.507368943211667],[80.89476997898855,19.503786854323007],[80.89343475279465,19.50239773325674],[80.89573315263618,19.500698248555405],[80.89835690879893,19.481812703242838],[80.89434238720152,19.46732096953044],[80.88230469469637,19.45216609371245],[80.87463807051475,19.445207208245293],[80.86790373769796,19.44541419443318],[80.86447752098351,19.443867367934246],[80.8568613848158,19.4460552261548],[80.85323046360769,19.445094679290506],[80.85032286317137,19.44676371835611],[80.84787230848362,19.445487212243457],[80.84225714086523,19.44687694074843],[80.83724582257743,19.444381464108734],[80.83046045107942,19.443372506590595],[80.82776591575715,19.4399010956376],[80.82386875725501,19.4402479730672],[80.81342866638036,19.433603976723365],[80.80958965941981,19.42024707869875],[80.81180610505969,19.407156764863696],[80.82802445269255,19.380091088713208],[80.8429068330214,19.371239894747745],[80.85045604380211,19.369160864736564],[80.85298729954174,19.363858610091484],[80.84627046231338,19.355365402697227],[80.83246530933388,19.34931445182629],[80.81615713825744,19.338611953263506],[80.81035950843179,19.336714258503758],[80.8052792013268,19.32713701525746],[80.7981942273085,19.326380872241938],[80.79429811534366,19.323042725880196],[80.78879857347874,19.32292155312799],[80.775154987893,19.31435681411136],[80.7684112820545,19.3028045857552],[80.76647249668581,19.302384816960767],[80.76276365111836,19.29720569348238],[80.7598186556134,19.29641816200288],[80.75994913051854,19.291483809409367],[80.75704519520858,19.289587242078014],[80.75112927432801,19.28700244920722],[80.74317776113215,19.288870674441625],[80.74234400597086,19.286930243880537],[80.73836672762681,19.285304961027602],[80.72662138913596,19.287023349895307],[80.72175400431286,19.284510274428452],[80.71726429908303,19.28478926575738],[80.71082259696158,19.281600298379463],[80.7042418149729,19.282937946403948],[80.70192265596344,19.28194050972873],[80.69938021889352,19.28458416392498],[80.69577297817457,19.28417409769931],[80.68977804956646,19.286817373285743],[80.68873488004444,19.295015696116657],[80.69344081335646,19.31459848045765],[80.68624496477422,19.326581456869707],[80.68001622985045,19.330179378911463],[80.67313402355808,19.329824187729933],[80.6640179928184,19.325311189928822],[80.65417958004633,19.322655571412078],[80.6484847192858,19.315560697516286],[80.64711498341192,19.316337173774592],[80.63662553640064,19.313172959557296],[80.63164148288003,19.30701106373255],[80.62342406746176,19.305565487211172],[80.61512112614022,19.309667096650124],[80.61268646354817,19.309359769070593],[80.60804821559788,19.31807375299161],[80.60698148326597,19.3218096360677],[80.60781694432798,19.325970309774462],[80.60450976696511,19.329088706638338],[80.59003073379208,19.351801818725843],[80.59083850698038,19.357728045366784],[80.58822299465703,19.370289028019428],[80.5917960832255,19.37594480741445],[80.5811012498992,19.397735641689007],[80.5772193762316,19.40169176050062],[80.57320714354155,19.40230960554597],[80.56260477740075,19.398951144197444],[80.55221998501838,19.388387646932543],[80.54429278652229,19.383728087864423],[80.53854449307038,19.37764161819987],[80.52044886951292,19.347622391021314],[80.50691825965059,19.3422722852014],[80.49576347272915,19.34305902277009],[80.48836059122003,19.341596993390052],[80.4825129476909,19.337965905787343],[80.47706227956733,19.329755148730783],[80.47134988998067,19.313668302217522],[80.46303717139557,19.300757483221506],[80.45737720838721,19.288182044257642],[80.454794089313,19.274832913613857],[80.44613687400296,19.264006178875196],[80.4378493055509,19.257701330673],[80.43004930580412,19.253908049185835],[80.39872266412485,19.247232087485184],[80.39385410969524,19.244838857364194],[80.38656710726451,19.232834903362523],[80.38412657597871,19.21574508546202],[80.38531631462249,19.211341458716742],[80.39196905256371,19.202461720061613],[80.39449642129307,19.196206145724798],[80.39397789664311,19.187633552810663],[80.38934369380651,19.181482190045568],[80.3853772482465,19.178889674347626],[80.34806269110652,19.159953571238024],[80.34794155059552,19.152198095746304],[80.34084332552847,19.14604501414052],[80.33325462750281,19.145361668881268],[80.32759450639097,19.13494882900886],[80.33015477232435,19.132555329853094],[80.33137274681413,19.127785502317508],[80.33080217108161,19.12032752967019],[80.33630283224738,19.11168261805984],[80.33967237604719,19.099947182532137],[80.32798912910873,19.09488571684569],[80.33105593077632,19.080561491050762],[80.32895606759571,19.075745383415157],[80.32969732502885,19.069940430560987],[80.31998742164805,19.065714526165454],[80.30729059030318,19.05568660604365],[80.3003082083819,19.052228552596127],[80.2973636395767,19.048839376817018],[80.29640446792368,19.046715637417442],[80.29825772828741,19.041109712795173],[80.30298480614458,19.034542167621716],[80.305180038069,19.02717862042547],[80.30314306504313,19.02199150913427],[80.2921880526611,19.009658379734688],[80.28705945482142,19.00664763141262],[80.27329543030888,18.99295323534256],[80.27393613931226,18.966539784422217],[80.26901691001918,18.94718266780545],[80.27085876627038,18.938438293351016],[80.27428807139277,18.931810517488294],[80.29986518174167,18.911088685646533],[80.31650260243772,18.888415656259635],[80.32731249647716,18.879733972356338],[80.34950200239747,18.848036590384222],[80.35272202700811,18.838590939582005],[80.35445031554616,18.826594047428358],[80.35035445329645,18.81487292325008],[80.34185482943668,18.81245503794254],[80.32299889517897,18.798998332978027],[80.31401525545093,18.7999576390875],[80.30611311995125,18.797992530909408],[80.29994030874718,18.794477521215086],[80.29142519344039,18.783496684303525],[80.28834132108744,18.777178430252704],[80.2883781690821,18.7738109991429],[80.27604019942186,18.76611241433705],[80.27325384370111,18.765458236724914],[80.26598172904959,18.76843286115182],[80.24990638153184,18.7690678839936],[80.24524562808875,18.765495609646763],[80.24431122119144,18.756256357797625],[80.25926882284892,18.742967596702663],[80.27289101775115,18.72299154160009]]]}}]}