{"type":"FeatureCollection","features":[{"type":"Feature","properties":{"shapeName":"Gujarāt","shapeISO":"IN-GJ","shapeID":"1811400B80305611676067","shapeGroup":"IND","shapeType":"ADM1","displayName":"Gujarat","coverage":"context"},"geometry":{"type":"MultiPolygon","coordinates":[[[[71.15112745627646,20.760106635198007],[71.1511698414865,20.758917442257832],[71.15374984699994,20.760089406160116],[71.15141125922753,20.763371968193404],[71.15112745627646,20.760106635198007]]],[[[71.52998979924494,20.904005956323182],[71.52572478153228,20.90353423388111],[71.53250346956455,20.902807370721792],[71.52998979924494,20.904005956323182]]],[[[71.517861165792,20.911999849159947],[71.51655848466251,20.912967345217098],[71.51284868598253,20.91094634083405],[71.51369936809873,20.90899950102874],[71.50992051412622,20.90568901092303],[71.50997533381646,20.903766178372532],[71.51626292096773,20.903053661504188],[71.52109753974084,20.904276682242944],[71.5224693282651,20.902764782436385],[71.52456580839036,20.904786369528946],[71.52141862636945,20.904621997750283],[71.517861165792,20.911999849159947]]],[[[72.3431337182025,22.02296768559546],[72.32334871843014,22.00845739694606],[72.30141427116848,21.98617415256513],[72.29423680301528,21.975003662659248],[72.29258486319155,21.964843505285256],[72.2998224888244,21.882728512679893],[72.3108140473671,21.840984006401428],[72.32264326694596,21.817814612657042],[72.34534661459867,21.80079723113067],[72.35480669919387,21.797240289907975],[72.3606249049311,21.79842948080112],[72.3753072142765,21.804878718229137],[72.38307101640892,21.8113364023051],[72.3893417646402,21.819128535176038],[72.3907712277007,21.854964549410184],[72.39925832096051,21.881755087442436],[72.41100288959522,21.901464177066504],[72.42727754003681,21.915740224133202],[72.43914713619276,21.929798279337454],[72.44461619372852,21.968764162329116],[72.4410397625289,21.980761915143262],[72.43085068609746,21.9990927783142],[72.41293771159685,22.015371246138784],[72.40221875221698,22.021989953749504],[72.38864440068852,22.027021326290082],[72.36883670228559,22.029132285719157],[72.35653505420726,22.02865726365438],[72.3431337182025,22.02296768559546]]],[[[72.96161476684344,20.20875236311854],[72.96317906972298,20.208528501948418],[72.9647570916736,20.21150221742479],[72.96647150573209,20.222444722260036],[72.96563935855514,20.224765397524504],[72.96038838771585,20.229368124319404],[72.9580467348917,20.23399308401443],[72.95396352631106,20.2368835924543],[72.93713057381866,20.243234336742105],[72.93086148477572,20.242743971705963],[72.92389998329489,20.255345993630183],[72.91884773327119,20.256993097820903],[72.91791163215126,20.2615187159304],[72.91186488242936,20.268954090804453],[72.91220701299183,20.275463615834948],[72.91662520603687,20.275702694945004],[72.91697149849406,20.281256717404325],[72.92010785312081,20.28164667726097],[72.91999932495642,20.283244171598675],[72.92683151934195,20.2859495968779],[72.92958560757768,20.28923915845161],[72.93145011844204,20.29500449642426],[72.93378844839796,20.293672155746254],[72.93694419675343,20.29469690490893],[72.93966121331397,20.292718189149436],[72.94147748464758,20.29327819619625],[72.94667332497957,20.28778252467474],[72.94860279032721,20.28799755510309],[72.95044134976133,20.285685167162622],[72.95491121390153,20.28429640809426],[72.95555461695238,20.28022346658503],[72.96147922274515,20.275062074982518],[72.9627732908277,20.271200817477332],[72.97327853022166,20.270271377052214],[72.97411772647864,20.27190273340053],[72.97953739553839,20.27336907049969],[72.98187903758277,20.276520153760536],[72.98068287867969,20.279878552649098],[72.98128283561016,20.289770585270958],[72.98494498674914,20.288098730177083],[72.9882725567673,20.291065353138407],[72.99364263792506,20.292431172652243],[73.00113158791987,20.291642395249134],[73.0055472809535,20.28889964697806],[73.01011703056673,20.2911022256191],[73.01186109891108,20.299620470418752],[73.00980307386654,20.30415350371029],[73.01001578684097,20.30778672846561],[73.00691316305479,20.3114145023498],[73.00774567854097,20.312422606888042],[73.0124766919174,20.31116112114679],[73.01234889039857,20.3091377407146],[73.01722933582757,20.308946437506926],[73.01615312806602,20.293552604816654],[73.02632087939094,20.290317448726856],[73.03468771877694,20.291360887147214],[73.03826321932193,20.31729137849011],[73.04257754196729,20.32502107290824],[73.04824715378014,20.323641761872107],[73.05217284008074,20.324235158009877],[73.06726214194543,20.329407791643803],[73.07104339441972,20.32474182074715],[73.07760629364603,20.322948061194136],[73.08489561552683,20.330957438835124],[73.09084316788523,20.344793755438403],[73.08903343089696,20.34921010532277],[73.08998591728769,20.358357598032136],[73.09677450116112,20.360343666237927],[73.09934235157044,20.354269592649334],[73.10237386292212,20.35360156661178],[73.10543914464021,20.349781117418516],[73.1046878287709,20.34600992146921],[73.1076043342066,20.34339079932624],[73.10907723260769,20.33845090587692],[73.11178021568692,20.336915065275985],[73.10911417043388,20.331882288263078],[73.1088189184545,20.323750111044884],[73.10404499525188,20.314214726069405],[73.10142423047907,20.30279311807459],[73.10382738376421,20.301338144256228],[73.10808275896063,20.304314877257394],[73.1134924019235,20.303750856843877],[73.11716897551436,20.30531829996556],[73.12483814013162,20.303936658215434],[73.1264418997134,20.30480055803087],[73.12628388605494,20.30878730723537],[73.12936717629954,20.31743167434618],[73.15140779274968,20.31719143979193],[73.15885378530764,20.30845306278618],[73.16617528124864,20.309414511321055],[73.16673388154008,20.305478556841862],[73.16407139181896,20.29749999224916],[73.1671452560413,20.288474268030157],[73.16574217111084,20.28294793875436],[73.15815146085895,20.280234527755667],[73.15303629552766,20.28461477945875],[73.15172163266894,20.290518070193375],[73.14562136491561,20.286484021127634],[73.14294523697187,20.279839965275265],[73.14248506957767,20.273827021027934],[73.1368804077565,20.271392491715247],[73.13164709330414,20.2736630725752],[73.13082555433238,20.267763328318807],[73.12685865422483,20.25941689068021],[73.11392404421414,20.25588417246757],[73.10576692281944,20.245234787006726],[73.09809898440255,20.239270089497985],[73.09733088530875,20.23602675602697],[73.09941103496044,20.230174158838874],[73.0979147704805,20.22754191843805],[73.08760442058741,20.225085495068164],[73.08487808759904,20.228290812337477],[73.07123480564381,20.23001982729891],[73.07063300357376,20.231912727240612],[73.06368645544916,20.227557735707624],[73.06283136979145,20.223952050342092],[73.06021744119793,20.223259407479194],[73.05365650389221,20.20531309779593],[73.0490633468776,20.200779037193627],[73.05348141775177,20.195350386630263],[73.05979083845602,20.19385492549546],[73.06305728440731,20.17753301661797],[73.06289318196784,20.1696740037842],[73.06066311158007,20.166796573267217],[73.06049397677837,20.161815211386056],[73.07091809830219,20.155499305346893],[73.07383707230834,20.155542318025212],[73.07953886716452,20.17315987322756],[73.08729974707734,20.170245155588784],[73.09052043105137,20.16032188502125],[73.09966234225445,20.156144941226227],[73.10836795969028,20.157763195640143],[73.11531667724628,20.15181219309064],[73.11677848504691,20.155742353598573],[73.11506508518633,20.15885974254658],[73.1159182924668,20.16213899267801],[73.11973749966016,20.16396267850882],[73.11943262402914,20.168132486715763],[73.12866022642547,20.173357932505017],[73.13273365684424,20.16934475967436],[73.1362917121064,20.16995499786242],[73.14212401151215,20.177286032594957],[73.1392101426318,20.18439072313063],[73.13492592163327,20.18451962593546],[73.1334685173742,20.188522972755983],[73.13324475242683,20.205688170695193],[73.1377881831989,20.207505839553868],[73.1387731140427,20.20442839025969],[73.14782596806509,20.20065874114282],[73.15249889098537,20.203821161824862],[73.15743336828208,20.198268930266025],[73.16854263397478,20.20815199011603],[73.16897845163486,20.20293946391793],[73.17172301413534,20.19836255844164],[73.17699951419665,20.199248552397126],[73.17905322642953,20.197673452200398],[73.17819868155763,20.192563164027664],[73.18064242521888,20.192242983576282],[73.18201604720467,20.194307390795604],[73.19028379163505,20.19501871891072],[73.19197266838665,20.197351070862158],[73.19906341857222,20.194378558825964],[73.20695205418978,20.18804408728324],[73.20849836022094,20.18941998239245],[73.21797072478608,20.18584925792529],[73.21849602902154,20.1800328328148],[73.21467577618917,20.16971289929672],[73.20616426851653,20.162528957833],[73.2007306405356,20.16377662036387],[73.19039985307144,20.162366788554472],[73.1899221065455,20.164185113672108],[73.18854795545198,20.15851352048835],[73.18563334635985,20.15576018015805],[73.1848964421626,20.14461161631582],[73.18724172328218,20.129372357429556],[73.18989024869227,20.127229811075367],[73.19769742687649,20.126241485117465],[73.20326536826377,20.119519914427944],[73.2106581122849,20.120451386782353],[73.21699365060775,20.128371821743404],[73.21791234507242,20.1364082506165],[73.2248693307223,20.13995976752546],[73.22702228792943,20.137898651379167],[73.22738641553828,20.133714864799916],[73.2249378164829,20.123565104871812],[73.22927918021496,20.122389038094497],[73.2349346624267,20.125680843860682],[73.24321176281079,20.127881828123147],[73.25011826314169,20.12308214007465],[73.25472501885307,20.126980740034238],[73.25398741846149,20.137756598576576],[73.25785168694611,20.137544532475975],[73.26491834431577,20.139861348424223],[73.27820073798705,20.148655616758855],[73.28046669517208,20.15483430953219],[73.2812680031853,20.189763700914455],[73.28324057419182,20.198103695654464],[73.2893446948194,20.198461232340716],[73.29283652627882,20.203923139516412],[73.29948854466953,20.20946511231994],[73.30531632375273,20.208623028510722],[73.31374663899503,20.20237773582238],[73.32442821408604,20.20632160413211],[73.33529982687708,20.200656357814832],[73.34344513273086,20.199470265290888],[73.34484017773954,20.207155018931907],[73.3466456944426,20.20959637335041],[73.35364469789155,20.212889850492267],[73.35690283532477,20.21290152341345],[73.36017341532298,20.210851450993566],[73.36140112126223,20.207248790136344],[73.35322335568395,20.20138227213758],[73.35589577178901,20.19876307252747],[73.36544754742525,20.195467042115588],[73.3668945231422,20.19690324881083],[73.36640831628289,20.203883202111733],[73.37439070367675,20.20436230444591],[73.37862690882498,20.211060053002896],[73.38401405258324,20.211473221582413],[73.38673168628642,20.20948823359117],[73.38612162780059,20.19626438048636],[73.38945838488912,20.19271888673811],[73.39150828467196,20.193689798333192],[73.39458459410852,20.198811097964033],[73.40639367525532,20.195526351600126],[73.41657209856578,20.1982027870384],[73.42148213180529,20.20645875046048],[73.42022257969091,20.211223703351582],[73.41590737400163,20.212909233425034],[73.4173501734508,20.21434844884693],[73.41825824533723,20.221855496919922],[73.41700994731676,20.224215341890687],[73.41373481196172,20.224762567813613],[73.41229108365454,20.23270127049561],[73.41478939098616,20.235829465924997],[73.4107726029393,20.238497065326264],[73.4176761603893,20.242792920793402],[73.41284352060478,20.24437407076357],[73.4149167640086,20.25143653809851],[73.41136035086677,20.253137259793302],[73.41618251360009,20.258591280895878],[73.41386097854675,20.25956092339281],[73.4155817194398,20.2618650350643],[73.41220834163035,20.265427661382333],[73.41593313229407,20.26781280968655],[73.41296230573316,20.269411720662443],[73.41429213215388,20.27404465609553],[73.41592689529107,20.27490350819644],[73.41836750473031,20.273250118215262],[73.41997712042941,20.275615279881688],[73.42325569633199,20.274680353241404],[73.42738301039644,20.278037158937313],[73.42776011776283,20.280034461753722],[73.42400695201422,20.291423180636805],[73.420281387901,20.297267715682224],[73.420500145639,20.30726437040959],[73.41879857030253,20.31387983960227],[73.41541662166698,20.317330099747995],[73.41688000331595,20.320080718074585],[73.41623758751355,20.324702644771243],[73.41387288481751,20.325630420126434],[73.41853277408134,20.330427471669672],[73.4172439836011,20.335042474367132],[73.41429360359432,20.336028047766245],[73.41222957421039,20.343489301004563],[73.41335712697861,20.346035882737496],[73.40926780087088,20.349121313409203],[73.40993294943985,20.350837456437276],[73.41372963497074,20.352109066474522],[73.41273319850475,20.360786102361125],[73.40651065476992,20.373298853067833],[73.40651571497993,20.383129114310556],[73.40430203794779,20.38582559525779],[73.39940197061803,20.384449269990913],[73.38764324543278,20.372718195526165],[73.38480110523122,20.371188631017922],[73.38290028356478,20.372314706567163],[73.3801676578778,20.378852624151612],[73.3798411310518,20.393403899615986],[73.38789642391751,20.398306762822386],[73.39598696847158,20.39623129535624],[73.39877188958282,20.405005775223014],[73.40198186384207,20.405974137953745],[73.40598713997855,20.40286931304491],[73.40493664020381,20.409874801172666],[73.4123910634507,20.410643060366368],[73.4140831669508,20.41612730227514],[73.4172506212527,20.412993833411207],[73.4196420515234,20.41296386247838],[73.4186060757102,20.417826975153364],[73.42318885179338,20.42205951975084],[73.42117276549615,20.42993568169967],[73.42312514866332,20.434887557834458],[73.42888704440529,20.44209407025592],[73.4315685577492,20.449618701912875],[73.43106864170032,20.454313897516304],[73.4330239767315,20.453550047169397],[73.4355254694891,20.45574156955385],[73.44489380375447,20.47469203785205],[73.456313446361,20.478239770722883],[73.45727555101342,20.488258578950802],[73.45918164129905,20.491756798854304],[73.4644017594999,20.49566476554726],[73.46772910943082,20.496382756957374],[73.4686325361289,20.505960713079915],[73.4669857176006,20.509641134967985],[73.46970030691325,20.51982860340798],[73.49155261492028,20.53475093009543],[73.49385174778712,20.538178452172225],[73.4903249529985,20.540700798218417],[73.47848775278666,20.541665570345362],[73.47533409391256,20.543510069939284],[73.47914770550003,20.5605297128608],[73.47327455161351,20.58463174785935],[73.46402129872257,20.589613645074046],[73.45781050944322,20.589887553807902],[73.44920357194134,20.594159132676506],[73.43567434997608,20.59321548880606],[73.43100436724177,20.59413804100042],[73.42913258721012,20.59752528121018],[73.43167064589136,20.60002769115888],[73.42728241974588,20.601578031543376],[73.42797031904774,20.607200617116447],[73.42570691217978,20.60907559021661],[73.42553522346772,20.612209867449558],[73.42365073856301,20.614342040435012],[73.42457820058486,20.619287092674043],[73.42021996828838,20.627236777154188],[73.41073563726535,20.62690910038471],[73.40726849869644,20.623887233977825],[73.40709584968536,20.627358457096367],[73.40979283740836,20.630262941188274],[73.40743917410884,20.632548491242854],[73.40694366249983,20.635420540329086],[73.39893918643143,20.64025890472377],[73.39417788096532,20.640695446626683],[73.39203804904275,20.64597471524699],[73.39207189127445,20.648881978552012],[73.39576067925827,20.652598999804024],[73.40177886435077,20.65302001600457],[73.40602550073613,20.65493196467537],[73.41307066411596,20.66159767725547],[73.41985548135344,20.660637769153386],[73.4292563472085,20.66344867822304],[73.43369662263986,20.6680222958172],[73.434590655655,20.672191656910183],[73.43219389657804,20.67728124055587],[73.44420646500133,20.681151693175718],[73.44839158116277,20.69221594488322],[73.44787983160664,20.695878753652835],[73.44359426762679,20.69672045078306],[73.44088402705839,20.69966131283719],[73.44499914828953,20.70981145188471],[73.4485319950282,20.713165569759887],[73.44958930762603,20.717550110004144],[73.45274704574982,20.716157809022697],[73.45923222722931,20.71680056657298],[73.46678130236442,20.722044835957426],[73.47470811009333,20.720303256407487],[73.47568632872535,20.709781227395585],[73.48022128389272,20.7070052071488],[73.48400677731348,20.7000672676834],[73.48405788785986,20.691470851157128],[73.49032855344615,20.68630284495918],[73.48847194416304,20.678199624693534],[73.48632632080187,20.675081901045736],[73.48379965725,20.676221319082995],[73.48221554112851,20.679675875799976],[73.47861845496556,20.676580556181484],[73.47968789122646,20.67212158963139],[73.48444889036706,20.670077866036465],[73.48465065916639,20.66549854104376],[73.48914782849795,20.6637400740417],[73.48772757496576,20.66299337970038],[73.48975269651814,20.658346226132664],[73.48929583941575,20.65565241151273],[73.49568374682471,20.653527042668035],[73.49843376209894,20.660112036360047],[73.49933707920256,20.65939382214745],[73.5021471450569,20.66190210323045],[73.50439307609932,20.670800369163594],[73.5110767421375,20.665965600069207],[73.51798572541185,20.667563849869776],[73.52065576187968,20.6787291541854],[73.5227817920862,20.67506325035929],[73.52588655835433,20.67545785338044],[73.5329930083961,20.673029601604416],[73.53340091001043,20.669017234491537],[73.53839643771214,20.66537063650227],[73.55093706280891,20.648451843733646],[73.55794392471998,20.645629758604343],[73.56203937194807,20.650386730947787],[73.56691532849557,20.64837188330251],[73.5693659469637,20.65149342082867],[73.57721348106377,20.646307267746757],[73.58046628519912,20.64632534445678],[73.58593042356037,20.64202726119771],[73.58941626774846,20.6415740488843],[73.59612213115729,20.63602439022956],[73.59957363544699,20.636822127381755],[73.61298772303718,20.624199494662907],[73.61540978765572,20.62464180135619],[73.61480932677034,20.6217043532354],[73.61692165048224,20.61784078879789],[73.62233961004803,20.614159693220692],[73.62135362548038,20.612400811739246],[73.62284073792421,20.61126294853235],[73.62737099580096,20.5963416479247],[73.62757196240474,20.583873485619062],[73.6310099066252,20.58014520194902],[73.63923866776554,20.57756600456627],[73.64511478339756,20.573868926773592],[73.65118449495647,20.56847114568236],[73.6523895777236,20.564480711486148],[73.65706479943267,20.564787185331905],[73.66117594651698,20.56238377668596],[73.66960111081943,20.56319736423866],[73.68494597709422,20.57358100055978],[73.69542783873125,20.578469033511617],[73.6973851823954,20.575707724926882],[73.6997416017262,20.575176539236736],[73.71552443712616,20.57636567883588],[73.72502980669316,20.57378728971837],[73.73238779579428,20.574344556850388],[73.73406567806512,20.571828367441803],[73.74204444345176,20.568756906581207],[73.74465241172338,20.56477050858162],[73.74627124144239,20.568316103011412],[73.76051816521733,20.57331094219396],[73.7636445099169,20.586586653393883],[73.7675912832705,20.586845598669825],[73.77641644670776,20.60081473097097],[73.77802799198813,20.599663271693863],[73.79132714642596,20.605196599612828],[73.79733261856056,20.602523354988747],[73.79845940596417,20.598602826107435],[73.80712181712978,20.60830943473915],[73.81015784341407,20.608347817816806],[73.81743654181832,20.613561363891943],[73.8255216201239,20.61202277383147],[73.83273075658582,20.619101093185044],[73.8383569555159,20.62054810478451],[73.83324052266177,20.637054361519432],[73.83273318563033,20.648734326766238],[73.83818358605598,20.654700670703054],[73.83908585662229,20.65878137290187],[73.83663874068546,20.664198988773432],[73.8323347055467,20.666867247545678],[73.83068202191791,20.675027350029715],[73.81732078670744,20.67178065436147],[73.81695073381098,20.678839136840924],[73.81306878109164,20.686417910741927],[73.81460419594829,20.687576587837846],[73.81206128816115,20.6921959878511],[73.825569145494,20.70079922616367],[73.83128852307524,20.70023725322667],[73.83546856285699,20.70209556514879],[73.83921670432822,20.697945016344146],[73.84341723468162,20.698158830205358],[73.85057244258209,20.69577951458021],[73.8552149584283,20.692207947952525],[73.85630495173618,20.70031861657659],[73.86039500997086,20.699918368204205],[73.8597469725114,20.703097308765592],[73.8626740439315,20.70316219301838],[73.86376298621049,20.707321717749796],[73.86685407293348,20.710631465938853],[73.86864243989942,20.719953869343467],[73.87079322677684,20.72094414623122],[73.87428570322662,20.729568879750744],[73.87902394444787,20.730417956193364],[73.88258779114865,20.733352745345705],[73.88716343910008,20.731501716946937],[73.89580444880237,20.73191654496923],[73.89722015326595,20.729215655201678],[73.90490958387599,20.725308080162705],[73.90592051465907,20.72703994856189],[73.9125061134143,20.7246339315203],[73.91719369953493,20.72489279965744],[73.9176248252943,20.72950378248378],[73.92229998591795,20.730804190906213],[73.92414781596578,20.733607702858702],[73.9283271227223,20.734597936657444],[73.92895632430685,20.729279850259342],[73.93015169898071,20.729306622836713],[73.934830377407,20.73633715318512],[73.94224786642097,20.74232113568666],[73.94106705972607,20.748017789697087],[73.9378968934103,20.74927154980226],[73.94111279475379,20.752430299984557],[73.94136432662664,20.75825315796232],[73.93887930268313,20.76026523868522],[73.93191761704769,20.76054931269159],[73.93478786283953,20.77326219073914],[73.9330351850415,20.791801227677883],[73.9362031379084,20.800873127827302],[73.9320094581074,20.808870273385786],[73.93823438507266,20.81419420815585],[73.9421833476206,20.82347375956818],[73.94412018634009,20.823743042806544],[73.94092493187507,20.82776218364656],[73.93945508055944,20.83435485771133],[73.93943506250163,20.838433180120017],[73.94130362656458,20.84017542346384],[73.94017689485653,20.839293571935514],[73.92919463208035,20.842199119658044],[73.92745275832026,20.847202058058933],[73.92496640576844,20.84815013421451],[73.92356932877061,20.851219676057276],[73.92438015802753,20.858465445144034],[73.92248569194167,20.86224534982198],[73.92463776790154,20.86632046430623],[73.92321032425383,20.87434193153897],[73.92541654976071,20.87721149959237],[73.92557117407561,20.888347439193485],[73.92200743337601,20.89215751109733],[73.91738216338659,20.907626150128134],[73.8999401522333,20.920626290827087],[73.88804307122292,20.933436810927294],[73.89214945004966,20.95555339591101],[73.89885281165043,20.96014433303741],[73.90781759214745,20.95958249155635],[73.90830248656815,20.96676054230533],[73.90315352751419,20.972032714293334],[73.90122290333986,20.97669323147779],[73.90113548199136,20.982149278752022],[73.89624845999619,20.981859356206847],[73.89222239235245,20.97931436468464],[73.87132192754235,20.98555972157766],[73.86885718935461,20.985106985815474],[73.86615135053111,20.989746400940295],[73.86183301960294,20.990232129017617],[73.85445782237424,20.994199778996954],[73.84927991331362,20.999614556628753],[73.84390094871603,21.00169540480067],[73.8386271355157,21.007334118494956],[73.83436110450336,21.008375851762672],[73.82759376398975,21.012993015797107],[73.81848047311169,21.021901714761473],[73.81481402173743,21.023290959617974],[73.7999488989435,21.03856101620583],[73.79534941060277,21.044316721260422],[73.81073093892091,21.059289180883475],[73.80758399854682,21.08462894068041],[73.79415418864252,21.07136765031328],[73.78014597328968,21.064328050337675],[73.7600247817172,21.069204270926818],[73.75745678218753,21.071797624772355],[73.74497335462155,21.077410709936863],[73.72973581995522,21.082238481812706],[73.73299703771157,21.09844709696995],[73.74356566043535,21.114985151990798],[73.73179819643904,21.10409840269899],[73.72948039298734,21.099675593599944],[73.705286539954,21.10823522572889],[73.70308584627264,21.111204037965773],[73.70290683179945,21.118204362197222],[73.68874073034893,21.100601927977763],[73.67698853861073,21.108367946053207],[73.65168060843673,21.10740772854905],[73.64616227201944,21.12106388421256],[73.63080585610503,21.123094863804358],[73.61823889509913,21.118272563993077],[73.61168657533189,21.137901489897303],[73.6174103869974,21.142515951207514],[73.60490231684655,21.143837108992408],[73.60054431811209,21.150039449121987],[73.59856548315307,21.156452642854294],[73.57829372585415,21.150303638543143],[73.57665528321756,21.15649758739196],[73.58305410695385,21.160840259664944],[73.57741583017476,21.16774284766792],[73.57718896783626,21.170581447363972],[73.58077705467673,21.169276839811257],[73.59362427208498,21.174221051334005],[73.59965407419078,21.181615274635913],[73.60650315331043,21.178673421235256],[73.60557065084153,21.169903473560804],[73.60756940414531,21.158801908260084],[73.6144956566327,21.155604795541624],[73.62904882147788,21.154741017232578],[73.62971562474361,21.148648205089447],[73.62720819591863,21.143169663358716],[73.63442271778067,21.140699538065338],[73.64313766691568,21.139382475431457],[73.65731238410814,21.145660917719255],[73.6647293844386,21.147117844767237],[73.66402772294657,21.153087163180775],[73.66754697458175,21.154550840878656],[73.67276477333252,21.154347331861334],[73.68169341819889,21.151168782374768],[73.7015906867205,21.153558825294965],[73.70113867333416,21.146125083997752],[73.70638386800617,21.14442905512824],[73.7105436408968,21.145245119641054],[73.71284575706865,21.14227796331137],[73.71877833451123,21.139568259913126],[73.71829823439921,21.141375311352576],[73.72081730898357,21.141844372372823],[73.7312229467721,21.14178790881157],[73.73161181578054,21.140777669000368],[73.73301692731027,21.142164097270015],[73.73300625262976,21.148126333877737],[73.73722862731587,21.150028032371],[73.73692882177635,21.153058711113314],[73.73388748375379,21.157789678370957],[73.72832219419323,21.16174790402223],[73.72955565743511,21.165186571749924],[73.7401388436463,21.17103658066059],[73.74024114379087,21.16753211901954],[73.75761778274433,21.167348877710975],[73.77214973567077,21.164560841193417],[73.77341427433328,21.168463285145794],[73.78116748353185,21.17090565297697],[73.78475062514666,21.18390971166485],[73.79361404244196,21.181679523803364],[73.80275228312874,21.174841795471547],[73.81568687517314,21.173883008836935],[73.81969412670492,21.186537217422757],[73.82280410948991,21.184945379153152],[73.82310689384295,21.18635915926412],[73.82572126350927,21.186960543380053],[73.82587121388976,21.19993503914964],[73.81525619228319,21.19715702341706],[73.81277869262851,21.20553818345973],[73.81055448644291,21.207423546635273],[73.81162978870263,21.231034067276983],[73.828285094856,21.239790983603314],[73.82730217803507,21.25198507753275],[73.8221878409505,21.26091044028856],[73.82295782291312,21.265218816672498],[73.8215835990561,21.268472073602208],[73.82268567290788,21.2706689064637],[73.8251158430252,21.271278695625057],[73.82658785568745,21.26764153344441],[73.83633549639497,21.271615295373966],[73.8497585931892,21.274638430469697],[73.8597478896913,21.271437041879693],[73.86319312374033,21.272471955192678],[73.87942578512894,21.26577131146178],[73.89724955512521,21.272058373300744],[73.90191693274522,21.27738321188558],[73.90854289280617,21.278482480406502],[73.91877852802043,21.285368153941942],[73.92205172391279,21.289452615843977],[73.9322352406709,21.290537808622997],[73.94198602727857,21.299084561769558],[73.94216549001106,21.325441568323786],[73.94565783710348,21.343392138946015],[73.94898780652179,21.350984780908593],[73.94456277190754,21.380935765574854],[73.94388768886985,21.399788989701793],[73.93874618134116,21.404840248528117],[73.94696351321615,21.404854055058927],[73.95183702634607,21.39519999597798],[73.95929767940945,21.39533595003623],[73.95956879096218,21.396874020787834],[73.9702575714401,21.39763353986554],[73.97784416471303,21.407166016689345],[73.97672861972522,21.411747774489164],[73.98226878161067,21.407833567232053],[73.98679185655838,21.411059574728576],[74.00242891155743,21.417337267161653],[74.00275400736717,21.419162518305033],[74.00067996176786,21.420641332408145],[74.00266622489593,21.42133947949506],[74.00833941559685,21.42279525374254],[74.00899713150518,21.419468989091857],[74.0151049406153,21.421208920089455],[74.02345185267335,21.41771422015307],[74.04467272768063,21.4191228221404],[74.04814948720625,21.42330419617089],[74.04899105771051,21.428001195103672],[74.04723812209598,21.43222256022949],[74.04951053547299,21.44014048152531],[74.04754543216143,21.443711613023552],[74.04552870536541,21.444370071675255],[74.0455712405941,21.44600810331539],[74.04972592093543,21.4526486871509],[74.05302452657386,21.454520986277487],[74.05310084654207,21.456321729000088],[74.05721438314501,21.459344606315337],[74.05949145788006,21.459250738864277],[74.06126082368108,21.461822303595756],[74.06227289352796,21.4642161241518],[74.06087329675573,21.46550192021371],[74.06252671700307,21.468447729543247],[74.0613730762607,21.470320664202404],[74.06309344704782,21.4745703988482],[74.06959344713624,21.472218667195175],[74.07281170026918,21.46870290341117],[74.07422251071107,21.46555371080121],[74.07301635535552,21.463714438942553],[74.07499892820442,21.46371428344347],[74.07397572553623,21.461196427810467],[74.07548291353001,21.459732621960367],[74.07234627054406,21.456955399360773],[74.0864378235041,21.455138644608514],[74.09463425158242,21.455663390361195],[74.1007077172009,21.447636949462662],[74.11631588597368,21.452274590978927],[74.11693270068878,21.46188794428116],[74.12033863434243,21.463298357037555],[74.11978887347337,21.465252570222393],[74.12522193910895,21.46658273203604],[74.13377773282679,21.465793111821196],[74.13588470168129,21.456064693283146],[74.14814516380048,21.457972814235788],[74.1474946029734,21.46134522789448],[74.15540158218904,21.462987849200918],[74.15870704466808,21.46632579634327],[74.15784944103264,21.46747629229237],[74.16098477517326,21.46877625214708],[74.17280178125749,21.46846983477598],[74.1730547755876,21.46626710148974],[74.18228502981061,21.469118340385887],[74.18345428147602,21.461124767386796],[74.18646934377648,21.46097914650873],[74.18769827322116,21.458097528536456],[74.19517679018229,21.46036623234743],[74.19605489606744,21.458165552801557],[74.19766997981169,21.458636805819292],[74.1969960609906,21.46084420748083],[74.20914123871614,21.46206189968786],[74.20869791383524,21.466917388384744],[74.21420003925492,21.481613833686296],[74.2343943069791,21.48221898228708],[74.23562355891893,21.467484678158723],[74.24638288589273,21.46859732644372],[74.25342143048555,21.467576950244634],[74.25578108824295,21.47661609688897],[74.27717665682692,21.47920554740932],[74.27720267113924,21.48234856506817],[74.30399711368246,21.48795002034542],[74.30393411303496,21.499378650593343],[74.32064057914208,21.49843419262615],[74.32171985734522,21.52005906851621],[74.32076522667596,21.52904555489168],[74.32559617672942,21.535905944511157],[74.33058253442873,21.53525781351507],[74.33098054649007,21.539014939145893],[74.32743266914008,21.53965479282248],[74.32638871628713,21.542330446548856],[74.33170849987384,21.54394860161596],[74.33035623802887,21.55274603204035],[74.3241658000823,21.551541420335422],[74.32195224611935,21.548479456957743],[74.32073113830587,21.5516862027637],[74.31393327124226,21.550753063499883],[74.30307061195968,21.552063611774003],[74.30288957807372,21.56663078084344],[74.29941825425392,21.566941429075946],[74.29939469144402,21.568507341003023],[74.29491586481222,21.569015609371814],[74.29494707138689,21.566954541040772],[74.28421729000279,21.56546598335077],[74.28449816983594,21.564125899765315],[74.27610211544027,21.561923145347624],[74.27787021012519,21.55329102165793],[74.26841957401014,21.552536220739157],[74.26645194014444,21.542522877842753],[74.26336464970181,21.54254676744385],[74.26337465334082,21.539831355001276],[74.23596952349106,21.539335981003237],[74.23634608647836,21.548290795956458],[74.23462660322673,21.54833413993205],[74.23487135102252,21.55082330617847],[74.23108887414449,21.550887914941594],[74.23198728105679,21.553322302839657],[74.22898414928156,21.554097745638234],[74.22806848393607,21.549040577398358],[74.21946607214657,21.546126717295987],[74.21359352372453,21.53941877713799],[74.20847481633608,21.536148617286383],[74.20482708854733,21.536658058582827],[74.20205793915753,21.5353247003827],[74.20025603458026,21.532343593150763],[74.19533874924147,21.531941740142273],[74.19518165994941,21.53742949769824],[74.19325136455849,21.5375465709243],[74.19313541451318,21.53945105481662],[74.18776377567671,21.540551938367088],[74.18749249344408,21.542732269130976],[74.18579181732125,21.5416123469677],[74.18507483236709,21.54298798028788],[74.18264448887494,21.542241033561826],[74.18260630059389,21.545223788289103],[74.17514305319597,21.55636311899313],[74.1763386093295,21.557634126108386],[74.1758163270267,21.568692658280778],[74.16473333346279,21.568813015346134],[74.15771974317025,21.568696465257762],[74.15518258460088,21.567044701535504],[74.15400137815573,21.55675004951806],[74.13915413273423,21.555323701267284],[74.13665391648264,21.546343325807573],[74.13598820467,21.548992125224892],[74.12984023188355,21.55111208359839],[74.12015772801723,21.551323502815464],[74.12005534971927,21.556185743951332],[74.11897939079108,21.556214319208724],[74.11559789760136,21.553225646974134],[74.11652709965989,21.550515614570205],[74.11306218262467,21.548358567493448],[74.10988318317474,21.555867827332435],[74.10299458267417,21.55611180684619],[74.09740490205704,21.55520026424665],[74.09688425468804,21.550725570831577],[74.08757273796607,21.551231883765197],[74.08522237058536,21.55509966110057],[74.07925421626426,21.554063538712242],[74.08183848518203,21.54854361641447],[74.072233543654,21.547826366400255],[74.06701725317455,21.55021264800759],[74.05994724778385,21.550233050556074],[74.05451896028725,21.558583464338327],[74.05409309236725,21.547710136999886],[74.05207210665849,21.546452989785283],[74.05005545801592,21.547826888608505],[74.05060175138796,21.545465550616075],[74.04727998807981,21.543769478451363],[74.04740799621118,21.54648822204334],[74.04424794672214,21.54711700616158],[74.04316309357431,21.542273786885005],[74.03697733405374,21.54495014098357],[74.03836513953955,21.54538131661169],[74.03787016602135,21.550680036845428],[74.03572373956635,21.550562454521764],[74.03458897152976,21.548867015104257],[74.03472119545474,21.545899454436075],[74.02995495644107,21.545413718296356],[74.0206766288756,21.549933188199727],[74.0103458890222,21.54913368841026],[74.00522172526672,21.553385168469806],[74.00382787950895,21.545408242956103],[74.00021584987124,21.544929970810674],[74.00181396264318,21.54178589120051],[73.9981763328165,21.538685504790184],[73.99564293100167,21.53808332941683],[73.99615776537249,21.539575364212702],[73.9934363874912,21.540914743783308],[73.99301499048636,21.542676791945475],[73.98263834851855,21.540092428993486],[73.98089885080238,21.542971369332907],[73.97400712326635,21.54263197903122],[73.97527873526342,21.53247679797494],[73.98085964742509,21.52761874382311],[73.98232753592183,21.521822681771436],[73.97728380552026,21.521405754814193],[73.97225595643461,21.5230841888826],[73.96615948316509,21.521534006538985],[73.9622778098218,21.527388668436338],[73.96049961088654,21.540476785052643],[73.95699064675803,21.540803635091713],[73.95458631218828,21.540187708220508],[73.9553639927129,21.535479854633994],[73.95422892553734,21.533620190343193],[73.95599218638773,21.525221131909312],[73.95428234475402,21.52393235202183],[73.95525430662009,21.520277495104654],[73.95216596784356,21.518443206989453],[73.9518013740091,21.512618068885185],[73.94878512323747,21.512239481748246],[73.94868951644013,21.514063964015076],[73.94604489600658,21.514065044610692],[73.94556343854019,21.516485808536938],[73.9416526840362,21.516041820824796],[73.93548004261373,21.51218594937832],[73.9319039716385,21.511980650960606],[73.92918419186012,21.517449155760488],[73.92877107732221,21.522976751044055],[73.92599191890353,21.52524909487246],[73.92120410056013,21.524862081201313],[73.92136683127217,21.520291923322038],[73.91568598602672,21.519128141966167],[73.91203334984323,21.522055286389172],[73.90523612687166,21.524555774418506],[73.9053623886781,21.515685318102435],[73.89383931135482,21.5108694090828],[73.89254348796422,21.509110971631188],[73.87797418757987,21.50427061126948],[73.87670031362492,21.51168124531914],[73.87430663127782,21.511857269855994],[73.87286850216978,21.51039533314848],[73.86861884205523,21.51077599606778],[73.86864388349208,21.512668695243658],[73.86447648839625,21.51221813282018],[73.86636551518305,21.50695366557479],[73.87268404210936,21.506330353211606],[73.86938958219595,21.500951126886275],[73.86489536113514,21.500938298983467],[73.8634398262702,21.497974662881553],[73.8601478897244,21.49936234724568],[73.85338851996231,21.497287058086286],[73.8460950658312,21.508586068304083],[73.83878721260439,21.514622380167175],[73.83476556646848,21.520207530138748],[73.83256939490626,21.537634010628235],[73.82950210006359,21.545116071882312],[73.82739746772714,21.544880695083222],[73.82774836674511,21.549518637140505],[73.82637210730564,21.552087022728934],[73.82765029766556,21.554120304893445],[73.82535236225299,21.55459834622523],[73.82231995078943,21.561712780049707],[73.82308975758058,21.564275238643585],[73.8173094760197,21.580142166004848],[73.81745854874616,21.58734594579647],[73.81529298188735,21.58872100655773],[73.81557913752616,21.596317509009186],[73.81394999874097,21.600706424918542],[73.81222537443094,21.602530178796723],[73.79929297876745,21.603631077727933],[73.79176109828518,21.6098050346276],[73.78783147197373,21.615619411003856],[73.7814113473854,21.61851751262879],[73.78230802504076,21.620949659920967],[73.78055980108994,21.628513099071874],[73.7850667863126,21.62893416049805],[73.78809261492175,21.634024283331392],[73.80162977709581,21.63706486422862],[73.80474944910944,21.639445590411487],[73.81236935999794,21.639998468419822],[73.81431004799842,21.644094613906066],[73.81763555278974,21.641891380732776],[73.82177454135962,21.643346348387883],[73.82484736443455,21.63970014633835],[73.83042581611068,21.642291694625957],[73.8326174745369,21.637929624990235],[73.8350075968605,21.639056429330324],[73.8365146240559,21.63818556302865],[73.83480737226516,21.634152894669075],[73.83863476131415,21.633001508529677],[73.84577882291856,21.639158200759887],[73.84958016172263,21.638648517905786],[73.85196510975021,21.646100104481846],[73.85968925934768,21.641982699431406],[73.8738079584973,21.647231080816198],[73.88382195327985,21.653262932973718],[73.88796121044602,21.653151282631512],[73.8884741511682,21.660263501999868],[73.89369764793285,21.671331523855404],[73.89436020665885,21.67590267987284],[73.8916792682367,21.68044587232533],[73.89040069160124,21.697258537207464],[73.88382555552414,21.705373039240293],[73.8862598776547,21.70653882568426],[73.88296974582431,21.71247285120409],[73.8773349940344,21.716302390872112],[73.86648054445519,21.718903157552017],[73.8584046163891,21.726427896987733],[73.853777589295,21.73456726536257],[73.85035526408237,21.73681562251167],[73.84623704186691,21.737261949799812],[73.83623431195801,21.74675213809091],[73.83285782777433,21.755402246624442],[73.82751559439036,21.757058122460837],[73.82407719292742,21.760976788075766],[73.82349109790007,21.764154529123445],[73.82559772719138,21.767325342999595],[73.8317024739447,21.7710301075275],[73.83428780646776,21.77490086115535],[73.8337700417925,21.776392152629885],[73.8295876636961,21.77770055978542],[73.82885973187189,21.78600822473925],[73.83633910313085,21.787717161792703],[73.83763430937884,21.79000822980992],[73.83393939039327,21.792716821654352],[73.82734897936305,21.792728506776637],[73.82641884934482,21.79787045366281],[73.83150509611048,21.79984991233012],[73.83236047911052,21.801486047337903],[73.82800282173585,21.80417615987117],[73.82641930928224,21.810651418218203],[73.82093525077954,21.811412789818647],[73.80794679125917,21.809845335165722],[73.80308132793247,21.82063140195451],[73.79565090407671,21.824321831640347],[73.8082432344046,21.837553163730078],[73.82628265306965,21.84260836116113],[73.85065102540652,21.843449548550495],[73.86462997095244,21.84095401505099],[73.87114519658662,21.841153041163636],[73.87491319980879,21.842891749542666],[73.887504684822,21.85453757239626],[73.90058062497972,21.857697342493797],[73.90949100170646,21.857018457479068],[73.92957391426806,21.864432791930135],[73.944972109928,21.87425343942696],[73.96536091321686,21.884304955221594],[74.0287180086342,21.911268408454603],[74.04217949313545,21.92193758993578],[74.05005615331194,21.92618629245827],[74.07983297025908,21.93282213527699],[74.0937872480673,21.93750260818259],[74.10804386556251,21.944302292974907],[74.12826016896062,21.9497083899808],[74.13664605352899,21.95112646339886],[74.13982591895486,21.946759530820916],[74.14432764543984,21.947571926369193],[74.14705298489154,21.948417269745676],[74.1467272665493,21.952820768848575],[74.14421029581932,21.95306038461899],[74.14197425073661,21.95551699369439],[74.14305403918284,21.958328859198463],[74.14759496724851,21.960649356426828],[74.14584281316833,21.962005465230074],[74.14339808046195,21.961170280221932],[74.1428078253365,21.96355462032951],[74.14134110644626,21.963771482266967],[74.13988438850006,21.967572433382585],[74.14182590744215,21.970128127912638],[74.14038835864582,21.972602752649376],[74.14425191656306,21.975334279889324],[74.14758737828099,21.97408305677694],[74.14993069658169,21.975098766132724],[74.14869265193185,21.983357816159742],[74.15063952842632,21.986524123952222],[74.14800115218236,21.98841648859381],[74.14554625144525,21.98767621244589],[74.14378918178382,21.990778600190367],[74.14019651084047,21.990453802171732],[74.12727400742489,21.995525179513365],[74.12048564363866,21.995628956686403],[74.11847612133124,21.998866448505687],[74.1148398695202,21.997845721019196],[74.11282539120738,21.99938079120633],[74.10449242998564,21.998445199439903],[74.0993064190195,21.999419682963456],[74.098047752644,21.99824097413084],[74.09690454763029,22.000560487546878],[74.09972002044432,22.00072520094916],[74.09944497516895,22.00262925313468],[74.09632751121426,22.00985262831721],[74.09211643284281,22.014979057242552],[74.09479805757785,22.018939330720354],[74.11469654152,22.02467957156815],[74.11583650810712,22.02554147139154],[74.11536167930917,22.02998000541202],[74.12137737786502,22.032322469391183],[74.1215481988045,22.034869088250222],[74.12324486035632,22.035914338314484],[74.14015443285426,22.040555517728933],[74.13870276793153,22.043778881372468],[74.13143526612896,22.04633520241362],[74.13141372273184,22.048009757520322],[74.13414751712698,22.04955182761587],[74.13562972387105,22.052821420846808],[74.15504986031429,22.057890380836238],[74.15427841499609,22.059047422199754],[74.16003206779699,22.05890484604899],[74.16075751667772,22.061598388795645],[74.15843921106779,22.0699154242937],[74.16201701579152,22.071497900639137],[74.16221947359867,22.073348329739662],[74.16391544254941,22.072832813052397],[74.16453563852326,22.08289981245581],[74.17863314731365,22.08549382724319],[74.17360161333872,22.091584397688862],[74.17031690823097,22.091598800922785],[74.16935466433964,22.09688296226477],[74.16702045854919,22.097341539666385],[74.16923080103503,22.100577144150694],[74.15368810597172,22.100399725206362],[74.1525954455658,22.105937205318583],[74.14112577039121,22.099456478142578],[74.12852469316739,22.094578752965493],[74.12630561546375,22.09832517361558],[74.12451991829086,22.097782272965542],[74.12898852748457,22.1208480213872],[74.1284998897841,22.124407844959407],[74.12338258825908,22.12744202429988],[74.12281634420287,22.135612717145044],[74.12459350019407,22.13600891071271],[74.12697448036305,22.142966099815162],[74.13066931131378,22.144466894665094],[74.13020324647974,22.154631113042573],[74.13148882099127,22.158991902641876],[74.1340259085937,22.160505779690112],[74.13181529391836,22.163032698836105],[74.12489468015603,22.164062905291],[74.12140000912196,22.16752395616702],[74.12268468621654,22.171991539238356],[74.12042466509885,22.17889819137923],[74.12084756318853,22.182376539261494],[74.11886306884324,22.182930186290637],[74.11813296040111,22.185707108562042],[74.12171419489259,22.194745964229885],[74.11746986807583,22.206447396912246],[74.12228231193616,22.21038658339551],[74.12248982007183,22.212368406174342],[74.11646266260625,22.216232204092062],[74.11290129076403,22.214088654517173],[74.11110462965307,22.218082394267924],[74.10624508802074,22.220238383485473],[74.09864619052334,22.218318852587995],[74.09207704980247,22.22054456967404],[74.07220858935372,22.2190845493218],[74.06933906311241,22.232616669821514],[74.07410204034326,22.23804217555906],[74.08068152157142,22.23976113112409],[74.08270647064721,22.23887717016787],[74.08721563338612,22.242785563568894],[74.08386325549309,22.246964418761237],[74.07505226297945,22.247482867951117],[74.07451106844495,22.265571564573804],[74.06789979044902,22.26515564553916],[74.06606504077001,22.26866688873393],[74.05883476155958,22.27454376764622],[74.05475411138087,22.282768261363014],[74.05600222524671,22.28984651992483],[74.05241681089426,22.294019001155178],[74.0543522482419,22.297406398810853],[74.05390170000776,22.303864247285098],[74.05934423208981,22.305933174034596],[74.05986285375783,22.30366961684076],[74.06247105199814,22.304847862327296],[74.06147668525061,22.311604554012607],[74.0631350821646,22.327015719867447],[74.06461247304044,22.331786785959512],[74.07200318237747,22.33680363621026],[74.07244700402676,22.34353842603258],[74.07064813755177,22.344834974724467],[74.06952991917767,22.34927198525016],[74.06651908614555,22.350202180143633],[74.0649235156059,22.354460346838607],[74.06718607715916,22.35600158997429],[74.06806584133436,22.359728365110897],[74.07117724615243,22.361299069533036],[74.08291681835749,22.36171678994336],[74.08736841974795,22.359802444399023],[74.09210858965209,22.360770599890753],[74.09589170163899,22.370967278442286],[74.10542048040399,22.371688475785437],[74.11243716000283,22.3667863934956],[74.1140623300311,22.357216293016975],[74.1180445967199,22.356145453107832],[74.12159137722692,22.357713221224483],[74.12552904795179,22.356186561699076],[74.1277399905122,22.34168596907077],[74.12568049672214,22.337770732549153],[74.12806096125814,22.33298573447471],[74.13426059615661,22.332927302377247],[74.14226423499518,22.327371974195664],[74.14551230141572,22.32843217947391],[74.15056664271742,22.326993469003057],[74.1541785403028,22.3298265105621],[74.1561115207581,22.32748766221713],[74.16434270285812,22.324415812350775],[74.17483966427675,22.32374597641457],[74.17894732679608,22.3216494227425],[74.19018631370739,22.320182446169856],[74.19198137671546,22.324049424068562],[74.19216360176746,22.346521679633295],[74.19420585958215,22.348491493511528],[74.19617575001588,22.34311183638729],[74.19797146160758,22.342575434348074],[74.20265818534554,22.348567688279303],[74.20373541898311,22.366472949601903],[74.20613058534705,22.365989616090083],[74.21121153834073,22.359919175545162],[74.2241843087847,22.35644252536014],[74.22451292688868,22.360419732883447],[74.22216570361145,22.36468151669171],[74.22509556340218,22.370251519353697],[74.22232728447993,22.375046015891094],[74.22373952234481,22.37987785961474],[74.2286269315139,22.37792980119255],[74.23126779519288,22.37860929814244],[74.2433390388756,22.37593817222201],[74.24288537528408,22.382375092975572],[74.25067190209822,22.382271003890242],[74.25407815465381,22.385336095473228],[74.25670366971784,22.399489342001097],[74.2704924931221,22.392547543086557],[74.27496398321297,22.39184038688004],[74.27952248322389,22.394588010782748],[74.2891516020095,22.392125686718447],[74.29105778302493,22.393876633196545],[74.26749389873743,22.4054846823942],[74.27039502052388,22.413044096887003],[74.26321882258848,22.417139780950652],[74.26246069479434,22.423616276466323],[74.25575555003775,22.42892105478195],[74.25313256103628,22.426874502244146],[74.2544482569576,22.421612131729585],[74.25141697198139,22.415047627832347],[74.24764003142046,22.41473829959179],[74.23775211069646,22.4220098293851],[74.24401432493256,22.433839217050522],[74.23631196037904,22.435131392029714],[74.22743066301634,22.438851922537342],[74.22626378469994,22.43755430382401],[74.22081024735733,22.43802977297679],[74.21524655679798,22.44132859436828],[74.21341074441197,22.431442999118882],[74.20165674167018,22.434444079024896],[74.2007718238602,22.435515170471195],[74.20416160221178,22.451361745511804],[74.20233167828248,22.457785662047797],[74.20391428972587,22.463189452358463],[74.20294793783876,22.46773972886257],[74.19890781425576,22.47300493153383],[74.19063664634585,22.47586273586356],[74.18778308047217,22.475617071853055],[74.1870040273218,22.472272472773554],[74.18218327224852,22.467781480170814],[74.17976734581835,22.46256157754409],[74.18041398819415,22.45465680279805],[74.18541472971778,22.45033718145666],[74.18407430048174,22.441500200406846],[74.17171786145927,22.440177484272034],[74.16958821104215,22.439179890418206],[74.16977627514353,22.431764021246725],[74.16530923800154,22.430140709305142],[74.16048226748478,22.43114327632782],[74.15556069269051,22.436260866906448],[74.15257406566201,22.442991297439733],[74.15530654761852,22.454029154997937],[74.14941732915977,22.455629585188536],[74.14310867651507,22.446880639435488],[74.13611517255225,22.44730052205206],[74.13410260046444,22.44591329115037],[74.13089189138329,22.439942302585074],[74.13138962542433,22.438005112043133],[74.12923481948434,22.436252636803896],[74.1306445645243,22.435024418885003],[74.12869128573685,22.43558443172045],[74.12822000438597,22.434302209959093],[74.12825824387097,22.42709813567673],[74.12656302321685,22.426805483269334],[74.12815388299114,22.426518311552535],[74.12801465220696,22.42219170563215],[74.12544659159184,22.41724091250958],[74.12385651065688,22.418776245984162],[74.11944611678516,22.418801734112193],[74.11710500654341,22.424553751742284],[74.1105233469007,22.426000804089337],[74.10679815828331,22.42995814431276],[74.10515916947101,22.429500699477316],[74.10516709620507,22.43582732948169],[74.10379842124155,22.437239601303965],[74.10156870928158,22.435442176060096],[74.09860792498722,22.442100975547923],[74.09867438235192,22.448930914443487],[74.09736226082711,22.450256764257404],[74.10097712105626,22.451638318633748],[74.10185197144686,22.455507657654024],[74.10369701851397,22.455748441704678],[74.10438784542534,22.464616006315918],[74.09558440684494,22.468254781153078],[74.09080175830599,22.466478541218102],[74.0853651362402,22.47017223812633],[74.07566100633174,22.464115786906543],[74.07512666594286,22.46818887083723],[74.07642667997429,22.46931444966523],[74.07405430746232,22.47760439430842],[74.07662266541979,22.483616088840932],[74.0790104467338,22.485351974062162],[74.0824811120885,22.484564100741597],[74.0863883874174,22.47708304249985],[74.08784278232027,22.482544429435144],[74.08542097012835,22.48768162639376],[74.08632855333127,22.49155344218479],[74.08275258566232,22.49610804944964],[74.08288702662941,22.506564453507202],[74.07798133674432,22.5057252338589],[74.07236056094358,22.508052111580454],[74.0532586742493,22.50858713606563],[74.0530462568206,22.50378908758335],[74.0498987100837,22.499523776826305],[74.04639637731857,22.499204547460387],[74.04391014514101,22.496593732814926],[74.04090066137843,22.486529029604007],[74.0368767748442,22.48694595592616],[74.0325187904828,22.491830813192795],[74.02969576014225,22.507656883243705],[74.03883897120753,22.515576960814563],[74.03945103203814,22.52033641303111],[74.03715111494208,22.525898941958125],[74.0411722490383,22.541720602226633],[74.05681000202831,22.550047667665694],[74.07466869942112,22.551332139992276],[74.08559505285065,22.543994751372676],[74.09929985233478,22.538275265041303],[74.10139569375784,22.53422585480749],[74.10723508266783,22.53910709351116],[74.11187773056636,22.539596629908488],[74.12162322070714,22.52812885132925],[74.12714085823514,22.526791417681984],[74.12687400110357,22.52439878186148],[74.13058022179376,22.523857659864547],[74.13313174262787,22.52017623661745],[74.15115596808653,22.52134857626366],[74.150402802586,22.52889194788709],[74.15619326385571,22.534741567301534],[74.1629927065643,22.538339350631862],[74.17080551898198,22.54732814292763],[74.18110796639554,22.548396383131568],[74.18940638380131,22.55355892824755],[74.19006908895271,22.559350672918907],[74.18338132480022,22.566700423639706],[74.1857796146064,22.56604384232417],[74.19210636111754,22.569130430179502],[74.20080489084582,22.565929493740878],[74.2033982049002,22.569067318645445],[74.2044648662652,22.566025534412756],[74.21015414938613,22.56451818189101],[74.21118256857113,22.574822473676782],[74.22159098574718,22.583172314954062],[74.23134380344572,22.61176200774297],[74.24047673598749,22.611808795580618],[74.24346118729638,22.62056755732288],[74.2495388058264,22.619646497764457],[74.25335152538679,22.621436812795885],[74.25511747219987,22.625613646273887],[74.25327943648355,22.634185161583005],[74.25849496339498,22.636596285319612],[74.2636650104002,22.64401994259096],[74.26660244298881,22.642366965135903],[74.26587026931983,22.638512240587993],[74.27185461038405,22.639098420813706],[74.27739220039285,22.645937435021988],[74.29250864844708,22.638083608477913],[74.31212476404767,22.636651274582025],[74.3154294396025,22.63393490075802],[74.32371911101063,22.635950401318237],[74.32280695807789,22.64063669507633],[74.3293038248426,22.642048594534213],[74.33208660167521,22.638744182398742],[74.33910218083781,22.640261977934898],[74.35923542241153,22.63392629190887],[74.3750044812483,22.636216330413948],[74.37906625512794,22.634572992163744],[74.37971969415717,22.640337673927604],[74.38416527593692,22.6462428268743],[74.38084194057703,22.658408822726514],[74.38212047948322,22.66760415764968],[74.39496029297693,22.68574913176254],[74.39450758609121,22.70005381683208],[74.39787262394154,22.704184475059815],[74.39957140911072,22.709628917222382],[74.39684868375652,22.71380423985909],[74.40178560177584,22.731518087504014],[74.4073955223347,22.737031866055016],[74.40893883607761,22.740669044445298],[74.41407876167307,22.74372468220388],[74.41596168081422,22.7540266406102],[74.4182441131016,22.756411381075807],[74.42142377640656,22.756645487564846],[74.43520651462308,22.78226928234304],[74.43783544418349,22.79211096718788],[74.43376324894824,22.807979216760657],[74.45009756818601,22.808328065380294],[74.46476351022694,22.816366552861776],[74.47083958634963,22.841867126931415],[74.47656899990925,22.855455217568473],[74.47362236587722,22.857869801163798],[74.47024058253163,22.864209424592158],[74.46883714815654,22.87122076650288],[74.47040496165224,22.877857835469506],[74.46384204805287,22.887262928742413],[74.46386988684353,22.898151252089853],[74.46057743466477,22.9079390501931],[74.45860227291699,22.911266918201054],[74.45118922786871,22.916067038784238],[74.44693723842258,22.92126000699379],[74.44053309935477,22.918209157804917],[74.43373786255833,22.912490380386476],[74.43326832573571,22.918122531909493],[74.42648037158129,22.918437952964055],[74.42387446314663,22.916525180387485],[74.4183633779303,22.917297423602772],[74.41055092843199,22.912005559185317],[74.41364299881022,22.906242578547616],[74.40858825596158,22.90634257660431],[74.40457863467407,22.903630377811922],[74.4037239281054,22.898682196003417],[74.39323849207187,22.896778677076323],[74.38557440293599,22.904621782529237],[74.37786554446132,22.90724573411106],[74.37064347225929,22.922021771756732],[74.36816195354203,22.92438453065109],[74.36243805024837,22.926224035104955],[74.35827320636797,22.93167500995527],[74.35773121772276,22.939266929326536],[74.355568950376,22.93962767045708],[74.33951956147502,22.952825875095293],[74.3374340327114,22.956627728143573],[74.33937931289961,22.964651751966805],[74.34642652533662,22.96842111671325],[74.34994852581656,22.97163692884124],[74.35065489088738,22.974315766578254],[74.35389827708534,22.975755222740837],[74.35632020066832,22.97461409701872],[74.36157356372122,22.976574924755457],[74.36554834474876,22.975908959220153],[74.36425907277153,22.98140269237348],[74.34921119851283,23.00728792971924],[74.3465705800739,23.0155629371211],[74.34647018525605,23.024602508627062],[74.34455008394696,23.0287640641014],[74.339940320676,23.032681128588383],[74.32723314612896,23.036835831957188],[74.3221443310799,23.04099909781419],[74.3188922186473,23.05875247757871],[74.32082947059182,23.061374052905133],[74.32444904787452,23.061411061478427],[74.31973705183267,23.071221660705486],[74.3145228562245,23.07702557920698],[74.30221629346319,23.084902795038797],[74.28859336912902,23.08888634531305],[74.28444197213008,23.093213537627562],[74.28317870907529,23.0990628354497],[74.29192512529637,23.112960493006444],[74.29299138241947,23.117223225066773],[74.28374505913266,23.125593946750662],[74.28006463895576,23.131835716837628],[74.27274398383783,23.159628745882085],[74.26774463021133,23.164704385971095],[74.2529165189054,23.172029022648186],[74.24908793060551,23.177580602653173],[74.24706716408569,23.18435871597558],[74.24172331283592,23.180606009012724],[74.24082048800906,23.184623018234902],[74.23368725379876,23.179568770094452],[74.21847793072392,23.183794642928415],[74.21902664325903,23.186498570078566],[74.21172252073559,23.189775727854553],[74.20903655444282,23.190210424547153],[74.20655133286996,23.18881101646931],[74.20294369150241,23.190240409414386],[74.19580275244194,23.18047141541123],[74.18862249232481,23.178082483011725],[74.18872427054819,23.17513267444454],[74.1829547561943,23.166277053564098],[74.18544817579244,23.156755443946086],[74.1811945334462,23.151575054378785],[74.17848048581766,23.15438782914071],[74.17279757175208,23.155653513793098],[74.15545472472465,23.156285682208345],[74.15233074439091,23.162384493746124],[74.15149164964357,23.16829444628245],[74.14740021788484,23.17290916759191],[74.14159407382691,23.17489604842003],[74.12780861910495,23.17604294558703],[74.12283709798088,23.18450774671529],[74.12501956125186,23.189410172998475],[74.12558059058784,23.204182713580334],[74.13306350749723,23.207754226162034],[74.1335713772296,23.209664007960484],[74.13631672485762,23.210923589539313],[74.13440699998836,23.21352056443452],[74.13483664801909,23.216472365376816],[74.14077705517768,23.222946286896363],[74.13734861513291,23.229181645946888],[74.13983962544947,23.229650950262105],[74.13895582424539,23.239971860812865],[74.13630322856879,23.245200395277166],[74.13825268053314,23.247001476773153],[74.13694841657215,23.256292545261648],[74.13858063029058,23.25930828588262],[74.13881563855205,23.265982319346996],[74.1341733742341,23.26890341185279],[74.11555927453573,23.27432480725077],[74.11392564866567,23.284319162309895],[74.10685684522082,23.293674027417577],[74.1026243923355,23.293153991327586],[74.09224167595974,23.297982425081297],[74.08955149926324,23.29618524142334],[74.0859494139757,23.297967389060656],[74.08299963584017,23.29602345093963],[74.07178342301795,23.298790206060684],[74.04830965861805,23.293248615878532],[74.03818695241472,23.293373672363412],[74.03884973032969,23.298499669262437],[74.04241806591197,23.300215217332962],[74.04487667040297,23.308735106000864],[74.0408837721528,23.308658560806467],[74.0355411839343,23.304938106164087],[74.03308633080792,23.305920333791235],[74.03076787967092,23.31284325746587],[74.02482572079751,23.320987746118163],[74.02867419959442,23.331598500758737],[74.00441041990273,23.335845362833258],[73.98760497741762,23.335685740431103],[73.98195426346341,23.33777588038268],[73.98353366971784,23.344616087170092],[73.98220449457568,23.347458371082602],[73.98423395858408,23.35267138667087],[73.97950519099588,23.355306191450588],[73.98027049543083,23.362815698789245],[73.97708507661987,23.364772855349255],[73.97495225425148,23.37212641571397],[73.96673862163887,23.37481750810908],[73.96590189125736,23.37759723691593],[73.96237026353252,23.38082894180524],[73.95910940779727,23.38106289183239],[73.95359434394253,23.37588720777002],[73.93800888907174,23.367853496709355],[73.936968709143,23.360494778543597],[73.9394107451069,23.34432635984501],[73.93565834202796,23.339646009581507],[73.91860480731921,23.335395576253465],[73.90096454067762,23.3358981817623],[73.89194900357043,23.33403944943464],[73.88962727987085,23.3362963364686],[73.89267607121533,23.348202630609812],[73.89080588928655,23.34881418188086],[73.89132993498228,23.350402218824804],[73.8898072842875,23.350834301033395],[73.88725682795702,23.357202305719067],[73.88036605173684,23.35842360878656],[73.87434732765516,23.3635922301743],[73.87409451388642,23.370651453706582],[73.87247996194479,23.372392793846743],[73.8737613916296,23.375070221532447],[73.87249943023363,23.375790317573834],[73.87379793779031,23.376942727627636],[73.87298412522833,23.379381356418673],[73.87192959830621,23.377182217413264],[73.8677788669589,23.377969297496268],[73.86922924639246,23.381828419972116],[73.86637926300017,23.381180414192396],[73.8658700664561,23.384141616908373],[73.86179919893083,23.383549212629287],[73.86085907964663,23.385588603636396],[73.86340050251862,23.387170221705105],[73.86362925670907,23.38941112403066],[73.85929018008774,23.392061459211668],[73.8581877855374,23.396160099127638],[73.85005711054463,23.401901827328903],[73.8493373704575,23.40539831042724],[73.84558009401815,23.40744960549004],[73.84568142128725,23.410369693281243],[73.84089479680485,23.413274584866844],[73.83965145389145,23.418749991926976],[73.83511512340341,23.420368642311093],[73.83415529418359,23.42354660182156],[73.83025574167121,23.426158650350843],[73.83315153015982,23.43575090405106],[73.83181821737749,23.4403746656749],[73.82870073096494,23.443755685684454],[73.82872699860216,23.447618709250325],[73.82456425318624,23.442525103113955],[73.81862154274727,23.43838392951709],[73.80345604937347,23.437695189335187],[73.79447182753707,23.43103910769394],[73.78629569868926,23.430148774251833],[73.77899708822841,23.43122926210907],[73.77658887203833,23.437712137319878],[73.77230685101394,23.43774477226009],[73.77057674698071,23.447992851727612],[73.76770622720268,23.452845195310683],[73.75575044398346,23.454244401269673],[73.75645425244902,23.45009647626622],[73.7508736618842,23.44193399862013],[73.73660610919704,23.429734175810715],[73.73501638399492,23.425415080852172],[73.72876869731363,23.42313512486912],[73.72082572979106,23.41005607925418],[73.7137263710501,23.413736326586182],[73.71452904989248,23.416654458005162],[73.71123432228109,23.4217864000337],[73.70810085483964,23.422242480465126],[73.71047064110186,23.425283995561493],[73.70800734740509,23.43108156014848],[73.71166940871252,23.433845713523507],[73.7116578473948,23.435427214865413],[73.70512907067457,23.438121342754553],[73.70687639900508,23.44556159402451],[73.70428770408792,23.45135975174623],[73.69741995797666,23.456592844754255],[73.69540869922582,23.455832261022763],[73.69213916396828,23.458351753977123],[73.6852300737944,23.453515635679967],[73.67393568328792,23.454030861633303],[73.66052391424947,23.44794599476337],[73.64746682433966,23.436374865992555],[73.64621679167234,23.441341918955107],[73.63603716461942,23.448984220080156],[73.62722950934707,23.448492110264954],[73.63069246356335,23.45783938628452],[73.63433549316322,23.46230068828468],[73.63345472916313,23.46987312113543],[73.6403489396426,23.482636721476865],[73.63919102830937,23.48699973705918],[73.6407378077527,23.49632731466727],[73.64530643537017,23.49760496487087],[73.64963473220807,23.496388994957698],[73.65638382254838,23.507375936023557],[73.6553428691702,23.512315976223164],[73.65053407426657,23.518466951261974],[73.63308886151758,23.52860314431264],[73.6351586383227,23.53827480542594],[73.63312798763977,23.555012487754073],[73.63663618999693,23.564523812201717],[73.64057990997688,23.567934110405776],[73.64718616459378,23.56597382728754],[73.64969447197112,23.568021704414424],[73.64508432781449,23.57027377413138],[73.6441759235514,23.5721808906626],[73.64762543807274,23.57454008333666],[73.64337307941904,23.594287226309508],[73.64504530050696,23.596697960843624],[73.64486632016977,23.604027760513578],[73.64899392977995,23.608287469749342],[73.6556742756448,23.621208238510203],[73.6406842277376,23.628129590569312],[73.62679723374413,23.641787608930308],[73.62073873765155,23.645655080544582],[73.61944653986143,23.648735145788727],[73.61549672301565,23.652036014574154],[73.59819830396722,23.653805626982553],[73.5790338810544,23.652526753262272],[73.5726724146575,23.653683446852437],[73.5685627309288,23.6528145670349],[73.54648608484928,23.62590756338832],[73.53303080591,23.6194666871842],[73.53119765253723,23.614097944288158],[73.52489209189378,23.611756722666048],[73.5231029119525,23.606818364331705],[73.50641213582011,23.618944710287455],[73.50348497277186,23.61823601102948],[73.50272540408001,23.622715096793048],[73.50381417567908,23.624347763414058],[73.49378317758483,23.63225397153528],[73.49713395468004,23.635165529869923],[73.50575410460314,23.638753923974377],[73.5087932758892,23.644303297674636],[73.50584027459846,23.646925976060828],[73.50190130221476,23.64775405039144],[73.49945579336399,23.646733350223634],[73.49953518287553,23.648644342164683],[73.49662218266607,23.64907293942387],[73.50390313674,23.656632018929407],[73.50843157373163,23.6954112013708],[73.50520238091522,23.69873173597684],[73.50741293809838,23.70295898892337],[73.49067639909049,23.706820517542297],[73.48142033896428,23.704117436394235],[73.47353648957056,23.70514940195316],[73.47143484952234,23.719647360996724],[73.46038952501323,23.727227323502678],[73.45675682154756,23.733437038989518],[73.45013111391323,23.733277771641934],[73.44922672871272,23.734727763010948],[73.44669923152428,23.74431648896572],[73.44878040525539,23.750887781338797],[73.44776049940431,23.752788835207966],[73.44525081850288,23.75475859548006],[73.43946975361105,23.754884470567564],[73.43659994440046,23.75687228988763],[73.43190996696451,23.756435847553192],[73.43065131136879,23.75795327764215],[73.43116946681118,23.76116526202623],[73.42704204405057,23.76000155233621],[73.42435423621147,23.761554501155036],[73.41929250267331,23.769421185057926],[73.41642199277676,23.770232589258946],[73.41803513885496,23.776723257579132],[73.4107930926126,23.780071069336966],[73.40859459621043,23.779082159563],[73.40452575079287,23.780400111013634],[73.40026596486841,23.78497300545729],[73.399202806933,23.783032758881085],[73.3944743573484,23.78284243998968],[73.38625468176888,23.776573630986803],[73.38283834831918,23.76815235194674],[73.37079106450174,23.765173870007015],[73.37154028190658,23.77039973901048],[73.36726000630878,23.774280672272926],[73.36657732621872,23.776952063970157],[73.36379088425973,23.77806183954213],[73.36335156945823,23.782140372847913],[73.35608113824956,23.784931330817447],[73.35186240713021,23.79131067915264],[73.35874043535817,23.795586933783003],[73.36792871490125,23.81414570231461],[73.36812649338408,23.82251672493413],[73.36510106183029,23.82367612275193],[73.36856824800988,23.8317945591665],[73.36687642208922,23.836556689024107],[73.36772897000624,23.839378369156158],[73.35785167814868,23.84652744863889],[73.35385841787743,23.852765210325536],[73.35609038730371,23.854483642375353],[73.35574108099875,23.85914221005549],[73.3581480386491,23.861850893258456],[73.36113943573176,23.87261409924839],[73.36521736671008,23.87539051465743],[73.36606860218849,23.878243622162653],[73.36803856628407,23.878241419918336],[73.37102662971867,23.89105069077988],[73.37772814078996,23.896060538727383],[73.37907908570472,23.904823518600395],[73.38383608734232,23.908769335339702],[73.38747677323761,23.9158172814999],[73.39517454201011,23.91892885680784],[73.4004053654342,23.9167392471023],[73.40653352947034,23.916417928064515],[73.40900279606544,23.921488244652533],[73.41456258254657,23.921501633531133],[73.42007118661607,23.924789677555808],[73.42084164468582,23.930740835049082],[73.41691694832865,23.934644595789877],[73.41631126823148,23.937788158728985],[73.41325190730939,23.939079767649705],[73.41492169935275,23.94449795055718],[73.4130410843903,23.945879336473222],[73.41422090653161,23.954916580154073],[73.41324356196039,23.958746166391293],[73.41605236837668,23.97007617798433],[73.41497138337448,23.985697075649764],[73.40467092213605,23.99093516535161],[73.39862392897066,23.989967867586532],[73.40376246846562,23.99321497314655],[73.4080101891175,24.008008506388546],[73.40667099865827,24.018433044505393],[73.40090490598729,24.032116918183075],[73.40470966198266,24.040950173563527],[73.38626380326227,24.06464431852424],[73.37031201182535,24.076284445484458],[73.36685052006631,24.07615171817034],[73.36533471722892,24.07897281696688],[73.36088316614413,24.081195243939277],[73.36206233970182,24.08619064704763],[73.36072495126304,24.087405878840688],[73.36089456217185,24.09622054994895],[73.36285163454474,24.100540560408454],[73.36200680315602,24.104574971973523],[73.3471090715173,24.106710949122395],[73.3434126128193,24.100507918288802],[73.33836324099775,24.098741892349636],[73.33335628492895,24.103317725124956],[73.33302434934663,24.10860582819763],[73.32633701009726,24.109558401596118],[73.32305158723564,24.098552335347115],[73.32145406286023,24.097152379303754],[73.32528179686227,24.077296138374926],[73.32330687137139,24.074465835579208],[73.32338736131915,24.069974512622405],[73.31565507478184,24.057937368951407],[73.31671791112038,24.053544765925196],[73.30768214305466,24.04826499761685],[73.3066510289238,24.04599852856976],[73.29978928625361,24.04664984296593],[73.29669940417142,24.043867663155083],[73.295291173691,24.039948712416937],[73.28996766479082,24.0336037119804],[73.2891855690466,24.027003817588767],[73.28606634349566,24.02500680243371],[73.28547867372161,24.022108489836143],[73.28244371553423,24.019213242212903],[73.27939633005317,24.020222792035955],[73.27549518213284,24.019009942795215],[73.27048704028792,24.020942587113428],[73.26534038271771,24.02023248979496],[73.26101037458918,24.017622243331445],[73.25844967387118,24.011877061399666],[73.2523874219224,24.00939312651413],[73.24934403124945,24.003101042122637],[73.2428035360063,24.00219505456202],[73.23949250397256,24.003998700511943],[73.23742663753387,24.00734589664114],[73.23664806318556,24.012252906034327],[73.23267331000578,24.013153719651584],[73.22976030260978,24.015576235779132],[73.22938792846662,24.022017436899965],[73.21593324511042,24.02787077356248],[73.21075289353057,24.028756793015127],[73.21087295785985,24.031440139592256],[73.20892219255855,24.033801259210342],[73.19956973062591,24.036142890638303],[73.19315662188,24.040904942145886],[73.20239740974803,24.050897221629167],[73.20531894395272,24.06130097635144],[73.21394581596907,24.07759450747277],[73.19836218288167,24.084473540295207],[73.1973335552875,24.086465219121486],[73.18319232010231,24.089566012341447],[73.17515408893881,24.09412655501208],[73.15893453217356,24.098234277876823],[73.15500662344094,24.108599792488207],[73.15720632448388,24.10943971189425],[73.15354896226368,24.112693181193833],[73.13747674178146,24.12254006707906],[73.12936695351736,24.122608263725024],[73.12523110905096,24.12477037780891],[73.12217563424078,24.130561068240702],[73.11043387194304,24.142221316160622],[73.10638157798459,24.141914768215972],[73.10344050991404,24.143658527946542],[73.10387684859703,24.149784499459383],[73.09917014542879,24.15937363318373],[73.07658607068964,24.179109180966968],[73.06745417210877,24.194596939489507],[73.07681098278566,24.202177610039183],[73.07703716060789,24.20508253092183],[73.07928225801372,24.205013260725813],[73.07846726416716,24.21927950285565],[73.09223748256355,24.223246377496263],[73.0971311476003,24.230989061135578],[73.09046597158562,24.233948964407443],[73.08792173339354,24.23372856943478],[73.09338931409897,24.23788687474389],[73.09536499866627,24.24925485683094],[73.10361325414655,24.25539654818415],[73.10760803885883,24.26424270836969],[73.11835423695476,24.26858617875291],[73.12030168837097,24.271950666561114],[73.123964469229,24.271151418488035],[73.12545692485213,24.27333852359226],[73.13100136182003,24.28857600701111],[73.13544619530312,24.308340995916264],[73.14087774278588,24.310994309992736],[73.16652651893149,24.299158283003358],[73.16923154657627,24.300214299984418],[73.173601062611,24.308497698146446],[73.17372622937114,24.318966247359445],[73.17623760000362,24.32464089459434],[73.17457181893796,24.329983444742936],[73.17656761139457,24.334187254768654],[73.17635713163192,24.33778687937104],[73.18167325368553,24.343231223041908],[73.1855559214638,24.340051766708505],[73.18593814204078,24.33577256641947],[73.18784853705324,24.333939174944923],[73.19857319893855,24.331844672457223],[73.20626748853596,24.351174587071245],[73.20904239612668,24.35207620855172],[73.21927252107501,24.363806407761928],[73.21722551476573,24.367427513294633],[73.20668555638434,24.37456677759936],[73.19853379883018,24.37682132878863],[73.18081384263972,24.366564357246222],[73.17072356202493,24.355730003923988],[73.16416598531669,24.35631409276626],[73.15790820875809,24.354415314196043],[73.15468644590736,24.356447215111075],[73.15204016359057,24.35426035541654],[73.14553589740288,24.356957565646486],[73.13282623452247,24.36695785788543],[73.13035252396165,24.36591529839318],[73.12393908283906,24.367524880172265],[73.12027103875181,24.370402014338445],[73.11166357932873,24.373472446975498],[73.10761334880048,24.377437039654037],[73.10534999313649,24.38249779505493],[73.1041658896245,24.38321070789311],[73.10229006178419,24.38171255838519],[73.10269540319996,24.387341573299768],[73.10002626594571,24.390292657760636],[73.09536975704232,24.38777890113067],[73.09186447959974,24.387920956567854],[73.09007148720836,24.386162587527302],[73.08750500583152,24.386535733337922],[73.07651219863055,24.396508080824006],[73.08112228349842,24.40119037356515],[73.08673014242365,24.412435671013725],[73.09019947198352,24.413997135943458],[73.10025892511273,24.426004556989927],[73.10283914891677,24.432914230278293],[73.09840079228687,24.447921293512582],[73.10006971026948,24.454177492993743],[73.10328799933501,24.45566775173715],[73.10182761985573,24.470718901264295],[73.09371218927332,24.471747632823316],[73.0911381027593,24.47500940956812],[73.09589811644804,24.490027584145043],[73.0872393263913,24.497950371905503],[73.0811379887445,24.49747026893114],[73.0798022810536,24.49453594176304],[73.07722251628866,24.49507230566187],[73.07369653178043,24.493324330351115],[73.07113759535368,24.49121092175467],[73.07241671187663,24.487078020590403],[73.06949199673754,24.487170532314778],[73.0673925198325,24.483559959217843],[73.06022624917931,24.483907922944816],[73.06043978141729,24.48105085558549],[73.05666365023842,24.47799332276656],[73.04793657654201,24.474563146881444],[73.048684509356,24.46917536054246],[73.04282114620774,24.469082008962168],[73.0364364439877,24.467069614048185],[73.03657543671837,24.464735932367454],[73.03459415385022,24.464148187918234],[73.03171209790733,24.467184127783838],[73.0283108318999,24.465566061025307],[73.02003081109282,24.466151798879984],[73.01946975660404,24.464747615928406],[73.0103845452651,24.46690315264147],[73.00323139270999,24.466652350569348],[73.00145942448957,24.46918401191074],[73.00579213295386,24.472768951708275],[73.00666462706343,24.475343716984057],[73.00425700376144,24.481379508289606],[73.00099157470306,24.483452574610283],[72.99111467091771,24.477796107954315],[72.98732299439285,24.47348337485628],[72.98607030450893,24.46917174824238],[72.96778978969972,24.45059636051008],[72.97463308187228,24.449074173567865],[72.97312868045249,24.442159546669775],[72.97462075788489,24.439558384910615],[72.98022046549728,24.437464635033265],[72.98099280374092,24.43403456424347],[72.97632279585375,24.4274677662271],[72.97310648487847,24.426103987306416],[72.97088037875605,24.41719228203893],[72.96671913262834,24.410826679976363],[72.96093927237732,24.405224385036426],[72.95238900958672,24.40243101414338],[72.94929431433123,24.398089874360316],[72.95441605712702,24.39122046964088],[72.9596832380656,24.391171488533093],[72.97437542348924,24.382657387857634],[72.97755190945303,24.37672740154992],[72.97764085164931,24.373432320671085],[72.97512572156738,24.36870331801703],[72.96862862303729,24.367885244491024],[72.9667844096068,24.365251700642137],[72.95374159931677,24.35640294985401],[72.94999636569209,24.356043697725138],[72.93771295071905,24.348158317931063],[72.92767285089435,24.34489883000791],[72.91922448490473,24.34427337848233],[72.91305378025,24.33783320880355],[72.91074011174356,24.337115948649394],[72.89116213232172,24.356875829499838],[72.8699750043247,24.365763077825093],[72.86980808207358,24.363685621091264],[72.85859410336143,24.369636643977323],[72.85768354314169,24.368086972189474],[72.85569568730061,24.368543089797097],[72.85408846381507,24.371211064099654],[72.84977017510775,24.3719459053766],[72.83650370048163,24.36906457826976],[72.81479010313424,24.370129561166827],[72.80851694831631,24.366659967904905],[72.80583664679972,24.362837495812197],[72.77142689094562,24.368127659898338],[72.7494002415015,24.364942883869848],[72.7308703121486,24.364199530735913],[72.72434227474184,24.367518443493065],[72.71991722126297,24.374675339119108],[72.69191931651343,24.406025442955613],[72.6891547018192,24.411633206712597],[72.6797812040376,24.44282893854209],[72.68751051535467,24.452502862033928],[72.68824261266683,24.457705263999806],[72.68337049282387,24.463776250340135],[72.68087095120707,24.46503892618824],[72.67093325932476,24.46478042866675],[72.65632768137598,24.46211641286119],[72.613560352258,24.472207759122263],[72.57595091324455,24.478750287967483],[72.5412321540007,24.518625546828957],[72.53895701244016,24.519513533266426],[72.53599331311268,24.517507032981936],[72.53637327712168,24.512902095821957],[72.5335134104646,24.5037042190968],[72.52631756547564,24.503119579721044],[72.52007102055305,24.500293927730237],[72.51447855246353,24.483853918093033],[72.5047927239324,24.471495912405643],[72.50443047559912,24.45826469447084],[72.49318569994412,24.458981956375233],[72.50035338274891,24.41694430856642],[72.47498773222469,24.41429494216387],[72.45725322153001,24.414694222139335],[72.45842619581391,24.424759454038732],[72.45210275061145,24.433859708007514],[72.45146964405033,24.442002546290187],[72.44804958798211,24.447684924938898],[72.44389870751445,24.449850596165074],[72.4337893332083,24.459998367986802],[72.43022803233302,24.48006569108075],[72.44294582676335,24.503875497024293],[72.44376137037887,24.50843812894906],[72.44147552090018,24.511210133585525],[72.4414459402762,24.514957237335352],[72.43608385232784,24.517090163202273],[72.4335029601772,24.515800071830828],[72.42534324085467,24.517472815131324],[72.42424147512503,24.516460081534728],[72.42015601267133,24.519991396812074],[72.4163389003492,24.521063002777254],[72.41297692305902,24.517144505226767],[72.40004997208445,24.51436252266421],[72.39173281402522,24.510747188646413],[72.38861547493639,24.50761504780175],[72.38579757667107,24.511819837944095],[72.37969999038891,24.512285991942974],[72.37650258625541,24.52455428696624],[72.37144987090437,24.530399995730694],[72.36814998965822,24.537323449344083],[72.37013670463892,24.543630612634324],[72.36766413224355,24.54753508783067],[72.36121535139768,24.54774688342328],[72.36050928366919,24.550811618292336],[72.35838576515222,24.550847688412667],[72.35799050642721,24.55558720496188],[72.35436024188756,24.55643170802176],[72.35373858076147,24.563651318539264],[72.34844210037156,24.562332323021504],[72.34144007319335,24.563023684737566],[72.33094603579097,24.569197179437193],[72.32687989250577,24.557915950581155],[72.33041364744122,24.55443550392827],[72.32899893741265,24.552300253868804],[72.32688982248291,24.553859389204593],[72.32360748353764,24.55126352522911],[72.3018667453906,24.550096658223538],[72.2993495428953,24.547181413716526],[72.29481839927968,24.546691275807163],[72.28932013122584,24.547935827077904],[72.29019673692447,24.550339442268918],[72.28571503209055,24.565135046701137],[72.27508320120839,24.565263560374582],[72.26898354071625,24.560687978870707],[72.26483317408496,24.56016641889865],[72.26332675594735,24.564781177936535],[72.25311437542081,24.574989075148178],[72.25199901638429,24.58015593914233],[72.24640647642954,24.58549486424176],[72.24848075289592,24.58922655249688],[72.25689293833916,24.594052960795395],[72.2584596082795,24.598184284801118],[72.26431360020273,24.599949347156116],[72.26436085697657,24.604363814720987],[72.27605203064908,24.607342919692673],[72.28539382778261,24.606798113650587],[72.29001743139715,24.603600392467758],[72.29521285580915,24.60920074832948],[72.2973979610254,24.60886071031547],[72.3032601177362,24.60559089232356],[72.30329156955095,24.60331895640783],[72.3053525329848,24.60260578080899],[72.30462705356133,24.598863064518472],[72.3073056842115,24.597688578142147],[72.30779134489512,24.595780239508848],[72.31365694664507,24.59383493596043],[72.33061304019662,24.59934376055288],[72.33608848565237,24.598605042520887],[72.33852199031601,24.60003781104403],[72.33866371123017,24.605191697341397],[72.34446865334223,24.610736253733194],[72.34550937226014,24.614925461433923],[72.34345541838044,24.621631116001286],[72.34750670353085,24.625669272458712],[72.34738276566605,24.628410384664303],[72.33796102116716,24.629954237301963],[72.33545328062675,24.633190210204805],[72.32021465271073,24.617678372373618],[72.31516224907509,24.619843068676506],[72.30498273700651,24.61744399493708],[72.29714074551174,24.624687197465835],[72.2892012284182,24.619433964171048],[72.28298777922731,24.625645295879877],[72.27366700806128,24.62825740689837],[72.27068843892091,24.63040830514363],[72.27223815046534,24.636930190162545],[72.27085455448494,24.63746125570459],[72.26788217114361,24.636694399463902],[72.26310689328156,24.630822638221005],[72.2546823991223,24.62477835421669],[72.24857609558858,24.62679325446021],[72.24229986763407,24.634466660510366],[72.23697786520863,24.635283092585585],[72.23401288488355,24.640314275105347],[72.23035877546299,24.64050416587431],[72.22686598639947,24.63905751137133],[72.2166833032779,24.62679485827384],[72.21032292384254,24.62673987864823],[72.20220222913258,24.623006631434617],[72.19474079004331,24.622915409694595],[72.19777901360678,24.61659317794917],[72.19657750254125,24.614623659857333],[72.19202326323969,24.619941887508062],[72.18388052836421,24.619624695972227],[72.17328851440874,24.621358462655515],[72.17033216689353,24.623068940323996],[72.16481841637575,24.62117683497934],[72.16033982330596,24.635150834237308],[72.15026858338193,24.643554291597095],[72.12817665516278,24.641591928011188],[72.12456483303586,24.638498071694748],[72.11700409507344,24.643251545056412],[72.11496846592722,24.64831571595027],[72.10877257790183,24.64654163172516],[72.10762890217089,24.648884792434544],[72.1024894850219,24.650345586722782],[72.09806556791186,24.656006277876564],[72.0944760446653,24.65809962698055],[72.08982526431848,24.658579971140842],[72.0900300846948,24.664025196356686],[72.08722151543375,24.66990347062931],[72.08615019181244,24.67747324461422],[72.08636355516714,24.67876116617115],[72.09276457348767,24.6818332486034],[72.09117037377712,24.690853748772053],[72.08520872775027,24.706297002725535],[72.06131965782146,24.71200090183998],[72.04852200316236,24.71045103561447],[72.04256669654646,24.704263613566646],[72.03493375649306,24.702340747427353],[72.02845493418747,24.69722222305684],[72.01781927468558,24.69466904647671],[72.01249186979203,24.69047165365052],[72.0059159872149,24.690322067302095],[72.00143163055424,24.688306494667238],[72.00111048912838,24.694764373311102],[71.99516599643187,24.693053859341234],[71.99384211775661,24.694944586444155],[71.98380119687175,24.68578427910418],[71.98278184168792,24.67242694130117],[71.988240847974,24.657412938716963],[71.97735994839954,24.656768262395644],[71.96426148208778,24.645714601813467],[71.95528818915511,24.64512606055576],[71.94619520649064,24.640971146907418],[71.94288194124508,24.635638197539567],[71.93988163107818,24.63368749093553],[71.93865324870755,24.63638508517215],[71.93602404875419,24.635274474713864],[71.92551100659367,24.635922203204164],[71.9154530177184,24.64939302960377],[71.91165900647209,24.65843655851538],[71.91765947678724,24.660573201392626],[71.92032943689826,24.664043040402788],[71.92018274470733,24.670796071849427],[71.91862383261777,24.671996080485446],[71.90750787806948,24.67744329713898],[71.89953608091449,24.6766229850962],[71.88824029083278,24.672021439157778],[71.88503804927153,24.67742731448323],[71.87998627984646,24.678793268271292],[71.87656404895694,24.68152226347807],[71.87176205789328,24.68164695914294],[71.86128870869187,24.672139257938916],[71.8577673100832,24.66639702879129],[71.85761144429654,24.651084412171635],[71.8653643696275,24.630562846479325],[71.85563470061554,24.62195361140633],[71.85217618228009,24.609244983544574],[71.83784250909646,24.621181693185033],[71.83085024840199,24.62326382812018],[71.82128392993961,24.62004904588946],[71.81605423749447,24.62019523264959],[71.80590901412027,24.626627535649266],[71.80254320461711,24.631003832160317],[71.81039352079958,24.65594393724572],[71.80297228491254,24.67152643841129],[71.79153773656051,24.677216033050723],[71.78028283240069,24.674789620093495],[71.77270261087804,24.675745056680675],[71.76243799601268,24.668500834699913],[71.74775428619375,24.66495240171424],[71.73648989312957,24.660235380049382],[71.70787989431173,24.661655003839602],[71.69692461153677,24.654257624391374],[71.69044169740506,24.65408119782948],[71.6774605690357,24.646181619702347],[71.66472239722145,24.64341283681761],[71.6633485237074,24.64465091220444],[71.6553790954098,24.639065118123483],[71.64724974273716,24.644448430110952],[71.64393172899699,24.643797981996496],[71.63995678178112,24.651158744746272],[71.63876449012533,24.659408395948834],[71.62960806933381,24.660385650700587],[71.62738037319335,24.664138952311117],[71.62528172273836,24.66401030917266],[71.6274595282446,24.66710574396105],[71.62428316804497,24.669725006598327],[71.61956363334123,24.667426918674575],[71.61764395154538,24.67097510413724],[71.61189371054589,24.6730961311155],[71.60787200691782,24.676964201859],[71.59035613628183,24.667317408240955],[71.5846456834629,24.669875872349607],[71.57813547402128,24.681954442266363],[71.573401748631,24.68392539381986],[71.56137930772275,24.679126643782556],[71.54187733835036,24.676069983644556],[71.5289667816297,24.685126100500177],[71.52092508566415,24.68354984733062],[71.51352813393422,24.679396024316556],[71.5027008332395,24.682750312035505],[71.49952348399474,24.680252457045093],[71.4778130918363,24.67954082171469],[71.46172313322045,24.666306775906254],[71.45049578488197,24.66878740971247],[71.44773519014863,24.66825591332681],[71.4271855156604,24.655502024807774],[71.42259036258919,24.64769938291622],[71.39839664250651,24.64064895369694],[71.39676059567678,24.636193248032583],[71.39117575967394,24.63115509338544],[71.38797265123841,24.631068129512983],[71.38282951775909,24.633558680870774],[71.38126878927604,24.629387754616268],[71.37738230096284,24.6258668575527],[71.3729873185881,24.627609149533274],[71.3693477645701,24.62628446068969],[71.36714115278764,24.629167724575375],[71.35857892892902,24.630888296087484],[71.34781986426331,24.66095128091065],[71.31370425456244,24.647981031776514],[71.3039130482586,24.63436232099312],[71.30430210501487,24.62835313806355],[71.297819330122,24.625868409931684],[71.29866983167682,24.62390489885956],[71.28758462196912,24.615841462265074],[71.11201349546893,24.67567759228883],[71.0965508717385,24.68942178343348],[71.08526143813576,24.672372702564907],[71.07416521777763,24.66226633870748],[71.06607504961764,24.659458574688294],[71.06207755468814,24.655318311830033],[71.04927605523963,24.648869972027445],[71.00844093582248,24.635547370429922],[71.00689904411261,24.629094272263547],[70.99893260900157,24.62207486239463],[70.98631194850456,24.59529164919167],[70.98990969223432,24.582556774249348],[70.99247950995411,24.563825656936913],[70.9873969804171,24.54326711435242],[70.995220648975,24.537956156545306],[71.00244588234852,24.530487028706876],[71.0046159524618,24.523234431696157],[70.99984394177245,24.486906011812614],[70.99779760560638,24.476769506575724],[70.99609728252143,24.474551650643562],[70.99836059416798,24.471395988897502],[70.99633522917219,24.465688159061553],[70.99847674274095,24.444094550048597],[71.00389001849084,24.44598622130644],[71.00881550185491,24.444963052933996],[71.03722626602088,24.432351908970723],[71.04484886916028,24.434736129545435],[71.0666637677256,24.437134626246685],[71.10296839480573,24.43586399443216],[71.12557327452689,24.42021903859558],[71.12170665065953,24.405704325878304],[71.11962462173229,24.40261102683134],[71.10643803069117,24.39654263915437],[71.08413058136394,24.394520096997333],[71.07949063380114,24.39130782546746],[71.0659752944003,24.376412399947267],[71.05752820671333,24.362492551521125],[71.04920009639415,24.35630595577511],[71.0465232012891,24.356543900559128],[71.02001600493946,24.3477755856999],[71.00324080513668,24.351344778339865],[70.98576985116323,24.365354853794674],[70.95582433419898,24.34943150160113],[70.94693704597164,24.348467820571713],[70.92313053930228,24.32821265781282],[70.92409422139637,24.326249603016503],[70.91802659572555,24.323358557268964],[70.91670599410448,24.321038583208246],[70.87841957570971,24.301701892864774],[70.88203159546597,24.30011717201256],[70.87669208577398,24.298380165034143],[70.87401519246556,24.29457302725287],[70.87515197991488,24.28053301788735],[70.88246168456949,24.273166206564245],[70.90878804106927,24.263172469844683],[70.9067892940537,24.259232083479354],[70.88931453212174,24.252778984443335],[70.87675097752735,24.245355066892646],[70.85164476045718,24.24424228739227],[70.83652031200702,24.23117369257531],[70.82671693263269,24.22641477079963],[70.80600015712854,24.220589453186925],[70.77503860874705,24.220123078378762],[70.7583062388204,24.21823854636212],[70.74008908667976,24.21898093759062],[70.71354619846723,24.2154093672788],[70.69897199956966,24.21862163969122],[70.69609804014242,24.217424789235587],[70.69688997064239,24.219157018743715],[70.69474845707363,24.219513937681135],[70.66777330044471,24.21925219733402],[70.644145253988,24.224689264976664],[70.5860864041501,24.246901533183202],[70.58289792567729,24.243998590800565],[70.58170819601666,24.248138854854066],[70.57108390289808,24.251410612324516],[70.5742282246831,24.263925292941085],[70.58470235182554,24.27774450441965],[70.58433524809818,24.290068493479907],[70.57923130362312,24.29510105346242],[70.58175591182963,24.304035929834463],[70.56178985481516,24.353687285596266],[70.56350306602947,24.356257103537775],[70.58027826673057,24.363038568720302],[70.59898311423896,24.40555479632654],[70.60255230591571,24.40787476882921],[70.57310409629278,24.422044460046852],[70.55791361717765,24.419645963498397],[70.54963309331406,24.4142778985556],[70.5486622723084,24.411765187771298],[70.54757723859917,24.41319286561836],[70.53477573915069,24.407808144355062],[70.51533851675072,24.404066442899698],[70.47231786182431,24.38869512349515],[70.43972519477073,24.383373062819047],[70.41164755375992,24.37518771818838],[70.39854386284644,24.36699761228327],[70.39231919279933,24.36048740744612],[70.37668375476781,24.3553653789235],[70.36854599835566,24.35068973912147],[70.36326359366794,24.350511278664396],[70.3543049235115,24.354023364660865],[70.34652765473467,24.351536827065882],[70.32674838621384,24.35192348848485],[70.3163085001551,24.349722487141623],[70.26667641451918,24.333809346353853],[70.25925249536441,24.33059707358816],[70.25389870784926,24.325457439354498],[70.24990121471639,24.32424391365692],[70.21803547247556,24.321631265132897],[70.16606822524173,24.303181571876603],[70.13940993585454,24.302712817881915],[70.10998551990852,24.29478921312039],[70.06704200690884,24.199069762476885],[70.05091719455828,24.189319859537576],[70.03872245677853,24.17623282548799],[70.0251595273289,24.17099801027024],[69.73152158965,24.170900891002937],[69.59415155057573,24.292823060170402],[69.55852209726315,24.280699706779473],[69.54424533055612,24.278915111183476],[69.53538183870066,24.27564335243584],[69.50519268336002,24.26899870672607],[69.49141560273316,24.267499646379292],[69.47008968322812,24.270830892056676],[69.44486739753499,24.280110789532785],[69.40502427421137,24.27074532681404],[69.37486460696823,24.268960731419337],[69.36719084477336,24.269555595786937],[69.31296887648203,24.281301806388107],[69.19383047667901,24.23621478235229],[69.09489665097139,24.27400419290616],[69.09308826055778,24.27064915244765],[69.08811399777545,24.269206009018152],[69.0805889516759,24.263584532202156],[69.03429009274944,24.23941753682452],[69.03217832239976,24.23602680466646],[69.0235825186175,24.22972123272798],[69.01284700957518,24.22414758483073],[69.00335295967908,24.223041133554783],[68.99352876364466,24.224297492290592],[68.98464276180484,24.227602492053034],[68.97315143094369,24.260218227535574],[68.96500317592081,24.276275251329498],[68.94554513416581,24.302580192525248],[68.90691854982413,24.279844443313188],[68.89772431355243,24.263654590311013],[68.8898126756737,24.237876561924935],[68.88019811139236,24.216535457917036],[68.8748272954127,24.212292768705307],[68.86472767321726,24.21274432173997],[68.85731045549451,24.21427293966673],[68.84758000674486,24.239234023153706],[68.84379387552025,24.260103031655646],[68.84330603642206,24.277978663648355],[68.8306358437186,24.311934180709564],[68.82624194650876,24.31743887907255],[68.82034164733095,24.312413019112004],[68.8081600159712,24.313670356207705],[68.76463391047547,24.295891749585902],[68.76563373897996,24.28774578411121],[68.76821314711373,24.282444399763815],[68.76926777285055,24.264406560474658],[68.76554741177944,24.207766497529047],[68.76241029627963,24.1141690750031],[68.75294813567781,23.97116594366066],[68.39706760462533,23.970027324709203],[68.39040511457338,23.96636295451638],[68.38631244224122,23.96850446995675],[68.38317155202056,23.97773677784456],[68.37879334298883,23.984256501063737],[68.36775264480343,23.984161322498128],[68.35838042442614,23.97997822954671],[68.3449602633263,23.972440098330857],[68.33879270097843,23.966215428356538],[68.33605156195752,23.958563081757635],[68.33850716607549,23.93656258509814],[68.33555663425345,23.928019367794448],[68.33193985342619,23.92397428474711],[68.32808512684647,23.921594823536473],[68.32332620461081,23.9210237535821],[68.28891562949316,23.931906218460995],[68.28012114262457,23.93064986120628],[68.27560968289349,23.928365579423755],[68.27101137404071,23.923494824221624],[68.25884756974776,23.903678672140938],[68.25204945025756,23.8963856248092],[68.23063259609295,23.88529073192618],[68.21882321221389,23.88309578425269],[68.20844197087182,23.87500889560212],[68.19931613861404,23.846609903050787],[68.19786402363538,23.83557932029821],[68.19881777126072,23.80716421652168],[68.20322411193389,23.78912739560733],[68.20240910640922,23.7661069383229],[68.18486825272689,23.737692717063975],[68.1797540279317,23.716304375252378],[68.17223640910291,23.6959954558199],[68.16215675735454,23.68648513042695],[68.15725249309578,23.68457798709879],[68.14174470297118,23.683007259103604],[68.13137930880906,23.679469242625704],[68.12461948270278,23.685019044855146],[68.10621325585609,23.680909203953064],[68.10050688228691,23.67828162927666],[68.09699775107173,23.674877996654555],[68.09381543953333,23.666801088521414],[68.09347709896305,23.660119408503945],[68.09495192874198,23.65295309882823],[68.0992318360305,23.64425907643523],[68.10952665045909,23.631472831920092],[68.11931343525514,23.61589624199684],[68.12856785056604,23.60878824005921],[68.14191159018804,23.60126988023763],[68.18654028247363,23.591998430881276],[68.21535345146266,23.59126783026215],[68.23091811931779,23.59506235668052],[68.23815735473163,23.590949097032585],[68.24421321157392,23.59067481970581],[68.26426721275638,23.585736866169366],[68.26838472620108,23.586986982507014],[68.2711183948321,23.59471834348315],[68.27405128464025,23.59479984923044],[68.28819121098007,23.58792190529],[68.29930804587735,23.593159374247833],[68.30143453332636,23.589399976815667],[68.29909505532348,23.58436008199845],[68.3001104498352,23.58280453560317],[68.31013500341564,23.57864481398337],[68.326367809433,23.49609377867267],[68.40970058371981,23.485748103285836],[68.41610374631891,23.486678020673015],[68.43094974218384,23.494220934784124],[68.44161950712379,23.505733833406033],[68.44195465238663,23.51793115232015],[68.4347555069873,23.533229737019802],[68.43646142208489,23.53873574994077],[68.43833315450583,23.53831265832691],[68.43962883326766,23.53443154439795],[68.44609162244207,23.533341614135203],[68.44919410788769,23.53731808666054],[68.45206501124632,23.537545722759653],[68.44793696685154,23.52775861183025],[68.44775974541567,23.522129771784872],[68.45635092377253,23.511395055381684],[68.46127004616609,23.510886559393022],[68.46842006270253,23.515435199264896],[68.48036625820274,23.51790233445587],[68.48128646004044,23.51527352910279],[68.4682078968021,23.504953568743268],[68.44558665965792,23.497078801402303],[68.43627021388002,23.487414364161825],[68.4255815088606,23.480270412210395],[68.41828617725056,23.472702166933818],[68.41670555737217,23.46976495908354],[68.4177186477052,23.468208633590095],[68.42311623976852,23.468109610898633],[68.4388777222142,23.476961628009857],[68.43959820071646,23.47346182372023],[68.4430258798882,23.47265003785103],[68.43152818176831,23.46425023566591],[68.421791761917,23.463032840809724],[68.41330305168965,23.45995335167442],[68.41183631752804,23.4468128532153],[68.40966011731119,23.44202992804751],[68.40730977957489,23.442523136649115],[68.40615585945643,23.44465194956764],[68.3999936537626,23.43841881928512],[68.39976722441213,23.420101786122597],[68.4080633744701,23.41148767888036],[68.41946539213076,23.406344443020522],[68.42501809270092,23.409411757217278],[68.4269251567603,23.414993797524712],[68.43339869607372,23.415487826632255],[68.4458673571331,23.429013824999736],[68.4478742276138,23.435372227533385],[68.44979962718644,23.436776360195633],[68.45280479095078,23.431898026048987],[68.44377315872866,23.415968350487997],[68.44256175631352,23.40237472353303],[68.44487249810875,23.398824685740287],[68.45334890950154,23.393362964292077],[68.45926425096879,23.39148429551845],[68.45858652957907,23.367202748315155],[68.48013407514281,23.36192459234159],[68.48275841431213,23.36403573133417],[68.48730630252466,23.36237689002912],[68.48484035610285,23.357634193424115],[68.48506912017478,23.35141952040631],[68.48718249311892,23.34956288166492],[68.48914467151593,23.349607686849048],[68.49137499163535,23.354243815038593],[68.49231664703866,23.360046686912117],[68.49063484901151,23.363440351714946],[68.50064546882356,23.369389182144307],[68.50688917057828,23.368157760390066],[68.51276426841908,23.370498823035373],[68.51563505948829,23.36907203321839],[68.51724142598106,23.36480190536915],[68.52491237644907,23.361372092039606],[68.5375027942637,23.35693665415026],[68.54968721579074,23.35550077693229],[68.55630617977224,23.356918447226864],[68.56329233641432,23.37043983902193],[68.56661647037652,23.37343216785739],[68.57645325090972,23.373467941402726],[68.5808683483603,23.370890468335574],[68.57048262262832,23.370926756301202],[68.56458933929291,23.36387571318597],[68.55923953041616,23.33848287953857],[68.56397955209827,23.33496110373314],[68.58763387966692,23.33731724999255],[68.59776139455192,23.33369370854304],[68.60801397019583,23.325596643968765],[68.61474112277858,23.3293338609398],[68.6196187960066,23.329901832213952],[68.6206289569335,23.32836272686815],[68.6144423619797,23.321909950439995],[68.61054699920982,23.320901032531758],[68.58240030739805,23.323193204763427],[68.58022740310001,23.321771204852777],[68.58157758534509,23.313100432371645],[68.57302272767178,23.3173311095458],[68.56986353337894,23.31657342830297],[68.57341061751654,23.312132080303467],[68.577058908549,23.303860805530608],[68.57608410441337,23.303173487365072],[68.57015847004962,23.305610267851833],[68.56187126721187,23.313675039783348],[68.55703736978596,23.311543410167012],[68.55179814891058,23.30541895556333],[68.54405096561094,23.300776715927228],[68.53852402153657,23.289369734685955],[68.5321611160386,23.280527094257163],[68.53308402180531,23.274438849241132],[68.53820609518111,23.266881733284066],[68.53541748019742,23.263464181059206],[68.5359807122025,23.26135874180142],[68.54421415446376,23.25732162199653],[68.540140789622,23.248295722634953],[68.54448688388234,23.247225950976777],[68.55026947231688,23.24905364146563],[68.5531502796015,23.24504187993741],[68.55939345763844,23.2433764009785],[68.56248898922543,23.243444313648208],[68.56552766553979,23.245778050066498],[68.56574128401603,23.249855435705488],[68.55233524802567,23.26313723905347],[68.56947632355885,23.262626967335663],[68.59008638010557,23.2544959173107],[68.59727018856803,23.254213803839278],[68.60130009830625,23.256111532331722],[68.61032732608855,23.26627715740681],[68.61292359021031,23.279578218685565],[68.61130506681683,23.28306164095419],[68.6124458050568,23.288018293762722],[68.61736925014347,23.29377042554884],[68.62311470491913,23.297430224788172],[68.63240965580891,23.30115907141642],[68.6344578973017,23.300499714309506],[68.63277402057298,23.296936208043896],[68.62228702596241,23.290355277865604],[68.61812136281848,23.28462145379352],[68.61939897556164,23.274781074476902],[68.62230982161105,23.26972092475275],[68.62307033173734,23.259326319655194],[68.62427318039435,23.25708966015002],[68.62903480745736,23.25583670827519],[68.62873483752611,23.254922343990792],[68.61106943871779,23.24441338731095],[68.60589133741773,23.23674221857979],[68.60263180220592,23.23666534144964],[68.5915549198809,23.242304486717718],[68.58184552045499,23.239366296209184],[68.58093220689891,23.233689378134134],[68.58386631661922,23.22365316538585],[68.59286334034674,23.213539225239266],[68.60600453771994,23.20239817360966],[68.60929553103468,23.197092111770985],[68.61968754766855,23.189435471978882],[68.61720770430931,23.18499683392441],[68.63038823801047,23.17854951579299],[68.63040758412843,23.17327196959244],[68.63228744360775,23.170311028994487],[68.64284936310294,23.16451107196352],[68.65138299178942,23.155503008824017],[68.66075591015768,23.14842743918992],[68.684084009141,23.136454358037874],[68.72800189957654,23.107275592847937],[68.75947485795098,23.07959025845978],[68.78090610492309,23.07443123284013],[68.80205823814988,23.064316147347192],[68.83425203614935,23.044220105478704],[68.86742276190174,23.0269263269813],[68.89022112975195,23.011738170647796],[68.92480280967669,22.99455525201881],[68.93188755911615,22.98758148303679],[68.94971707383864,22.978092321723203],[68.95543964762571,22.973544312626085],[68.97384456113545,22.963457187773855],[68.98036960355904,22.961723589851513],[68.98707346462312,22.957107229744473],[68.99614461642955,22.95379825599281],[69.00548666059976,22.947511371270096],[69.00152873466193,22.951334586413896],[69.00032558327267,22.955011019892616],[69.00268694243921,22.9541523177558],[69.00295247725066,22.9581522111273],[69.00358772270046,22.95429146164421],[69.00680604230871,22.950724025194035],[69.01024747828072,22.953254475003437],[69.01152753533975,22.95203104105802],[69.01075701348964,22.949994177646584],[69.01504744364338,22.947072210156037],[69.01609749156555,22.950583910632805],[69.02110110500313,22.949846844918078],[69.02390554021726,22.944734494777165],[69.02221401972379,22.944335091940996],[69.01987545890084,22.946405607113366],[69.01678643560807,22.94584501181719],[69.0099373133693,22.95025346707596],[69.00708580373934,22.9499500063009],[69.00408535882515,22.95176456254192],[69.00801607299641,22.947435963092346],[69.03319535454025,22.9344247688974],[69.04427946291345,22.930205721093927],[69.06307888954652,22.918045464966603],[69.06544610662702,22.91751877114704],[69.06870656530695,22.926563428050546],[69.06767616174345,22.92159527545949],[69.06886032993413,22.918355809256447],[69.0713604868969,22.92099712247701],[69.07238920522094,22.91978747347954],[69.0793067171006,22.921065510940803],[69.07880663127013,22.913405999453957],[69.08123727390127,22.91105041259929],[69.08232854371516,22.912006287333973],[69.08289046687484,22.9104166715628],[69.07997736695236,22.910798133552255],[69.07869873462134,22.912968788881354],[69.07706024167908,22.911881142516936],[69.07737901245093,22.910338686731613],[69.08327388131283,22.90602051585377],[69.08914952443104,22.906627813152692],[69.08508735888589,22.905019639220168],[69.10045784421428,22.896339698234563],[69.10786641295748,22.890351638895922],[69.11047112393786,22.891863851902617],[69.10713130089923,22.896758897343318],[69.10881232098535,22.900199627969084],[69.10776171970102,22.896670242694224],[69.11076593484442,22.894179955272396],[69.11143098909031,22.891410949890698],[69.115524580399,22.894669154208266],[69.12149211667919,22.89047030878639],[69.12506244831803,22.893372112203455],[69.12146990583379,22.889900756089055],[69.11768505830172,22.891000763045344],[69.12101336224346,22.88516272243458],[69.12712797160027,22.885797092094904],[69.12132415507726,22.881560220782514],[69.13051963102404,22.874143337190343],[69.15012754770106,22.866011806478497],[69.17498752038219,22.851243608345236],[69.17739379351632,22.851544598003734],[69.16598289421243,22.859994258241784],[69.17157498770446,22.859754638413452],[69.17166638769136,22.86095459411869],[69.17397652042884,22.859274993540993],[69.17484050479774,22.855892068744833],[69.1778526862011,22.855497500893417],[69.1812374034444,22.857576657903294],[69.18425417613716,22.853345250535483],[69.18608865362664,22.8543533416022],[69.18676296231658,22.851811069035886],[69.18868011445657,22.852903515421133],[69.19423330460859,22.851664663550107],[69.1932948067835,22.849764718974487],[69.19446279272266,22.84853660193103],[69.1924573056475,22.84802895332594],[69.19193297069424,22.8460615416913],[69.19371771385632,22.844785032272],[69.19632317403165,22.84526614140503],[69.19384105973137,22.84359792873959],[69.19588325915555,22.83783322576385],[69.1989136467148,22.83763350039782],[69.20328362807686,22.841467643045796],[69.20420923956917,22.84075782077443],[69.20132916441152,22.83727912282266],[69.22223339136599,22.835991021451193],[69.22399817036921,22.836878263569297],[69.221238382323,22.83868605379305],[69.22500161279605,22.838237764663937],[69.2277385171587,22.8411055588468],[69.22686675337947,22.847674021694516],[69.22826604472448,22.848654209829256],[69.23132273585352,22.841678658245776],[69.24098529712053,22.84169947752683],[69.24691671393975,22.838398626323116],[69.23206908224275,22.84078511004559],[69.23062570607514,22.83986538416526],[69.23145703758179,22.83486853256045],[69.26795996057437,22.82500797152897],[69.28419726445637,22.827010254936624],[69.29748223269924,22.830820121289488],[69.2993899911563,22.83179041704991],[69.30061846964671,22.836909680696888],[69.3046989608236,22.837566828346915],[69.30579430539562,22.836480565720304],[69.30102011449505,22.83577912895539],[69.3017392976267,22.83320736881431],[69.32163208624996,22.83194979274664],[69.33550138882222,22.82778230351092],[69.34947984478632,22.819924851322085],[69.3574807069323,22.821569748142643],[69.37446220394176,22.81762185011233],[69.37334108400928,22.82051359222681],[69.37571077235515,22.8176400697896],[69.37992820990048,22.816550403938297],[69.38127122718285,22.81858813632437],[69.38109985916937,22.81684020263098],[69.38453664995305,22.817140821267266],[69.3814971983926,22.81563071053069],[69.39750816724717,22.810919870771816],[69.40970725916111,22.80383141733842],[69.44374349102851,22.77990338474654],[69.44492197737502,22.780659460089975],[69.43428344865414,22.787836083343635],[69.43816348706358,22.786896832755648],[69.44642257442959,22.78063464929377],[69.44536229739133,22.779586733582736],[69.45883158016755,22.777836891663252],[69.47181214080165,22.773563612967553],[69.47784095296399,22.77436530863369],[69.48016608756672,22.776645652998],[69.4911403292857,22.77736513393978],[69.49475209931026,22.779683625280867],[69.47885548868632,22.776476231167628],[69.47003077530502,22.776265247478676],[69.46928660463544,22.778637269320985],[69.45975895056122,22.7826241533807],[69.46036080383527,22.783986341092078],[69.45795187707779,22.7865011315296],[69.4509221332798,22.786556984057615],[69.44086248162291,22.7940236601659],[69.43954846465287,22.79684527582807],[69.43827201702463,22.79551448920033],[69.43688012420428,22.798866198730764],[69.4358115009187,22.797674517660816],[69.43372255047218,22.798812414119],[69.43620987949271,22.79927194322199],[69.43270457420235,22.800006453674857],[69.43398252650869,22.80113425993713],[69.43089347626645,22.801094428338104],[69.43216374618048,22.802992702171267],[69.41868545509858,22.807943785071327],[69.41688659940337,22.810472890451386],[69.41827198392949,22.81248551295655],[69.42180292354483,22.808863015319332],[69.42458758863617,22.81290296603181],[69.4269151406053,22.809441123640955],[69.42823691452787,22.811602600729685],[69.42945257495744,22.809714961607433],[69.43467400919019,22.808024383290785],[69.43877337576785,22.810470535448424],[69.44432115985848,22.810713663622174],[69.4480398285036,22.80802239756694],[69.44766052655295,22.810493622590915],[69.44897832543035,22.811624061384045],[69.45206952983264,22.80813191209906],[69.4546800690826,22.81298089832506],[69.45738887234651,22.814092557275266],[69.45770228556597,22.80843124988048],[69.45869226224677,22.81084532239999],[69.46356631885746,22.803774337188557],[69.46793203681516,22.803112729396666],[69.46841824996268,22.80165533077691],[69.46591559388679,22.80052124918807],[69.46796887762329,22.798157047909466],[69.47739835032856,22.79533537078541],[69.48055601119725,22.796126908808496],[69.48326802324338,22.79886336652393],[69.48289666329816,22.805503946454166],[69.48808149477635,22.799252508708424],[69.49203492195127,22.799254129355482],[69.49314507614905,22.800554438601132],[69.49433486240353,22.796726655896478],[69.49845402066353,22.797265879033006],[69.50216180891388,22.79963697583904],[69.50472575344835,22.798775727911906],[69.50354592861208,22.802978201213772],[69.50506766572023,22.806033481026525],[69.50236989017472,22.809235296820262],[69.50554629618847,22.808624159175324],[69.5087374687088,22.805230216785194],[69.51166099807175,22.804975401880025],[69.51145332823928,22.80706155307543],[69.51348671069898,22.80660663947704],[69.51363183532978,22.8048023881896],[69.51642646902583,22.804787861753777],[69.51857744814274,22.80268369505372],[69.5235405879852,22.802389571671817],[69.52425487709516,22.803786924320526],[69.52707405186648,22.801668789280125],[69.52720979089916,22.803326242814233],[69.5308718971224,22.799701271523784],[69.53220630225613,22.80025964978264],[69.53057220027898,22.802007277817435],[69.53341880420918,22.80165441239882],[69.53047359310855,22.805467431806804],[69.53288953211514,22.80582809042911],[69.53444078337196,22.80840033627351],[69.53705458889627,22.803876526448313],[69.54007837743143,22.80466678597877],[69.541085069963,22.807076751670458],[69.54350761697683,22.80580347632893],[69.54669306543218,22.806627829306976],[69.54622201854157,22.808714300508676],[69.54828772867339,22.807047035989296],[69.55692428542685,22.807143423748194],[69.5573205179256,22.810526830276622],[69.56033364166173,22.810955857313555],[69.56122348313777,22.809419834052477],[69.56411627933818,22.811040767098323],[69.5635531964535,22.81216534952309],[69.56504228249601,22.811603052018718],[69.56491033704873,22.813375898340514],[69.56731794418107,22.81185193478704],[69.56942136648682,22.815685098760973],[69.57105554302416,22.80944996490546],[69.57601436017346,22.81020634923244],[69.57802690082023,22.8127497808693],[69.57567148670424,22.817545881219104],[69.57828341295298,22.815209461011545],[69.58179580145939,22.816558694934045],[69.5812705106987,22.813785116313785],[69.58409099790862,22.812201553512853],[69.58779656911689,22.81530889097638],[69.58858734707833,22.811517772444393],[69.5916849286208,22.814195501418556],[69.59352556495988,22.811598177269172],[69.59747643463119,22.809948830898083],[69.59890015386372,22.811763742280654],[69.60054346267421,22.805145872278718],[69.60596100721833,22.80277058254428],[69.6085878167547,22.80585884479868],[69.61194014703705,22.805529937722376],[69.61327477046139,22.808464967333368],[69.61832516636235,22.812074456119326],[69.62307176281402,22.81099595432044],[69.62528092311692,22.80832656739596],[69.62785887957318,22.81009549407865],[69.63123728525329,22.808687743447333],[69.63432842048529,22.81158106554717],[69.63696108164741,22.808091085543563],[69.6369445822906,22.804978635585197],[69.64053326561238,22.804305190188767],[69.64599014917943,22.809824886326876],[69.64725575504049,22.80874800464238],[69.64794384209024,22.80560057627875],[69.6463848770001,22.80566957021309],[69.64599053545498,22.80336225454846],[69.64747069853179,22.79600818059262],[69.6524497556228,22.795627880417477],[69.65471076398894,22.7971254412605],[69.65645112498609,22.795960865175985],[69.66459725279837,22.798838180583708],[69.66617425785608,22.79728384222457],[69.66696347364724,22.79907328092316],[69.66943423414065,22.79874306724172],[69.67169694750925,22.800222010796183],[69.68245087650648,22.799786139462423],[69.6871777459545,22.802341830337642],[69.68957171216921,22.806571366422858],[69.69155601427502,22.80364117768268],[69.70460800265235,22.804306194671152],[69.70804421492096,22.805684197581872],[69.70565545893487,22.809011802009675],[69.70930949379525,22.807505682749813],[69.70908480627807,22.809595347605867],[69.71083825572893,22.80844952047143],[69.71216908017794,22.810640092247233],[69.71286487387452,22.805734289517645],[69.7169428713282,22.80951901319911],[69.71995374029295,22.808716828608798],[69.7201068401668,22.810942889109445],[69.72186044053464,22.80966770146136],[69.72335227003202,22.81095510543763],[69.72493204369742,22.815170377927554],[69.73202560650815,22.816269299718474],[69.72948915221798,22.820339670910705],[69.73031879219695,22.82080666880682],[69.73104265734784,22.818570758861007],[69.73575648505457,22.816567982041008],[69.7413139377126,22.820041277553166],[69.74346528783371,22.819342043848398],[69.74562363223761,22.82045270944146],[69.74857274022995,22.818473323473235],[69.76865829024518,22.826227137068635],[69.78168385198344,22.8344351622899],[69.78371113667899,22.83906757740635],[69.78987830197151,22.84209535453959],[69.79490559679662,22.848235759590267],[69.80071468014216,22.850883549345337],[69.80617442394505,22.851568974530117],[69.80702100884521,22.849977996149853],[69.81239427632727,22.849794229137583],[69.827930613115,22.85780190482558],[69.83557072262268,22.859592488359763],[69.83174387795276,22.86006075953965],[69.83753152300403,22.859996160431464],[69.83681310164376,22.861097373149928],[69.8393006309886,22.86266716693079],[69.8563156567177,22.868545967580204],[69.87949255845894,22.87116897955979],[69.8776945220273,22.873989251779143],[69.88784419116384,22.870931854238496],[69.88721646371465,22.87536261511586],[69.89069855563976,22.87535922499933],[69.89112283533834,22.87271501673945],[69.89352943366261,22.87283377488329],[69.89448013510084,22.870658492899853],[69.89640296549177,22.870463436776326],[69.89786125279477,22.87304836249029],[69.89879019793511,22.87108854537951],[69.90157423869736,22.872635457506686],[69.89975627493776,22.873405287117734],[69.9036889680976,22.874207022443187],[69.90446413962765,22.876160237001777],[69.91031363727946,22.878390905550667],[69.91372118340905,22.882762250716898],[69.91199003822841,22.886335075902004],[69.9152642797597,22.885094146204338],[69.91509895291652,22.887487902160405],[69.91619798597107,22.885645443956573],[69.91821046193915,22.885839152454608],[69.91721356553576,22.887134531825197],[69.91977282535603,22.88669989148976],[69.91871457761198,22.887114240061106],[69.91935105644868,22.889898195567234],[69.92070616595308,22.888801984901317],[69.9236811337475,22.889562634379697],[69.9307089856935,22.894090791649298],[69.9270953947838,22.895854180428508],[69.93232044832884,22.894576172600143],[69.93350096935949,22.895674520500172],[69.93219085017945,22.89683383141741],[69.93616813301504,22.896617582478854],[69.93708877862048,22.898178690373538],[69.95874865312062,22.898454677475048],[69.96229016770346,22.893418001795517],[69.95908183197128,22.899109049057145],[69.96981716584216,22.899375760263556],[69.99958874561119,22.90651412224773],[69.99309773765876,22.911371044815173],[69.99916948030852,22.908406524923535],[70.00234103362307,22.909797002576553],[70.00027333462121,22.906033062077572],[70.00734574659857,22.905215725550942],[70.00502666664089,22.90615689577627],[70.0045774622864,22.908245802429526],[70.0050888219737,22.90937333164019],[70.00905693390855,22.906094526310746],[70.0080290878487,22.91293616970383],[70.0107268687841,22.907316748456864],[70.01555440793443,22.910763615683837],[70.01429512261967,22.913413107104258],[70.01794666375685,22.910297866043834],[70.02805371412134,22.913445239636484],[70.02701647078528,22.915735562768162],[70.04598410785364,22.91749740002387],[70.04789369078908,22.918914897481038],[70.05116387373194,22.918566173798247],[70.05320266404962,22.92077205984983],[70.05555275115599,22.919292194431147],[70.06196931482253,22.920086224496],[70.06517227773095,22.918985121339453],[70.06599093670388,22.92020636677406],[70.06957699335182,22.919896379191883],[70.07227718806038,22.92127296219012],[70.07052324184116,22.922778221311166],[70.0708307279764,22.92449676115955],[70.07600047584266,22.923805581649617],[70.07459930252709,22.919634067896563],[70.08026932756496,22.91982928831907],[70.08261833399804,22.92189348221016],[70.07959852230465,22.926676063811108],[70.08225679084228,22.925857456839815],[70.0845979073722,22.930514880923656],[70.08140694326099,22.93060644052637],[70.08502854354974,22.932647569283038],[70.07887682389023,22.931114959260714],[70.08061706451313,22.933716304614734],[70.07401972657377,22.933977426275238],[70.07404870981811,22.930065547236648],[70.06920838584466,22.927935200143136],[70.0717220238249,22.935096400535187],[70.06597927297825,22.931794649700077],[70.06478845006795,22.932773635577806],[70.06463229412547,22.930704984365985],[70.06141334749317,22.93253427332601],[70.06368090906932,22.935534964311355],[70.06974132935326,22.935913004211585],[70.06755920654375,22.93603795558198],[70.06848725786043,22.937067881697736],[70.06223829467308,22.936155920337907],[70.06138973976749,22.937415747837875],[70.06251939998337,22.938611215374138],[70.07020940192194,22.93977432684742],[70.07286120348783,22.943164599210856],[70.06729359178225,22.941743575779128],[70.06739930642321,22.94316739532039],[70.06434111331097,22.94275500245671],[70.06573086903927,22.9448536043018],[70.06400991614383,22.94605175256812],[70.0631202336696,22.942232035549765],[70.06159279046275,22.942722825586944],[70.06180275728735,22.944804240338904],[70.06056108703704,22.944422966754598],[70.05787070103305,22.93801611409852],[70.05558736054893,22.937834273077357],[70.05474003184374,22.939403375060884],[70.0570701664693,22.942302115785438],[70.05253358894454,22.939780367587943],[70.05128388775559,22.940875402468315],[70.05928207471867,22.946033068666367],[70.05959195755906,22.94732719037415],[70.05646169800148,22.944985324172134],[70.05923833664579,22.948891718654004],[70.05527348739204,22.946384419230235],[70.05461960459505,22.94444006587996],[70.05415358467677,22.946366451757125],[70.05178250124727,22.94413420877443],[70.05268576624863,22.946662604546912],[70.05607184443954,22.948264384449576],[70.05234443428841,22.948195618445816],[70.04868345455257,22.945952659860794],[70.04738517516797,22.947095255884097],[70.05076239866517,22.948290426165542],[70.04504279291181,22.948792469200598],[70.04104147385415,22.947482390273947],[70.03584095779111,22.952859689057597],[70.04316950101554,22.950285026712617],[70.05337902310282,22.950571075703895],[70.05502369465762,22.951744948830232],[70.05259194799697,22.951871817920555],[70.052821139667,22.952851443606615],[70.05899198625553,22.953490939372227],[70.05952836492177,22.955409117365353],[70.06301897377413,22.954991432294108],[70.0601324136784,22.963428606387826],[70.0641787221621,22.95932266684745],[70.06243164176664,22.966412911330448],[70.06596914896498,22.958392121974665],[70.06843019238201,22.957620802147037],[70.06837982833561,22.96037286446722],[70.0716471447544,22.959681913617622],[70.07826717862939,22.96254224295416],[70.07779967289764,22.964099366211567],[70.09053031503319,22.970173587232736],[70.08998658365634,22.9715550043353],[70.08809639175463,22.971242423177543],[70.08876771444456,22.972310832998755],[70.08349768674482,22.97769903080304],[70.08741744146964,22.97413805507163],[70.09236406309067,22.97339008962293],[70.09347968713021,22.97150136585236],[70.09388860743407,22.972940319357402],[70.09838863430653,22.972361487908913],[70.10203673669281,22.97433463183469],[70.10156873509104,22.976491768460775],[70.10337431557443,22.974901788363628],[70.10779521165017,22.977792807197225],[70.10637333845551,22.979712445836366],[70.1099114744746,22.983072029217062],[70.11283574943921,22.983751635597574],[70.1151940309776,22.989392664630913],[70.1188317686021,22.99184006082875],[70.11835477306771,22.996811959752915],[70.12213332700287,22.99642081711391],[70.1252921709528,23.004661331378852],[70.1330091178583,23.010853342121564],[70.13503122376623,23.021212009870396],[70.1384780181889,23.021061942942],[70.13907083620781,23.026269471694665],[70.14188931658143,23.026780054533265],[70.14725903481983,23.032518931795884],[70.15016548002266,23.03107820596321],[70.15050963269285,23.033449656180228],[70.14824958642235,23.034650776817372],[70.15781577822227,23.032778521634782],[70.15907381308214,23.034738388690652],[70.14934124880001,23.036830704901693],[70.15088154150867,23.0394089195857],[70.15329841027159,23.038047157416305],[70.15675583625563,23.045147814507256],[70.1647686334185,23.05367860589248],[70.16820818741996,23.06307615737983],[70.16574655111488,23.064564513914277],[70.16498553433877,23.067242848534153],[70.17221634265694,23.058807913821088],[70.17324637970779,23.060028312902116],[70.16899802574365,23.065033323869567],[70.17168617763748,23.065894848064996],[70.17137634959431,23.066959379980258],[70.17558807475278,23.07003771725514],[70.17721436408189,23.0678537083525],[70.18306383388597,23.066547117294377],[70.18857185315224,23.073737826394293],[70.18036599456006,23.075266254848493],[70.18067622594681,23.07670777067156],[70.18286747923285,23.077878498712153],[70.18559437636323,23.0839850816908],[70.19054651633505,23.085656985997396],[70.18510279488355,23.084682534985852],[70.18494114394649,23.086098185134876],[70.19525580305802,23.09512188367302],[70.1946206923555,23.097393108324244],[70.19837486511558,23.104313326614932],[70.20897382753978,23.108263812872604],[70.2063585424902,23.109535281885737],[70.20745340556522,23.11527318845141],[70.21582621245966,23.1292006922796],[70.22812013143331,23.127692939740776],[70.22799921100955,23.130232701246367],[70.22479628583032,23.13028989156203],[70.22458881542387,23.1396913723233],[70.21682706145032,23.14044292115296],[70.21579793529116,23.141784325284604],[70.21833882725882,23.14150934953413],[70.21987561204627,23.145960253312264],[70.22383710070254,23.142721326978],[70.22507373859064,23.14466071127499],[70.23755510991295,23.137879888046776],[70.24424894847337,23.148901053632883],[70.24531303347014,23.163460637649624],[70.24116359390023,23.16388210472642],[70.24194161308971,23.16116297232549],[70.2337972405855,23.16254164364416],[70.23160155591017,23.160342303828198],[70.2336982300715,23.155751089481868],[70.22714619417192,23.157462387411954],[70.22787358431198,23.16007051538976],[70.23148041000927,23.160426824953028],[70.23067597316393,23.162165816923046],[70.23259370651394,23.164610383005364],[70.24267517555408,23.164491357085538],[70.23823203270037,23.16869212805491],[70.24243258551162,23.173978258517675],[70.24410383013084,23.174057765658574],[70.24406611705855,23.17209855225538],[70.24047973701714,23.171199294266145],[70.24036750150556,23.168238433355867],[70.25807855089997,23.168820022516954],[70.26487389459592,23.16165875377216],[70.28034364825476,23.170512087758347],[70.30886708900512,23.181331189611875],[70.31077418989543,23.187156740307444],[70.30868799188693,23.192307967588594],[70.30124861721767,23.19372601007814],[70.30270750010371,23.199467726687597],[70.29674806213582,23.200449177624936],[70.29994721439083,23.20407749137189],[70.29410224963793,23.207535171871072],[70.29773696263489,23.207536245185864],[70.30136101083278,23.204735262157133],[70.297857052117,23.210008302432914],[70.30083777272249,23.210009128044415],[70.30030587754783,23.208706102008115],[70.30220018014026,23.20827767082898],[70.30444004845283,23.211249395497696],[70.30832794173116,23.211003288549655],[70.31229596383449,23.215377137031027],[70.3172469512678,23.211584979914708],[70.32190463337096,23.211729019272454],[70.33168271169528,23.21553032465119],[70.33704086771763,23.212566421126166],[70.33712388282967,23.214606862809614],[70.33784463082654,23.212299037659992],[70.33568571958565,23.21178811989713],[70.33976431711397,23.21051959192066],[70.34328825705659,23.21308764508618],[70.3544996432308,23.213595706293866],[70.35752887555658,23.215365980165185],[70.35777058255513,23.21708879098599],[70.37013947312575,23.21673682457706],[70.3715461477241,23.219114794803442],[70.3747180918058,23.216938838905595],[70.381749833457,23.21853717485969],[70.38507951631269,23.21442816027933],[70.38792852682955,23.215129629247663],[70.38740499766513,23.217888501200306],[70.38923565372136,23.213860063862768],[70.3913186447443,23.215468343590118],[70.39067536835586,23.216470659745973],[70.39809827421101,23.21595168381638],[70.40743027252141,23.217707795288817],[70.41749286077095,23.210367575873732],[70.42001519084991,23.21089558085826],[70.4196438129384,23.212141242798364],[70.42234198733588,23.21211266966324],[70.42138105498489,23.211060020009047],[70.42354192095979,23.212022064326042],[70.42307535037426,23.215306056370125],[70.42464379269067,23.21651690660558],[70.42544228268883,23.214149048964053],[70.42775060352437,23.21494033521265],[70.42591909227198,23.2119455370512],[70.43120057888147,23.21541444986347],[70.43059124264109,23.212027165702477],[70.42452004167545,23.20918097605827],[70.42343234985132,23.206731336747723],[70.43542188816569,23.204389034471596],[70.43438196695173,23.205698833204764],[70.43561277926527,23.205051702258388],[70.43682037102695,23.20254800660126],[70.44140120674913,23.203731103457542],[70.45763833545965,23.200029534038062],[70.46087356046323,23.198188131538625],[70.46014059178526,23.200149533190157],[70.46143885949172,23.199192641507835],[70.46129832884533,23.1965488891982],[70.46354507555803,23.199130858462652],[70.4761071003215,23.193448073455322],[70.47552558400713,23.19648036313129],[70.47742478151957,23.193041407971858],[70.47596764495846,23.190172225271475],[70.47819270813686,23.191552818990132],[70.4786976834974,23.18936020010775],[70.47910897086203,23.190424217585452],[70.48052827667158,23.188833331330493],[70.48273396588422,23.18945585863664],[70.48191693645524,23.191070601867306],[70.48326134432965,23.191662303539214],[70.48608858776883,23.191022352892926],[70.49561167750315,23.181954749378338],[70.50519047266654,23.176630923223733],[70.52539987071502,23.17828486873577],[70.5824651586959,23.17761911355198],[70.61320779482918,23.18085518110187],[70.63586026280248,23.18542374681331],[70.64673611384504,23.213826897524257],[70.65565909303693,23.221798090604885],[70.66279747549213,23.223820633371687],[70.66303542124457,23.226794960141024],[70.6667235875942,23.228936473481895],[70.67945370331698,23.222273983057175],[70.68694900529917,23.21584943716797],[70.69718068612958,23.211447436243166],[70.70146371596202,23.215492519806872],[70.71169539948738,23.214302788657687],[70.71788205372998,23.189223470041327],[70.7152645893675,23.183369794235478],[70.7040811228323,23.174565789366568],[70.70360523042909,23.172662221217667],[70.71193334523983,23.160051077367154],[70.7126471833955,23.154816263590753],[70.68694900440087,23.144584579952983],[70.68433159753059,23.140539496843864],[70.68813873495976,23.12792835378479],[70.68880519596738,23.11728784831618],[70.66726389549152,23.10220819563419],[70.66277288770448,23.097640607324404],[70.65794633490432,23.096029925816527],[70.63824010660264,23.081531969767177],[70.63107180935016,23.069753829781657],[70.629012654225,23.062833010834023],[70.62625138216194,23.06299561413305],[70.62183628471136,23.060652431630874],[70.60937606871401,23.063951739013245],[70.59652126233821,23.06103354561678],[70.59341986744734,23.05534452234942],[70.59994945265133,23.042668871182354],[70.60184826568484,23.03461963535801],[70.58722127279798,23.030937310834613],[70.579074367943,23.03554900517629],[70.57190860034633,23.037510847368065],[70.56140058515814,23.029366813066773],[70.54691840428835,22.99723811555781],[70.54083923167286,22.963099948550205],[70.5413578290864,22.959949046527658],[70.53755211009701,22.96512074968067],[70.52694958495438,22.96385028440304],[70.52283901548681,22.96503951021477],[70.5120979117369,22.960512983778067],[70.49341061012261,22.96731141112397],[70.49036348155977,22.96723241773511],[70.47891287043214,22.97523102953063],[70.47490519759047,22.975080080286443],[70.46229632927822,22.96636519787392],[70.4453213657158,22.966870143137044],[70.4395549541429,22.968719005261892],[70.43238475695362,22.967433192990523],[70.43896287364085,22.964389696120342],[70.44499998982967,22.9582202888368],[70.45096040696123,22.95542752534983],[70.45751814536622,22.949370167333537],[70.46845348374521,22.94475023553239],[70.48000984724302,22.937470107994482],[70.4920172431669,22.93454080578569],[70.5095580869678,22.937531831800115],[70.51934160908276,22.934945450346348],[70.50989851073125,22.936999964595074],[70.49672377924847,22.93409494442601],[70.49977723913747,22.933007843244056],[70.49754397973041,22.932821959856614],[70.49913398520692,22.922631492735523],[70.49670212625686,22.933230708057497],[70.48821495304698,22.934295864827128],[70.49176700756303,22.928971876912104],[70.49313682518361,22.922556037605812],[70.49732261597981,22.91878053022005],[70.4982692184054,22.914133162276205],[70.49414461455814,22.921442479223067],[70.4938519326588,22.91985528089604],[70.49110584661561,22.928884331278688],[70.48754351357607,22.93421227550364],[70.48301881088103,22.93538689774807],[70.48339309304585,22.932581744727425],[70.48612323039947,22.932171418525954],[70.49026777774432,22.92685228720997],[70.48598895023078,22.93189537183656],[70.48330814925092,22.932244186134525],[70.48132488380092,22.92345408313801],[70.48360855576338,22.913943996227044],[70.49172606504735,22.90734651669705],[70.49360448632389,22.903514289627736],[70.49986777584337,22.903684877302904],[70.49566859475954,22.90239304952211],[70.49758371580869,22.900787182946925],[70.49735736820487,22.8993148945917],[70.49378806693365,22.898334677287455],[70.49400636742917,22.89650262118963],[70.49345407690427,22.898475262141876],[70.49710942150836,22.900734425028528],[70.49276796974142,22.90371569394558],[70.49156560617465,22.90681504815827],[70.48476906771938,22.912853915922394],[70.48307671358931,22.912632482153235],[70.4797891141097,22.90772433157207],[70.48035318244628,22.897548146338693],[70.4827853216707,22.897866761521655],[70.48202060114069,22.900495134448544],[70.4827165547374,22.9016046810475],[70.486309742212,22.90123465582729],[70.48729905773273,22.900304570734818],[70.48619609275215,22.895764161401008],[70.4901802423098,22.89528935739857],[70.48912764946046,22.892514804347538],[70.49009419897695,22.890803461980536],[70.48983969188392,22.885896342175034],[70.49127321263452,22.88317603528654],[70.49068458345975,22.880276072195663],[70.48911967242074,22.887027879821883],[70.48878871240883,22.89265506917433],[70.48967749746608,22.895285546559947],[70.4858930946001,22.895343726178986],[70.48663880857532,22.899797147873084],[70.48549431088591,22.90087439172861],[70.48270882473437,22.900482912097104],[70.48297718205248,22.897421971143093],[70.48046937862998,22.896775608578068],[70.47898457934801,22.903124121749684],[70.47939081368916,22.90799467330632],[70.47723579574674,22.905926096421542],[70.47580001842815,22.899537425055307],[70.4728791813161,22.895275049167847],[70.47275663853495,22.883325409410368],[70.47701620437216,22.882757512591997],[70.47848680847602,22.88048723239707],[70.4804059405029,22.882098035166074],[70.4830551890568,22.878757278595824],[70.4802795906616,22.881577920420632],[70.47912927368576,22.88021375704321],[70.48168064000963,22.8769176450402],[70.4796305039699,22.877305868799294],[70.47689613734791,22.881947086376503],[70.47243115914458,22.882395952206146],[70.47182966699326,22.87488756924331],[70.46920187469998,22.868737776885258],[70.4713872260546,22.867929054853622],[70.47695507401708,22.86307817771761],[70.47077905582745,22.86773398405056],[70.4688105029852,22.867688815818326],[70.46551967406214,22.861349648572585],[70.46489115789214,22.856668131208767],[70.4688828065858,22.85137707062796],[70.46611030647999,22.844899740142324],[70.46209422181403,22.840249902221036],[70.46819180809621,22.851158325461608],[70.46453194676286,22.855588877696317],[70.46483375015559,22.860720531043384],[70.45995985613997,22.850368789445003],[70.45279773750003,22.84435344450225],[70.45609029657831,22.839909306575255],[70.45623952022171,22.835830387103215],[70.45582329391965,22.83968025155629],[70.45383343932707,22.84163153585936],[70.4516335837739,22.834553140867573],[70.45333029742801,22.8418398279429],[70.45228445002815,22.844224245401193],[70.44944654987475,22.843478091182675],[70.4444328366784,22.838931070493203],[70.43694603814868,22.83613837106211],[70.42880423123295,22.830336911090928],[70.42754499891878,22.82823175144376],[70.43018621204241,22.825140609225134],[70.42723687497968,22.828156937668602],[70.4282260602447,22.83034658059397],[70.42377622314547,22.829050625928314],[70.42434422071308,22.826806958422136],[70.42197635504895,22.82387039735993],[70.42123478410382,22.818650836598216],[70.42145312143025,22.823403610343572],[70.42399264706035,22.826849372363327],[70.42305748018833,22.828737623460174],[70.41770890739342,22.826328048495114],[70.41475749073079,22.82753978537945],[70.40890811614815,22.822601844520047],[70.40551607224542,22.815391889438096],[70.40717011412694,22.814762793687123],[70.4071101273272,22.812871700692146],[70.4048869613907,22.81528288252908],[70.39858107106551,22.809729590198042],[70.39398790416944,22.808229826058483],[70.38856204751399,22.802699499483534],[70.39171885318652,22.79988602538599],[70.39015766027447,22.800701017487622],[70.3862815475028,22.797243750292388],[70.38370434293641,22.797029627771753],[70.38289641433954,22.795043012077862],[70.38367398976129,22.797373788164872],[70.38614098541534,22.797530164869254],[70.38978014597129,22.800690943413546],[70.38811125763307,22.80321082666139],[70.39304799688766,22.808691738061615],[70.39675945834922,22.80966043022232],[70.40381903340116,22.815252252007483],[70.40247800498882,22.815956488120662],[70.39728079831929,22.813260396303672],[70.39287082935071,22.81629898192305],[70.3772325418631,22.817896586589338],[70.39323101155878,22.816612502349713],[70.39751585059825,22.813921296529017],[70.40211630013633,22.816339674362723],[70.40403542587501,22.816031936243938],[70.40560427602655,22.81818458231665],[70.4027778814953,22.817968896290726],[70.40596910611796,22.818706014371976],[70.40702080963514,22.820987444507033],[70.39658059928456,22.821822026505238],[70.40709117916293,22.82158715668698],[70.41034537299203,22.82492146418618],[70.40241893896227,22.82791800358977],[70.40979776358812,22.829727389074144],[70.3964452312561,22.83346036080218],[70.40571437085283,22.831910272353493],[70.40925416785686,22.830011426226513],[70.41399533039936,22.833979517185494],[70.40268911806376,22.83878829053658],[70.39137047034968,22.839497827530483],[70.40343749374718,22.838969443879737],[70.41467815152491,22.834239533429653],[70.42715510493267,22.8420180556754],[70.41760641321275,22.840118694925167],[70.40744887034275,22.84277622027093],[70.41978846595364,22.84091172695986],[70.4114172275177,22.84635866852097],[70.39711834428839,22.84568055923797],[70.40733505469458,22.84709738537416],[70.41401806855585,22.846061547486205],[70.40941962854905,22.852600376481192],[70.40482727822155,22.852014743747105],[70.41558480137824,22.85637689339145],[70.40908002674409,22.858434668112807],[70.40800900405837,22.862501539690772],[70.40453754369464,22.8593334360922],[70.41038244287056,22.865909350165353],[70.41237587635123,22.87204794949719],[70.40740911629817,22.86659357967333],[70.40290771141007,22.864495501274213],[70.3937520281354,22.852716850085326],[70.38833644012198,22.849655985458433],[70.39354936730899,22.85296704755272],[70.40211851358518,22.86452865356739],[70.39442658655697,22.860793389963938],[70.39497100694166,22.861649228546703],[70.40727561766379,22.86739267589528],[70.41605674478748,22.87772549831553],[70.42333522579945,22.892734312133438],[70.42147721694113,22.894296749069753],[70.42656431710625,22.90437264507828],[70.42348622271726,22.907353263060653],[70.4202272264946,22.918213202982027],[70.41999368967357,22.909532445049134],[70.41726442727904,22.90153401540023],[70.40698911437697,22.882653133106526],[70.40354866475515,22.88000380890448],[70.40763689581655,22.88447526693922],[70.407914360255,22.88679543576487],[70.39505114385149,22.874685670230086],[70.38296046421934,22.87150662894773],[70.39473848342023,22.875076575389578],[70.4087868310084,22.8890839819393],[70.40333008668023,22.88540741699884],[70.39187778132998,22.883146273329068],[70.40287535948339,22.88576628379595],[70.41200477961242,22.892392831792662],[70.41911767865962,22.9095233074438],[70.41926598871643,22.91854939657466],[70.41484450873577,22.92651184176758],[70.41131849368482,22.926902938456998],[70.41510853886913,22.913441755316565],[70.4102407632789,22.899512322302023],[70.40672117657213,22.895833673980285],[70.40638625948138,22.89307610360391],[70.40010167539808,22.88907484378396],[70.40613139126559,22.89349375947661],[70.40600897963844,22.8955625508037],[70.40974600176312,22.89967026062229],[70.41458610295437,22.91309498353676],[70.41082351208178,22.92652097326336],[70.4089785234052,22.921130033822937],[70.41077640802155,22.91721050504885],[70.40838166027252,22.90907149789224],[70.40479387167275,22.903542693338732],[70.39578733748135,22.89767566449673],[70.39402857808888,22.894034260802748],[70.39175524393872,22.89210455546157],[70.39040605702696,22.891894556199407],[70.39363884579947,22.89405112878028],[70.39556961639919,22.897994137873006],[70.40451824608573,22.9039036628193],[70.40757619485619,22.908983691991015],[70.41003691937124,22.91595479467439],[70.40860731078368,22.920285198140675],[70.40923659501327,22.92588084291334],[70.3975372197222,22.918473351716237],[70.40040634441657,22.912120598351365],[70.39870769309638,22.903873138323743],[70.40009118038063,22.911800725846028],[70.39715645531432,22.918232384682256],[70.37611168873025,22.90835360944135],[70.36470322206418,22.894293741754055],[70.34048594456148,22.85647431984904],[70.32777799746327,22.842457781323752],[70.31202929984073,22.8138574488991],[70.30132008448675,22.79829090343731],[70.29710078114054,22.788639479071424],[70.29673065098898,22.78010179088576],[70.29494915074508,22.779498648579864],[70.29289221984853,22.767751970844913],[70.29122516856508,22.76688383700514],[70.2924928692974,22.765963620522133],[70.28605728560136,22.764448615681854],[70.27577495865356,22.75906881014001],[70.2659134250427,22.757462392266152],[70.26602465983109,22.74983686121393],[70.26341343875984,22.75449154610445],[70.26113117625407,22.751871509671997],[70.25760789477654,22.75221278262342],[70.2488189532082,22.746982356884047],[70.24338882236863,22.73942485579355],[70.2386978819387,22.73556035223975],[70.23569244418817,22.728255539444778],[70.23069153198465,22.72548294245593],[70.22642148729963,22.720592984321712],[70.21890059590825,22.717998967393655],[70.21753346335205,22.712414595905635],[70.22274185584352,22.712275313856424],[70.22498574052373,22.709877320482967],[70.22253872070664,22.709078052395114],[70.2189260011628,22.702795070750582],[70.21629212817334,22.689828467410546],[70.21843499190997,22.687248721546776],[70.222402896334,22.68579732659103],[70.21385466014267,22.681346160299682],[70.21248532401911,22.677921297275365],[70.22046455293642,22.67629059544168],[70.22313241368465,22.673070948766107],[70.2201632795497,22.670488957870386],[70.2180837703968,22.6652601306852],[70.22345297120559,22.660890455038],[70.21913368446995,22.66365739132752],[70.21985335538679,22.659029185479827],[70.21821414918219,22.663321153131335],[70.21668462188391,22.661039667269545],[70.2171944661133,22.658349928552674],[70.2158049565234,22.66083519943566],[70.21200780386859,22.65802881708408],[70.20943295378656,22.65855005374385],[70.21000409815262,22.654249154390662],[70.20614826844174,22.654018428391723],[70.2066758894323,22.65275119178235],[70.20500477147556,22.65348765664639],[70.20551929233432,22.65146738207589],[70.20343738557794,22.652112665855274],[70.20382643784264,22.65043961552067],[70.19916700402467,22.6452190181183],[70.1956581297277,22.645005838146524],[70.19382962333988,22.643138527326954],[70.19318245455136,22.638980324032445],[70.19875404040374,22.639991547234885],[70.20234392028149,22.63846094157404],[70.20691464277022,22.639891673864124],[70.20828503800749,22.639052703508884],[70.20561720151376,22.63770351093352],[70.20366247733698,22.63341007918864],[70.20115689993979,22.632020533311238],[70.19770445241902,22.632318642267165],[70.19163856768324,22.626840640630583],[70.19127754195705,22.622779417891795],[70.1949833063031,22.620693531658056],[70.19159371659774,22.62082019163312],[70.18599759685662,22.617633546830753],[70.18639851047634,22.613621674585367],[70.19034665825234,22.610291818653693],[70.18135948634855,22.6095756800322],[70.1798752943277,22.604989372333847],[70.1766467258404,22.604433908514494],[70.17689775286,22.600832275887942],[70.18106813395582,22.5963957330167],[70.18132793482084,22.594262139584025],[70.17472904549099,22.593391172269648],[70.17131188109965,22.599043944357103],[70.16817163137777,22.596657372885055],[70.16778800224246,22.59383134504993],[70.16024418494669,22.59508115007008],[70.15726420545133,22.594264523188837],[70.15418447253523,22.584553398928254],[70.15769180622152,22.58305087397473],[70.16376289399946,22.585115849570116],[70.16392017553096,22.58342324458686],[70.16047203094043,22.581436426359268],[70.15416207484023,22.581224734247307],[70.15305263210816,22.578143807105537],[70.1556720107805,22.57279493499107],[70.1516041211704,22.570333822461837],[70.14472273414155,22.572631858970524],[70.14178488114142,22.577124573577883],[70.13904640742197,22.57614330516792],[70.13936650320888,22.57473358266741],[70.13429567872002,22.57417255617892],[70.13473479948541,22.571713818233697],[70.12965787184255,22.56623752278934],[70.12819583137828,22.5556021422234],[70.12529343398408,22.55278708863174],[70.1206479105783,22.553577720648825],[70.10535224233668,22.55230658879247],[70.08957237946198,22.55440793621845],[70.08186216632784,22.55328465363923],[70.07026620688893,22.558966910172746],[70.06300398718022,22.55613224552632],[70.05707230176473,22.556513500825456],[70.04976405417752,22.558723867651636],[70.03942360173926,22.566355460521276],[70.03753672641758,22.561321010791815],[70.02867789681845,22.555975195914392],[70.02550698490099,22.550911380024186],[70.01907897849439,22.54634348903733],[70.01542859528561,22.546781181242245],[70.01460744977598,22.545564046696153],[70.01431238374786,22.547344428143298],[70.01085067908811,22.548172885866162],[70.00506245821674,22.54648480606292],[70.00005346746386,22.5422774090522],[70.003111896833,22.545289946188984],[70.0022584694653,22.547158046144943],[69.99185770863046,22.545561657271104],[69.98894634065984,22.5436154435711],[69.98686753398947,22.5441609833034],[69.98674247592552,22.542486681876095],[69.98585843846453,22.54423268667584],[69.97553508635602,22.542667961850164],[69.97727344141515,22.541509307126635],[69.98402955478434,22.543073308334076],[69.98636324584011,22.540952478119983],[69.98396849359953,22.535445216731112],[69.98578804288562,22.533484219752584],[69.98208829276041,22.534697766862124],[69.97868021662478,22.52524209845981],[69.98132771346386,22.524079000035222],[69.98750158018838,22.529988623740362],[69.98648720616282,22.52825088499533],[69.989983943322,22.5265069408983],[69.9854437707395,22.527411145650184],[69.98384255608488,22.525034605942732],[69.9865100287609,22.52348046499982],[69.98849497855207,22.524350170345098],[69.98885292485345,22.522920117977822],[69.99159409801031,22.523904405352905],[69.9905625005858,22.51992728472566],[69.9903029764019,22.52227761671171],[69.98695182650584,22.52270667978444],[69.98673190994116,22.521363008265503],[69.98330262278506,22.524366617590537],[69.98240825829157,22.523721320841016],[69.98482723180716,22.51782649789968],[69.98696519164066,22.516892655153057],[69.9827551660947,22.516734068030484],[69.98241971989627,22.513075237068783],[69.98149979294305,22.516392535044442],[69.97986891232452,22.516478404031716],[69.98339255941636,22.517685408793277],[69.98372839728027,22.519784389594193],[69.98153181878124,22.522648007188142],[69.97887367241451,22.52148904176494],[69.97712471364174,22.526998967304063],[69.98459477116783,22.541273915928215],[69.97196154773158,22.539902220371975],[69.97588595213631,22.533627216046504],[69.97496168811689,22.531623069738462],[69.97528688723291,22.53405366423431],[69.97009511447251,22.539104767031564],[69.96911986836581,22.53543577366153],[69.9680917573029,22.535432252319918],[69.96813586548166,22.53848112721109],[69.9634667568081,22.536528658851847],[69.96558101728776,22.533904390633335],[69.96294911430374,22.53576515395169],[69.96049212408528,22.534896109584782],[69.95881182534632,22.53226020142906],[69.96416778768277,22.529989416986183],[69.9582056188364,22.531680023440153],[69.95537026001693,22.529788928934593],[69.96257637634288,22.526325672898246],[69.95940194662279,22.527813481716787],[69.9573472417515,22.527141823442772],[69.95436902475073,22.529500958404892],[69.95294770671492,22.525566862922012],[69.95934949489167,22.52280725551153],[69.95244570298135,22.52479512651706],[69.95317256042043,22.529426164829072],[69.94673559870876,22.528052681257275],[69.94813586742083,22.52554275610421],[69.94737668949611,22.521721794715564],[69.9489705972542,22.521472284659293],[69.9481421143053,22.52016657426293],[69.95119896084293,22.517365130958357],[69.95682771278503,22.51709723971596],[69.95091127357654,22.516713763634364],[69.95311795003768,22.514372732570997],[69.95079660273221,22.514458602813093],[69.95084148525874,22.512324800658053],[69.95380878683052,22.509198942309787],[69.95813186625328,22.510016574085412],[69.96300154627191,22.517686769712764],[69.96702653234405,22.517150612041657],[69.96920634109337,22.51994413080894],[69.97113808816181,22.520210590912686],[69.97033585039225,22.52160194181946],[69.97138142200933,22.520988196440825],[69.97173572115065,22.51999636103945],[69.97051629408504,22.51918638529645],[69.97225131998773,22.518844455077144],[69.97317030011665,22.51457181814424],[69.97195364794698,22.51825708341599],[69.96948975237898,22.51942295099267],[69.9676943776555,22.516668765835675],[69.9628040579449,22.5153430680982],[69.96164928173198,22.51369274860703],[69.9633100708596,22.512570672527136],[69.96122349106712,22.51238152082532],[69.9601498938098,22.5095458864452],[69.96345519818531,22.508288300477137],[69.9677083554413,22.511893121987608],[69.96874769364864,22.50980679065655],[69.97038819881713,22.51108311701423],[69.9712963731115,22.507792786655095],[69.97447946169261,22.506960683328103],[69.97530030087674,22.507914986829412],[69.97530536467998,22.50648928070317],[69.97827309474813,22.505744368879142],[69.97677118345833,22.505834120113967],[69.9764107191792,22.503345831506806],[69.9761551799219,22.50551180645863],[69.97151933945656,22.5068937864401],[69.9671839450296,22.509795437119077],[69.96414486537168,22.50739256578436],[69.9584752571521,22.50793950751637],[69.95602128257809,22.506650592505885],[69.96135578326404,22.504581630046786],[69.96472887810417,22.50522068813853],[69.96765239578903,22.503305447005705],[69.96936473653581,22.503903528302054],[69.96774798911164,22.502707215397383],[69.9711177934229,22.499893882185702],[69.96418590849868,22.504077075174536],[69.96253251879409,22.503229015937716],[69.96437300241953,22.49982980532208],[69.96162785062427,22.503238237961014],[69.95968650865028,22.5034232791556],[69.96116950681012,22.499829626055863],[69.95745433261149,22.50448431587578],[69.95775740891699,22.499829381224743],[69.95630213995334,22.499829720668615],[69.9557236797076,22.503478757273236],[69.95276153356723,22.502792935200205],[69.9541568310025,22.50473620025327],[69.94879853753791,22.50737099360272],[69.9495191049734,22.503749862599573],[69.94394982779127,22.499830902497646],[69.94512361055897,22.50239180769441],[69.94902774537762,22.504197198878206],[69.94776743598347,22.508119378867285],[69.94248464502016,22.512157359474894],[69.94015675797942,22.51097347722208],[69.94059076194095,22.50927166134686],[69.93952456590327,22.510797617027986],[69.93619186021665,22.508923831869588],[69.93945746444648,22.504765835387875],[69.93892076957326,22.500124292074094],[69.9389768379217,22.503653950396597],[69.93650646999208,22.508192490178335],[69.93682024163935,22.503085974078342],[69.93484287722248,22.5007715322983],[69.9360254616833,22.50482839787577],[69.93231757910984,22.514596590754003],[69.92440082981716,22.511231450966147],[69.90546546292873,22.49805327745986],[69.92167058915727,22.493433694953588],[69.9324611864861,22.48720163799983],[69.93397694081445,22.48770398849431],[69.93322746110155,22.486795724248076],[69.92007401879268,22.49281969173828],[69.90620041508686,22.49586856390046],[69.8911887779684,22.496283373912213],[69.8896243493247,22.495126595197643],[69.89635557037737,22.482902903239008],[69.90757025786026,22.47491488186763],[69.9124098155708,22.467350393883194],[69.9200359975983,22.46530191627218],[69.92180783286805,22.46357392353828],[69.92438972753855,22.46679645475079],[69.9264028071745,22.464293159184706],[69.92060034261597,22.460752127550457],[69.91873079759276,22.46374735494627],[69.9149874872611,22.465283916277297],[69.91325628009668,22.46423164179608],[69.91584725583638,22.457421740287238],[69.91915234371794,22.456285177653438],[69.91300801359995,22.455866392371103],[69.91356858479513,22.451532423397683],[69.90922767022069,22.462966136949316],[69.90249569548152,22.47021500642089],[69.89957960955904,22.477492277617447],[69.89716753151154,22.479080385160238],[69.89387475504097,22.479405080401026],[69.88333289762107,22.476374548043708],[69.8874160478112,22.47064778220206],[69.89041685294984,22.472362093808936],[69.89368180859603,22.47001880641854],[69.89969784941,22.468957543650454],[69.90425287024584,22.45865140529565],[69.90826426031617,22.457179151815527],[69.91040914077058,22.45531465137378],[69.9106725106422,22.452738537538604],[69.91032223595337,22.454575054791036],[69.90747500589742,22.456983432301353],[69.90403264645731,22.45783829513712],[69.89916777332377,22.46823450035684],[69.89364436052679,22.469347108206886],[69.8908548454312,22.4715144785748],[69.88690960190856,22.47006934131262],[69.88234836742586,22.476262563999494],[69.87822819766284,22.472714823126413],[69.87118697159889,22.47104365498239],[69.86781167498802,22.46506710427549],[69.86441454033256,22.463602680052205],[69.8671794200298,22.458554249777976],[69.86621653024977,22.455859092425342],[69.8691362848919,22.451564074915208],[69.86662115750488,22.448589586097423],[69.87184671949638,22.43644630480414],[69.87067041695433,22.4277279854037],[69.87146278673046,22.43659597414838],[69.86979330819912,22.439433258586398],[69.86784294624137,22.4336582901873],[69.86959564380233,22.44012613973769],[69.86610637343978,22.449658129093663],[69.86867557761022,22.45142245665118],[69.86570833083569,22.45600965570086],[69.86663321559095,22.45906687389475],[69.86402375431936,22.46332727641514],[69.86058677309286,22.46244160864436],[69.84478889181017,22.471997093841015],[69.82422655466969,22.47293241590277],[69.81460183852732,22.46561100644271],[69.80539627629649,22.465789426104145],[69.80351796551273,22.463004399716386],[69.80565452936426,22.448088544196594],[69.80779929483433,22.445925409613864],[69.81045996007714,22.445869277439968],[69.81008793897189,22.444081168377426],[69.80801827355788,22.4441355768044],[69.81484425429662,22.433758645808933],[69.82043750751365,22.434610552194446],[69.81923205284403,22.43287715343186],[69.82087554940239,22.432300093571957],[69.80999127934899,22.431244130315605],[69.8082787867869,22.424999647285752],[69.80555367281235,22.423468325326624],[69.79714596367417,22.426182852809323],[69.79401860926824,22.42354130859641],[69.7936442498483,22.42919577610375],[69.79205236060469,22.430763709786444],[69.78594853731948,22.419547136678784],[69.78196250219807,22.415348885147992],[69.78254704224166,22.418163538810393],[69.77936330328028,22.41621766105923],[69.78676768228097,22.422533188599623],[69.78859404169522,22.434425611701037],[69.78480620367158,22.435757522003097],[69.77415555937245,22.4336163027527],[69.77927040670009,22.44115738167385],[69.7756113403758,22.43995009324274],[69.77540414036226,22.441837626430743],[69.77778340744402,22.441887666786837],[69.76925035727255,22.445418470698723],[69.76721538479482,22.443633120633226],[69.76795247135006,22.445824530596205],[69.76546470844323,22.446588544337047],[69.7721190040632,22.446004772405534],[69.77115865471882,22.45028293320688],[69.77335025295791,22.446323405403696],[69.78144212612028,22.444751795937954],[69.7843868961481,22.448430687415232],[69.78007114428314,22.44736378798999],[69.78288876137573,22.44873104535739],[69.78140089165211,22.44953515934104],[69.7845380116435,22.44916550719449],[69.78512850302586,22.458574610028275],[69.78033109965837,22.468427574977472],[69.76458517783001,22.475324779987993],[69.76280115960839,22.474197906913176],[69.76252487286126,22.470560685257123],[69.751081277576,22.459562608645548],[69.75193387400206,22.451727923125958],[69.75006419962146,22.447202715965282],[69.75235849955205,22.4401673007209],[69.7510523239761,22.437955700489546],[69.75246642674352,22.42941604616846],[69.75576259884586,22.42555469918367],[69.75376152249873,22.41646239142997],[69.7545099592676,22.4211405964442],[69.75193987384984,22.42086954204732],[69.75037590334695,22.418972777574716],[69.7501398045307,22.429013771192167],[69.7456150434452,22.427963977469645],[69.73967378827696,22.431996489950194],[69.74519996429176,22.431420490101818],[69.74771110495551,22.432952282327456],[69.74305538028136,22.441733691484888],[69.74095714484808,22.441139078810192],[69.73972979733662,22.44153122319703],[69.7401847230611,22.44294672236516],[69.73728407378847,22.443276111959754],[69.73288415427295,22.4426544388116],[69.73484791190822,22.444329291089133],[69.74028575747943,22.444379757304333],[69.74169122294542,22.44621049624526],[69.73484001571687,22.449045788226858],[69.74196908084593,22.448490923277923],[69.74207809859219,22.450455277866205],[69.74359439370636,22.451001180937855],[69.74050726136726,22.45307188310399],[69.74370956850555,22.452444403305158],[69.74372517403866,22.458764057759126],[69.74081874231057,22.461567055280728],[69.74029357192407,22.46509460862184],[69.73451762653106,22.470033719431463],[69.73635307509939,22.47676307323876],[69.73306014142362,22.482202927399815],[69.73668993434775,22.48430002054028],[69.73074871062059,22.484376920240905],[69.71820477882525,22.475766234896636],[69.71293971341915,22.474512914024643],[69.71236950689423,22.470841676928387],[69.70584925518607,22.466548755770976],[69.7005448902829,22.460695163736816],[69.69620210990766,22.452349827084216],[69.69467864713586,22.44251177110898],[69.69901212006644,22.436035917236754],[69.70474801137756,22.43482024362066],[69.70545918692675,22.433543989876725],[69.70024382620365,22.423237807886185],[69.69918204628392,22.41434521252279],[69.69565156570769,22.412720032694647],[69.70068980560623,22.411337047802718],[69.70178309752784,22.40665752765208],[69.69979784410612,22.399848297087257],[69.70221601632448,22.398512962733825],[69.70060683451166,22.396067925631257],[69.69429020303059,22.394848286719057],[69.67793728058163,22.397092944207092],[69.67354381096983,22.39414824939001],[69.66979318835179,22.397016789285573],[69.66988877089464,22.39473861560253],[69.66693938083132,22.39293086858727],[69.66105238929616,22.396137823656932],[69.66073061545633,22.394934232687664],[69.66329580415746,22.393124919259566],[69.66360064205922,22.388137864600452],[69.66143175502714,22.387509555588302],[69.6593082095607,22.379277858659638],[69.65599620285487,22.375409608620153],[69.6557493368316,22.37031098582067],[69.65784894848396,22.366037558738256],[69.65542232671201,22.35938668718712],[69.64926140650736,22.357040269440137],[69.63550950835287,22.358004216268053],[69.62321888080642,22.36468907231445],[69.62119278727694,22.37164882716194],[69.6212789482891,22.367436049429543],[69.61687044986262,22.36833338590887],[69.61528061776099,22.364480891704535],[69.6189918645252,22.35767388265898],[69.61650480949083,22.352998212605506],[69.61843591965372,22.351173836153276],[69.61603606677896,22.347464196072057],[69.61740864043081,22.34523683434766],[69.61367112153779,22.344753885791754],[69.6131768711634,22.349354003752392],[69.60945932092085,22.35236636188837],[69.6073033318996,22.346651683139175],[69.60351527109378,22.345555743223585],[69.60033679176838,22.347215650353487],[69.59771609975907,22.345978326478832],[69.59145693710003,22.359477550820127],[69.58886986633689,22.361805715550425],[69.5856965891553,22.3596531451297],[69.58302167483545,22.360964324058184],[69.57963880183345,22.36717472118159],[69.57442795963624,22.36730009071525],[69.56981292145792,22.363127582633325],[69.56939841093805,22.35911558967117],[69.56712031481858,22.356382787947567],[69.56464708934801,22.355039663092978],[69.5613821525664,22.355658909274393],[69.56236902287291,22.360019714007638],[69.56015557760611,22.36350408729588],[69.5603150914511,22.366976938394426],[69.5595771308351,22.366025895195907],[69.55754685744462,22.368581280878786],[69.54794482376315,22.372358100445613],[69.54350588143168,22.37679158941481],[69.54049929204095,22.377026725167934],[69.5376670665452,22.375764483258898],[69.53737752335942,22.372559509059837],[69.53483191793151,22.370693906560955],[69.53308016809315,22.371994309514818],[69.52804818675723,22.371802758026185],[69.52331053842407,22.36960968195814],[69.5159271611364,22.37287360214557],[69.49953871930111,22.366141625073258],[69.49031626245473,22.352511460877604],[69.4890844952321,22.34035979397178],[69.49072582954561,22.336790444668146],[69.48894360436127,22.337543523015313],[69.48060605993497,22.333122978887317],[69.47825017240682,22.334099108000146],[69.47131769728948,22.332139197476003],[69.47018044451282,22.33024128236412],[69.46524066895256,22.328369130310758],[69.46073677842607,22.32835512944562],[69.45586329404222,22.332188009299138],[69.4434603851701,22.330389696602793],[69.44269627369785,22.328729948964565],[69.44049827496234,22.32885333967425],[69.44117222971606,22.327511013202052],[69.43620967647347,22.32180961807054],[69.43381566803792,22.320368221635086],[69.43095654877918,22.320754508893724],[69.4229845755544,22.316019208094783],[69.39234683929011,22.315990289746452],[69.38163750805344,22.31877866975099],[69.37919533554563,22.320993583442267],[69.36377235896026,22.31700057434747],[69.35692690813607,22.319486776957106],[69.3546767604017,22.321470188970565],[69.35408678016074,22.32561091280551],[69.35180834986795,22.32665983025691],[69.34184528686708,22.324771074476576],[69.3370848303089,22.327842031544183],[69.33278416025922,22.32764467904726],[69.33133387245381,22.32528955263067],[69.33245279151384,22.32185095201528],[69.33599598414966,22.322451881703262],[69.34007723619959,22.312491803524953],[69.33611299420699,22.304886112923043],[69.33061452043891,22.30192668480993],[69.33152376462678,22.301118424650824],[69.32793343918466,22.30335301080072],[69.32430457332188,22.302653479484565],[69.32559270623537,22.299937817216254],[69.32204378414467,22.291816338412232],[69.31697761203067,22.28934393141924],[69.31443890746075,22.28963524113357],[69.31225824082034,22.28675739317615],[69.29828629045551,22.28765169450606],[69.29548696126545,22.283912666013467],[69.29301944638516,22.28672915534817],[69.29569454306301,22.280889860273955],[69.2922356734863,22.275151340755226],[69.27957418366132,22.269747752059477],[69.25461720820084,22.26726345182557],[69.25006060363518,22.264529475156674],[69.24987221344534,22.26096608406461],[69.24492216475151,22.258859454938673],[69.24459849366978,22.256038889344687],[69.24303510437686,22.258346523321382],[69.24057856241777,22.25818539143771],[69.23956450370086,22.256585124850762],[69.24080860119909,22.255145738591526],[69.2360667406656,22.25014993012942],[69.23364973446046,22.249811451920326],[69.2351506171793,22.240667242190316],[69.23368925134982,22.23492187499078],[69.23437300582498,22.2311298224889],[69.23666146580788,22.22946950668505],[69.23764942577083,22.222518496039267],[69.22828531089239,22.21779761271743],[69.22189668123792,22.216266089582266],[69.22037583166528,22.214444852220563],[69.22232721231258,22.211758960620624],[69.21288055483592,22.210161045586503],[69.21155969450001,22.219271706487653],[69.19525417255537,22.225141181541204],[69.19440134077068,22.233791372801804],[69.19036076443682,22.24345066814979],[69.18470888896094,22.24001296365391],[69.19013435484925,22.23466316996086],[69.18175500642289,22.232313439481516],[69.17921501007558,22.227948912951003],[69.18052745499388,22.22352805459137],[69.17859572499341,22.21264712355183],[69.17662868042254,22.21479126898006],[69.16855123061036,22.21462287089597],[69.16762644197482,22.21225751636011],[69.16928863786416,22.208046521073303],[69.16722528580995,22.20380368001602],[69.16127669230416,22.202121040338717],[69.15650799370327,22.195052387361354],[69.13646527536078,22.19535640606331],[69.13473188259528,22.20202718835982],[69.13949339736884,22.21078575155336],[69.13385476036531,22.22245235050489],[69.13957339593816,22.22524132804426],[69.14842391073101,22.236191057201466],[69.15400587302328,22.248539764921773],[69.15037520783498,22.25105815481593],[69.14853796802603,22.257366311540604],[69.15598546885529,22.262596316550912],[69.15579110127563,22.26691735182292],[69.15412303938746,22.266756028624812],[69.15463943862349,22.269262999455986],[69.15742625607827,22.272205345219803],[69.1607946033221,22.28405789104374],[69.15849916971764,22.286376911820433],[69.16051330128079,22.295717798581872],[69.15762461217783,22.298428227744143],[69.15727969863461,22.30241073822982],[69.16012832467251,22.301442524991327],[69.16053025698176,22.304735344478914],[69.15685995183495,22.315796686743333],[69.16503287100227,22.32315566822522],[69.16932403597791,22.33329685147417],[69.16795384196325,22.33857709374342],[69.16949150170981,22.342362203023644],[69.16695613887272,22.344451899808906],[69.16415514420616,22.343336977115246],[69.1648400808642,22.34639157464205],[69.1634161954433,22.348422409875997],[69.16554812937788,22.349946434328164],[69.17006484425339,22.350182453720798],[69.17257776088647,22.349383764298295],[69.17291570889299,22.347399708177132],[69.17545732580108,22.347692575885496],[69.17345465224938,22.35168107481568],[69.17746341564579,22.355957031860495],[69.17410836885801,22.354456382233955],[69.17186524235592,22.35499281248753],[69.17098951520961,22.35250167135731],[69.16912583528689,22.353970125777217],[69.17045529878826,22.354517832762298],[69.17127003841162,22.35966384716878],[69.17369647962217,22.3602716480322],[69.1726820822404,22.36281205278354],[69.17615874923953,22.364944692207132],[69.17710564810913,22.367237761930117],[69.17542144888525,22.367555747351126],[69.1789138813176,22.36889998429592],[69.18030850232145,22.367582485145235],[69.18099318745124,22.370466165060247],[69.17905420535149,22.371943221390413],[69.17699013464507,22.36947322361392],[69.17379016402484,22.370592147185736],[69.17251871641948,22.368742094331214],[69.16954663131878,22.368487611191753],[69.17071312964785,22.371664414474388],[69.16803262062041,22.370465893418004],[69.16800911350606,22.373326599770404],[69.17228260592515,22.373032607201143],[69.17278844546499,22.374837059125927],[69.17428865354903,22.37434433300042],[69.17338422972098,22.377054224529438],[69.17822256751936,22.37923353725579],[69.18141472010169,22.379051142116147],[69.18442313756404,22.384210948594543],[69.18509696565525,22.383146522808754],[69.19022353599739,22.38652792993474],[69.18861506026033,22.387248532488393],[69.18977869116699,22.388485932381446],[69.19288816999709,22.38648299535506],[69.19761546883984,22.387670347999403],[69.19717542460633,22.39107374126897],[69.19986096419935,22.39047616492076],[69.19713171527954,22.394426976368816],[69.20092912934415,22.401226326784684],[69.19700030253327,22.401665855666153],[69.19790531385952,22.400387049809506],[69.19535193441108,22.399382810655265],[69.19574121484789,22.400740251992033],[69.19271826713582,22.40091199872368],[69.19686640145365,22.4029859089678],[69.19190132035183,22.402806484177056],[69.19048081618969,22.40017032908458],[69.1877176253252,22.40242424066425],[69.18910207111185,22.406216654202815],[69.1905168161747,22.406700999025897],[69.19135279556464,22.404877127185156],[69.1899416599326,22.408432716448505],[69.19186945621038,22.40985861515134],[69.19669218039081,22.403532084279053],[69.19105976062735,22.413766536811945],[69.19193710743613,22.41096223968414],[69.18983922054915,22.410272098863],[69.18748514582123,22.413100059636417],[69.18950948044937,22.41576095405854],[69.19139057780716,22.41541067251775],[69.19479675580256,22.421720561774336],[69.18257123455464,22.420638687298016],[69.17553962315918,22.42267934873633],[69.17320858752336,22.420665726290693],[69.1761138020343,22.42240188748616],[69.18248961003468,22.419344758096106],[69.18001686965435,22.418022865528716],[69.1776123212856,22.413298604805785],[69.1755401055545,22.415417121728073],[69.17488521215279,22.413791285927104],[69.1724186387069,22.41347616662955],[69.1712510713827,22.40922817861777],[69.1680158805151,22.410580005316902],[69.16890894424806,22.407292172316268],[69.16445038181249,22.406210926267057],[69.1635614916523,22.404055795483234],[69.15658597375814,22.40578559668701],[69.1603705571855,22.410743077260094],[69.15634733360794,22.408483189070488],[69.16104134178455,22.411576029160624],[69.16157698383229,22.410086252292526],[69.16311108175876,22.411765942179162],[69.16063612703125,22.411971728395162],[69.1563150760044,22.41018911055701],[69.15116966799081,22.404519832811335],[69.15061103536,22.40054156928244],[69.15168229609925,22.39971815389377],[69.15058104510425,22.399048172566445],[69.1492276262292,22.400100637397504],[69.14738578974092,22.3975861329406],[69.14426751550586,22.397888573436198],[69.14391897456552,22.399156268903965],[69.14677226465639,22.400192167112706],[69.14548757588372,22.4010740936844],[69.142067726428,22.400283728327842],[69.14302058112796,22.39825610055043],[69.14165315212776,22.39786241288172],[69.13837960050256,22.401348463958968],[69.13612513546494,22.3981254807946],[69.13323279920196,22.397262010276098],[69.13312310861755,22.395236543570277],[69.13019163096098,22.39466567617247],[69.13240160693415,22.392746961483446],[69.13021279347244,22.392141756796242],[69.13048800044459,22.39038404241198],[69.12918528158588,22.38987023271788],[69.13093564622203,22.388403266632263],[69.12946199862597,22.38815418016735],[69.12990704917055,22.385129807168834],[69.12767557202106,22.38342728778139],[69.12738542786238,22.378438656891447],[69.12123037545317,22.37544728247569],[69.12832951949676,22.386429128328608],[69.1280358386708,22.39491694200323],[69.11144308310897,22.40630393273312],[69.11055001129117,22.409753121543265],[69.09964918798202,22.408044201633203],[69.0983667629639,22.403713336089243],[69.10220858344793,22.402180457275648],[69.10346016301415,22.398840260130886],[69.09751292506611,22.39329125009016],[69.09405667497677,22.394251597856798],[69.08799479133725,22.392105868226885],[69.08605777564968,22.393184924961076],[69.08406890201736,22.38905684757383],[69.08190729403404,22.388009656554903],[69.07821329133,22.387715106106793],[69.07783332821933,22.389054290989463],[69.07252382135952,22.387119249643405],[69.07084834028544,22.38774146542416],[69.07014565471401,22.385100502798693],[69.06930073529037,22.387546458685726],[69.06502610650246,22.389148757497832],[69.06089179456194,22.38313833524434],[69.06203317869057,22.387357810819186],[69.06042496705824,22.388243337235426],[69.05763349004208,22.387071712950302],[69.06277907232885,22.39072682700792],[69.05595775923636,22.39291566323049],[69.05494538486062,22.391604991273187],[69.05654655010785,22.390626663725353],[69.05338063282339,22.38841209511236],[69.05275896900237,22.390500168990577],[69.05517860188141,22.39380113930894],[69.05388985002872,22.396681233553586],[69.05203551527991,22.397124090704146],[69.05125196785816,22.3959269201818],[69.0490678588736,22.39769867135297],[69.04674027726004,22.394307301561316],[69.04561328324394,22.395195233056963],[69.04510962211862,22.392199168188696],[69.04341458472082,22.393170577615646],[69.04359598332277,22.39041345779882],[69.0424155170894,22.39336133888243],[69.04065430439785,22.391982427225443],[69.03973786380625,22.393675108428933],[69.04008843044757,22.38836775253088],[69.03961477664603,22.390997486702616],[69.037931429025,22.389638036553478],[69.03842449182656,22.392107016920377],[69.03570670181654,22.389998424928287],[69.03415512177632,22.394290625419206],[69.03941019342489,22.399538191680428],[69.03750103359597,22.40241013678393],[69.03980339770283,22.403791379246638],[69.0391997864258,22.40885879864679],[69.04169649565452,22.41076659781901],[69.04004635515628,22.410725475455124],[69.04017938756502,22.411981750413673],[69.04688330522295,22.42300389789412],[69.04443481935532,22.42650176964506],[69.04464131958126,22.43014120917802],[69.04349650837979,22.429638098659353],[69.04127549750167,22.43190117074603],[69.04363847363572,22.43677269164131],[69.03812944825633,22.442528169960624],[69.03952796884684,22.44551529252315],[69.04696251956302,22.447780771578014],[69.05171840639134,22.44561801992679],[69.05034803271363,22.44306246542269],[69.04581467924241,22.44316355069703],[69.04653625638429,22.43994685011066],[69.04976992281087,22.437572338140438],[69.05338677909656,22.442303619023775],[69.06604035566221,22.452836548105516],[69.07129443197744,22.45243601476055],[69.07415097486792,22.453916736957208],[69.07646426159036,22.465285012066385],[69.08368144965216,22.47439394410933],[69.07883987522385,22.479478850181042],[69.06933962156239,22.478243203464512],[69.06817556305764,22.48119258681807],[69.06157673122,22.47159035936566],[69.05519096269974,22.466245124186145],[69.02932045449421,22.453549381239302],[69.00730723037202,22.44020513802737],[68.99272699838899,22.418998270649247],[68.9839794125614,22.41192767485516],[68.96908474327944,22.38946135627094],[68.96627827338118,22.37834612021692],[68.95737471307079,22.365178831143464],[68.958695258098,22.354942210791805],[68.96388242789087,22.354146545374334],[68.96590470717365,22.35629969770355],[68.96886807412447,22.35350205159304],[68.9713344274831,22.35381888114782],[68.9717953243093,22.351813038401357],[68.96761626548786,22.35072432158101],[68.96703372419579,22.3479696752152],[68.9711089844828,22.34710786678333],[68.97181430930452,22.34564087796947],[68.96774938323655,22.34639957908693],[68.96747659452916,22.345023852198505],[68.96472825730791,22.34790935590217],[68.96326350033821,22.352498221803717],[68.9591345306787,22.353528561119628],[68.95775697317363,22.348278188152946],[68.95551221263605,22.34648938935917],[68.9574107013777,22.341658372159657],[68.95473558134368,22.334474477113154],[68.94991961429082,22.33155962650425],[68.94301087176497,22.33280221684076],[68.93681012115893,22.313307336871397],[68.9367136169446,22.305324528795122],[68.94359013330795,22.287224737876628],[68.95914353808602,22.25712781735757],[68.9538022928489,22.25240628816851],[68.95292137703353,22.249787627340353],[68.95370827517128,22.245011065987725],[68.95843208495744,22.240359902611914],[68.95828431748309,22.23790173212477],[68.96180067833967,22.23813629945529],[68.96515082751252,22.23439018809039],[68.97035625915676,22.23806642121157],[68.97218459396633,22.23803708429577],[68.97508770372453,22.235523397845085],[68.97297386096146,22.23452500566006],[68.97513040064997,22.231274275734567],[68.98252475445214,22.227532546238184],[68.98568149275103,22.228297191473093],[68.98687868920827,22.235283478671295],[68.99157384902506,22.234853986627687],[68.99164388797283,22.22586914262207],[68.99012579263484,22.225682768453552],[68.9881695413221,22.228303779059285],[68.98537832841062,22.225312592262274],[68.99155389384934,22.216833551820066],[68.99633954904957,22.217652924377656],[69.0026577238363,22.225383095554555],[69.00059994403178,22.220798228825785],[69.00284654342079,22.21917977119739],[69.00482523464935,22.220519721405914],[69.00475896054094,22.216651914222933],[68.99878009111514,22.209431817025195],[68.99263798253085,22.212833779506038],[68.98715801854922,22.219151690218677],[68.98422433463033,22.21895407870657],[68.98007583559654,22.226958351706575],[68.96704747919941,22.234278989732232],[68.9683264861279,22.235607533641044],[68.9709709709158,22.2345438961079],[68.97107096239009,22.23663040598391],[68.96704644523851,22.23550390135614],[68.96592263844505,22.23407549822964],[68.98126225316867,22.212102089006507],[69.01821826393268,22.17206962619027],[69.05475192008775,22.12927434641996],[69.09022513121961,22.096846444472575],[69.10968319902575,22.0708148551336],[69.18964171964572,21.986656937127183],[69.19722086229173,21.98120336565189],[69.21723933959628,21.957585611796944],[69.23840060419792,21.936805632784633],[69.24498026598745,21.933102414584933],[69.27322373060983,21.904618999138712],[69.27678628283832,21.904622083783295],[69.27548503631833,21.902474232347508],[69.28202157987252,21.895529055032416],[69.29132478358484,21.889277074786804],[69.2963610983937,21.892008043150675],[69.29208512752277,21.888941557136324],[69.2937215444584,21.88650122565409],[69.31601900541796,21.86815408648627],[69.31697240359865,21.867599072551823],[69.31955668509286,21.87165440894726],[69.31747549878531,21.867170145815525],[69.32370868935291,21.86099052258027],[69.35197184504631,21.838996747306627],[69.36487661841316,21.834379079254514],[69.37179841076515,21.82987291036118],[69.39992463715808,21.796674261762803],[69.4165738733951,21.782910879038113],[69.43303893164267,21.766506378760063],[69.44266144242103,21.76146786040427],[69.45307305580282,21.750603980732713],[69.47747125220712,21.73428910671201],[69.51038775024254,21.70003770317959],[69.56625594237745,21.651321478807557],[69.58550414846187,21.637102601206987],[69.58973503648197,21.636412692567117],[69.58913546223378,21.63741178470142],[69.59206236656723,21.638260934518456],[69.60274162130985,21.63696195653332],[69.6166863078058,21.62442001077736],[69.67454703330947,21.562826566919036],[69.7059394047181,21.536854805731455],[69.7040689919223,21.54126275534442],[69.71095116407868,21.539629824011115],[69.71753640350778,21.541979100293624],[69.72211972666496,21.539275457272957],[69.7199793288038,21.53549320174065],[69.71487165901527,21.533354965067744],[69.7116135009208,21.533573364978487],[69.71230330554937,21.532398904653846],[69.70801413393535,21.53457667472601],[69.75936067135902,21.47654229400405],[69.81528748036284,21.416762339408198],[69.92361087920406,21.290290709075304],[69.93375923500368,21.280619343144856],[69.95732868884596,21.253012330546934],[69.96357397702548,21.248241100095903],[70.0018401123594,21.204580107648823],[70.03621448986266,21.17061104955854],[70.05936948888066,21.145021693461594],[70.09248043354752,21.11316800935577],[70.09852141698364,21.10800701722417],[70.10633730523284,21.104228604153917],[70.11261341191481,21.097382426478823],[70.1385686662859,21.07558423659718],[70.14367273832174,21.06911744056553],[70.15881591664558,21.055209931344258],[70.1682867765326,21.048443957053625],[70.18619960370948,21.03181059370428],[70.22143425464124,21.002895950927673],[70.23797628054233,20.993292650078157],[70.25730181989461,20.973597642421428],[70.27223901362545,20.962688402722836],[70.27596123420918,20.96186320475143],[70.28133515476647,20.955873537900036],[70.29096381541126,20.94910914254537],[70.30816517867976,20.9386672325931],[70.32055199243696,20.927720903006662],[70.34743414917943,20.914797861547743],[70.35662486495357,20.906281410914673],[70.36433896509793,20.90146847279364],[70.37018626097904,20.898755166549464],[70.36960542558766,20.900325195935537],[70.37134249964922,20.90179857251522],[70.37557051934859,20.902890997265107],[70.39273180158575,20.894260478092402],[70.40431170274066,20.884856387615052],[70.42564003961212,20.863112560018497],[70.4319331442159,20.860002516479685],[70.43891651338566,20.85320787357],[70.4432170100605,20.85406868962254],[70.44773617823503,20.850435639156995],[70.44749443260892,20.848259706530325],[70.45259206282586,20.848388164965],[70.46942460568644,20.838589666192465],[70.47136637076694,20.839216994952036],[70.47069647011013,20.84347052995647],[70.4733576563758,20.843546516268415],[70.47460599482045,20.842592986898048],[70.47170932059298,20.842318904181514],[70.47194406924135,20.841393368130387],[70.48139445921798,20.836040077835225],[70.4869084235348,20.835066669363464],[70.48932570821768,20.82930500674069],[70.50305583210799,20.822725006830268],[70.50862878339963,20.821501621375614],[70.52370897724565,20.811205513274032],[70.52602853959864,20.811718097366512],[70.53267294656392,20.80887583652273],[70.5365081231081,20.804438298393883],[70.53672786450133,20.806919047336624],[70.5420662665706,20.801673861032654],[70.5453929930707,20.805107887364674],[70.5433717405623,20.804360081306903],[70.54251044215609,20.80654109377788],[70.54583442250636,20.805803824276264],[70.54976071337319,20.80773568894185],[70.54184901081577,20.813499125317907],[70.54251544667055,20.81544197013708],[70.54571475074084,20.816471537057847],[70.54903097503698,20.816725599427123],[70.54976289897427,20.815074466825294],[70.54653698321198,20.813212421102737],[70.54670777181212,20.811241469471664],[70.55240160040839,20.807845677776935],[70.55900924022741,20.808628399749704],[70.55898205361365,20.811210157686688],[70.5618904796017,20.815033958772936],[70.56757877457581,20.809422463898105],[70.57096065404112,20.810050187880325],[70.57042459966667,20.813979528039237],[70.57495128763844,20.81612501226381],[70.58608599900991,20.813374398945623],[70.58875659333155,20.803471509542888],[70.58590076190676,20.796191912901296],[70.58056472779658,20.79887795200255],[70.57891291283866,20.8015200918672],[70.56750189675381,20.801801246521652],[70.56079823062417,20.806781301378418],[70.55629506863134,20.807543978736145],[70.54755473849629,20.804998994912854],[70.55426973058503,20.80281183246346],[70.56295247062553,20.793814841745203],[70.57510828260742,20.791408650312874],[70.5858776671191,20.78245934414484],[70.58910916321595,20.782669191191154],[70.5990167345868,20.778403192993782],[70.60979785918093,20.777278235594796],[70.6126937842135,20.775067480679027],[70.61223759725432,20.772432893086386],[70.61386564817973,20.771435808811777],[70.62013678448322,20.77235407062536],[70.62714735913137,20.768027236067528],[70.63425363400168,20.768316414104607],[70.63483054914512,20.76975822145589],[70.6326478828549,20.771559938230386],[70.63355636796636,20.773167689971896],[70.63634609326772,20.77344212100413],[70.63633086143376,20.77590234753675],[70.6372083717359,20.77406132006332],[70.64121648744698,20.77614917697841],[70.63928565037193,20.77729654613657],[70.64334865135027,20.7795107749286],[70.64970825464125,20.780118447805318],[70.64591961891361,20.777000208378443],[70.6464439035612,20.774700925533388],[70.64890305153294,20.77501228870493],[70.64928697172246,20.77664006886672],[70.65286029475119,20.776173231738586],[70.65191252990562,20.77425582520018],[70.65497166445228,20.775964431421034],[70.65801228651753,20.7846588980502],[70.65457921475917,20.768582873652047],[70.64829254209283,20.76258993800462],[70.66145626651841,20.75756632083619],[70.66091086786838,20.76010851173588],[70.66358864601735,20.760927577971486],[70.67576579568215,20.756990516170248],[70.68523050210949,20.74958547963297],[70.69097940641583,20.747374884107657],[70.70390596033508,20.7384777490489],[70.73190409415503,20.72690196172762],[70.742961769601,20.71992077754946],[70.75020258784635,20.719359018351614],[70.7549965803107,20.721998807195142],[70.76214005082366,20.7214937224669],[70.7838800712168,20.71327849856961],[70.80312485112673,20.70052338776066],[70.80789077123845,20.700520720582503],[70.80816975382972,20.699171587964223],[70.82159577284355,20.693762659827975],[70.82158209958662,20.692234785905764],[70.82704420326375,20.690565348778247],[70.83084966443666,20.691410390658536],[70.83932529609176,20.690369430126797],[70.83569625146427,20.69283594355251],[70.83451506657863,20.696993759116463],[70.81957803005298,20.699207059056302],[70.82036425804749,20.70085272843999],[70.81883772483408,20.702020862228917],[70.8090277697919,20.70140854546288],[70.81242462237633,20.704218522226352],[70.8078645431271,20.704894108708558],[70.80900624615767,20.70686401906286],[70.80527216691388,20.706083750511738],[70.80547738704054,20.709002977075055],[70.81008429816048,20.710332973360924],[70.81012672918462,20.71259880280797],[70.81295771949686,20.715110369584384],[70.81306187556079,20.718494855906584],[70.8162494539217,20.7180669231194],[70.81648553746656,20.715492116137362],[70.81469495705177,20.715228908902578],[70.81500274052937,20.713988003217718],[70.83046411649985,20.709904466304746],[70.83240300247986,20.705238184544047],[70.83058881972927,20.705379329608803],[70.82942521128051,20.703041248547116],[70.83288257078922,20.697815056791],[70.83907723261429,20.704560676992525],[70.84559906805231,20.70717197922978],[70.86130430787637,20.70614344553831],[70.86640156349581,20.70501502145099],[70.86679528430507,20.703773544756697],[70.87358458323749,20.7042078462108],[70.87488867023039,20.70619619470994],[70.8714702985033,20.706963327346514],[70.87086523734537,20.708728769448737],[70.87220891309286,20.718208975439172],[70.87814180135253,20.728393005327774],[70.88412356784511,20.731296770030372],[70.89394555043063,20.732243927084333],[70.90542436147167,20.736420173190286],[70.9101821356604,20.736694927168966],[70.91593976440477,20.741882510355474],[70.92029679026379,20.742846013918975],[70.92436955053938,20.740521737734777],[70.92667260904396,20.736916876664594],[70.93241429089542,20.736530404673143],[70.93858635380286,20.732287062634835],[70.96048845812102,20.736577492610476],[70.96337693791652,20.73342823682881],[70.96443081984829,20.729472328568583],[70.97409822123801,20.727722861227384],[70.98108358017615,20.722543936633382],[70.98455148231304,20.73211239647114],[70.99314216929143,20.735632893974305],[70.9993788327459,20.74188322107272],[71.00266405438492,20.741610717042235],[71.0074547796766,20.737382930228392],[71.01546494926728,20.739069729049902],[71.02864823181324,20.737844952331308],[71.0429271104595,20.73522800057285],[71.04550625898015,20.733309208512495],[71.04489757581499,20.73182320380646],[71.04995776784415,20.730944125857235],[71.06001222813697,20.73632293327743],[71.06341637054994,20.73557121610916],[71.06368115796309,20.733858642412528],[71.06674342852838,20.735936899154225],[71.07144839884641,20.735017265169077],[71.07980477914757,20.73793432444587],[71.08052933150964,20.740530987223313],[71.07866187147619,20.741102522185518],[71.08125844821168,20.742293143081888],[71.07910275293956,20.742020318035017],[71.07700303348939,20.744698866815188],[71.07842392033383,20.7500631540078],[71.08256955733516,20.753317991068148],[71.0918077167327,20.75716125178088],[71.1115025975157,20.757518068466364],[71.11713472712331,20.75552524465568],[71.1170675825474,20.754464131601377],[71.12032252736807,20.755399874801952],[71.1226805331237,20.754356158565464],[71.12805262021946,20.757558234955404],[71.13515385015116,20.756040591641014],[71.14888938010287,20.758129241892746],[71.14952164404423,20.76219704278087],[71.14712918160929,20.763676849144858],[71.14860933480462,20.771253935922918],[71.15813301563036,20.77980669369881],[71.16664309138844,20.782157895847],[71.18465168885609,20.78384700101681],[71.20277829710429,20.788997004451943],[71.2036292747662,20.79166207802014],[71.20789919278876,20.792445437415264],[71.20724231051702,20.79484481835739],[71.20407721159779,20.794240394328973],[71.20923872460783,20.800717363405496],[71.2203638159209,20.803521613990274],[71.23203941729797,20.803975520090404],[71.23635964097642,20.806993977235738],[71.23939834064697,20.811589713450807],[71.24835480543939,20.81253149861025],[71.25868461284155,20.8170005826746],[71.26755210399666,20.823137369371214],[71.27288344351116,20.823399997401815],[71.28006586048325,20.829147605923033],[71.28233906258107,20.827378030581684],[71.29242455787036,20.83111919734445],[71.29475248264033,20.834715024800026],[71.30415230016148,20.837239393369007],[71.31721197811757,20.843760480104432],[71.32072209837789,20.84686148472294],[71.33043616006012,20.847301120468536],[71.34732675474933,20.852644491376434],[71.35050291192971,20.85059920136966],[71.3523474271942,20.853564671239447],[71.35420665865963,20.850911297651894],[71.36444476424094,20.854307760339694],[71.36554515644654,20.852149138344842],[71.37717191911656,20.85737987787115],[71.3844118848607,20.8573611917507],[71.38469053777025,20.858527064389467],[71.38117891642511,20.85979056688486],[71.38133726785014,20.864003417307224],[71.37574894279075,20.864812668084856],[71.37368370157952,20.86833029713309],[71.38133795146807,20.875194757683648],[71.38679167476194,20.876135237536655],[71.39368694435517,20.87515762320863],[71.39672823566531,20.872290039635306],[71.39550246739215,20.86902081319915],[71.39768857333159,20.86578590592323],[71.4055450681266,20.868969113893698],[71.41248754957792,20.867509757008754],[71.42293387565891,20.870289576840115],[71.42333232070825,20.868230815451827],[71.42635010580236,20.869027575270927],[71.4258883753396,20.867645928951706],[71.43728097146953,20.869110326687],[71.44093399752187,20.871000863404504],[71.4452707466083,20.876965802628263],[71.44446386724367,20.878220982580675],[71.44838967661352,20.878089770605193],[71.44954959657974,20.88200874908424],[71.46227796957085,20.881439238734966],[71.47183634692612,20.88954436019824],[71.47515319734802,20.89063094140683],[71.47685349258519,20.889816622049942],[71.4778638205987,20.891527230848773],[71.47694367265991,20.895055237564865],[71.48186397274479,20.900963254749417],[71.47876672807058,20.904596513399184],[71.47978696270502,20.906962722139184],[71.48796261454744,20.91405176889618],[71.49512893281135,20.917400637496545],[71.49865413398862,20.92136534686801],[71.49899623939828,20.922920544558952],[71.49676612948466,20.924622686351032],[71.51136067791838,20.944562575046415],[71.52190963202905,20.950988126580118],[71.53160037973468,20.9530682727511],[71.54231748768674,20.957753802697248],[71.55493828293105,20.967084261422094],[71.55689682135451,20.96992587476639],[71.55817311087925,20.970342360117932],[71.5598494902686,20.967918045363138],[71.5521646913722,20.959098662069696],[71.53464461482402,20.9477051972399],[71.52961720052298,20.94284302385232],[71.5322542625317,20.942617011795683],[71.55045903319278,20.95086014521555],[71.56549418730705,20.949289443028896],[71.56843517183427,20.95333620286082],[71.5796126717593,20.953895692851905],[71.5791354992568,20.957206137025054],[71.59373098643002,20.961327664005047],[71.59661934674956,20.966516239454556],[71.60126841760241,20.966604052299694],[71.60142270774402,20.963591650683824],[71.60400932575627,20.96635629234001],[71.60501442916811,20.96444065824277],[71.61164451788609,20.96715152250221],[71.61272431172223,20.968600801683532],[71.60949163973068,20.974171352190297],[71.61066302399655,20.97556474709737],[71.61504141179304,20.974664820112807],[71.61515567390393,20.96876948863052],[71.61719222651826,20.968034489978145],[71.62943207589493,20.96932104435434],[71.63454080479718,20.97393854205022],[71.62910643031623,20.983842126316347],[71.64686234427087,20.995325612446813],[71.66212651757863,20.998868408834063],[71.6700853430609,20.998596775481047],[71.67548953684327,20.995854190305902],[71.67737554259577,20.996189452759094],[71.6798185280789,20.99755924442276],[71.6815036256181,21.002485552581664],[71.68483724938297,21.00605192610189],[71.69881610958893,21.010978114921116],[71.71227250243913,21.01943893638052],[71.72357169623744,21.021651310429824],[71.72768876950765,21.02128349811822],[71.73036145600561,21.01881961690329],[71.73586148026584,21.02226122918755],[71.73934510022525,21.01772673627536],[71.74213165896522,21.020036749845847],[71.75053128326586,21.020487337825255],[71.75283300058575,21.02276626320731],[71.76220846837278,21.021576602610484],[71.76369876444596,21.02219960098374],[71.76269207640595,21.0246280529167],[71.76439749204025,21.02665849877464],[71.7695296175641,21.027278947005453],[71.77161049125789,21.029616269534156],[71.7800379031452,21.02997712872416],[71.78226830051973,21.031718051664065],[71.78197861450187,21.033446137543166],[71.77737483580734,21.033738428289066],[71.77343812178826,21.037325120175883],[71.77140964233341,21.035355728917555],[71.75645088005258,21.034356455766286],[71.74987193601697,21.032066236494522],[71.74441595974838,21.031897962325925],[71.7460005367056,21.03468362443921],[71.74832943524935,21.035191244073317],[71.74910172408565,21.038799827642638],[71.75225383336586,21.039232283207827],[71.75345010725331,21.042387916029988],[71.74654943519198,21.046038687454676],[71.75771061542329,21.044895305222955],[71.75711557137906,21.04749950886955],[71.75491263640106,21.048024485392325],[71.75726251060672,21.04898534980249],[71.75634767530451,21.05064531944273],[71.7546919877094,21.05256130658584],[71.75209547565262,21.051399054328503],[71.75117956506703,21.05644174967082],[71.75219053088443,21.059462531954384],[71.75331983446914,21.05757280953468],[71.75600671973844,21.057572102826143],[71.7571625703364,21.059558158517174],[71.75949179227369,21.059101718220475],[71.75827274339882,21.055388825227705],[71.76083814949227,21.058640326246277],[71.76090482155435,21.05439965272814],[71.76265356293479,21.055503809941396],[71.76558015555284,21.05072299139479],[71.76806831192172,21.05242871666774],[71.76700924850739,21.054263369864312],[71.76895713380992,21.052798420542018],[71.77061273157352,21.05426506667316],[71.77043730766653,21.0565290334229],[71.77209128756425,21.055472871099614],[71.77524276982042,21.051161507225316],[71.77376512561968,21.045708623601612],[71.77541583295483,21.04385207488998],[71.77392758593882,21.039385416305155],[71.77597285041476,21.0383559555453],[71.7809580106598,21.042507792849513],[71.78638010786577,21.043555549923592],[71.79156039925849,21.0409571772612],[71.7909237910644,21.036484210604822],[71.79212012064741,21.03625906966685],[71.79431403384498,21.03923787301342],[71.80469974161065,21.039636184061802],[71.8049541903132,21.04143823712207],[71.80200794884493,21.044527463929242],[71.8028756926633,21.048486893690924],[71.80176686258224,21.047136154335526],[71.79878885668555,21.048936005614244],[71.79549556278538,21.0473550848566],[71.7930334108473,21.047644166650848],[71.78606579183942,21.055035327031362],[71.79273789476325,21.048134807701544],[71.79617276674547,21.048226108803274],[71.79896511692407,21.049733529670736],[71.7976137075803,21.05434539260975],[71.79930832815985,21.057566615984584],[71.81261539765364,21.06697109484131],[71.81188396958639,21.067862843316714],[71.82081153377946,21.07147611201071],[71.82825979817677,21.069855976503288],[71.83103991150458,21.07312767217785],[71.83720779185604,21.0745838403677],[71.83663930290997,21.077404569182043],[71.83046199473958,21.076093014316513],[71.82583266795837,21.077911663411427],[71.82545128011967,21.081425322049633],[71.82194345415658,21.080525269597302],[71.82318526993402,21.082853273670175],[71.81900111317331,21.08951905152485],[71.82099358006676,21.09002337374973],[71.82543530358232,21.08682006419523],[71.8257848928566,21.09164011208105],[71.8221156513151,21.09502044660895],[71.82329235899734,21.09676064209254],[71.82456128682833,21.09475533985347],[71.8276575909665,21.095396784696096],[71.82700425883674,21.097074957842533],[71.82955639861008,21.097125991597274],[71.82991867568943,21.09837964034943],[71.83438812301134,21.09480897591648],[71.83673004353345,21.095890208303235],[71.83808579533328,21.090201244290725],[71.84230179108258,21.08907129588952],[71.8443738433203,21.08939622375631],[71.84461896481525,21.091319815629532],[71.84743045719428,21.093108328819568],[71.84698228949564,21.094678256627034],[71.84362497176684,21.09401952496808],[71.8428776039932,21.096060322666613],[71.8470271423778,21.096650537722713],[71.8477572211755,21.098235737594997],[71.84869946587365,21.09620811970183],[71.84943832031337,21.098534099605573],[71.85061843081391,21.095969167427096],[71.85651448096041,21.096861877563093],[71.85741903414585,21.09532281874416],[71.85118287644289,21.08862854098755],[71.84920034222156,21.093106029003696],[71.8470514121618,21.089515424868942],[71.84899954000947,21.088049438150623],[71.84526374678009,21.088903123894816],[71.84563761661823,21.087452690686316],[71.84260141336583,21.086877948406155],[71.8414386646048,21.084954403795305],[71.84374502262142,21.0839416731518],[71.83915691593535,21.079694441244126],[71.84015565837664,21.0769328543476],[71.84649778045221,21.078833947498552],[71.8490100565865,21.07731397918845],[71.85171811424873,21.08138743831644],[71.86093634721662,21.08809442102297],[71.86747594414445,21.088465322805305],[71.87082522464642,21.090764752716794],[71.8739962263954,21.090665486070005],[71.87547337292946,21.088424857683197],[71.8761567806549,21.09001365380833],[71.87888508005541,21.090031947111342],[71.88440493552388,21.095302335265536],[71.88932347401249,21.105116001632194],[71.89356350778051,21.107265161171004],[71.89352085487249,21.110806409687417],[71.89173058437646,21.11151347266886],[71.89652384201894,21.11163148782617],[71.89412224192091,21.11049416779504],[71.89463223886389,21.10894442538136],[71.91950014726227,21.113045031870904],[71.92528945419681,21.112122315768666],[71.93063847704768,21.118474695469253],[71.92878960046252,21.115604201073452],[71.93736606172008,21.11643164500619],[71.93990623054394,21.114692954717494],[71.94089593503517,21.1212618337849],[71.950386613554,21.120464306379752],[71.95119603784583,21.122324041161097],[71.9602841264886,21.124072184586765],[71.97441372938917,21.12281597586455],[71.97426959290519,21.124713232912942],[71.97117605198487,21.125839020294045],[71.97133939894117,21.128863647939028],[71.97965220376453,21.136800539185746],[71.99076962526172,21.142341737740768],[71.98880846645255,21.143133095717335],[71.98905126400585,21.145116175751557],[71.98340455114796,21.146092474138083],[71.98365691216578,21.150538842937966],[71.97863904695618,21.150141213747123],[71.97858389309268,21.156902885168858],[71.97987472364694,21.157173639624492],[71.98146764056324,21.153466230892047],[71.98489074281862,21.156740984512982],[71.98880487049647,21.155279963265123],[71.99072465829354,21.156761685703213],[71.9907114557538,21.15952781536997],[71.99343764501175,21.159031893359863],[71.9947151508554,21.162931024114425],[71.99376110049779,21.166005608835526],[71.99626865239198,21.16838656861496],[71.9962514038402,21.172074788516017],[71.99784911237025,21.16916763368931],[71.99978729946098,21.168683571441928],[72.0003069685646,21.175668079301253],[72.00589368653799,21.17982219277767],[72.00948480159923,21.186089044539226],[72.00948840564016,21.183444457719233],[72.0116179114285,21.18217284195919],[72.01535700686485,21.185620106139247],[72.01782401060375,21.17901899656595],[72.02093443535985,21.18297765858094],[72.02196384808158,21.181508167499345],[72.02724433935775,21.18191943351951],[72.02642245543294,21.178913292271442],[72.02080103194689,21.17694130400455],[72.02081899106605,21.174973315249392],[72.01719122743613,21.170917957739814],[72.01688496031474,21.16889840902933],[72.01810128998923,21.168425998303128],[72.01696762059225,21.166937041744507],[72.01427912823688,21.166942460877703],[72.01408227771373,21.164346822465173],[72.00688138958276,21.16159114986532],[72.00831919439896,21.15559730753371],[72.00321508283726,21.151136525500515],[72.00191541375892,21.152710036493048],[72.00056859570459,21.151451153299828],[71.9991791804378,21.148160296359745],[71.99672095952742,21.146859504361284],[71.99581025288228,21.14070907957477],[71.99118840637243,21.141138396590975],[71.98893298373073,21.139758779756914],[72.00378767349092,21.140009998164093],[72.00425620599705,21.137693945428918],[72.00709660795853,21.137313805930592],[72.00967872271626,21.134582947178252],[72.01008701240276,21.136072025468657],[72.00733554814603,21.13968394611044],[72.00809597922053,21.14590264275449],[72.01716389170205,21.15362250019781],[72.03610348067227,21.15980309221725],[72.0386725411123,21.16324112740677],[72.04499382047662,21.16353188525148],[72.04951125130941,21.16908898077089],[72.05665897085368,21.173021882058553],[72.0623882730222,21.17389978901557],[72.06408109337788,21.177821141926923],[72.07413825490478,21.180631648427553],[72.07483583445213,21.18245327913218],[72.07831678012697,21.18350220955602],[72.07978892573986,21.186532572109556],[72.08690382623354,21.188239664620323],[72.0859520432237,21.190195257400624],[72.08772951632018,21.19176799285048],[72.11238750280971,21.198742667288684],[72.1103635122363,21.202027307790093],[72.10954401693184,21.2098997851782],[72.10128404831856,21.217132036700967],[72.10006526265008,21.220500458277492],[72.09764178587997,21.221008691551866],[72.09569810738792,21.224417248295282],[72.09052688269134,21.227724830729315],[72.087849653413,21.233527445857284],[72.08479900614918,21.236375325029552],[72.08272757195236,21.245015886728275],[72.09760758881373,21.26342882503009],[72.09845411173013,21.279250040984053],[72.10372949159232,21.28063806489025],[72.11153492434994,21.292825680713406],[72.10790162080968,21.302357051635113],[72.11248623304931,21.30552848911701],[72.12520607653681,21.328262719673873],[72.13283651478216,21.337528057672177],[72.13252355521189,21.33898155822392],[72.1559188077543,21.36048427876726],[72.15726754910166,21.36534686973311],[72.16771183960024,21.376093598917492],[72.1699592070488,21.381408437256948],[72.16967965492566,21.38445811100964],[72.17174458082825,21.38729820376452],[72.18110502519045,21.396623595020074],[72.21066640996276,21.420922063297134],[72.21982319008039,21.434865413647792],[72.22521813031703,21.43960510339551],[72.22672329440648,21.445627234255817],[72.23541086199332,21.455895887546472],[72.23513564513974,21.460899778591994],[72.236731550751,21.46514324042082],[72.24364368441704,21.473743797304376],[72.24287721486718,21.475473732511677],[72.24562596800841,21.48213591867735],[72.24906296809955,21.486059501316003],[72.25312614335103,21.497988712178564],[72.25730988239515,21.49664980615333],[72.26558521130146,21.520033238914426],[72.26895039467888,21.522690058661208],[72.271802212431,21.544587110864647],[72.27723131739448,21.560524620343113],[72.27748009593095,21.568293037921894],[72.27878982524216,21.562761272559282],[72.28249916578133,21.57335239928611],[72.28187084095248,21.574910008468795],[72.28471689062216,21.576954597182585],[72.28628652230799,21.581445185336488],[72.29064531066162,21.584668585841573],[72.2989241519807,21.603341347590515],[72.30472747892188,21.609688950152474],[72.3064639816549,21.620616506017825],[72.3086334795414,21.6250684544608],[72.30792466386646,21.63255766224666],[72.30954351514502,21.634797108663538],[72.30944327932899,21.63895795276817],[72.30425482135198,21.6471860130329],[72.30535404754437,21.64895654195262],[72.3027963112668,21.64953545891559],[72.3003627796537,21.653129987860215],[72.29832636358329,21.659454582153224],[72.3062096820727,21.6641666210757],[72.30463560552283,21.664864987755795],[72.30479518763981,21.667025294797565],[72.30305601601208,21.667005506464964],[72.30170335262021,21.66383484337221],[72.3003951702079,21.66689708174861],[72.2977447206065,21.667116344635232],[72.29629333146659,21.662687071837627],[72.29110451506182,21.679136438705708],[72.28453616036677,21.686463951414748],[72.28211817948956,21.690865620297725],[72.28347616270456,21.69234544708745],[72.2797989495132,21.69240579910479],[72.28009936590716,21.69475141745982],[72.25523337361528,21.69347121121268],[72.25375862378638,21.68644806144721],[72.23531494437886,21.69666681848062],[72.23043905610332,21.69439208036362],[72.22568759168111,21.69459708840257],[72.22802299672249,21.696640847618198],[72.23157483384628,21.706889513406217],[72.22770546832068,21.715533959026363],[72.22269750254553,21.719819607853573],[72.22346125020009,21.72391935933764],[72.21995252322681,21.729618917133322],[72.21877122874672,21.736328191673298],[72.22329308108732,21.737939782054557],[72.20711149161757,21.743293009492305],[72.19419305397695,21.749998214680993],[72.19373389988237,21.75166587718333],[72.19693263262418,21.753131330149003],[72.19664720821402,21.754116669759817],[72.19249483115314,21.755749653883704],[72.17718347832665,21.803630662630486],[72.16227887367768,21.807345328844065],[72.17660903714349,21.815270968851017],[72.18646096237404,21.82482052003278],[72.19186089275206,21.82665366306942],[72.19683048159997,21.824846208361297],[72.20287723311851,21.81894159505858],[72.2049000127629,21.823701370382125],[72.21036592619518,21.818844942921604],[72.21217264125082,21.82092481211139],[72.22009847251101,21.819532088618853],[72.23553347663973,21.811926020678364],[72.24150835574903,21.823668605074705],[72.24251179727759,21.829748808630125],[72.21727867700383,21.866896734757066],[72.20838366146842,21.88641333667515],[72.20424718009647,21.890956196585684],[72.20528219920392,21.89681731346726],[72.20308775240703,21.912734781351126],[72.20608255679956,21.92269811577894],[72.2059096050562,21.929773645707154],[72.20860322140197,21.94249161564423],[72.20636874028614,21.94700853880068],[72.20684190450586,21.95135654367987],[72.21204229839803,21.962309602694774],[72.22203699018173,21.96475659858143],[72.23647009518922,21.970869961784693],[72.24177107344377,21.975659813934136],[72.24398226393923,21.999543950943135],[72.24800925415275,22.007683643721588],[72.24726551197955,22.01332882137496],[72.24035027104095,22.020680341958542],[72.23734250485718,22.039101772885928],[72.22544282591903,22.05452116556402],[72.22466956780055,22.057472925640994],[72.23020256292666,22.057813143946056],[72.22951585479088,22.066485220205674],[72.23346200920525,22.06682197189473],[72.23647962451777,22.063796611721767],[72.23787579960708,22.06669405494941],[72.24225534353535,22.065974229010735],[72.25016943650975,22.06786960075991],[72.25280969023265,22.065114958127065],[72.25719266213201,22.066764165691026],[72.258518793782,22.065241901620933],[72.26271929359265,22.065793747884157],[72.26514931908119,22.061986389908693],[72.26864655839863,22.06154787768185],[72.26946578420853,22.059561667907065],[72.28123923278127,22.07982351945001],[72.307750489516,22.145562215680734],[72.30860023289273,22.146850071930032],[72.32350794301763,22.143570477786145],[72.33860188288409,22.17673901014271],[72.33423592507621,22.190358519616133],[72.3361072846963,22.202880996030807],[72.33982790268557,22.215110033882798],[72.35802513737971,22.24763044635592],[72.36251853827868,22.271482275223928],[72.36210198858309,22.294256391825595],[72.37024744894713,22.306556174550806],[72.37330104268509,22.315796065959404],[72.388103721787,22.31027257548583],[72.39390461070052,22.306185202452422],[72.4055764696961,22.305923620600385],[72.41860040278875,22.30181531737076],[72.42055311294267,22.295293725776652],[72.42121493684677,22.280175000521666],[72.41818095961966,22.275003002480844],[72.41184123335096,22.272868753036057],[72.4056895469291,22.267323324645794],[72.40337311789982,22.25722249293913],[72.40598157216,22.248530762965558],[72.40809886445372,22.229594954112578],[72.42725640986474,22.20951362899568],[72.4482681121581,22.236783779773745],[72.46094329769791,22.256490625923952],[72.46529099724765,22.259851072619785],[72.48025249759347,22.266731257552046],[72.48122191632895,22.27236158292636],[72.50034268740717,22.277740967372864],[72.516661207974,22.30556036771259],[72.5157750181496,22.321068315708903],[72.52824955149596,22.311687537919468],[72.53715108251211,22.30212956984737],[72.55663835454814,22.295314253716096],[72.58033415733345,22.301060639123843],[72.64875093902843,22.28480790902702],[72.6590661056881,22.27893378558416],[72.67482593613197,22.276949639078826],[72.68202780701985,22.281313901968044],[72.68223859131139,22.276020307638987],[72.68703032810608,22.27180473679429],[72.69774464409423,22.27505277777604],[72.70184694187466,22.280742699309595],[72.71579244853247,22.273991495616187],[72.73721562324343,22.27532000774753],[72.7388492347404,22.269303176796686],[72.74656229104244,22.26446386156093],[72.74796922345726,22.258127897440307],[72.75082457697833,22.254606294995007],[72.75182395003696,22.236855516239668],[72.75582144496644,22.231715880918017],[72.76376884387834,22.233952573493188],[72.81302368740057,22.266789136245386],[72.82573000944643,22.27202394981898],[72.84224346802318,22.28211286457914],[72.86004183635816,22.282017686315687],[72.87201449173509,22.284861141201535],[72.87686264362792,22.281857072121866],[72.88426474989096,22.272752659825628],[72.89249768460408,22.267184720370583],[72.90315767048386,22.266137758063255],[72.91067676704131,22.267041953509],[72.91248515655661,22.27327614173239],[72.90729793196653,22.28393612652584],[72.90682203956328,22.28874263733013],[72.90924909072994,22.298022535555805],[72.91310381730963,22.302210386845037],[72.92818959957502,22.311680642610476],[72.93161602380029,22.31149028474394],[72.93956342361048,22.309301180544207],[72.94536930805528,22.30425672290425],[72.94895963888729,22.292725585118195],[72.94303743698626,22.288219156798412],[72.93566110788029,22.291169688191797],[72.93175879215009,22.288742638161352],[72.92590531675816,22.26965936051295],[72.92186023357651,22.26561427605054],[72.92119398457129,22.255144648630516],[72.91900488005544,22.24914840623569],[72.9132941739116,22.240439579581814],[72.90177758242467,22.23315842908574],[72.88879762276349,22.23073254993379],[72.87452085695476,22.22050086815378],[72.85643695281856,22.223594167186597],[72.85060727379849,22.230137684658093],[72.8443017014769,22.234420714842706],[72.83728229279625,22.23358790387395],[72.80908567980751,22.223594167186597],[72.78933615360745,22.20896048263948],[72.78624285343562,22.203368747872844],[72.77743884801828,22.19825290733686],[72.75816521422142,22.17422035075367],[72.74436433991764,22.17386343209664],[72.72794605964187,22.181120787711944],[72.71688156508458,22.18397614133804],[72.70724474863535,22.18587971035074],[72.70557912567321,22.184214087003415],[72.70236685352344,22.18397614133804],[72.69653717360507,22.18647457526505],[72.68321219260282,22.19718215046742],[72.6722666718201,22.201584152310563],[72.65644325592548,22.212886592448413],[72.64823411488928,22.21562297325007],[72.62098928670703,22.21681270300633],[72.60516587171071,22.21300556620264],[72.59326856612151,22.20729485942047],[72.58041947662417,22.19742009621988],[72.56673757609494,22.182191546402088],[72.56085594929863,22.172755230045293],[72.55039441473987,22.14943423571658],[72.55075133247023,22.140511257545793],[72.54373192289125,22.12908984376549],[72.54432678817072,22.106841884738802],[72.54230424747821,22.10243988061511],[72.53718840571551,22.097205067360562],[72.53123975292094,22.078169378077497],[72.5227926670306,22.041287732314196],[72.51684401423599,21.999528191525823],[72.52184088222414,21.99238980920297],[72.51969936685876,21.98953445598027],[72.51827169144569,21.979183801004933],[72.51541633882296,21.974900770097634],[72.51541633882296,21.968119306725466],[72.50899179182849,21.9442057232327],[72.5079210341458,21.934211987739683],[72.50934871315214,21.914224515366186],[72.51505941749932,21.88531406426164],[72.52184088312244,21.88031719604249],[72.55824663624905,21.878889519414702],[72.58298593015327,21.890383210077328],[72.58537249155508,21.89744931624814],[72.58248526940102,21.918401710559756],[72.59465238937567,21.931356634240352],[72.61356910364553,21.944919562704925],[72.63783960722711,21.960624004979472],[72.65604248423955,21.961694762064173],[72.66696325823283,21.955511378999127],[72.6528302111915,21.94920259344169],[72.64283647521523,21.94170728894266],[72.63177198065796,21.916366030040116],[72.62713203129853,21.887812497747607],[72.62427667957411,21.87960335701352],[72.6209305341925,21.829349531900657],[72.61850075035075,21.82543656414143],[72.62223288474193,21.8094916320182],[72.61869555541,21.810380647124376],[72.60704108959493,21.808506445182022],[72.59553334202198,21.8040327351183],[72.59417188053021,21.799967714374734],[72.59935505820994,21.798180898247175],[72.5996743005973,21.792159737410984],[72.6099581501895,21.790300436505973],[72.61006338153683,21.789042939102046],[72.60200052934802,21.789665695936435],[72.60144401404635,21.786403377339067],[72.60352323394174,21.785929430488103],[72.60106808077805,21.78396558781953],[72.60209691498476,21.7835691080112],[72.60139721182006,21.780300755469135],[72.5947906993867,21.776292656321466],[72.5781687809175,21.77445981052372],[72.57852297046433,21.77253726797929],[72.58497212231441,21.772625361269135],[72.58477075146875,21.768276559150312],[72.57999334100622,21.767060912213893],[72.5793501292965,21.764213125710928],[72.58697918323796,21.763566589683272],[72.58685504235392,21.76101556883877],[72.58901399132402,21.759160964292],[72.58627741304981,21.75660656205341],[72.58977588755077,21.754358958524453],[72.59539084765836,21.753383483358984],[72.59705725035815,21.749564616838608],[72.5886041277891,21.74543590505529],[72.5857657685966,21.745483958420827],[72.57936883671229,21.740141743534597],[72.56566074400429,21.73854792785164],[72.55706042259446,21.734681303394453],[72.54877060655755,21.73598192735805],[72.54287958338338,21.733562655000643],[72.53223177506558,21.709546848246273],[72.52778857921128,21.678164191485692],[72.53413468082354,21.672481352863294],[72.55272560129264,21.661586980158063],[72.56363756281299,21.663799303229652],[72.59284167142714,21.676100954906122],[72.62375172747824,21.682008999005472],[72.64489204426582,21.679312485107985],[72.6589700685977,21.679999566637186],[72.66627942829922,21.68640884570769],[72.67649455677221,21.682172419534346],[72.68334992140387,21.682023251667033],[72.6929406390077,21.678353548799166],[72.70036233034057,21.683139409160773],[72.72761423365402,21.68597400354339],[72.75317406490839,21.678944705813553],[72.75836492677706,21.67294642583577],[72.76636109342908,21.668363756352154],[72.78987865788562,21.663147188063604],[72.80134719489477,21.657586356863018],[72.80725386761951,21.657805703198783],[72.80722822341306,21.65103578934871],[72.78642329533179,21.642600993094337],[72.78228303384913,21.642315457550534],[72.77757170166228,21.64459974028575],[72.75886913767131,21.644456972890726],[72.75444334038741,21.646027417326106],[72.74573451237275,21.641316084545952],[72.7310294433113,21.63731858933468],[72.71875142541649,21.63817519552114],[72.71304071837434,21.64060224579112],[72.71104197135877,21.643172063323036],[72.70333251730102,21.646170184838148],[72.70004886142554,21.64545634670112],[72.69262494316908,21.637604124737976],[72.6749217531351,21.62732485372869],[72.65893177521376,21.62661101514636],[72.6507940188016,21.61718834915543],[72.63508957578321,21.61818772369509],[72.6323769897136,21.615332369823214],[72.62966440544065,21.606195239407],[72.62752289007527,21.604910330400756],[72.62552414305968,21.593203382508506],[72.62052727507157,21.594059988638374],[72.61224675030962,21.585208394251662],[72.61067630564844,21.58135366718521],[72.61139014380412,21.57707063690442],[72.61681531504502,21.56679136528995],[72.61395996242226,21.558510840981526],[72.6175291532007,21.550944154319865],[72.62195495138293,21.546090054500198],[72.627237354274,21.543520236726035],[72.635408614253,21.53531150534069],[72.63962996845298,21.534557692184116],[72.6519925052396,21.53817599540528],[72.65877682481039,21.549030907017585],[72.66164131509623,21.54752328058933],[72.66450580538203,21.539532859886688],[72.68455723738278,21.544206502288066],[72.68681867694028,21.538779046923246],[72.6922461325969,21.53455769301971],[72.69752282579606,21.533502353540804],[72.70400561955353,21.533803879292034],[72.71078993912435,21.537271420115975],[72.73657035169673,21.538779046923246],[72.73318675824589,21.534575923513103],[72.71765069364771,21.53132958196106],[72.70575338985515,21.526868092124147],[72.67035890707481,21.483145495800084],[72.6691691765159,21.476899411778707],[72.66649228230916,21.473032787268938],[72.6584616014856,21.46708413399871],[72.65281038267824,21.459945751682294],[72.65102578594154,21.453402234189284],[72.65370268014826,21.450427908484997],[72.66054362951456,21.449833042250884],[72.68047161682559,21.452212503496177],[72.69385608336766,21.467084134834714],[72.69849597343828,21.4647401057149],[72.6932557751959,21.461606002216797],[72.69236892061818,21.452212503496177],[72.68552797125187,21.440315197854254],[72.67261595926045,21.42625944261111],[72.65226213367382,21.3840367718222],[72.64932640159606,21.372817881014054],[72.65167918274994,21.353284222318166],[72.65412031950025,21.346122216172077],[72.64959934391536,21.342731483477408],[72.63195563942118,21.343052710721636],[72.62752984213726,21.341196731323162],[72.62281850995039,21.334772185646838],[72.62136703906377,21.324302556776463],[72.61123053563604,21.32258934671095],[72.60780411230905,21.325730234825627],[72.60062023198135,21.32319267363925],[72.598007323874,21.317262316242612],[72.59756013803401,21.305432772107206],[72.6004005112494,21.289766628290806],[72.61051598601465,21.280650393149102],[72.60835353630988,21.275821996078317],[72.60937493785593,21.26881932638856],[72.6198851431368,21.25357219929053],[72.62231327228176,21.24248815377794],[72.63050778425357,21.234244080109892],[72.64529283571466,21.22506056493395],[72.65741214914654,21.224548395688352],[72.6557335976308,21.22222289033198],[72.65564900417883,21.217916268371763],[72.6521545882663,21.214589764397243],[72.63811836793451,21.211004748557503],[72.63938836835395,21.202669026902388],[72.63461954758215,21.19041675512436],[72.62867902633751,21.144015150457125],[72.62527313310805,21.129743292287593],[72.61875443368866,21.11411673655228],[72.62067547104229,21.099130099393523],[72.62391177582084,21.09079248923273],[72.62683799653637,21.08527755452593],[72.6315036898152,21.08196428221491],[72.64586611717279,21.07763606607526],[72.64815095155522,21.075213244830515],[72.65549031049568,21.07754269838453],[72.66298041482564,21.089976897052516],[72.66498396692968,21.09959820032025],[72.70207909888342,21.09557917795675],[72.69881284966318,21.09229712271581],[72.69226252685085,21.078328276340805],[72.6933286968374,21.065710600631693],[72.69632002744473,21.062549656159756],[72.6992027948533,21.061398697578966],[72.71150441508387,21.065206473390592],[72.7280923341162,21.066766177261293],[72.74561464657111,21.06060291516067],[72.75450736870759,21.052423532282596],[72.75437502081513,21.05094720671186],[72.72562902155481,21.05317186840956],[72.72139519604373,21.048449893601557],[72.72210805144252,21.034388540973026],[72.72787542780601,21.007049086984726],[72.73329288341694,20.999903143119898],[72.73671748765543,20.99164742430573],[72.7410944462323,20.979968196244414],[72.74658572000334,20.956272266070687],[72.75708156032452,20.932314209890283],[72.75793147977102,20.933104144651264],[72.76055226071354,20.931493679791245],[72.76509927935683,20.92074457377012],[72.77149000747578,20.918407775049786],[72.77769080030262,20.918789893892875],[72.78563934276985,20.915967733949103],[72.82876608334142,20.810102735382763],[72.83085676214655,20.806633925256687],[72.8353521905431,20.80366499931345],[72.83964272849467,20.803669719535673],[72.83553707730327,20.79346159935278],[72.83598336482801,20.787018663228125],[72.84255713007602,20.777250500591748],[72.84929788494878,20.748314942020357],[72.84934005366485,20.73667018394871],[72.85423127169072,20.714783411720823],[72.86732265927806,20.6805350210946],[72.87325877518457,20.655934321346823],[72.87923741733661,20.64903970149233],[72.8794796732058,20.641612906106925],[72.88317142652834,20.637919286135833],[72.89029877318026,20.61610111558299],[72.89728801014547,20.585381088820917],[72.89982948062816,20.582323364696144],[72.89784854630634,20.582901855357854],[72.8979958610298,20.574383548123265],[72.90368861524097,20.575874142315307],[72.89761698577891,20.57311529556085],[72.89644674327178,20.56709461586139],[72.88718935723223,20.545774881492562],[72.8884934316487,20.538528780009116],[72.88634966510523,20.53566927269153],[72.88744577953344,20.532691886020654],[72.88301389616346,20.53119121124463],[72.88554409817925,20.519237753035753],[72.88447969517888,20.502306909261698],[72.8783803446055,20.495101929049387],[72.87199344959784,20.494816356180912],[72.86853831701272,20.491613846125038],[72.86239847847116,20.481291297728966],[72.85828804914075,20.467393351053133],[72.85555080611327,20.467484334508974],[72.8629703747271,20.463775677497576],[72.87732168453473,20.46166673170767],[72.88535901109474,20.462528626414056],[72.88806502508972,20.460613697680984],[72.88803530971845,20.45050825762559],[72.89539065687431,20.44421146554701],[72.89022884292865,20.438557075738643],[72.88777474079386,20.438150193502505],[72.87896730471044,20.44156479726267],[72.87490893544572,20.44547720603102],[72.86987194959532,20.43942294608569],[72.86513939111659,20.428987087394024],[72.86115644350483,20.42750320575035],[72.85732146279337,20.41882703707105],[72.8626018633397,20.41669980343871],[72.86849209689473,20.416304661573914],[72.87025009541415,20.413755690392104],[72.87182023464814,20.413793850325735],[72.87539358013477,20.4167170595225],[72.8802652651931,20.41692186939777],[72.88173950028734,20.419385758588447],[72.88925849713179,20.418938563997305],[72.89326449910703,20.421633379341774],[72.89796314977701,20.420512898004695],[72.90048242738065,20.416775399501304],[72.90411385254365,20.414881311008124],[72.90183451585075,20.410119325917496],[72.90335636973988,20.40968995904331],[72.9026568507298,20.405698150775635],[72.89194401965683,20.399066467105953],[72.88777239529264,20.399931034837667],[72.88514397867026,20.39778047056877],[72.88282652556151,20.397752839925264],[72.8836942927361,20.391129159554207],[72.88717227486879,20.388082111848572],[72.88696686340096,20.385356611901255],[72.89665760032685,20.379774579698037],[72.89156296419478,20.37555514873827],[72.89073783914841,20.37255161915002],[72.88303400225617,20.372216649391355],[72.87702808815041,20.369711541109453],[72.86575301142256,20.3721648131295],[72.86426298214899,20.375094651257648],[72.85819902879106,20.37394384449589],[72.85620345013348,20.371933531262922],[72.84430272914958,20.374843175724724],[72.83601438006154,20.37321655260257],[72.82768340052333,20.36651039425013],[72.82123644146087,20.367663040128463],[72.81000466532635,20.35364537088558],[72.80118847426215,20.351526381124845],[72.7929807345978,20.353259931592447],[72.78818878310575,20.34960458279781],[72.77629200213268,20.33396429850318],[72.77475586682719,20.327257573891057],[72.77459177516748,20.309333501190437],[72.77286420079008,20.303243842305974],[72.76642168928659,20.299906014351585],[72.7624597362013,20.301409922107872],[72.75513439277591,20.291579253383972],[72.75279498933324,20.261297576074597],[72.74117518052184,20.24717627487602],[72.74004887102195,20.243118361835588],[72.74503032122489,20.225899744992997],[72.7458044111833,20.209470294310762],[72.74969192627087,20.20579416336474],[72.74856824793649,20.202785687063496],[72.74566911142679,20.201836421908542],[72.7449267499642,20.194407868953302],[72.74153823554224,20.184541851273064],[72.74218634037531,20.174193235346767],[72.73956955154593,20.162835753471768],[72.7374841683094,20.134820880059856],[72.74201362399057,20.134554423965838],[72.7509942211248,20.13109962828914],[72.76008933908469,20.131144899657702],[72.7628817665184,20.129890342735777],[72.76674864730393,20.131295387749667],[72.77291227592914,20.130613472426337],[72.77522364834171,20.131931121439248],[72.78221974035083,20.129616996584446],[72.79407408670652,20.12271981512372],[72.79222837219116,20.13327705029358],[72.78755173653381,20.138694326522696],[72.78747543273525,20.144085241098985],[72.78501877938504,20.145262030988093],[72.78656696109856,20.14723466208179],[72.7883228386956,20.147126796157774],[72.78900859821044,20.149088663789268],[72.79576725471021,20.14899638741389],[72.79893247220708,20.151372781445644],[72.80067288350989,20.149903960278035],[72.80592784376736,20.154344826464992],[72.8064923459902,20.152706625867786],[72.81086381316575,20.15136206277715],[72.81542595854012,20.14441822399123],[72.81949943926453,20.144451741768783],[72.8244112781178,20.142094214157858],[72.82236197212137,20.154742223766807],[72.81631480378452,20.156443199214895],[72.81644538558915,20.16009530807023],[72.8197475629292,20.165497855070292],[72.8195389094415,20.17241819343641],[72.81676052716725,20.172700792259217],[72.81733840171142,20.17400115628485],[72.81975288365061,20.17372566297571],[72.82008298666973,20.175179022514445],[72.81799621373948,20.182363103050083],[72.81602880984245,20.18420408987881],[72.81798440718168,20.18410899370392],[72.82107969352862,20.18772177791869],[72.82524455537532,20.18774466296959],[72.82525484827187,20.1887529643694],[72.82768132002512,20.18920101304264],[72.82969565730251,20.187814061741538],[72.83254138807023,20.18960424613543],[72.83694482089682,20.188216819527707],[72.8308824018614,20.196527122819063],[72.83344129337239,20.202235170985574],[72.83606270852547,20.203166207910293],[72.83567006479629,20.204830598421598],[72.83902389796008,20.208886889745262],[72.86117673015889,20.207371237547527],[72.8587285290572,20.224503405019195],[72.87049414521897,20.22808482622534],[72.87516856473252,20.225770893304283],[72.87910846956746,20.226669447493915],[72.8896046620282,20.219998563960264],[72.8930541783462,20.225606210503095],[72.89940670560769,20.22760217324953],[72.90176410050887,20.224811183706578],[72.90807462793758,20.223185054549592],[72.92121672003283,20.222474208335186],[72.92226980785387,20.2205878443828],[72.93444269591096,20.215711298285754],[72.94143415261323,20.216769349514284],[72.94950034833154,20.215611128075736],[72.96265793187386,20.209679862574944],[72.96161476684344,20.20875236311854]],[[72.96652151674057,20.300533003340476],[72.96286380148244,20.30556884227359],[72.95472545397887,20.311366232034302],[72.95280177018842,20.3152947059377],[72.9612159040775,20.328318032709102],[72.96167181974542,20.332268898670197],[72.97855634990817,20.331941987026493],[72.98199636205045,20.32595896500648],[72.98299324587741,20.318520788019146],[72.97877244863294,20.31332166355206],[72.97757996473767,20.313960684761977],[72.97425149820086,20.31080889696307],[72.97154080577988,20.297102878711],[72.9687168070555,20.29790738280953],[72.96652151674057,20.300533003340476]]],[[[70.01922041464259,22.597105242384675],[70.01638068462094,22.600508577682216],[70.01363011508622,22.60144407787283],[69.99017667776452,22.596812867546934],[69.98863184047886,22.5907711053509],[69.9895099266011,22.588198544179832],[69.99471024683142,22.580650428144153],[69.99850240036169,22.580776336166917],[69.99508695354916,22.580209196328013],[69.99347286064668,22.576498166805845],[69.99528796776367,22.57589815369894],[69.99491269835038,22.57411501780661],[69.99701811132277,22.572578852337447],[69.99852424649107,22.57646730782975],[69.99826995229874,22.573298425056205],[70.00005116508177,22.571906947408475],[69.99683851833456,22.5720039511159],[69.99421473701899,22.57375507354181],[69.9950699178981,22.575436085015145],[69.993371511818,22.575356161105045],[69.99299160170793,22.576877103818305],[69.99426684918694,22.5801457779927],[69.989583872322,22.587363484316622],[69.98833577552413,22.59048385762897],[69.98551709302961,22.58867757943857],[69.98976823536441,22.575685649311744],[69.98776775010876,22.575138027006705],[69.9879572479213,22.573184531247517],[69.98956731008313,22.573184836501774],[69.98945989403303,22.570371769334614],[69.99076729670765,22.571727344957647],[69.99426969325316,22.569858973859834],[69.99448019906693,22.563088748876375],[69.99900794794907,22.56268640612755],[69.9987971726407,22.557651321374372],[70.00170006410828,22.55445562375377],[70.01093808696189,22.555933041501007],[70.02343794471443,22.563822779614696],[70.03213974970022,22.572402882313327],[70.03867505178268,22.57363134730511],[70.03720776336051,22.588242750626492],[70.03481518773783,22.58826992689724],[70.02783954048626,22.593450282547256],[70.02268267266456,22.593618277813615],[70.01922041464259,22.597105242384675]]],[[[69.33812143763774,22.379171189724882],[69.33987874445444,22.380204539668643],[69.33946816496223,22.385789069972454],[69.33637442641253,22.386655722378034],[69.33007504168661,22.382093443739045],[69.32782152796489,22.382700690660613],[69.32341964742707,22.38110651522971],[69.32841387975817,22.37489467453193],[69.33142539730656,22.374364011974826],[69.3327580938446,22.37262998709495],[69.33404175943615,22.376182829795646],[69.33812143763774,22.379171189724882]]],[[[69.63568075150053,22.452227415967066],[69.62898697133058,22.45867380113999],[69.62521993649229,22.458521654277064],[69.62125591548524,22.457160411064702],[69.61436245330233,22.451794546960723],[69.6002764079133,22.447152560461177],[69.59086308332357,22.439525915664895],[69.58998916897751,22.4354730798082],[69.59159878198169,22.432094303436127],[69.5904064490034,22.430544414201645],[69.5964624657458,22.424258985614223],[69.60228451627246,22.421469882509907],[69.60686524599343,22.416993603357557],[69.6365567930572,22.405539641621488],[69.6425276117814,22.41482463519642],[69.64854361037455,22.42022607399135],[69.65545422678608,22.423676022375226],[69.65686319747827,22.426763326856577],[69.65415341145744,22.430076648337508],[69.65054576290335,22.431057587746288],[69.64625394844575,22.44437550882071],[69.63568075150053,22.452227415967066]]],[[[69.14662887736735,22.473753723472054],[69.14163589369451,22.476567263516525],[69.12873414226027,22.475252752000483],[69.11376283859977,22.46795222915195],[69.09403367451225,22.460718047391236],[69.09281227115302,22.457735052938006],[69.09468454885135,22.449882512039235],[69.09304252014013,22.44836974166728],[69.09422909312083,22.446650038005682],[69.09309088992661,22.446540250873895],[69.09575968312612,22.445569202230825],[69.09652008635287,22.440979264917033],[69.09096697435427,22.43806709109454],[69.08978476628756,22.433784891770426],[69.08573033793196,22.431783995168416],[69.08450928491575,22.421963085202982],[69.08732636122255,22.421173761253765],[69.09281507030344,22.42925255107831],[69.10047892318244,22.43281546683224],[69.1036892109537,22.432612826105544],[69.10839779070254,22.436779549204115],[69.10660423506754,22.444236139057335],[69.10884069157866,22.448510996911534],[69.10783836396104,22.45112131084063],[69.10988025526312,22.452487254281316],[69.10737032103677,22.459061249421836],[69.11548017397955,22.466598364669636],[69.12288502818906,22.467874390587387],[69.12790424895641,22.465164931794728],[69.13247732772611,22.46626461498283],[69.13855769689755,22.462199799348777],[69.13997901852662,22.463566911231567],[69.14211744638233,22.462880146756458],[69.14297857410865,22.460467265079135],[69.14163202554889,22.454613241835116],[69.14479503858004,22.450260277804453],[69.14302947175433,22.45806086167874],[69.1470801918644,22.465687933123963],[69.15029646960203,22.468651915917892],[69.14662887736735,22.473753723472054]]],[[[69.82019664672809,22.48801313739938],[69.82698176849445,22.491640195590673],[69.82743477721414,22.49692291353962],[69.82576783642345,22.50117235659985],[69.82177451416848,22.504166889734712],[69.81856621975881,22.504606456730777],[69.79816564674307,22.49862635784727],[69.78520092879732,22.489420882714132],[69.78966153220522,22.484201894444922],[69.80137716071475,22.477205854167657],[69.80964209072333,22.477573501611612],[69.81195405243072,22.48301839960955],[69.81712835206054,22.483537478847957],[69.81626567474036,22.487024014514972],[69.82019664672809,22.48801313739938]]],[[[70.00720097859897,22.55048531161802],[70.01256208468872,22.552823527939815],[70.00754042409704,22.55163377785709],[70.00210323339769,22.552303958064474],[69.9960771566054,22.549049179013974],[70.00720097859897,22.55048531161802]]],[[[69.97121457791162,22.570539699010986],[69.97102373442276,22.569465582284927],[69.97005155696102,22.572742533954266],[69.97122149044772,22.574786068384256],[69.96945234293727,22.576598007403494],[69.97283274197896,22.578007985384748],[69.97169810419814,22.586701599473546],[69.95862086687313,22.584261236315147],[69.95781874408794,22.583381929659026],[69.95956692941124,22.58100566718595],[69.95815724815164,22.576846233314466],[69.94829684731634,22.573625948966914],[69.94715846356078,22.569627473354036],[69.94484791759825,22.567817200466763],[69.9499663258477,22.559872821119818],[69.96080634489019,22.5485880681967],[69.96559202793819,22.550709855450307],[69.96775193810566,22.55402819079848],[69.96334638076338,22.556722168855025],[69.96105675476723,22.556450371072813],[69.95935870172502,22.55850226031619],[69.96477162982687,22.557573525834915],[69.96441383444247,22.556474487426517],[69.9691443079314,22.554531194385042],[69.96916935385984,22.557375757423284],[69.96510455175935,22.560936937462508],[69.96710282087122,22.56008634951957],[69.96557694522458,22.563908077408012],[69.96727945121563,22.56076262996933],[69.96840394432202,22.56197245803414],[69.96833547652768,22.559111168403224],[69.97052294161816,22.56084368723676],[69.96885106099175,22.55932070356061],[69.97067981621286,22.555952840712056],[69.9697462923595,22.55393881018586],[69.97298725759774,22.55236745640693],[69.96859967284938,22.55327672085997],[69.96868741040485,22.551616485153147],[69.96673396992061,22.550850153367325],[69.96813356759117,22.54996450258884],[69.96221198013775,22.548012084657472],[69.96532113826932,22.545892195666593],[69.97457706274989,22.54641314368405],[69.97800708832118,22.548980095661108],[69.9767252975136,22.554807150615023],[69.97414545998514,22.557086941016898],[69.97584213950327,22.563143527771278],[69.97465109740405,22.556908130603507],[69.9769062864838,22.557952774527443],[69.97749293487334,22.55464567603082],[69.97926491836513,22.558685789817435],[69.97774108997899,22.55419598109356],[69.9787125496868,22.5507297566259],[69.98117615060744,22.555923238957497],[69.9786800100123,22.54856313326561],[69.97539092471922,22.546360891916773],[69.98559087346052,22.54746517214327],[69.98476048428662,22.55233450387445],[69.98520661011457,22.55001495268433],[69.98776253628682,22.54940406641149],[69.98637971645086,22.547609653131836],[69.98927685600567,22.54766741993176],[69.99196267407643,22.54834342276897],[69.9913374053162,22.55352169934151],[69.99298270120009,22.5516967579926],[69.99247504886,22.5484649797756],[70.00060032318127,22.554023019835682],[69.99591724570504,22.558014856654218],[69.99178494599076,22.556500301128846],[69.98856624100524,22.557653550479415],[69.98463441651627,22.565903700882874],[69.98145327548269,22.569089947952],[69.98166235567012,22.57083444146024],[69.97303280847083,22.581616417607513],[69.97304302860384,22.579023391884448],[69.97911729282461,22.57149212891655],[69.97936855879608,22.570548816998265],[69.97811410012936,22.57025349576773],[69.97912637838539,22.570985068684404],[69.97605419401263,22.574690712335656],[69.97293789337624,22.57735037049598],[69.97054469342446,22.576545756288727],[69.97198115166604,22.574794845172047],[69.97054105614588,22.572904182279526],[69.97121457791162,22.570539699010986]]],[[[68.55429662961703,23.345808158279958],[68.55237573509557,23.348929132381823],[68.53699406304693,23.347374142459064],[68.52492255705619,23.3518924293295],[68.52055378572483,23.35091560376373],[68.50612167245741,23.341430616459146],[68.49759345252723,23.332718155445598],[68.49658021756544,23.32964716690387],[68.49986491369002,23.321819056765616],[68.5241773155948,23.310923097539494],[68.51480823303282,23.296771721304975],[68.51481380528251,23.29201513907112],[68.52016794942882,23.28869957439064],[68.52471304208414,23.288621482110965],[68.52755931273938,23.29073307485397],[68.52977585629561,23.298699830396895],[68.52678119114195,23.310238049946616],[68.53301315281422,23.31482330504935],[68.53565227825314,23.320873201217694],[68.55079787753664,23.325610642446367],[68.55437743397518,23.329090771646726],[68.5555324590214,23.33511306757456],[68.55429662961703,23.345808158279958]]]]}}]}