{"type":"FeatureCollection","features":[{"type":"Feature","properties":{"shapeName":"Haryāna","shapeISO":"IN-HR","shapeID":"1811400B68407848780347","shapeGroup":"IND","shapeType":"ADM1","displayName":"Haryana","coverage":"context"},"geometry":{"type":"Polygon","coordinates":[[[77.3454328208287,28.513265547953917],[77.33611195354297,28.505210233717094],[77.32682881549916,28.490123494747316],[77.31837101180918,28.48738311315873],[77.3140954927908,28.483622531452525],[77.306524288557,28.489403786335696],[77.30078142092937,28.489866321244],[77.30059938542188,28.494189475928795],[77.29026055264606,28.49655561136847],[77.27653366448739,28.493302884551568],[77.27206215643025,28.490814044309587],[77.26944763584697,28.486655587634818],[77.24329706617351,28.47883489419228],[77.23558428565433,28.471128153149156],[77.23291482231163,28.457931161143946],[77.23441856167307,28.45472762408438],[77.2425093972813,28.45616465426214],[77.24656468173133,28.452722274101053],[77.24920680933991,28.44519700144583],[77.24882884228579,28.432935539802635],[77.25264316983055,28.432924559413333],[77.2493021053202,28.424198572061865],[77.23841826106826,28.420842110472567],[77.2285210814086,28.41392755685237],[77.2166056594951,28.40974162566184],[77.21600635294486,28.411479313897118],[77.19053323516654,28.407218966242226],[77.18437307673325,28.41044591990783],[77.17439688575281,28.40469199328046],[77.17142319626106,28.40630020591331],[77.17105852067988,28.40921884019223],[77.16516149675961,28.414310312755525],[77.16590156751823,28.425691075189366],[77.16225891251585,28.428955008463024],[77.15461602811226,28.432365372497543],[77.14843087405617,28.437267404073587],[77.14110378520421,28.436718527337973],[77.13228332893905,28.439147720911162],[77.12380553414073,28.445379343082013],[77.12184586473832,28.45851878108132],[77.11690756511008,28.462790399203808],[77.11089242350972,28.47134370540253],[77.11300634622286,28.471313202848727],[77.11486253778938,28.48150688595629],[77.11876720890223,28.4882643593094],[77.12068900173902,28.49628341152401],[77.09805307085176,28.504843557305986],[77.09600438648953,28.507217070003392],[77.09862733866007,28.51149184473349],[77.09468073778301,28.51381359847815],[77.07224121454946,28.520246324776274],[77.06733227635631,28.512138193759736],[77.0599457253207,28.51231016604341],[77.04656852255606,28.516630713657328],[77.04835145291788,28.520885308875098],[77.03194866319089,28.531290771581286],[77.02437926546911,28.532765444486394],[77.0135644953743,28.540486247652446],[77.00972658705335,28.539816586331888],[77.00663455709932,28.54134537631232],[77.000470452367,28.53206506363144],[77.01501671545589,28.52384526552509],[77.01703338925127,28.520938973269505],[77.01025990695604,28.51467366760714],[76.99655491433413,28.51974929219483],[76.99525377561197,28.516908063470442],[76.99038431568059,28.513512819614707],[76.98274458885521,28.517125782096972],[76.9780925562569,28.52132262593089],[76.95601614284098,28.506155048176684],[76.94877599563716,28.504039229831957],[76.9416505570069,28.5045564327376],[76.9334708573558,28.509705144504366],[76.9274882132092,28.510411156922416],[76.92058851043002,28.507034374860414],[76.9167562938347,28.510355318750737],[76.90798019368336,28.51373631620386],[76.90231658890481,28.508858047930648],[76.89752731439233,28.508341677608804],[76.89139347390193,28.500830165198437],[76.88392277677535,28.500748600912974],[76.88430914756894,28.501967277725512],[76.87960609425575,28.504748702302493],[76.88711065427525,28.520572019241673],[76.87700488401,28.52440244819207],[76.87382774497104,28.528460005133578],[76.87317757850435,28.532626698191986],[76.86745025173116,28.535202676249337],[76.86472586000211,28.543328991998884],[76.84654032406787,28.549544468907264],[76.84249316487958,28.556084311533755],[76.84088145341089,28.57085180651219],[76.8389449587462,28.573029191069555],[76.83955903180303,28.582472679811623],[76.84526165221098,28.584369265170388],[76.86427451226736,28.58575925643067],[76.86783735285506,28.59039366919885],[76.87170756189869,28.602653445231354],[76.87728144474329,28.608790247998165],[76.88232683612979,28.622755838727183],[76.88777656371725,28.63162349547427],[76.893198358191,28.631655753274813],[76.90625175153338,28.62378190026767],[76.9142277653803,28.632311490741245],[76.92014960705693,28.63146721073728],[76.93452705424605,28.618308632123426],[76.94372785630418,28.628238452078143],[76.94515306045189,28.63303317465667],[76.9381323743669,28.636345194126108],[76.92502484764718,28.6499242695271],[76.93501173666432,28.667517622952424],[76.94875477832844,28.669804630083515],[76.9520772818484,28.669575156438796],[76.95341594409828,28.667304203872625],[76.9558865635562,28.67123165367208],[76.95799224242997,28.684606171393135],[76.9677892428674,28.699606999187058],[76.94823396566944,28.71279734013639],[76.9592556312489,28.728574249304565],[76.9600076963132,28.732746769938856],[76.95593684316097,28.738220876746578],[76.95857976667692,28.74297289384682],[76.94459058752327,28.7540581376415],[76.94668871246378,28.758602232117337],[76.95587152665664,28.76738251243393],[76.94978657158568,28.777096415256345],[76.95003488928641,28.783301266277263],[76.95382417090273,28.790944740845376],[76.94627038769723,28.797940641751687],[76.94213552329279,28.798458999655296],[76.94625901233078,28.806653288380026],[76.94570722306584,28.81037942497498],[76.95080437897228,28.81829587105762],[76.96173991138737,28.814917087367768],[76.96492097606412,28.820200139384582],[76.9637939281491,28.82291647410183],[76.96711809624729,28.828061599009413],[76.97294277434617,28.826768168926378],[76.97665355668134,28.822248922356657],[76.98018472896034,28.82145725530508],[76.98588285958851,28.82942985931096],[76.98689620414476,28.833790928522404],[76.9947920972515,28.839547980719306],[76.99830270080541,28.83834000546338],[77.00650532007266,28.840560843001043],[77.02331815748919,28.839393770871755],[77.03999808736282,28.831827153406966],[77.04257400554174,28.834234862538782],[77.0418204223246,28.837884656682196],[77.04511129706172,28.840958093432327],[77.04567452457519,28.847484259374195],[77.05779630657744,28.867781860964833],[77.06095830720729,28.87106793030986],[77.06922736048304,28.86721684733462],[77.07173330798616,28.8689592472785],[77.07458988321602,28.867544278809884],[77.07922539579629,28.871980275200105],[77.07762811486428,28.877205603657067],[77.08239546599229,28.883807228409715],[77.0868058104567,28.88101280323115],[77.0875354248254,28.87545525779977],[77.09490344990486,28.871352635588536],[77.10980409837333,28.870101073806556],[77.12081125526264,28.859969312271733],[77.12091150185846,28.858343381346202],[77.12488042676867,28.85766281641068],[77.12546416282007,28.85989253209918],[77.13220085371451,28.86362656710744],[77.14029918576378,28.8620888378898],[77.14252525595359,28.859739764625928],[77.14197493453584,28.856272719099753],[77.14529005120919,28.853667938878083],[77.14165383802572,28.844670123900674],[77.14239630099792,28.8388884227867],[77.14380517018051,28.83831291765975],[77.15773012158796,28.836717764644487],[77.15684427312337,28.839062783647524],[77.16592489137628,28.849101295044264],[77.17208239977947,28.84993935374348],[77.17304045841986,28.857260482747773],[77.1753801645948,28.858351822478877],[77.18140388780107,28.857536490399713],[77.19768253394906,28.859257716696572],[77.20984478864816,28.857866895645454],[77.20769872960406,28.862058200249063],[77.19314359565176,28.86559505533044],[77.18930409731274,28.868032809146865],[77.19209752816464,28.875786940992178],[77.18927375132412,28.88091011188892],[77.19823114317792,28.88753850382455],[77.20597468919901,28.88836626052908],[77.21303922744288,28.88657989651214],[77.22054086254784,28.878826627653396],[77.22349976846499,28.878589163570588],[77.22808214210289,28.881227037056593],[77.22756611836266,28.894022561926175],[77.2323179789419,28.8975848263249],[77.23421405840199,28.909154231312755],[77.23287692508474,28.91873124874986],[77.23044826054384,28.921356661835237],[77.2249466372824,28.923062197283958],[77.2222775970462,28.92816114406214],[77.21343846660292,28.93316623454851],[77.20712095117963,28.934843388067133],[77.20284505217391,28.933347012889016],[77.19665200551974,28.93767976124808],[77.19554564041582,28.942358713258702],[77.19726789047856,28.946518509824088],[77.19278576433476,28.958869302574154],[77.19496901273325,28.967153036690746],[77.20006386715598,28.97129044272581],[77.20232862868336,28.98724508118872],[77.1980140823575,28.98976231235846],[77.190957238184,29.00595097423879],[77.190743475079,29.009425366650365],[77.19310159581897,29.013196398559664],[77.18902622234421,29.023584649281105],[77.18911555620596,29.027704065940867],[77.18510809177346,29.031522692935212],[77.17774355395392,29.029669921853305],[77.16695490057934,29.033849390598377],[77.16688487869959,29.037409112122845],[77.17013443632351,29.04015895551439],[77.1721241256261,29.046508494380276],[77.16803457853283,29.05457778473446],[77.16375123698496,29.079466111282887],[77.16224686341295,29.080941655213834],[77.15667918253709,29.079264625151914],[77.14674707907415,29.080585348245734],[77.14266757604408,29.083625032900503],[77.13395977660038,29.096041158168543],[77.13894867653194,29.108049997970177],[77.14606895793416,29.11055743133877],[77.14906645278096,29.117682478638585],[77.147434431302,29.133559603315188],[77.13593792255155,29.14200032519542],[77.13619394510249,29.149561480757608],[77.14287690596313,29.156269335022262],[77.14354524624632,29.1693499067796],[77.14713973987136,29.180545122893335],[77.1437477058501,29.183166340103345],[77.14016657376659,29.192165732120788],[77.14327641461774,29.194375593203358],[77.14217782173768,29.20411375591044],[77.13431779297035,29.21004576257371],[77.13139798532765,29.217524189054252],[77.13347037084033,29.223509352479002],[77.14768861769647,29.230372673600893],[77.14998278557472,29.23279631615304],[77.14873149257107,29.239646027862513],[77.14944453931098,29.250008950133747],[77.14538006060403,29.25759550238602],[77.14266862797128,29.258342675526873],[77.13993691676927,29.261424550589798],[77.13893642171483,29.26788050261214],[77.14383571469679,29.276669904724066],[77.14500550714801,29.283349401136757],[77.14946488974543,29.288149109875487],[77.15064468134408,29.29474861154682],[77.1582763242302,29.302921741385024],[77.16054424333582,29.313442330381893],[77.16029792348827,29.315856111777293],[77.15662370078851,29.3187268419884],[77.15651367872579,29.32282651660364],[77.16114708655331,29.332403955419892],[77.15974287783041,29.33682545289854],[77.1517327935797,29.34114881763354],[77.13527238860533,29.33994148394075],[77.1295163651504,29.342621371975717],[77.12442754201649,29.35146367170427],[77.12893691316455,29.357073315606986],[77.12343752940312,29.36728241151671],[77.12328113450879,29.37038784526473],[77.12701491820684,29.375810271898306],[77.14255498569793,29.377531963565897],[77.15739362436067,29.387355460115874],[77.15345929986024,29.39071686206333],[77.15102507474775,29.38997252550386],[77.1508883161272,29.387212260245423],[77.14736027447698,29.38789840238126],[77.14259121924492,29.39077243503817],[77.13664796083359,29.396812967190108],[77.13567469910532,29.39975862205903],[77.13324339261919,29.400886518390053],[77.13423792465676,29.404815353961382],[77.13182766569771,29.413025094343396],[77.13310573568337,29.418816836161824],[77.14434341644426,29.426578800423183],[77.14841006727757,29.434124545047887],[77.14450629807324,29.44535630291054],[77.13391182542885,29.44755364988918],[77.12319840685764,29.4554155109076],[77.1226624108737,29.46892843101976],[77.13070306569185,29.475955395453806],[77.1332962090663,29.48310400318032],[77.12923095062166,29.490291719972955],[77.12150146053986,29.495386004010726],[77.12116601793467,29.498234951711627],[77.11300299730348,29.506628853960073],[77.10355564632742,29.50728167504208],[77.10122299282575,29.51493166560828],[77.09636351317718,29.519522791519556],[77.09752707491357,29.527367582629086],[77.10247753952738,29.532362060740805],[77.10217686980852,29.53884418455277],[77.10357480559578,29.539047397701765],[77.1083449567725,29.547857918842293],[77.12190758708317,29.552031574942735],[77.12625681466723,29.55620876963721],[77.1268296173233,29.55947905338521],[77.12077729624997,29.563746279637073],[77.12098357549036,29.56649783449102],[77.1158699759226,29.5693484191317],[77.11238697490245,29.569284905783867],[77.11022981896963,29.571391303212312],[77.10500240465207,29.572234091769914],[77.09970700134218,29.57659969471438],[77.09922126070849,29.579170863884418],[77.09578341530268,29.58248104065756],[77.09006984173648,29.584726006897288],[77.0861942221399,29.584422673180207],[77.08394810873945,29.587268356041776],[77.08417372870791,29.590940251572608],[77.08812086857414,29.59408999902449],[77.09513979306286,29.59541803240049],[77.10201494578361,29.594156468949315],[77.10951893177968,29.59746403192506],[77.10862030298351,29.600932741514885],[77.11302199218014,29.61065417822025],[77.1086182862657,29.613463859255923],[77.10378111358224,29.614081144934296],[77.1015755600152,29.619854635586],[77.10168875672416,29.621541737235937],[77.10469306708903,29.62314353078973],[77.10620406124468,29.632354884482993],[77.11476930074771,29.638305743593868],[77.11880214977353,29.635545336914383],[77.13151473307693,29.64186513408259],[77.13239298269251,29.647273527989196],[77.13715451812739,29.64944744541511],[77.14100772475761,29.65499542445439],[77.13805531365998,29.666651630296805],[77.14256457431527,29.668383287785954],[77.1465425713115,29.672257492486494],[77.14339224698375,29.674928377464013],[77.14243761900941,29.680472270509604],[77.1473352959222,29.68324122297771],[77.15110301617504,29.690484895913926],[77.15654885495566,29.69261279253482],[77.15482429622267,29.695942115075923],[77.1555951423646,29.69933402289008],[77.14940198970923,29.705727127469668],[77.14953204420281,29.70952052852993],[77.14573452503534,29.710996304332753],[77.1450065303291,29.713689195931064],[77.13974622150242,29.714727335310027],[77.13778300555127,29.717578281129633],[77.13422259310978,29.718458247131586],[77.13288452015473,29.72241428954093],[77.13360337090973,29.728503776857966],[77.13906661544728,29.73229694829518],[77.13905197021319,29.73824207503434],[77.1368503449789,29.739649637456367],[77.13549143649917,29.74411084523148],[77.12718504744355,29.7473272293385],[77.1224500527338,29.751264479414694],[77.11997893381256,29.755432339832925],[77.11980291791582,29.760105476854218],[77.12219639365038,29.767106211364602],[77.12529844251479,29.769528523830406],[77.13891173151924,29.769649791919342],[77.14661583071955,29.77186353040596],[77.14744462179058,29.778868619594082],[77.15136656930301,29.78823665578455],[77.1587782471154,29.79233978940766],[77.1620823154091,29.79101736237896],[77.1642907588564,29.791751947384068],[77.1725903602417,29.801668335113238],[77.17366780857664,29.80507807377871],[77.1724795225087,29.807793947948348],[77.17919567252584,29.81269906945768],[77.17824605984575,29.84583046643707],[77.18321838496198,29.854561100252884],[77.18693062795785,29.857865744738003],[77.18944597812704,29.858505069342904],[77.19313442564933,29.85678470825614],[77.19732737152675,29.85876266795884],[77.19911059473938,29.862898064309004],[77.20134205212597,29.864213842675436],[77.20202881236403,29.868936115696254],[77.20012947022283,29.889523901588547],[77.19362352238893,29.890785813004072],[77.18830942244303,29.894094773743554],[77.18630853923372,29.898159732761194],[77.18575518510353,29.907560211501192],[77.18991108086539,29.913255212582225],[77.1993558851176,29.91425617568498],[77.20162061789895,29.917037977548556],[77.21118554217603,29.918696550434344],[77.21747603088568,29.923450937100974],[77.22104774952334,29.932916215443598],[77.22537282949419,29.933887342521537],[77.22919506490841,29.939170929770885],[77.23633978497793,29.951050620882274],[77.2367382219424,29.955281281214884],[77.24126761294488,29.95719438942147],[77.24464939359551,29.96093068540785],[77.24700032511825,29.968745395332775],[77.24692204412774,29.976733755136515],[77.2611189443178,29.982061034483866],[77.26467919506254,29.987035910507906],[77.26722960468061,29.987601641852596],[77.2669559248445,29.990039227348802],[77.27600008497157,29.99609125053441],[77.27770824136577,30.00061304137114],[77.2755415641893,30.006393948918415],[77.27924145445168,30.012210858541145],[77.27953901510134,30.020830714157245],[77.28225219046575,30.029461364383003],[77.27618736753864,30.039844691118496],[77.27815524844107,30.04203376782871],[77.28492560639572,30.042449096682695],[77.29690851514326,30.053372428139888],[77.30018077768601,30.052535391840202],[77.30296304876713,30.055356031613933],[77.31888044011859,30.056554713662543],[77.32843800000695,30.053378657053642],[77.33428643585013,30.05379104355064],[77.34520641932596,30.06937351506849],[77.36261930619948,30.07643089015777],[77.36948091322404,30.085061206834727],[77.3787797762769,30.091431712587827],[77.38253912782459,30.092541569497357],[77.38825266545818,30.087886552591208],[77.3914044225988,30.090814218939702],[77.40507374042585,30.089119540050884],[77.42256760323572,30.103460668229566],[77.41820130766126,30.105350870748147],[77.40931815617583,30.10506607928048],[77.40253467293657,30.111711741783715],[77.40483315632144,30.113962022293897],[77.41307717983844,30.113767740103963],[77.41763913027839,30.124101962363728],[77.42349162291339,30.130931119825412],[77.41834481712117,30.134972560364513],[77.42117415632993,30.139692081023025],[77.42068176995977,30.147997815172577],[77.4257881120383,30.15488603755656],[77.42407327756827,30.157145609339484],[77.42801648820345,30.162826621966257],[77.43479573498786,30.16404847234665],[77.4358331525971,30.160752634117443],[77.4406982009021,30.165037923698968],[77.44953872463239,30.16583614448506],[77.45579645088532,30.16283621789999],[77.46879653550383,30.180180184362218],[77.47013728454009,30.17911857216352],[77.47180894507926,30.181950022788833],[77.47402559822996,30.180226195569123],[77.47723718047355,30.18243722108132],[77.48326752426347,30.193216419417684],[77.49973901804171,30.213370102893407],[77.50103718962849,30.219516534078483],[77.5046085893642,30.22525260366273],[77.52047102088825,30.244715280434015],[77.52667174095157,30.248081274489625],[77.53056946988393,30.252600934810047],[77.53824339467383,30.27857914975263],[77.54533726381008,30.280804034437224],[77.57027411610987,30.300331606716817],[77.58354008678108,30.30742285480559],[77.58674947533879,30.314808727263305],[77.57840339961227,30.326665715363962],[77.57827046691654,30.329875543312944],[77.58671703447895,30.341032012173045],[77.59083956321788,30.348936039253744],[77.5919268624782,30.354990544135102],[77.60171319991326,30.361642814885943],[77.60433801069813,30.368549713873545],[77.59150910005704,30.372665979047742],[77.58772329761581,30.378985829585094],[77.58561061098452,30.379557401302083],[77.58196030413256,30.3792468139901],[77.58102482554516,30.377701333491753],[77.55892541795289,30.388108323805902],[77.55054504544712,30.395050408542616],[77.54983676157485,30.396677609336844],[77.5517170459573,30.39901137534317],[77.54356159542898,30.406228984294334],[77.53231531599423,30.42052786586426],[77.52869559138777,30.431180143502935],[77.52931944979302,30.436642384893354],[77.52319335278035,30.443537501260156],[77.51849113939195,30.44334845916698],[77.50650131451502,30.427544152906844],[77.50540128882204,30.409145867932565],[77.50247582808127,30.404674290892324],[77.4946109241569,30.404801571148635],[77.48937539086576,30.410623552227914],[77.47636711091694,30.405129319698638],[77.4705095095629,30.40026079549417],[77.46767200826149,30.399843631464318],[77.46290919632061,30.40172097217217],[77.4600350680101,30.400244612870893],[77.45202380876302,30.40008090525496],[77.44323091550575,30.395401322066046],[77.4365043090987,30.40321220902026],[77.42141046714858,30.403260270392458],[77.42231347163849,30.409731654619904],[77.42867038806844,30.41064284132686],[77.43195616306971,30.41581326081434],[77.44285867341493,30.417416468777986],[77.44418560636215,30.421550837485604],[77.45129301849963,30.42873977882787],[77.45155916236881,30.43202171512046],[77.45893859605242,30.43287756756892],[77.45881809065033,30.441875485180983],[77.46344210120168,30.4478233263734],[77.45647038318113,30.45566810943984],[77.45366204209216,30.456095030296314],[77.44926630064101,30.446128702649332],[77.44736727021521,30.446349008969705],[77.44327724072664,30.442728293448216],[77.43411506622571,30.431106528354928],[77.42051528339155,30.423678859993302],[77.41610200323281,30.42393036060795],[77.41385607308868,30.41697769646356],[77.4083966418995,30.414187884912874],[77.40845463264266,30.40880117149829],[77.40471361032004,30.408649184558854],[77.39788553291345,30.41620397254205],[77.4034110908873,30.42078862540285],[77.40307912476226,30.423882601444326],[77.40515458880142,30.424144516267777],[77.40727175083946,30.42716777551457],[77.40262681583019,30.429265397299634],[77.39941937212508,30.42724888627287],[77.39823348455899,30.429752335415753],[77.39083017994334,30.430029567111628],[77.38918448430914,30.433027568014342],[77.38997880792101,30.439473771383227],[77.38713031303715,30.440051863438715],[77.3775489280308,30.438962870760804],[77.36740205804469,30.440266679194767],[77.36425142289984,30.432655880767705],[77.36374511982929,30.44126415312399],[77.35535741886743,30.453341994170433],[77.35416376536568,30.45824795699018],[77.34747086015484,30.455414509278313],[77.34280704525322,30.457456904441834],[77.33386623180799,30.455251843600184],[77.3295683222812,30.453394162970095],[77.32728251053172,30.449440882470583],[77.32084472955651,30.445835469441267],[77.3204871749206,30.448887262814846],[77.31728640749466,30.448240824304232],[77.30865523434473,30.453879086455004],[77.30542859094707,30.453543862365816],[77.30578532003123,30.45704701842156],[77.29889476928821,30.460467454759375],[77.29872199720792,30.464433255074045],[77.29554715875437,30.46657885554358],[77.29052305115188,30.46290375692211],[77.28398520144725,30.465295530651883],[77.28038178485649,30.463532653080847],[77.27684393899327,30.46423356199131],[77.27767188025803,30.471252984701295],[77.27646689001737,30.47482690748399],[77.27201160373762,30.48010743934909],[77.26890606761333,30.481333849222786],[77.2635795520519,30.481574093424673],[77.25825947202115,30.477706720512387],[77.25120137200291,30.47854396992963],[77.247775062762,30.475726309534323],[77.24627998495652,30.476971627868167],[77.24344618830733,30.47563348275723],[77.23684804637578,30.4785286395106],[77.22946906095153,30.479793990175633],[77.22817160442374,30.478561296195664],[77.22647027163241,30.48045576156096],[77.22037139896275,30.47718802443708],[77.21348399950973,30.46566327001604],[77.21072468397736,30.46477852843625],[77.20776792772871,30.474423093970373],[77.20765958910883,30.484209006075993],[77.20944121511688,30.489013028622754],[77.20796149580784,30.490446350856573],[77.20680883422911,30.505819245446933],[77.19566842574211,30.52262101682622],[77.19293056736865,30.52559988529335],[77.18533603478522,30.526717081449632],[77.17873504788918,30.531107678489267],[77.17240917184554,30.5323063243739],[77.17142472429535,30.535060502808065],[77.1689573073314,30.536086214567117],[77.1514681723549,30.53699894159868],[77.14470655590628,30.539080090874105],[77.13530998848988,30.545456178547692],[77.12778884916347,30.558757910978063],[77.12279910122228,30.56334323647314],[77.12452517810809,30.565264057347203],[77.13813749872871,30.570841814776266],[77.13716638756723,30.573210829402864],[77.13810822443023,30.576043703422638],[77.13950998883722,30.576231775389804],[77.1396017697098,30.579419564222192],[77.14747604126597,30.578218255680856],[77.15210400889613,30.584474375020488],[77.15669979887288,30.5851604348605],[77.16000618212506,30.587764681208103],[77.15835211509071,30.589963509643788],[77.16433136899543,30.592614837041623],[77.16307243761693,30.595308441552756],[77.17230448308062,30.601312428737156],[77.16943880881529,30.60499250366134],[77.17079275230645,30.60434956083044],[77.1724593445508,30.609373436834307],[77.17057907364308,30.61350266249679],[77.1725760006719,30.619250485370827],[77.17133943824227,30.627708580515616],[77.17290276195817,30.632861600415385],[77.17570510050443,30.633759958929723],[77.17689500803145,30.6370282160194],[77.1674794071108,30.642457247347714],[77.16475882513687,30.64676787965161],[77.16478229092873,30.65142222031206],[77.16343041535934,30.650918817155606],[77.16293590806679,30.655264769899496],[77.1648693700191,30.65661778429646],[77.16630528927153,30.662195142408056],[77.16859041111488,30.663387230104718],[77.16880495934741,30.669786788989317],[77.16596723616212,30.67623085970257],[77.1608708869428,30.680260260347342],[77.16207126972435,30.682010778991945],[77.16592832024568,30.68225008839566],[77.16371126824305,30.68380472251408],[77.16717552771145,30.683959706342794],[77.1611965154535,30.69098490948868],[77.15481153206079,30.692656805663933],[77.14785505755233,30.699524706395213],[77.14217141854634,30.699521964296192],[77.13758810796554,30.706242358555414],[77.12882540977989,30.710806481704743],[77.12795555671724,30.7161472616285],[77.12429605920163,30.721847605750174],[77.12017867241934,30.71881756268928],[77.11384053437207,30.718078987678616],[77.11566148772496,30.72278985096413],[77.11401938804684,30.728118310167208],[77.10935346390094,30.72923629436539],[77.10110444844592,30.73405061049646],[77.09580040963124,30.738773838408214],[77.08707596799859,30.74043046040439],[77.08294252023737,30.739285076711333],[77.07929975923379,30.740637214767396],[77.0696338768952,30.73765692073178],[77.06430917503232,30.742258553102257],[77.05740560500588,30.74201282212612],[77.04934757138027,30.749323805443733],[77.05050803662385,30.745701145197227],[77.04702549823602,30.74805124549616],[77.04477818917798,30.748009877614304],[77.04371990190803,30.74629576034278],[77.04782787344779,30.73802696319515],[77.03606135986905,30.737021890369423],[77.03565766147194,30.735413593290698],[77.02974590697765,30.73369019921592],[77.02052074530394,30.740055285001997],[77.02075723309069,30.744774425429778],[77.02400294682353,30.745356333637147],[77.02391443132704,30.746964318052633],[77.02360768270864,30.74858521406298],[77.02107272950333,30.748656493953742],[77.02066712218625,30.751980084168775],[77.0162879196178,30.750217585063975],[77.01890458358136,30.75446368538332],[77.01859499898163,30.765314660686297],[77.01467018584346,30.767643017099413],[77.01039886644905,30.76680945871271],[77.00812453067734,30.768863948078813],[77.00109824808813,30.770043525993415],[77.01423303238852,30.775440545138437],[77.01856840345931,30.780080466488283],[77.01809248769989,30.786298955565133],[77.012982845211,30.7887279125334],[77.0151064014572,30.792863533337623],[77.01195663498324,30.80023434262842],[77.01223446862927,30.809900537891657],[77.01041094070479,30.810419352125667],[77.00247912486815,30.806392166387294],[76.99851610099107,30.811861156213297],[76.98122870337285,30.814325289650576],[76.97389147703286,30.818597545419472],[76.97189469463281,30.823221789797774],[76.96833810631951,30.825447723853728],[76.96473764159273,30.825707353927545],[76.96145765533521,30.82058612724701],[76.95863847158073,30.825084479709695],[76.95305766182699,30.81931061246043],[76.95054508745204,30.81376468705102],[76.94591896316481,30.818471237597933],[76.94261563957448,30.817485326685542],[76.94892826636601,30.824490437911155],[76.94397319159816,30.837712003899565],[76.95122748906437,30.85057946267955],[76.94971991299836,30.853272555762185],[76.945929870509,30.853482917325763],[76.94417777392097,30.855114784706203],[76.94368399965371,30.85921411067466],[76.93699654452165,30.86899769754207],[76.93835592551525,30.871449512523135],[76.93637646173556,30.874629946481683],[76.93308756149543,30.874496113255116],[76.92836440388616,30.871481001897827],[76.92464825501546,30.873931309999094],[76.92233008415282,30.880530248540143],[76.91739007862384,30.883517543936158],[76.91477896535045,30.89164079635211],[76.91665711084421,30.89347123831958],[76.91684865591726,30.900822486498132],[76.90950948562303,30.897054219100642],[76.90859327320351,30.894213201083424],[76.89906968220929,30.892753953875264],[76.89492743365321,30.890472612916774],[76.8952822825635,30.88702239078631],[76.88730739071238,30.885584650857535],[76.88527295991877,30.883018668431312],[76.87592343188385,30.88095793985258],[76.87834949220874,30.87579848117707],[76.86955500354352,30.873178073439068],[76.8671653519371,30.87609132946664],[76.86297172334007,30.87767401825085],[76.86037734298543,30.88372604591904],[76.8560370904694,30.884298238713157],[76.85106273785553,30.890006966762964],[76.84456278897109,30.88931552157219],[76.84101643426548,30.891713901969116],[76.83401390672564,30.90455169217333],[76.82995400313841,30.907197641548333],[76.82643093995152,30.913185516556975],[76.82927480581672,30.91667728568475],[76.82603490418379,30.920707977302122],[76.82736332743605,30.9212767624785],[76.82512167866257,30.92640367569459],[76.82237924696598,30.928598909224085],[76.81111873103058,30.924061269927048],[76.7981364267665,30.915291252735045],[76.78680825601207,30.913394209042625],[76.77606142729884,30.906026052304778],[76.77673348031908,30.904286662733107],[76.77737536072557,30.89665356209729],[76.78433238230807,30.87791127163055],[76.79046145903253,30.869764911508216],[76.80123448711103,30.866036096243434],[76.80469899900604,30.860643271090698],[76.81464742036609,30.85249884668804],[76.81313946970263,30.84823617666957],[76.81397388602394,30.843041037083072],[76.82316322917231,30.84454299779622],[76.82611703535358,30.840813824939282],[76.82979224081029,30.839128441199982],[76.83765343199758,30.836083657781465],[76.84318080726328,30.836072259110875],[76.84667584570825,30.8339604596315],[76.8458142257052,30.831615090803922],[76.84812508697634,30.82873815496605],[76.84881360342082,30.81419808589673],[76.84530422247397,30.807247353417086],[76.84685185621515,30.80373438514269],[76.85414656888597,30.79924837265298],[76.8569634511567,30.79480192592862],[76.8526536290709,30.79354740623254],[76.85067426320757,30.79115669702428],[76.85434761543982,30.787314839750042],[76.8417572506258,30.774512633578652],[76.84254503899398,30.77155549590558],[76.84025954165485,30.770678695986266],[76.83894510157829,30.765951791615723],[76.84012272464382,30.758947971882023],[76.83785601377225,30.754532760003606],[76.83381799045038,30.749879690749747],[76.83340684951115,30.746605278363678],[76.83492305838706,30.741888270559883],[76.836838970852,30.742714166449712],[76.8314779797466,30.73956440261288],[76.83722370850836,30.733495668527073],[76.84193853334506,30.73277991970893],[76.84327039265328,30.73117473548413],[76.84747820924194,30.73146432845715],[76.84825647636644,30.73038209556407],[76.84637197798702,30.72973225935171],[76.849380793403,30.72344579985179],[76.84603998760744,30.722340156841575],[76.84355086195636,30.71926812041541],[76.84500266252468,30.717247982861053],[76.84942382809501,30.718326857094127],[76.84674633291533,30.716937249959674],[76.84832869283044,30.71451563021111],[76.84410770693974,30.708254630067426],[76.83552857588913,30.70363395929403],[76.83525277243565,30.701608784920776],[76.82857019964722,30.694706104922854],[76.83019377606419,30.693502431217087],[76.82736068728741,30.692022118534215],[76.82752877824676,30.68984834357252],[76.82513414727872,30.688300395520443],[76.82618915390123,30.6867312863767],[76.82760284524025,30.68772408279935],[76.83186307762739,30.68328314997252],[76.82921720314576,30.681027176125202],[76.83126482300439,30.6790795277075],[76.82999310141285,30.67591750690268],[76.83254493845394,30.6631682550508],[76.83799637823032,30.664725944018038],[76.84170993905472,30.668005898274185],[76.84576892636036,30.668687880714828],[76.84805486746724,30.666167234010555],[76.8446022151306,30.662193089288674],[76.84683664504243,30.656713780266834],[76.85116110876905,30.658239084436026],[76.85299762633254,30.657247213634275],[76.85919991844759,30.66105019355051],[76.86828196861507,30.673512592676246],[76.87642171749052,30.680557589007496],[76.87423539505708,30.673959313391787],[76.8711945663793,30.6421767043557],[76.87478324700615,30.64090458118202],[76.87755296952106,30.64420150512661],[76.8850957402795,30.64533324913236],[76.8964388625935,30.63588327751709],[76.8959219414363,30.633096049074705],[76.89279509457849,30.631097584347717],[76.89552984478107,30.628973842264735],[76.89969669100624,30.628188402980197],[76.90275184242293,30.62442177456906],[76.90571925897903,30.624493376546614],[76.90870304194134,30.62680636418675],[76.91005353949508,30.62620166933798],[76.91304868165415,30.616909949275204],[76.91327694446618,30.614018803227687],[76.91182175814752,30.61308565924451],[76.91349494222939,30.61146149546941],[76.9159763261994,30.609945390025633],[76.9198775441883,30.611815820891067],[76.9259879799723,30.610117774979916],[76.92231487208181,30.605636036021256],[76.92714728099928,30.60365885156964],[76.92019736958227,30.59328798672273],[76.90963452122914,30.591929076640348],[76.91659287860642,30.58848578271795],[76.91977659510994,30.585210418654896],[76.91511494514816,30.582230639922685],[76.91492051648302,30.578451146784623],[76.91769259617725,30.576064427683885],[76.90891596691819,30.564782491435693],[76.91530451482595,30.561966347750825],[76.91751834816496,30.55916476937442],[76.9161401663308,30.553716960845307],[76.90491681280037,30.5430036368446],[76.89393370740447,30.548692992263344],[76.88715443456893,30.55108407720792],[76.88647682457035,30.54987996925633],[76.8881387213207,30.545937868987142],[76.89604715670541,30.538170330464606],[76.90213252589973,30.536495981247164],[76.90620205852849,30.537176203798595],[76.91246898442826,30.534003861415258],[76.91222267895377,30.53042737397816],[76.91558119593346,30.5257628040683],[76.92147379026108,30.52623901149456],[76.93199534485723,30.522238886500602],[76.9292157121281,30.517143490314293],[76.92856974348875,30.507604634688352],[76.93112342926267,30.500919364554],[76.91890437408817,30.489495216374344],[76.91075892989383,30.494332964612276],[76.90868929053097,30.491938752136797],[76.90359841025509,30.491443369095208],[76.89893553139801,30.48884601286392],[76.89863427777424,30.483318078022698],[76.896935461164,30.481147394948984],[76.91101982131359,30.4708702228373],[76.91225581780459,30.46579812452093],[76.90216450233058,30.4533411415718],[76.89897657452504,30.446463312556123],[76.89520918125893,30.44604233982761],[76.8969639781827,30.441718540435158],[76.89603982106281,30.439539650752273],[76.89059891493142,30.44104480186765],[76.88640960004436,30.429673503211134],[76.89489526408458,30.427325929579517],[76.89796694090923,30.43140980852741],[76.89735315710989,30.434218245585768],[76.90096060084808,30.435510607209498],[76.90463045863386,30.434027713025156],[76.9065288395777,30.43581767737881],[76.89862031256482,30.425799818171413],[76.90181313708698,30.424491651224766],[76.90732820094172,30.425053098182154],[76.90973580897236,30.429463901023894],[76.91471263464818,30.425090098988697],[76.9111999604775,30.419196846351],[76.91579220210885,30.41481460472187],[76.91798332783414,30.406486269284553],[76.91117974029878,30.399907965504603],[76.91832636030513,30.398001548729777],[76.92124555889006,30.400332434136306],[76.93189167747681,30.400501616879307],[76.93941792731886,30.394782175777177],[76.93584561399649,30.384711978013385],[76.92113761193566,30.374656930011625],[76.91555116974509,30.365252733320656],[76.90577169813378,30.36183946094755],[76.90182153543658,30.362383211991222],[76.89652825843898,30.359715691239476],[76.89027178084429,30.369482827293144],[76.89134766341567,30.373817284224835],[76.89794078825636,30.3821476722959],[76.8950466850072,30.38476335976522],[76.89507804878703,30.386989719342473],[76.88620972040209,30.394095892058672],[76.88332559474075,30.392133230928998],[76.88084382719016,30.39385036233861],[76.88391739137523,30.39773197819398],[76.88230851139633,30.40051728886351],[76.8843216287615,30.40433341767978],[76.88133134648815,30.405907435985146],[76.88334220548869,30.40869674044832],[76.87441688618549,30.409524457752177],[76.86827521508074,30.413987290960772],[76.85610455304892,30.41769735865415],[76.85101029870084,30.435305961384685],[76.84676643810974,30.43813016905284],[76.8437231732009,30.437414020518286],[76.83773050834728,30.43160990967424],[76.83620417455981,30.42965955546183],[76.83927474825329,30.42609344238723],[76.82883913009044,30.414885970065125],[76.82336338369907,30.411596717301098],[76.81815254779008,30.41223262324109],[76.8110956757688,30.416407019994857],[76.8038945693472,30.412550979056025],[76.7951139515683,30.41871031182488],[76.78959840441995,30.41501573150983],[76.7773208841918,30.424832207715358],[76.78033926486896,30.42958793911725],[76.78756610443018,30.433507376267418],[76.78382806271766,30.438015843303873],[76.77722743784268,30.441269497821533],[76.76875775842464,30.430805134079073],[76.75759224651704,30.427640786133498],[76.74883227741324,30.429209193981908],[76.74102700096248,30.426266517005164],[76.74102983155393,30.424291022679796],[76.73501820506131,30.419127430874155],[76.74008399000138,30.412127606305454],[76.73796690342184,30.408394928314223],[76.72820174017635,30.40041070893911],[76.72512335113994,30.40223068404573],[76.72218602365425,30.39904925149274],[76.71452982531983,30.402486377306975],[76.71508649782666,30.397491477731915],[76.71282197614943,30.390251602905163],[76.71862099926209,30.382525929705103],[76.71758888800125,30.38008605665451],[76.71946972215262,30.37881159160186],[76.72957694589199,30.382305237492908],[76.7312172525328,30.379712060662463],[76.71894353666991,30.366599353193237],[76.71988668237827,30.363375093416394],[76.72568858818467,30.361891293435065],[76.73336960337714,30.368874290832725],[76.73559982108861,30.36834112832566],[76.7375278976408,30.37046366209512],[76.74539471318013,30.36787678163913],[76.74878715323989,30.360996407738906],[76.74872464486916,30.352175650835093],[76.7451966068122,30.350534776464546],[76.74606910990494,30.34958225709367],[76.73845186611449,30.346368633115066],[76.73260016848852,30.348370425176512],[76.7273541563496,30.341109675480265],[76.72972787184287,30.33887101863489],[76.72227119112969,30.333288032656657],[76.71636176776356,30.336066103629978],[76.71099787689644,30.325841040777334],[76.70484679324414,30.325925199222493],[76.70002847979175,30.328097502821613],[76.69560797627982,30.321621384017213],[76.68856944067014,30.327318280202007],[76.68104013835274,30.31825619120456],[76.68597362840097,30.3146153763594],[76.6818827724623,30.3112952840194],[76.67704191668619,30.30790653322334],[76.6704937579154,30.311512700909567],[76.66616632076519,30.30551579848026],[76.65565848973161,30.29843228259907],[76.64999191512274,30.290713094109005],[76.6388416817615,30.284434819703176],[76.63539661749408,30.289635552462176],[76.63213334439239,30.28389611168015],[76.63033365595892,30.27742628937489],[76.63140943881729,30.276131646111498],[76.62557396296873,30.271242828378483],[76.62721038080268,30.269420270134162],[76.62340680609188,30.264594125162994],[76.62050537348829,30.264995646815482],[76.61439136240948,30.272549444166614],[76.61160093372726,30.269568367628047],[76.60970640565768,30.270436231550924],[76.60867573798947,30.26794422898247],[76.60110956072799,30.27036058293733],[76.59289695488974,30.261784503800413],[76.5879962829938,30.264872651427652],[76.58646784984353,30.268578873885325],[76.58379459381372,30.27026511086844],[76.58060102009661,30.265244796496766],[76.57511910856745,30.261920932377173],[76.57190276435452,30.265280131444296],[76.56200497923037,30.26199617548973],[76.5595679756287,30.264884224440216],[76.5566530530245,30.26248142099205],[76.55813968037809,30.249926703216797],[76.56196514703237,30.24152957885232],[76.55557309389836,30.226762159057795],[76.54760697768923,30.22681272329847],[76.54554928591963,30.22524113387241],[76.5480396503475,30.222488471258632],[76.55083968651172,30.222097174094465],[76.56265385302135,30.225761476170252],[76.56558434881929,30.231946543863412],[76.56794618768619,30.23196115468257],[76.57186076182677,30.236318877227713],[76.57510329821844,30.23732647944964],[76.58532235502418,30.245338389159237],[76.59184547415475,30.246037680505022],[76.59063963859938,30.25345763040863],[76.59609418924165,30.25570521847093],[76.6028663941325,30.251671978397695],[76.60364379438275,30.249204131527815],[76.60262971859787,30.243928741440104],[76.59608364391852,30.23879168868925],[76.59622017885856,30.237409822112674],[76.59999324498567,30.234559791527392],[76.6035478058014,30.237801037389044],[76.62325476982328,30.228196455715683],[76.62736871066812,30.224086091893618],[76.62331544742749,30.216949854109284],[76.61660442858724,30.2135476369664],[76.61576427562449,30.209052668315245],[76.62175002614539,30.205139712524684],[76.63535663707403,30.20435662151167],[76.63882024167062,30.206240692030757],[76.65330603286952,30.201091254467865],[76.64978387338778,30.191053625097727],[76.65608244693499,30.18524566003706],[76.65309198140532,30.182194886041508],[76.6507697214115,30.1759524042799],[76.6472619286861,30.173907258941256],[76.64533499389263,30.174843251874254],[76.64129329646128,30.169624149722367],[76.63590456627823,30.16862814142273],[76.63424015694002,30.169749107972457],[76.63448973587542,30.17399974305413],[76.63114672471582,30.17562844683299],[76.62873219157268,30.179446117460458],[76.63178536130582,30.180263297432678],[76.63539005799588,30.183969575676592],[76.64250641106536,30.18617266131959],[76.64502180255704,30.188844175122792],[76.63626780545326,30.19662166866342],[76.61705886742486,30.201049890343885],[76.61415852807099,30.204480459676073],[76.61069431082339,30.197932813156623],[76.60335363046117,30.193099110191444],[76.60465192242215,30.188946839600302],[76.60029593950718,30.183922317577053],[76.61195430221393,30.17587586055865],[76.61657292197528,30.17425941086656],[76.62243464390153,30.167598353690135],[76.62419113235296,30.1668127297272],[76.6287262635901,30.16820901665656],[76.63326566272319,30.166964539616785],[76.63880917083306,30.15181452074856],[76.64223025457397,30.149677149237238],[76.63409399475509,30.14658737205462],[76.63183136313322,30.14214365311644],[76.62950633273506,30.142597771285118],[76.6234725457027,30.140218940350653],[76.61273471271872,30.12677107908584],[76.6030498759276,30.118635250188188],[76.59933427502921,30.112540664394785],[76.58851368115644,30.1114233870467],[76.58409150138814,30.109186558709094],[76.57630407446207,30.110143393653516],[76.56591305944973,30.114075109071756],[76.5571555858658,30.11947226103784],[76.55360162512467,30.11997886565944],[76.55322305979259,30.12195281725595],[76.55542872564902,30.124929827637178],[76.54556988069585,30.1249228751962],[76.54878483072345,30.1212891881254],[76.53949999845702,30.108193357989116],[76.54566127978443,30.10587456777194],[76.54850759894867,30.111748009964664],[76.55571797059412,30.11065302938878],[76.56701401849229,30.106453089970124],[76.57524661543887,30.10061559831148],[76.5605195583142,30.093417290637024],[76.55637062359749,30.08256774528168],[76.55226911902948,30.080314595216237],[76.54805773612914,30.08076124847309],[76.54835728924209,30.077934004542286],[76.54622399974976,30.075873830323406],[76.53801501861368,30.074734646376868],[76.52983997582902,30.07847183595928],[76.52530915021705,30.075867665014602],[76.51185122124771,30.072018720909387],[76.5138678600088,30.083654656851937],[76.50448840370191,30.093865178024107],[76.49125687174372,30.09466535560784],[76.48203151603394,30.09757147783104],[76.47272665313332,30.097708224141837],[76.46252443075602,30.10105758622548],[76.45708750595797,30.110185302592328],[76.45629792185754,30.1154634277411],[76.45995646446401,30.129486031897475],[76.45798668092982,30.130240106382228],[76.4580076206591,30.131868119696044],[76.45553963775653,30.13046540265852],[76.45084962259133,30.13219518022296],[76.4438696104258,30.130504541734176],[76.44050071251469,30.131466707350963],[76.43746901251681,30.13627820039989],[76.43767602927406,30.142266252728515],[76.43974492123859,30.143708256725482],[76.43221423731232,30.146991192375065],[76.42856310580692,30.150593708025745],[76.43346042069861,30.15587186338241],[76.43649273604245,30.15598558335183],[76.44055737464954,30.1658834423254],[76.43489170105093,30.175534974103908],[76.43036733791907,30.17801617345779],[76.43379362021054,30.180756576632877],[76.43430433490744,30.183147885333977],[76.4227128580618,30.192281624407556],[76.41210776822905,30.192026431437867],[76.41045864372539,30.19054511816801],[76.40638644220192,30.190383751355988],[76.40359054098299,30.1867002732194],[76.40295703197663,30.18214932924871],[76.39633531915038,30.17961935004512],[76.38715386051526,30.170634210266552],[76.39345936815816,30.166978808260307],[76.39137483023629,30.16436350040054],[76.39500308075309,30.158011074302813],[76.40174909166859,30.153833670493494],[76.41006660366405,30.145076224655277],[76.40680626984995,30.144954390600056],[76.40087134780448,30.13892899866157],[76.39761355083276,30.140209569836962],[76.39115297510722,30.135057716732582],[76.39595046471298,30.126162670740303],[76.39482863960302,30.122016253565388],[76.39842213519977,30.120616265302445],[76.4000365928183,30.11670846433935],[76.38885087779997,30.113275533119417],[76.36788211946873,30.11764599547094],[76.36217592556258,30.120159634131003],[76.36072855099367,30.122586678904756],[76.36691740880364,30.124219356809533],[76.36128906739158,30.12977241484711],[76.3592586700336,30.13978474561085],[76.35303859936074,30.14305005091407],[76.35046613789906,30.14687327269951],[76.34747406258839,30.145341176462153],[76.34686077825233,30.14281040868199],[76.33778288009813,30.143310448900095],[76.33392656529698,30.142027024983367],[76.33347925908274,30.138205249963924],[76.34203486325602,30.126374497424575],[76.35214509096173,30.12182172536638],[76.36020470831718,30.12020874334828],[76.35439633014914,30.116917969287964],[76.34612305568986,30.106219020293906],[76.34622794118583,30.103922532968433],[76.34470515574374,30.10481638967429],[76.34412695061954,30.10086456254925],[76.33988106971735,30.09874036636601],[76.3315017500371,30.099790351979475],[76.32173648977358,30.09509782823206],[76.31927332453589,30.09581222901378],[76.31952265553623,30.0971142015441],[76.30753604932296,30.108761649171715],[76.29657286676344,30.11444378210287],[76.29059998550733,30.107777518582964],[76.28531150731,30.106212555350552],[76.27851647173618,30.110303234235232],[76.27515716244237,30.114621322680236],[76.26775239267452,30.1144572750612],[76.25365846546717,30.121610858622237],[76.2529679862038,30.122931843939774],[76.25528230239554,30.123631285294003],[76.25567438018614,30.126064554547817],[76.24681084251661,30.130751712842798],[76.24535958273408,30.12821165844877],[76.24272561092995,30.129169171508973],[76.24330506291578,30.132413259854328],[76.23223636154805,30.140093282791558],[76.2345715959095,30.145001016404166],[76.22713643793216,30.14454619073021],[76.22395295768561,30.147094084556528],[76.21841540989762,30.147814447226473],[76.21598395968105,30.150335439004884],[76.2163400653344,30.152205238900123],[76.213417007587,30.15280299030765],[76.21443635378765,30.155963628068534],[76.20763104687688,30.15658676054414],[76.20951172921298,30.15465978725991],[76.20700436776166,30.14950451886323],[76.20718210752543,30.144591775777837],[76.21456865856103,30.140470049897633],[76.2150604816875,30.135253493748856],[76.224647517097,30.127082622625025],[76.21946302428364,30.12626757679492],[76.21658368215125,30.124167846360802],[76.22040194791019,30.115496236641675],[76.2162761546935,30.112465286040294],[76.21672059707863,30.110077007619967],[76.2234579114039,30.11194794631029],[76.23041505605556,30.106294077019598],[76.2346267973837,30.10480034793115],[76.23623184335297,30.10647818964705],[76.23814891284799,30.10544817442807],[76.23692693816025,30.10368247557641],[76.24117142128385,30.101714756246167],[76.24639189162428,30.09436941906169],[76.25345729764075,30.088957396370375],[76.24964534613996,30.086949546707626],[76.24824482500128,30.08485566541467],[76.24925782370615,30.082342199078575],[76.24754268201227,30.08115669876027],[76.24622035472754,30.081890306043256],[76.23629647534104,30.06759878427156],[76.22892965759729,30.060116484081796],[76.22625887822268,30.059360027971007],[76.22850304587222,30.05353374140637],[76.22219794247121,30.049247540030056],[76.22250254860762,30.036928101153386],[76.22023977235699,30.034437173145456],[76.21367786397244,30.031685441355837],[76.21482049496272,30.029103864858506],[76.21318853277259,30.02271691767084],[76.23286697977578,30.01596978908202],[76.23100032732779,30.015871955601675],[76.23108771004874,30.013643264328095],[76.22624814784662,30.008843943172458],[76.21604235466607,30.00798405251276],[76.20995335987129,30.005152919828454],[76.2110515197634,30.0021791975023],[76.20994000371965,29.99819342152761],[76.21144947882415,29.995483557172744],[76.20650197056594,29.99348050317969],[76.2107134073652,29.988189755437684],[76.2080299797114,29.986088718658447],[76.20293121402395,29.98973792315173],[76.20185555782804,29.98709149860149],[76.2018185409501,29.984786868134677],[76.20589131200548,29.980403606826446],[76.20474770634316,29.97695019003638],[76.20573438800345,29.974333345921085],[76.19533958389721,29.965886367768018],[76.19490008673773,29.963764301780344],[76.19712794996485,29.962336260575192],[76.19300859227884,29.962177536093115],[76.19059795872235,29.955185465244682],[76.19379787634199,29.952006883659017],[76.18880093828527,29.947725522441342],[76.18372923165082,29.94833824436119],[76.17989618770714,29.94526840645518],[76.17815515387183,29.94210203649531],[76.17811676616479,29.933401541561462],[76.1724931642642,29.928852162649594],[76.1719478150215,29.926306537685],[76.17546296494908,29.923870911918517],[76.17914700264163,29.92267487156938],[76.1813699907117,29.923651226967312],[76.18525300164643,29.92052336932235],[76.18778086444922,29.92066365487557],[76.1892726157932,29.9087030791453],[76.18563034167649,29.892475285988137],[76.1863078043514,29.890861569439696],[76.18971622633838,29.890428860328576],[76.1934310124648,29.885655343494097],[76.19948047240393,29.888401949259404],[76.19911244520846,29.884610626825264],[76.20129071334705,29.88374208992732],[76.20952516621304,29.88580447846501],[76.20914021116432,29.889906635073576],[76.2108119498569,29.891340967377314],[76.21291957358326,29.88708079424084],[76.21737041949055,29.884070731999568],[76.22126846822313,29.883399997915575],[76.22228922657543,29.8849821853416],[76.22623547441461,29.883819420365995],[76.22679231041481,29.88637373056171],[76.229375315403,29.885664972523575],[76.23825861600879,29.878728133872823],[76.24100752276196,29.878803013068694],[76.24295403723534,29.876744263749238],[76.2467319255189,29.87598783115345],[76.24384339990932,29.868963223740085],[76.24379332422215,29.852441637341375],[76.23813445895506,29.852026851182863],[76.23242892081906,29.853736423377974],[76.23045164353877,29.851514653991906],[76.22721957252016,29.85180310522498],[76.22220940138098,29.848763453888786],[76.22060107925587,29.846733446698533],[76.22052722965466,29.837879726031844],[76.21198044154757,29.843049875238965],[76.2026670671096,29.843045570206847],[76.19779482419747,29.84479433065507],[76.18484866544549,29.82275587544417],[76.17371501139114,29.817941669506215],[76.16446919205919,29.817641111656144],[76.16082389241662,29.819436432443354],[76.15323407239516,29.820056005192633],[76.14545825170255,29.8191108236459],[76.14158650653978,29.815489610356014],[76.14170181878123,29.810865706267816],[76.13319946134811,29.804479119324277],[76.12392466326337,29.7909417734096],[76.11964598217523,29.792314993091974],[76.11998340107405,29.800897059971202],[76.11581841076826,29.802337353859006],[76.11306896592423,29.806066815139697],[76.10506110500386,29.811854546298527],[76.09805519081542,29.81063850871431],[76.08950169319145,29.801162493187906],[76.0849687358773,29.80075860699321],[76.0829292646366,29.787984523689573],[76.08468825938772,29.784553263512432],[76.08262107781546,29.781188373960745],[76.07675232657215,29.774912771603407],[76.07397181708728,29.776047997276123],[76.0725230815707,29.778607243248228],[76.06706778442843,29.773993760090097],[76.0602104578762,29.76467141106055],[76.056792855107,29.76538141289466],[76.05437256286456,29.757746090873727],[76.05015926206111,29.75300934185805],[76.04962069330219,29.748095054933387],[76.04344114383515,29.742726414685386],[76.03708204539738,29.743599670821947],[76.03238286112808,29.74640613894049],[76.03088048630758,29.747637842690356],[76.03065376859786,29.754748749867165],[76.02607491276257,29.75618144188252],[76.0239527812444,29.749061193028904],[76.01947775268967,29.747842115164218],[76.01670374521082,29.74317098418295],[76.0079414647418,29.740904212305683],[75.9989285309523,29.74104212405577],[75.9948719556232,29.739284614680205],[75.98885540546448,29.733952830827302],[75.9843894912166,29.727133085986594],[75.97532304029406,29.728662366137794],[75.97342648652351,29.730427179759953],[75.96754458304609,29.729433442462526],[75.95482257282212,29.731953752829224],[75.95069480151517,29.73196193952321],[75.94731689529839,29.72940383154485],[75.94110932108946,29.73156247566306],[75.93866597897514,29.730690965815263],[75.92327624814011,29.737195722754205],[75.91941716832456,29.741357747212536],[75.91514884570994,29.742868815006805],[75.91522342025158,29.74718523701698],[75.90630343244959,29.75403750676512],[75.90225079174141,29.75152382994232],[75.90444772148174,29.748946133178578],[75.90077753670914,29.748898535157206],[75.89881301820084,29.74626575746137],[75.88592325208913,29.74540621036262],[75.88447106524524,29.749537803968586],[75.88131872060637,29.751148082212456],[75.8702238863487,29.74932559066957],[75.87034202469005,29.7575617600424],[75.86671535430982,29.766554924998623],[75.85992613083589,29.767947422293116],[75.85830631207179,29.77081716648012],[75.85138718591953,29.772716890270836],[75.85352414233485,29.776408166581323],[75.85288694484593,29.778056498138998],[75.84580781616522,29.782296033608706],[75.8436580246211,29.789855400679844],[75.84046844301713,29.78868543209706],[75.83697884387118,29.79427492850375],[75.83795869204712,29.797114722453177],[75.83489898078206,29.808813748041874],[75.8377291823735,29.813037828558464],[75.83479892373076,29.814486241363472],[75.83026721956645,29.81181513573987],[75.82593066541442,29.815315680244506],[75.82139346984877,29.80695364084532],[75.81579020131458,29.804186943445128],[75.8098422249514,29.805653530254816],[75.80561153096743,29.8047503549136],[75.78876488096358,29.811122707547273],[75.78703486586353,29.81608658855477],[75.78294554245075,29.820831837605542],[75.77879606066006,29.822371638987367],[75.771956972603,29.81834182866166],[75.75614693801285,29.805023004537805],[75.75060346942884,29.807621596903104],[75.74686146345097,29.807331869944154],[75.73778132939003,29.814045767001925],[75.73256913163505,29.81253039252212],[75.72064366655663,29.813556626762463],[75.72087334960511,29.80980336287096],[75.71803640885243,29.80866226722451],[75.71794667254541,29.803015086097734],[75.71414278522093,29.80185748088121],[75.71456989730757,29.795997387207752],[75.7127216136105,29.792653457943413],[75.71661758274323,29.78873639708348],[75.7101000322691,29.78042460210249],[75.70978478019823,29.777993733998354],[75.7123462920949,29.774069854645386],[75.71028122695347,29.770608953163123],[75.70736250537395,29.769287365838668],[75.70463655866114,29.763630638888063],[75.70571937442988,29.759695669780744],[75.7092179288809,29.756546178542585],[75.70641426621792,29.75320364651426],[75.70311440922627,29.752288535776977],[75.69132486284363,29.755932587200636],[75.68983730483541,29.759412492801626],[75.68263927873691,29.766946373627533],[75.68168213637811,29.77228393743656],[75.67714501447428,29.776588680367972],[75.66805112810464,29.7774078458686],[75.66405079629548,29.77521615566022],[75.66095098333786,29.77684373153913],[75.65594632515958,29.773773429336448],[75.6500859111804,29.775701721219722],[75.64243255152228,29.775101167165662],[75.64023157576992,29.77250986610947],[75.63775676836613,29.773897181185024],[75.63514875428045,29.77230300214712],[75.63445902511037,29.755284755589066],[75.6297737826943,29.749930597358087],[75.62575436527861,29.747656485466354],[75.6204447614007,29.746899115513823],[75.61669416573213,29.74425909875372],[75.60765313713209,29.7485518844866],[75.60524264101785,29.751959402488794],[75.6009084359603,29.74958103647692],[75.58985475083085,29.74752743742153],[75.58004272696854,29.73944592627115],[75.572147637854,29.74329807075464],[75.5697172395646,29.756809001392888],[75.5620901062212,29.77024116893196],[75.54486297298214,29.77080726204108],[75.54067095236945,29.77359616585889],[75.53793061734075,29.77334891857737],[75.53267144308627,29.770630311454102],[75.52836746993131,29.762836636898594],[75.52488272348451,29.76186757311674],[75.52301045117608,29.75841712507482],[75.5219251515656,29.7598427055404],[75.52323529769507,29.769166191662748],[75.51857810966531,29.775829214878136],[75.50273558121472,29.777896249821687],[75.4972544539148,29.78440515224602],[75.49214559385851,29.78578973595208],[75.48551533535893,29.791540182116908],[75.47956799320633,29.79279782903848],[75.46224857513981,29.80732287174398],[75.4595124127856,29.807529507443306],[75.45515825794224,29.805719288970856],[75.45284300929922,29.8018618196477],[75.45815232212296,29.794768235502836],[75.45602359068236,29.790491352121165],[75.4558244404721,29.78429807994805],[75.45394857041097,29.78201951026388],[75.45117193805487,29.78145467888893],[75.44754090635395,29.783816915895088],[75.43833890953653,29.7800463399016],[75.42744545780259,29.770865874597682],[75.42168404625257,29.773027654173525],[75.42139286004814,29.77509784789371],[75.41935448924369,29.770225117597008],[75.41628422546903,29.769167574189805],[75.41392066812494,29.770009559264782],[75.40628196448071,29.761266950934427],[75.40475206078831,29.73900994133916],[75.4013033655305,29.74022069253119],[75.39641973018394,29.739472616251494],[75.39544894241595,29.73357639477622],[75.39132544169986,29.732806103821584],[75.38815526011274,29.729893976564536],[75.3881262750718,29.727994938834808],[75.39344029686426,29.721991078616856],[75.39072013260692,29.71904331665119],[75.39110471036321,29.716995789343926],[75.38921947716184,29.716146114258475],[75.39223517097797,29.713297917766347],[75.38398935352537,29.71221274035583],[75.38019414482481,29.714221051229863],[75.3786093396955,29.712888976581635],[75.37632904989009,29.714095730854257],[75.3729661176908,29.71328053955334],[75.36984815786607,29.710868689204503],[75.37078130083376,29.704477957795305],[75.36461774587039,29.703930383758834],[75.35904580069187,29.705516857195427],[75.35788479017091,29.704405862365505],[75.35857326259791,29.69976502158885],[75.35141770345615,29.696076254828245],[75.34569857021668,29.696015646936416],[75.34889037964257,29.686294037438042],[75.35365810267307,29.679601089064395],[75.35422782949762,29.674910475922463],[75.35981078802152,29.668150289304652],[75.3601384763692,29.66261129896417],[75.35807521414651,29.660759765444563],[75.34862550688945,29.66659066511654],[75.34102983254732,29.675260551322065],[75.33373398979586,29.673487738842862],[75.33182954522384,29.663191667507714],[75.32222267411457,29.651617870748005],[75.32099101648642,29.64726772494025],[75.3234625746838,29.642480578079283],[75.3165595472398,29.630630301486164],[75.31113511171912,29.62950849988964],[75.30727171190537,29.624784557280762],[75.29570653413795,29.625046794939905],[75.29488908250079,29.61572161925793],[75.28966048689857,29.607823972557473],[75.29774194948516,29.603695668670092],[75.30342714616984,29.602594584027223],[75.30560321253766,29.595682705421194],[75.31399186122215,29.589266867525172],[75.316549632534,29.590393638301975],[75.31990966856482,29.587425651811923],[75.3112683687067,29.580155605045576],[75.30944155115166,29.56084655351579],[75.29828074461952,29.558601562646263],[75.28113472116578,29.561470206674432],[75.28035122315138,29.55397635139781],[75.27324038753437,29.549994817538625],[75.24446127008449,29.546698938507024],[75.23534206290194,29.54207982547574],[75.23908051065294,29.550734598894433],[75.2383838024714,29.55886188839236],[75.23379298287317,29.564328811633175],[75.23440247362377,29.570009197006637],[75.23192850344982,29.574799223482934],[75.22678774960772,29.579019823942748],[75.22169604557673,29.580290314734466],[75.22741076539322,29.587217288784636],[75.23535336370821,29.603075479481543],[75.23374986014628,29.602377575509156],[75.22836328053002,29.605438505455613],[75.22146680360103,29.611112312204465],[75.21967918493173,29.61542534257686],[75.2067338454433,29.621906370954715],[75.19682403367413,29.61933079635149],[75.18304257376026,29.62840571068794],[75.18218244675718,29.635968216197593],[75.18759121386265,29.65180496768769],[75.18000677385142,29.652869340687527],[75.17462715258536,29.655607820146617],[75.16809955265816,29.666561787353388],[75.1675349740785,29.670186873143095],[75.17188027692306,29.671348093152464],[75.17710975287423,29.670634736936503],[75.17956638915645,29.674511077777627],[75.18391417674108,29.673344219189314],[75.18727393159925,29.67593685444258],[75.18811475829845,29.681347242854695],[75.190933306944,29.6819447776552],[75.19318038872832,29.680254021824467],[75.19598266529081,29.68115362009182],[75.19878088865478,29.680009760710714],[75.20677087489763,29.6875202076869],[75.20757231586148,29.701554945926958],[75.20022662020504,29.701069330255425],[75.19776582382475,29.703255911494562],[75.196865597824,29.71571256054667],[75.2006110793837,29.72648815359312],[75.21030710199672,29.738815180172434],[75.21746001559993,29.737148218996968],[75.226320722678,29.72888518935477],[75.23814772880802,29.739965125376635],[75.24157831852128,29.7546497784537],[75.2365835939134,29.757017010211836],[75.2247187776931,29.77990259599212],[75.22627589135546,29.789152729188224],[75.21625805358009,29.787724130078733],[75.21471071089312,29.79179406011383],[75.2085320552498,29.79316526613953],[75.20965165163955,29.817353970911114],[75.21398815009601,29.823998714446468],[75.2106479695279,29.832417297654658],[75.19922436714758,29.83780895463015],[75.19649268469169,29.837780154203916],[75.19145826622638,29.841250612788762],[75.17589606783993,29.828105215205213],[75.17003964866885,29.828194410070044],[75.16403683644577,29.82410608638584],[75.16018474372648,29.812860207493472],[75.16061503854421,29.80638514322737],[75.15905994788787,29.801341510095707],[75.1666078354502,29.78822575047883],[75.16688163206729,29.785186159698643],[75.1629504696367,29.780909114793353],[75.15545610459735,29.77689781046594],[75.15095638764366,29.775538234086184],[75.14644706769955,29.781835603014972],[75.14051289934062,29.7855949503075],[75.13681958115284,29.805968554660723],[75.13507687555278,29.80730341851166],[75.1266375735644,29.806892534837345],[75.11822467485881,29.802713678932214],[75.1044569438974,29.80481978250061],[75.10071997297673,29.806793211967015],[75.10030254742378,29.8194127659248],[75.1015097052992,29.821563435389436],[75.1188564761678,29.831962293966708],[75.11135771297683,29.841926861783882],[75.10312664945442,29.841762446536936],[75.09006401783763,29.85401834318135],[75.08972373421139,29.858632695844538],[75.09336996720354,29.857988918866123],[75.09972170754082,29.86391734878248],[75.10682661876855,29.86801182740687],[75.11470387901966,29.878666641804134],[75.11039995078045,29.892722592221645],[75.11035372078099,29.901924051285448],[75.10926322351823,29.90410847449635],[75.10729092020968,29.904066530589105],[75.0990051977955,29.911091516984634],[75.0987497995737,29.912795739749416],[75.08876913049157,29.91720108991541],[75.08689266664402,29.915384114198083],[75.08206969812186,29.90728136778742],[75.08044512187999,29.900821609710768],[75.07528183829051,29.89635757399634],[75.07602990675014,29.890870652014907],[75.07444607988617,29.882268307588248],[75.06994976395411,29.877061977967404],[75.06524881539362,29.878800969981878],[75.05609463949202,29.878103081656064],[75.05183931639786,29.88408313084728],[75.04694322052,29.885090264338416],[75.03288331790233,29.879817880667183],[75.02249751761023,29.86626689819549],[75.00490787552647,29.868936811333665],[74.99889743840326,29.866103231153616],[74.9909139056574,29.86768915953055],[74.97709625531567,29.888404301347823],[74.9787638985889,29.894158584106908],[74.97018951782954,29.89770584023445],[74.95371454846942,29.901397164011534],[74.94819979094024,29.906808599239653],[74.94367245079157,29.917180621757705],[74.94167830764181,29.917551731819522],[74.93636604115741,29.92625981821217],[74.93537486432744,29.931316629126382],[74.92677614012219,29.945807339871966],[74.92673643638322,29.950260273773832],[74.92283058668072,29.95202586658697],[74.91911593081002,29.947150678067196],[74.91287331062688,29.94332299060761],[74.90648642190747,29.940365634586332],[74.8972779114059,29.939415666421443],[74.89542426925816,29.940576199150463],[74.90060790957025,29.945252586403598],[74.90323906066442,29.952179152682728],[74.8879696591617,29.967134478479906],[74.87572823952988,29.957513894740902],[74.86989551252607,29.96001712926261],[74.86468944667119,29.960102446297],[74.85537132643363,29.956366523898055],[74.85072879351941,29.961787447195338],[74.84376074511681,29.9642621845395],[74.83845364035203,29.971121411791742],[74.82867668312521,29.97330581731946],[74.82101080544359,29.970934744811746],[74.82631236760304,29.97719759454297],[74.82429557612836,29.98573816585867],[74.81876660186143,29.990586456963936],[74.81243347910839,29.99233814346527],[74.80598243091474,29.991955937704134],[74.77943554250429,29.971956779836887],[74.77595622367845,29.97320993857349],[74.77079282330799,29.972037717902175],[74.7629955670161,29.973237143525335],[74.75834265317046,29.972064471050835],[74.75841855452376,29.970356896175225],[74.75349890122588,29.969982946549077],[74.75331626474546,29.967821709387966],[74.74026957553004,29.96839686381407],[74.7313937246529,29.96147296608679],[74.72836066550401,29.96152132439288],[74.70665603334317,29.970575323138583],[74.70664205376072,29.976898752338027],[74.70217642427878,29.97194055392925],[74.69361350242916,29.96685171523368],[74.68898243561128,29.95913636628386],[74.68631907362597,29.949308903322624],[74.68203216217321,29.943339576140858],[74.66971893660745,29.939212188653745],[74.65160155675215,29.926481048257042],[74.64669277935742,29.911422676595475],[74.64918740718963,29.907502567584554],[74.65417740396414,29.905572585584704],[74.64684139034985,29.90434544404143],[74.62923382418118,29.905032656350226],[74.59668777519929,29.91226880408077],[74.58783778142929,29.91818464736289],[74.58243662844417,29.924348286374737],[74.57412698569061,29.926973766813322],[74.55897076472718,29.927091809104354],[74.5607551683261,29.929264974891623],[74.54198927400593,29.940107213087316],[74.53174305484096,29.949197628002864],[74.5271597397686,29.94278637118108],[74.51882910608178,29.929945967750893],[74.51545289139271,29.915531681687785],[74.5100195068552,29.90819274202544],[74.52200094236566,29.902248774808736],[74.5436210268886,29.90143864413761],[74.5512144006453,29.882254921667272],[74.55918587979669,29.87381527432636],[74.56103623051722,29.869643852978417],[74.55789448689708,29.86236206167009],[74.54583438232389,29.84561609327027],[74.53911753341744,29.8405914730163],[74.50789168720463,29.833047819712274],[74.4850827084543,29.81501363362097],[74.47884275357266,29.803128355683622],[74.47371807777746,29.78707202744071],[74.47378148356516,29.76834108315663],[74.47724789629534,29.74531176905002],[74.47995035116513,29.74558584328703],[74.48037029110259,29.743494078181932],[74.49158035495668,29.743465090708828],[74.51997086390959,29.740048634654197],[74.5339569420789,29.74039665630781],[74.54070528502089,29.748959838010332],[74.54640927805458,29.753008590041333],[74.55784471933201,29.75391494076683],[74.56246837235389,29.755586889683528],[74.57739354123636,29.753987479479072],[74.57516739109649,29.750157006170877],[74.57588675478948,29.748307861243717],[74.57836280186835,29.748872665827047],[74.57886784819581,29.752292037521013],[74.5812764470682,29.75232441499919],[74.58726763778644,29.7669050715591],[74.5974627814393,29.76727306532396],[74.60094264284758,29.76591603687721],[74.60322432953325,29.757977590857976],[74.616092094107,29.752155861702988],[74.60949734331568,29.743229038067703],[74.6081088218726,29.73190683787268],[74.60978491290275,29.72176241949733],[74.60468240393554,29.705373968474458],[74.60013711365083,29.699053584496838],[74.60117240315118,29.690388532343817],[74.5931176879022,29.676764178613336],[74.58544070165378,29.654472582204694],[74.58651062929314,29.647343162989106],[74.5913400800584,29.639533866014734],[74.58926041370034,29.631804430698296],[74.58153144374305,29.627154653506643],[74.58272054817624,29.623286582433764],[74.58028169584172,29.617115416471925],[74.57758219463254,29.60000671308924],[74.57694252497998,29.57180891141511],[74.5749328535522,29.5643194595746],[74.57588276986289,29.56010980921998],[74.58210974858025,29.555956330193148],[74.58988108039141,29.547911026140984],[74.59515564548161,29.5449850917976],[74.60225952724,29.54392157494998],[74.60766677170108,29.538870637017464],[74.61181834746472,29.538492178384168],[74.61424806033956,29.535332468153626],[74.61489801570214,29.531142811571367],[74.61899747660289,29.53258277292111],[74.62303879674185,29.53098236968802],[74.6218572525301,29.522243971132674],[74.60973885178659,29.511684242002403],[74.60455959435473,29.503184811680637],[74.60097456717612,29.501059158300976],[74.5996974907272,29.49397768153788],[74.59535741248432,29.489163588310934],[74.59584461737191,29.48039904763911],[74.58635226349507,29.46504746833013],[74.58461269211706,29.45850035670764],[74.57317395581919,29.465097219195663],[74.54330776368778,29.46789644075338],[74.53674486805473,29.459554282225543],[74.5346190588338,29.44770786497685],[74.53639886934664,29.44319825061247],[74.53454917798952,29.43524883903081],[74.53658439660562,29.42454469140762],[74.54922739281386,29.42472993914972],[74.56637522188133,29.42048058902209],[74.57362441512007,29.406471828023843],[74.57388444146223,29.39994234190813],[74.57785403471897,29.388493317834264],[74.58521317635861,29.378514241373395],[74.5896926210313,29.376634468909025],[74.60287103470841,29.3649056306136],[74.60731053848694,29.356226398432227],[74.59925183112487,29.327458506498367],[74.63434730876457,29.329608991434714],[74.65447469242427,29.332929105642567],[74.65205484215296,29.351277621820913],[74.65819325327153,29.37196376836852],[74.67976112771015,29.3692567243803],[74.6909397199866,29.365917196713863],[74.70701404522157,29.36661632168123],[74.71942603156963,29.36997740818403],[74.73918363631904,29.354139019273525],[74.76217010150826,29.354375734992388],[74.76998902785976,29.35690846746072],[74.78186233136284,29.3579098336662],[74.78751841724247,29.361427802898294],[74.82034283885956,29.3972071531796],[74.84477967449918,29.39968741006258],[74.84961903997024,29.40152735596081],[74.85051890754318,29.40360721227946],[74.87137630981347,29.394878282985136],[74.87762560627577,29.38354928743186],[74.90026766277494,29.384771365378626],[74.91676069366213,29.37130097988814],[74.93825471221136,29.36203866686257],[74.93985800646581,29.340023867739813],[74.9544961914628,29.33271471134375],[74.95803577736271,29.328185134258675],[74.9608620676894,29.320258784124164],[74.95530629488094,29.30909658099571],[74.94837725222631,29.30147705059991],[74.95577521905253,29.28615838203241],[74.96113758458029,29.280583973777553],[74.97096455281563,29.279079225751975],[74.98322684929465,29.280577147558656],[74.99864107628916,29.270690403178858],[75.01985951237046,29.286279272774653],[75.03600612773126,29.287659768841845],[75.04999435377239,29.28615014667052],[75.06041309977756,29.276101128527767],[75.0612231016861,29.26405208798819],[75.07318171280187,29.247833584526035],[75.07415163189896,29.243273961774904],[75.07286184428875,29.23793435700941],[75.07551157883117,29.229695063050187],[75.11957597820135,29.22286640820689],[75.12435521583718,29.23987516276756],[75.13781350053938,29.23873550396277],[75.16280220000411,29.244022468551236],[75.17433869995439,29.251245202632692],[75.1686193690855,29.25888449534979],[75.17620835367374,29.263264290897112],[75.1813676882692,29.263734352104635],[75.18364736901687,29.266964141059358],[75.1879898421683,29.268268057835137],[75.19570883813098,29.26339236209745],[75.1984900168607,29.25333561707587],[75.21011552997417,29.23465422458],[75.21799285310735,29.23184763852597],[75.23836710279029,29.23024434862051],[75.24204100658814,29.23642145138867],[75.24215170867555,29.244221497296707],[75.244839665635,29.250136602937523],[75.2558052565778,29.25181750766535],[75.28408284550287,29.248862416737207],[75.28400543138663,29.254604266077266],[75.28618334648729,29.258870400352837],[75.28588629069084,29.26912029816847],[75.28832685162105,29.273358177621898],[75.29833645454019,29.271857602490385],[75.30670666171017,29.274636873782867],[75.31709204069242,29.281810570993954],[75.32293364754284,29.289478097834618],[75.3350077290035,29.28689302989513],[75.34058247962065,29.281142975462963],[75.3402877863934,29.27349407606052],[75.3386274149824,29.273456522193847],[75.33999730267155,29.26634710534397],[75.33989090890422,29.263497585935163],[75.33842752905188,29.26347730212302],[75.33959741133461,29.259777613409454],[75.33840757297786,29.25886766285885],[75.33955744528761,29.25673785155546],[75.33870760309624,29.251978209433606],[75.335628026487,29.24796846739076],[75.33581804352576,29.24428875850188],[75.33428823954638,29.244158741451866],[75.33385831393623,29.241168968410125],[75.32809504197525,29.23532138050704],[75.32959796386976,29.232655826370284],[75.34265729058463,29.229300061686036],[75.34981741676128,29.223778989279985],[75.35586565050006,29.22301080232935],[75.3599550897955,29.227200550057656],[75.36232684965641,29.244437246869527],[75.3760243332609,29.25517339777673],[75.37821253496989,29.254741638579155],[75.37894820398363,29.256866483454615],[75.38611018607965,29.258052707731654],[75.38949291265625,29.261249233733125],[75.39315697091858,29.26132724850581],[75.4054489549211,29.260548781479258],[75.40604890825833,29.25701906889605],[75.40701673697578,29.258153550616367],[75.41049835728538,29.255689255213788],[75.41196827597466,29.242760297604462],[75.40866870554561,29.241900303356008],[75.40875855234538,29.23507098726519],[75.40524651328363,29.231524187415324],[75.40495930122603,29.228191311288747],[75.40206186702379,29.22710849769414],[75.40229969509696,29.222481708751296],[75.39799024760865,29.22350154874815],[75.39680045416765,29.217541994264202],[75.40290664541193,29.213250141165055],[75.40854897718623,29.21317255625693],[75.40734866626988,29.211070355549573],[75.4109987117121,29.207463050445767],[75.41130879397852,29.193924117557522],[75.41176876643826,29.191134346205587],[75.41405309776415,29.189389263843733],[75.41293877089186,29.187685395684916],[75.41435848633319,29.18431492967924],[75.41267873556656,29.181595111434625],[75.40942915638307,29.180205160886935],[75.40585968712689,29.17289566687175],[75.40675010082977,29.169748339505777],[75.39524108753056,29.167745873712168],[75.38127287775059,29.168895523834163],[75.38134300383493,29.15277678977539],[75.37968208624825,29.150791666220194],[75.37869525906086,29.142170331935052],[75.37434398870785,29.14277744433482],[75.37335413868956,29.14126754388319],[75.3711467157284,29.141570836039936],[75.37147440856765,29.13809775606301],[75.38437209243027,29.12946720455914],[75.40214334781332,29.127895155730993],[75.40575848292698,29.119809270006932],[75.39385177646835,29.11006037530099],[75.39209293443085,29.10197505068511],[75.39377189198508,29.09819130444056],[75.39691149581823,29.097571412132723],[75.39572168620755,29.093191734178653],[75.39283206106009,29.092831707189013],[75.3909523677691,29.085362259097938],[75.39289176668714,29.08393086821671],[75.39268220859597,29.07839283847383],[75.39419107913432,29.078222984622393],[75.39467197425535,29.07594306819193],[75.39123600632851,29.062714622548942],[75.41058006355205,29.0622144420707],[75.4314274316406,29.05629529517661],[75.44180608763128,29.057525390523093],[75.44384280463731,29.052228087719538],[75.44215289931469,29.050943142978362],[75.44318288695821,29.04802841335659],[75.44620195664318,29.048554700546298],[75.44669783296823,29.045531955657612],[75.45190898688087,29.039154795133303],[75.45043294796953,29.03538418016666],[75.44711159429316,29.035146928756703],[75.44784230640312,29.030432304026682],[75.44630217808616,29.02999548686919],[75.44492788146562,29.02436617815428],[75.44293556189588,29.023072476812533],[75.44292380833872,29.020911614514247],[75.44566774920496,29.017959826107678],[75.44570223732536,29.008301249467966],[75.4585933032993,29.014176702874597],[75.46288727551021,29.01245066540356],[75.47258858381035,29.01428918636548],[75.48480085670445,29.012110046549516],[75.50514505414787,29.01177420848767],[75.51554706903089,29.008260632061205],[75.52179861756959,29.003874862226763],[75.52034574890439,29.00378802219436],[75.52238631159813,28.993951884049043],[75.52682582705476,28.98533264105051],[75.52739587996778,28.97101377564093],[75.52433206070691,28.96951008031894],[75.52113676671604,28.962879844519378],[75.51870560755358,28.963091350962454],[75.5147239400411,28.960738513941312],[75.51210990544637,28.956928936814656],[75.51270754831668,28.955296455262886],[75.51000260062196,28.953887599399977],[75.51043271757327,28.95046451820913],[75.50889495991035,28.95028618530006],[75.50832432578736,28.948317242045203],[75.51184016023117,28.94370287094849],[75.51153437281013,28.942069971035117],[75.50871295943715,28.942254051282333],[75.50566796976298,28.935922530274723],[75.50044448557475,28.935944705006506],[75.50071564114495,28.934682292001874],[75.49864679679109,28.933957770143394],[75.49410301477778,28.934679140205297],[75.49330452567791,28.936278988159177],[75.49070752134436,28.934416390570423],[75.48419126983413,28.934654465935193],[75.4837905754033,28.93340760220352],[75.47719130159453,28.934707004002046],[75.47336689674893,28.92338929698415],[75.48489402457581,28.90866327497426],[75.48395155799382,28.907542408090656],[75.48725126945835,28.90796662866039],[75.48629891512002,28.906604636965223],[75.48754084588178,28.903171394648584],[75.48986098585154,28.90106367480993],[75.49291990300586,28.901149691900343],[75.49420051073218,28.89749707370402],[75.49651479907617,28.89632345322726],[75.49858446538849,28.870448450004545],[75.49693918567426,28.856981883533187],[75.49844072236661,28.848964308894985],[75.50102587522662,28.850949501055933],[75.50542908347441,28.8511468992611],[75.5050398677163,28.84435329735106],[75.5076495463802,28.84281346778722],[75.50779956054109,28.839223754271526],[75.51528859138429,28.839843845550224],[75.51552861134675,28.834234290432693],[75.52021801296256,28.834004394819104],[75.51897823815749,28.82628497657746],[75.52008813453881,28.822185316806518],[75.51851837978377,28.817065692252445],[75.51939830475739,28.812926033421515],[75.51613872642648,28.81234601868117],[75.51183935174741,28.804226574475152],[75.50884974949872,28.802666642686525],[75.50886660638503,28.795513608447674],[75.51085924485668,28.795547298102797],[75.51145498150196,28.793511794389946],[75.50863749017348,28.79118663970117],[75.5062698517831,28.79223803634132],[75.50814325327384,28.788605640398956],[75.50484657541999,28.78756562446127],[75.50344242418927,28.782408738931725],[75.51084947657628,28.78097682398674],[75.51394428052792,28.7732845661227],[75.51563514794618,28.77482184655423],[75.51760888047436,28.773809070977656],[75.51652904890896,28.77038931720022],[75.52203836354589,28.76789961586634],[75.52296826090046,28.766009781213324],[75.52147171434949,28.76371561551917],[75.52310826243917,28.763649969337667],[75.52208764871564,28.76104796267254],[75.5239481800433,28.761010192104642],[75.52385822454735,28.757160492142376],[75.52853767013491,28.75224096552752],[75.53033748073926,28.747441376299324],[75.53479691543899,28.74660152586752],[75.54298583180487,28.750401379728025],[75.53292226349338,28.74268451216428],[75.53042868219849,28.738259660618514],[75.53994071187499,28.724889660115014],[75.53988928152833,28.72134664857909],[75.53742206488873,28.718017444484136],[75.53990920077145,28.696723086549994],[75.53887956975912,28.6947833500275],[75.54499387009547,28.683109717251337],[75.54118340261151,28.660493975313557],[75.54506328022254,28.659440544200027],[75.54422639173754,28.654151888235873],[75.54950485641442,28.641462286991388],[75.55483904897824,28.64384499987943],[75.5607021821578,28.635923941632267],[75.56149396533407,28.613221116361956],[75.5862484802924,28.61319568222922],[75.58766764506646,28.607993443801476],[75.59107570952398,28.60558363483741],[75.6181765781904,28.603449772553997],[75.62168268298136,28.602073365363655],[75.62403635975562,28.59564423659704],[75.62319353430492,28.58901748935679],[75.62573002632428,28.57569572737642],[75.62569897336155,28.565804988739455],[75.63168043981682,28.553911337519875],[75.63345142258541,28.544448706152373],[75.63946200074412,28.54416898331032],[75.64521894587055,28.53938012648787],[75.65369895232111,28.53655174916792],[75.66577711572643,28.535998339109323],[75.66864055767833,28.532079892977183],[75.67092963660049,28.53143200330852],[75.66962271003297,28.529966823551646],[75.67089624891634,28.517325779924946],[75.67737034877847,28.51526547028801],[75.68416867398285,28.51097633666984],[75.69001318508658,28.499867265570163],[75.69923002476746,28.495408564018987],[75.70195653741892,28.491777770259787],[75.70665499225616,28.492284853285668],[75.70792775858837,28.493714292406075],[75.71856655321062,28.490233163387717],[75.72552887305662,28.48950733999877],[75.72900051398175,28.490704333638334],[75.7309434828047,28.486156863469873],[75.7344743487582,28.484658050732715],[75.73945114029804,28.484770725411575],[75.73840294110875,28.47746451645293],[75.73565944670518,28.475950778645892],[75.73564764374066,28.46884746862769],[75.76696463841209,28.461312646710027],[75.78051999236895,28.456895720272342],[75.78346414974574,28.45538305570633],[75.78383926375052,28.453344359224467],[75.78827518864097,28.453560920786117],[75.79210662819352,28.444590245563777],[75.78850164763588,28.433566148757766],[75.78082090642957,28.432884193438593],[75.77976927567592,28.427501156127875],[75.77660751220134,28.42472417662543],[75.76969427989569,28.422778987605195],[75.7666970500519,28.414231560795276],[75.77000935410011,28.41264523524979],[75.7720158877126,28.407400545238925],[75.77629385733505,28.40418471764473],[75.77676252279181,28.40041585790184],[75.78536136557467,28.402113224999827],[75.78551331021511,28.404191187560983],[75.78854691014978,28.404154322940002],[75.78857311939652,28.401202269378818],[75.79454714869956,28.399616009481434],[75.79945998378443,28.403774263547785],[75.79954533271959,28.407153224334678],[75.80691980680449,28.409137962147305],[75.8060006811485,28.405855397622815],[75.80979752747783,28.40583812318527],[75.81247719747877,28.40774158379941],[75.8154187066221,28.40762643446839],[75.81559318100985,28.40976256013031],[75.81903960442831,28.40984180134253],[75.81983286712982,28.40686944689432],[75.82283937477386,28.405629411378115],[75.8221395197939,28.40298798257525],[75.82479426154569,28.402969742070695],[75.82828340973737,28.4053595382846],[75.83282804964182,28.405361050654243],[75.83739254950056,28.402094024268496],[75.83742495802105,28.397378561776975],[75.83950668152112,28.394379802557953],[75.84425493536449,28.39461883440172],[75.84498333880418,28.39169022865049],[75.8540531548158,28.391744561637818],[75.85472489252737,28.389827016995756],[75.86399267387141,28.389005539998312],[75.86400494395986,28.385222460946608],[75.87552736820795,28.38724158437864],[75.87923913509668,28.385389700302646],[75.886603883122,28.38510008344472],[75.89037424172687,28.38309165978763],[75.89306243314662,28.389700364660083],[75.8963438198777,28.390080732946778],[75.89517434722676,28.387610676087537],[75.89760134359614,28.383822978411622],[75.89929433732671,28.383949630655465],[75.89843283679954,28.380324162814336],[75.90021260329497,28.378051943626016],[75.90061412327752,28.371782993638043],[75.90482715368806,28.373267513086553],[75.90821166521712,28.37268886287475],[75.90852532277837,28.370903028963696],[75.9182313795731,28.372002297985144],[75.91668928394566,28.367378473969836],[75.9223710275064,28.366419215750387],[75.92354394609478,28.363345252651545],[75.92712431820358,28.36289669354036],[75.92737269609141,28.359798005087303],[75.92953996346104,28.359136436395392],[75.93008054803946,28.34900411847477],[75.92853225673151,28.343111533568216],[75.93199474741716,28.342899023474853],[75.93297050915685,28.336600321180118],[75.93849309280881,28.337331359289145],[75.94805549820983,28.334159170023305],[75.95501780997103,28.333761383093734],[75.95516854997064,28.331121158212873],[75.95231810394598,28.3310055271771],[75.95226078693928,28.32920537335036],[75.95680052024561,28.326742453050077],[75.9578422722261,28.313817203153704],[75.97249131695654,28.318569784280303],[75.97344358775159,28.31490344730262],[75.97806736833422,28.309323649920195],[75.97795826075645,28.301861314686295],[75.98179954494624,28.299521332768087],[75.98621212980893,28.293113768473003],[76.00297996342637,28.28402981700914],[76.02631811276113,28.275029121409833],[76.02261013586455,28.270340770417484],[76.02263838428698,28.267345044744342],[76.01508104285463,28.25252700867582],[76.01473769597325,28.25014709935948],[76.01612144466722,28.25018131667171],[76.0129987399412,28.24603924315549],[76.01321481351312,28.24404075512362],[76.01655480004514,28.241183101351726],[76.01613626147952,28.236950758699386],[76.02781678652266,28.232641904463684],[76.02777718339506,28.231356032181456],[76.03720602817796,28.22574092571357],[76.03781989013069,28.222695800382127],[76.05596470363649,28.220272462709723],[76.05573625487318,28.212599957718115],[76.05242538273956,28.20401380871692],[76.04745584150237,28.202773737956456],[76.0473579422044,28.198135137617403],[76.05095858030596,28.198064989614682],[76.05149974250112,28.19628405064251],[76.07193196136767,28.19432562685494],[76.07213204223258,28.190172671636887],[76.0743833748448,28.190117477952214],[76.0740099990801,28.173584687842467],[76.07633296604804,28.17334516721709],[76.07617011496177,28.168545926206555],[76.09544126761179,28.15086053892688],[76.09499562777236,28.141402839758392],[76.09320398195565,28.14136830877464],[76.09293923586502,28.14001938246866],[76.0878748145675,28.13997295320703],[76.08440468640534,28.13691738621504],[76.07469326577004,28.137126125258554],[76.06537190620752,28.14151429207036],[76.0696171573907,28.155776689732754],[76.07063276031158,28.165133760961748],[76.0602153725591,28.166902371241637],[76.04224968671429,28.165466664673414],[76.03179555247681,28.16785108904976],[76.03002714877144,28.164078053801305],[76.02611672035589,28.164643678773146],[76.01684528376697,28.15007697867936],[76.00748573053352,28.153137190185788],[76.00404547584614,28.147710997073748],[76.00452790349306,28.144250887160872],[76.00301730190117,28.143171157719916],[76.00060122904561,28.133194145090762],[76.00434526611431,28.131981161417478],[75.99899276498668,28.12276494188475],[75.98819095398817,28.125034694846075],[75.97667387202108,28.124740421290316],[75.96739200599171,28.113811078403547],[75.96170872721017,28.114789320068823],[75.94560815679587,28.107155238143616],[75.93861861799674,28.087930254352294],[75.94986093496281,28.086109047149513],[75.95709397020454,28.082315858139978],[75.9646095175183,28.08045888758293],[75.97225017948986,28.083259650212224],[75.98343279801544,28.081340647602193],[75.98289285034257,28.076643658094618],[75.98868217165015,28.068994363293694],[75.98832776920256,28.06627683077889],[75.98265756001007,28.057397500042516],[75.97932173267783,28.05791885139156],[75.97486061992514,28.050980452492162],[75.98442223211377,28.04707744994903],[75.99286337115694,28.04632159789099],[75.9947210233841,28.052194484230096],[75.99877491005556,28.05710434111114],[76.00765946291284,28.058921209969856],[76.00987283811108,28.067621988005055],[76.01596059592572,28.073488025974505],[76.02321069017471,28.085984210826204],[76.03537095600375,28.080504631676483],[76.03874069653462,28.078215783079735],[76.03726290411184,28.075968349281666],[76.04079173088962,28.07404602371675],[76.03881872060691,28.069321998012015],[76.03371179192848,28.063326876322005],[76.02958839362036,28.06142910001936],[76.02535322333128,28.054229548357196],[76.00829999404979,28.05838494420769],[76.00778501235528,28.055704415587517],[76.01713080339856,28.052693745502854],[76.0186773420934,28.041997289743563],[76.01641580102627,28.030490156949945],[75.99773546135546,28.03299382088927],[75.99600396673016,28.038265754606773],[75.99461934128047,28.038505545297657],[75.9935172773101,28.035194759675907],[75.98966430603848,28.035811413678832],[75.98905611425177,28.03359677874914],[75.98347076710756,28.03137685297905],[75.9769418322838,28.03135930058513],[75.97272966515425,28.02362439345322],[75.9711173976284,28.016066994301394],[75.9952043727025,28.00877801185538],[75.9955350245923,28.006880911766586],[75.98993009417485,27.99468547849681],[75.98687377943988,27.99757953009274],[75.97760885743341,28.000190643849646],[75.96874374591552,28.00031871833031],[75.96847316526708,27.999125066486048],[75.96674040222062,28.00002325361396],[75.96501936488353,27.99630734091562],[75.96581694219337,27.983601351288552],[75.968786440146,27.980929068478716],[75.98592123735365,27.978607014050038],[75.98987052060015,27.982319773497526],[75.9999544851602,27.977569614248562],[75.99816293366656,27.975279201551583],[75.99456521239468,27.97540806486109],[75.98866208532039,27.96819894439115],[75.98198169274315,27.965325701917124],[75.97786022760948,27.95436929865742],[75.98304575528202,27.950979899837705],[75.97270865625468,27.932656994874435],[75.96815619202413,27.931911088773663],[75.96603523999393,27.93496707291315],[75.95791261839767,27.935901583288466],[75.95794324825394,27.93802877120129],[75.95168167002507,27.947712564074937],[75.93906750165262,27.940585758444396],[75.93239627099297,27.930129983767312],[75.9396616797209,27.92278684942376],[75.9394267343415,27.92107587469417],[75.93699908130358,27.921857506396908],[75.93450830185408,27.918623549533052],[75.93710258698728,27.91775951466695],[75.9383137055348,27.9140729211445],[75.94235719690178,27.913171990452017],[75.94906476531301,27.91502667979454],[75.96806088885732,27.914357581896088],[75.98748351004069,27.904152993619352],[75.9792505429882,27.895535390144786],[75.97530792703772,27.89365081197789],[75.9844185732756,27.882583624234012],[75.9776213404226,27.87377670579019],[75.9793651653235,27.865441823240992],[75.97248648941019,27.860587277736215],[75.97137211852048,27.851956598389656],[75.98702724492809,27.84166211151034],[75.99869789748627,27.83814644330408],[76.00464325436205,27.8344317555799],[76.0064584701752,27.839060295492303],[76.00954844029229,27.841510478207503],[76.02728198799299,27.83851740178118],[76.03021597913573,27.840038956528332],[76.03624895049782,27.83738390575128],[76.0402334144658,27.83892892872102],[76.04087556167191,27.841272230123234],[76.04807952473612,27.834974815104918],[76.06064902168612,27.84827384498594],[76.07489429345927,27.84380316430632],[76.07929048586469,27.84574003809224],[76.0856552688416,27.8446952144052],[76.08619944308789,27.85589318395942],[76.08888616037224,27.860547608775835],[76.09811702544968,27.856856140762158],[76.10589224876261,27.856094678280726],[76.11440667236667,27.85087296588358],[76.1155994545026,27.8520546837466],[76.12333027498934,27.851018794359348],[76.12779029988221,27.843713698517234],[76.13539948129298,27.839276050991135],[76.13226539311567,27.824469445922645],[76.14450288890632,27.822714053111504],[76.1536705754698,27.819730240001718],[76.15310705151231,27.81536870645223],[76.16055282128805,27.81392659901352],[76.16936488369518,27.80793975365927],[76.17214877354046,27.805147518465535],[76.172146407378,27.799637293324484],[76.1749645769345,27.798061983454293],[76.1811715861031,27.797527929442598],[76.18264644283153,27.798612451367585],[76.19226173474829,27.809246585730897],[76.19959668655395,27.821550544395922],[76.20778352960816,27.818652065575378],[76.20753189442908,27.817036749078486],[76.20934357357497,27.8163318807471],[76.21732736054406,27.816802837726986],[76.2251819365376,27.833246742038824],[76.20885638126377,27.84000705425502],[76.21216551605566,27.846431582611164],[76.19380571144791,27.859500762783693],[76.19437050741986,27.877370877853362],[76.20027550748154,27.878229602971327],[76.20208433717133,27.88731486401942],[76.20146857168847,27.892535149081116],[76.18609209729209,27.89897615659072],[76.16815876067895,27.90337256369765],[76.1686256852007,27.915264904613725],[76.1738937545731,27.92981743807475],[76.17704886692133,27.92972867430783],[76.1823931700237,27.951925264303732],[76.17992460141957,27.952864696132487],[76.1806584073274,27.957123235495317],[76.18245452226265,27.961999523655436],[76.18401315946772,27.96180233021337],[76.1866379711509,27.965471615796677],[76.1634561987442,27.97341569220631],[76.16597277601205,27.97690681405051],[76.16692535492923,27.982974494877432],[76.15756089150443,27.987208827995893],[76.15777992233029,27.98897276794449],[76.16137683960996,28.000190144949546],[76.16954758395596,28.007419643865596],[76.17688920754927,28.02154265285068],[76.18536680381989,28.020281739447213],[76.19683033900952,28.01547110108465],[76.20329832763281,28.02801793902935],[76.2147388381034,28.026578187060625],[76.2166302472223,28.035470621666498],[76.20367370664059,28.03774330259079],[76.20176439948794,28.02934184887786],[76.19599938210037,28.03038580034232],[76.18951460665936,28.034449292139808],[76.18875323594706,28.03660615897939],[76.17793812628906,28.045592989280337],[76.18040387148827,28.054515718988736],[76.18878091034601,28.053204940453615],[76.18949219998123,28.056451695490807],[76.1991740795184,28.05571156465116],[76.20218361628159,28.058332734657668],[76.20959244104462,28.055864497262643],[76.2086181345757,28.052260933510993],[76.21932708582499,28.049202802591523],[76.22112730606108,28.050220468069753],[76.22806413710926,28.04838943214076],[76.23068798849339,28.051130056571637],[76.23799982485016,28.049704600442183],[76.24293193418777,28.064356816097263],[76.25551516997173,28.067761081161176],[76.26095974482273,28.067528353379352],[76.28384690035895,28.05697960822523],[76.28417690725837,28.051490044647416],[76.29355572396477,28.04920040119162],[76.29117615864234,28.034571501950378],[76.29215611012457,28.02586220529077],[76.29897526366712,28.022702581458393],[76.31320347194145,28.018893145234976],[76.31356344124885,28.017073294104623],[76.31894882880071,28.015522181513955],[76.32076566966623,28.01596857156949],[76.32297510395529,28.02152517973976],[76.32874448535854,28.018776761438666],[76.34231064245498,28.030563232761388],[76.34958249120521,28.045867732883718],[76.3565297031848,28.067474291049553],[76.35508021398168,28.068105738918497],[76.35560359133082,28.070722392170115],[76.35265196536076,28.071594052273944],[76.3515081036786,28.069879856484537],[76.3434380658658,28.070201193292437],[76.34389035144169,28.071414895391094],[76.33298391366202,28.07683471822905],[76.33419335595323,28.079907382652657],[76.32885947330817,28.087674392259483],[76.32322737244665,28.09053248619847],[76.31875667287326,28.08881192528131],[76.30144015187352,28.09786257646583],[76.30926826439713,28.10818428850313],[76.31864198496093,28.107676277453844],[76.33658970270345,28.102597132130875],[76.34645328896474,28.112559876583337],[76.35044182769084,28.114193807640753],[76.3598582514683,28.12491441801643],[76.3541331291608,28.127818966935585],[76.33314025914902,28.133556963398302],[76.33348011966879,28.1362368838745],[76.33062485597924,28.13703448570942],[76.33181489735526,28.139272563852806],[76.32990499192462,28.142750169171478],[76.32096520884704,28.14855759801256],[76.31522623541616,28.150363090217034],[76.31372226788267,28.147103090916524],[76.3117225237371,28.147243043428293],[76.31110261881742,28.145543166050274],[76.29758313279324,28.149110141666725],[76.29786595119076,28.152110397037333],[76.30335613350873,28.154824702342648],[76.30455801378186,28.159323562724623],[76.30162802822701,28.15856827528499],[76.30143359147702,28.160043437602898],[76.28070673418044,28.16552987446277],[76.28243257301273,28.171269624012126],[76.28957883009969,28.170263337061268],[76.29226174840869,28.17921600594131],[76.30522868339659,28.175879858179826],[76.30738232871326,28.179057471077794],[76.3087726171425,28.17890050541533],[76.33219698587989,28.17014954369868],[76.33344099085161,28.172440926469175],[76.34523802469218,28.169401928710492],[76.35783648422523,28.161052819086315],[76.35424424537155,28.15495187261836],[76.35822648600919,28.154923305969593],[76.35655680086535,28.143744155172445],[76.36631560942851,28.136814877315263],[76.38072378888181,28.133405415277235],[76.38363789401907,28.136798137473093],[76.39067066064803,28.13482163660772],[76.39246762449123,28.13754184830405],[76.3946222525648,28.13727945758981],[76.39973147374383,28.145106362358323],[76.43155086830589,28.14106906592256],[76.43630141464986,28.148794461284705],[76.44881615389338,28.14710979508086],[76.45884246907009,28.147551175933376],[76.46505522565987,28.15168426839973],[76.4725718518503,28.15046578733328],[76.47572146201739,28.148585994480744],[76.47555153130835,28.143456394210983],[76.47130211823047,28.138506701655377],[76.47204205693676,28.135076986207224],[76.47674147836128,28.132047310200296],[76.47636153860681,28.130847399108095],[76.48121020164102,28.1286699800745],[76.48230400111078,28.130896843475607],[76.49194954738795,28.129887764768615],[76.48709009558716,28.119927633981323],[76.50180835461191,28.118858823582478],[76.49916612639203,28.100240399870266],[76.47891096367132,28.10060530203847],[76.47555791743173,28.105615492320663],[76.47614535184715,28.1080601680088],[76.46367410813137,28.108962271808906],[76.45775414573029,28.106198985981493],[76.45203501249084,28.091220054426312],[76.44782557354475,28.088960153993927],[76.46715843147165,28.07902509251634],[76.471782575872,28.080241285842984],[76.478891684927,28.07767161793003],[76.50152197978419,28.06006313954058],[76.4968496973627,28.05381376884599],[76.48942067038723,28.052783755794163],[76.47514906270487,28.054496473062933],[76.47495327219376,28.057298308891973],[76.47218633355791,28.058328800311106],[76.46847318416191,28.057153098063903],[76.46150401556015,28.058662668305132],[76.45465509993393,28.0423239823817],[76.46056496616949,28.040812080869994],[76.46371274197678,28.042526364407852],[76.46900960235405,28.04099353573532],[76.48007319140952,28.040687820661724],[76.4811677346843,28.04196820064667],[76.49740955799051,28.043314665005013],[76.50255907040665,28.031445685992974],[76.5081074617584,28.03041104204763],[76.51051806117894,28.031885818822857],[76.5100725192559,28.029748407457877],[76.51929727578938,28.032340765697334],[76.52925510071384,28.040351428656535],[76.54380594251575,28.03422037355829],[76.5409445370446,28.030064648228223],[76.5392550530319,28.02321131632448],[76.54279192422304,28.017781345298857],[76.54544376351815,28.00729838430963],[76.5440328928891,28.007426724757664],[76.540704425454,28.002178694827283],[76.53691492464876,28.00035876670763],[76.54272418675905,27.99949894558841],[76.54107452865613,27.984790071099415],[76.53593523727125,27.979530383807408],[76.5380650655548,27.96772135188227],[76.54470425061335,27.963681791360454],[76.54812381081155,27.963851840469783],[76.56054630744843,27.965921983468135],[76.56344296550624,27.978191304205996],[76.57927182249655,27.979014174272052],[76.58262072390944,27.991773788757857],[76.58686387572979,27.993403701690905],[76.58876321607437,27.997965414582538],[76.60073214973103,27.999628384347076],[76.60506183177114,28.00395365708487],[76.64066311750969,28.002338067746397],[76.65772787037966,28.00744968927396],[76.668139026519,28.01384028477728],[76.66301028225388,28.02986987010198],[76.65949209063079,28.032914533384524],[76.65437555267374,28.03469927784881],[76.65863486428773,28.042934825958778],[76.65855410394707,28.04693870265272],[76.65556969755396,28.05313103888896],[76.65190436548055,28.056347766785354],[76.65163246610531,28.0616411092377],[76.655560488924,28.075757814046547],[76.65724817989943,28.08931270446216],[76.66335782426765,28.091219743769106],[76.68734189732595,28.087671120740787],[76.68799033543402,28.090251284574695],[76.68498567562452,28.091594302986675],[76.69817338866147,28.11199712769343],[76.7030061829562,28.107614072322875],[76.71204131052313,28.125472230008253],[76.71574083337457,28.127752181764475],[76.74354733498487,28.12104314692011],[76.75311598188046,28.135132219374707],[76.76243472015898,28.142651799889965],[76.77146354155258,28.145031783447983],[76.77635292072708,28.144121945709745],[76.78205216346954,28.147081819607823],[76.78379190462917,28.150931551129997],[76.79007110421064,28.150471700816176],[76.79480051589094,28.148411953025814],[76.80061964419795,28.162360966582703],[76.80026966954641,28.164480792715654],[76.79606018927787,28.166940522628597],[76.79742000415774,28.168460427975],[76.79501030215417,28.169410309546045],[76.79572011316242,28.180439455470196],[76.79247049624969,28.184209099610207],[76.79751978183297,28.191828594813206],[76.80034941209585,28.19250859568897],[76.80121934151533,28.1877589850398],[76.80620871126577,28.186559172573343],[76.80914833125206,28.187059184684532],[76.81223789982222,28.19092894180217],[76.8130177767277,28.193298771348008],[76.80475880254944,28.19731829894117],[76.80479873266381,28.20455773222106],[76.8083882154862,28.21088730052009],[76.81277767052701,28.20901753055421],[76.8311953059778,28.209187860458883],[76.83816431647607,28.219967144650898],[76.84123391459916,28.22075713939397],[76.8460433050858,28.219557322250587],[76.84847308982584,28.22164716322025],[76.8549624296068,28.220147114660353],[76.85759578516664,28.22121677775172],[76.8624910510012,28.2194127111282],[76.86751340599056,28.219859774519264],[76.87488904698702,28.217789138929348],[76.8727242760356,28.215073027775805],[76.87304526295122,28.211039463240652],[76.87098270410942,28.206608842075944],[76.87351906138151,28.205521634627374],[76.8783522814777,28.207141340943547],[76.88885886205641,28.20322454907287],[76.89086574331691,28.204983965327262],[76.90675440295229,28.200329755476943],[76.90616281293038,28.197325003126238],[76.90203308060116,28.198995182399198],[76.89862989399566,28.193369633459373],[76.8922491398713,28.193253236110465],[76.8925072312423,28.183606983016755],[76.90244096874076,28.181128485153998],[76.90148820566893,28.178678787896818],[76.907011017493,28.172965703599274],[76.90652706720167,28.171905497342323],[76.91972187962429,28.166920965045403],[76.93197413473506,28.153065351768035],[76.95093404269869,28.14990259351781],[76.94814949349,28.14223395162428],[76.95791211540157,28.142242024869674],[76.97053708601528,28.138448502856356],[76.96193369506214,28.11129302483048],[76.96141030513657,28.099598602404992],[76.95794121363025,28.087531540605664],[76.95789787530768,28.077470119231798],[76.95456274955967,28.073145187915138],[76.95383264740575,28.062614965523746],[76.94838218319973,28.057970705203143],[76.93958954326737,28.04300016700911],[76.93644484059665,28.0126771693037],[76.93078160861897,27.993553459571455],[76.93346801778121,27.982042952706184],[76.93786118555904,27.982970048483512],[76.93378446550969,27.972562797295765],[76.93314324626327,27.961508792768406],[76.93073542892517,27.953252975136806],[76.93151209615014,27.92264359640867],[76.95159919126766,27.918320679913997],[76.94957659937118,27.909564040903167],[76.95055248777336,27.89593733064471],[76.93763327488664,27.896516668531433],[76.93725259132711,27.879272137372716],[76.9412651447157,27.864475472228435],[76.9414628567232,27.855794260991463],[76.94297954979102,27.85386690384226],[76.94229257665224,27.842915519311006],[76.93567588720502,27.82910381834732],[76.92157858951875,27.833607638883297],[76.91500108997411,27.83483236499544],[76.91419862852408,27.833397795866226],[76.9099649449468,27.815197372802754],[76.91401717422657,27.808401212970082],[76.91858891450649,27.807732123186536],[76.91897827758828,27.804433752121767],[76.91360863301178,27.801299398531093],[76.91149620689191,27.796381847984097],[76.91332014444815,27.788882382149417],[76.90901734539126,27.787200478783205],[76.90614603150253,27.788076413712673],[76.90758021610817,27.782643624429937],[76.90637172782777,27.779178647550662],[76.90225670900462,27.775628498081648],[76.90362979918777,27.769622667577202],[76.90082361944535,27.764948648720843],[76.90022744711715,27.748294045738017],[76.90140805797931,27.743989313397215],[76.89957057562519,27.736720703417387],[76.8966904582467,27.738137926901295],[76.89239449806405,27.733472995526892],[76.89211942224595,27.725680676161662],[76.89407646317785,27.72436288764634],[76.89420995103244,27.717943473953373],[76.90466718984752,27.71733608453999],[76.91105394651458,27.714943474745464],[76.91875363947845,27.70981052023841],[76.92059511664061,27.70340016781949],[76.92443737190924,27.699936206558295],[76.92032440843143,27.69572777976754],[76.91612808399022,27.698143036988316],[76.9083453624396,27.69369614225615],[76.89440164612418,27.701325584093084],[76.88958583178493,27.700765132414777],[76.89003626323804,27.695720601338625],[76.90594053289814,27.686305798872848],[76.89830015569251,27.67754923309639],[76.91060795184065,27.668035196742508],[76.90642003383387,27.661705648175882],[76.91177513558426,27.657981851063155],[76.91054275930387,27.654688296606643],[76.91545106418477,27.652599414861406],[76.92567070040386,27.661318401591608],[76.9319388426225,27.65882802786402],[76.93278037180423,27.656247909045252],[76.93729568351127,27.666717751929987],[76.94307157590367,27.673830042695563],[76.95283848277916,27.668049772050416],[76.95286260973103,27.666470512605805],[76.95821899427564,27.662852502949],[76.96347558767029,27.661370046059094],[76.96528414247564,27.65874836849405],[76.97908642803273,27.653612087612277],[76.98216092736398,27.679175784855317],[76.98828368533873,27.692879958545777],[76.9869121474444,27.695167133104768],[76.99053216041005,27.71115538660275],[77.00008835755415,27.736985518973427],[77.01154095934844,27.731804618923537],[77.01980629359895,27.745787113852774],[77.02508240019817,27.743918565785005],[77.0260892723928,27.746396374422506],[77.03392574374014,27.74523331773172],[77.03646381589611,27.748628075194645],[77.0450640241182,27.74330008948417],[77.0445122429381,27.741919114605828],[77.0468415502153,27.739736569312893],[77.04612819175998,27.737313224768823],[77.0503083995267,27.73505502424195],[77.04872858813206,27.731543645580185],[77.05962370534252,27.726500354974654],[77.06542165766334,27.731421304022085],[77.07280488672902,27.73116253467135],[77.077229883614,27.735522820462663],[77.08565183284607,27.738106559223123],[77.08246920240575,27.745897943178594],[77.07818180406609,27.751214371456722],[77.08007552275359,27.757523310865665],[77.07620918724548,27.766394312856935],[77.07454822923461,27.767023253651715],[77.07208423575021,27.76448205914326],[77.06961241165149,27.767490592230185],[77.05954241050422,27.760930160638726],[77.05584325147046,27.763436952946687],[77.05756887201214,27.77002548087422],[77.05612744429041,27.771215902267038],[77.04763367025978,27.774441986202522],[77.03575754963995,27.7815501498857],[77.03438557696104,27.778129164912645],[77.0265671123436,27.779256289256143],[77.03302340490185,27.799256670313653],[77.03869702499749,27.810969107123388],[77.04056250065248,27.813420304564342],[77.04437384219722,27.81301204974689],[77.04581806996771,27.815810300676837],[77.04270978859188,27.8191338922756],[77.04478851171889,27.821833301642098],[77.05378916464012,27.817791059502152],[77.05554943769387,27.81876651189514],[77.0638479341514,27.812117902232576],[77.07460753600964,27.814411880627233],[77.08166410979024,27.80710037775889],[77.08114040635265,27.804731973108634],[77.10846971659579,27.786328477081177],[77.1130914490196,27.787267488484925],[77.12284240720548,27.793476632563248],[77.13450613375281,27.78688889242605],[77.13188693204859,27.77852416810886],[77.13521031322256,27.775938080402],[77.14356709147741,27.786445892395264],[77.15135472321936,27.78676055085636],[77.15649871818302,27.785378858128063],[77.15751877584941,27.786475024076537],[77.16079853483318,27.793436289815375],[77.16154267765498,27.803305405256904],[77.15657712044609,27.810443154281476],[77.15731397972756,27.814332366699386],[77.15995891007982,27.81750376066979],[77.16722458830239,27.81380194183424],[77.17984217296782,27.817998271906927],[77.18960125641549,27.809840966388325],[77.1854010395741,27.803160511489924],[77.18286374266424,27.80266074546427],[77.17892237627032,27.805234091936462],[77.17356468916854,27.79525993537338],[77.16908821252956,27.79175099521795],[77.17701557541733,27.786320393856055],[77.17779259208693,27.78794894535333],[77.18328699199517,27.787635413275005],[77.19044497838483,27.79518998158594],[77.1926722684868,27.794972319479204],[77.19856093358332,27.799675411971318],[77.19179769298069,27.807240601294602],[77.19264547803006,27.809027304642964],[77.19134192194153,27.80993485878385],[77.19741372118513,27.8162469845998],[77.20206435420826,27.82461152114662],[77.20336852833775,27.82429501236999],[77.20670062676324,27.814628344580345],[77.213323178616,27.808505994608854],[77.21064387243274,27.80195171619133],[77.22237036876052,27.796737192713536],[77.2265689344984,27.799432375768408],[77.23258968877262,27.797356837836706],[77.23821728188804,27.79312012488402],[77.23380812499644,27.78791668207175],[77.2366922758106,27.785369688423348],[77.2426833407647,27.784895513180697],[77.24811474721193,27.79204244130374],[77.2488898917925,27.79000386150742],[77.25236450434457,27.790706494301293],[77.26442552430105,27.80466344854418],[77.26874884716722,27.814958739610702],[77.28369488032048,27.80108255520394],[77.2901419606555,27.810457288641395],[77.29855721833704,27.81521339591578],[77.29647098798918,27.825238508454845],[77.30355410159655,27.825548693076303],[77.30647107595283,27.82754446933067],[77.31080131135514,27.82579141662555],[77.31249508123005,27.828016663852985],[77.32069294481622,27.825358161788394],[77.33117091764635,27.831074154344034],[77.33528836012418,27.833796819533852],[77.33320357696226,27.834162387107874],[77.33198548928476,27.837481472066997],[77.33515114066789,27.842021527543377],[77.33514916796753,27.847440486286914],[77.34832495317413,27.855569924177534],[77.36088825893516,27.850795355504843],[77.3652498284729,27.853805583063117],[77.37703296537599,27.857097787208],[77.37700761761363,27.85888002449813],[77.38996820780066,27.857336247527098],[77.39702390482552,27.853373845101025],[77.4104251950162,27.851783016779628],[77.42184823055956,27.854401121549852],[77.42232183675038,27.8578165372166],[77.4117449630007,27.86641509615269],[77.41281240949328,27.869807545275844],[77.40931408321431,27.874194922520523],[77.41038389317438,27.879834501143094],[77.41606204616893,27.883816639336548],[77.42012707733981,27.890466043056243],[77.42783445269598,27.889867842887195],[77.42828340013224,27.89094551022082],[77.45002939971192,27.87118710433542],[77.46090891677915,27.87622530911847],[77.47325992189248,27.88454177146566],[77.47874846119181,27.894473168575058],[77.47948805763994,27.897883710285857],[77.47804132356981,27.898538957097095],[77.48069638152862,27.907917424120377],[77.47883526270275,27.91090572276185],[77.48048413837307,27.91505135236947],[77.47708297207865,27.916357478635735],[77.47964197318409,27.921689821599223],[77.47566853962948,27.924768762552695],[77.47749560961114,27.9283047518657],[77.47589481446978,27.927732985446134],[77.47527653729739,27.92927649369929],[77.49223286980076,27.938501420678296],[77.50179491048578,27.92541622130461],[77.50769193440607,27.925994456805302],[77.51658959817493,27.933338209751945],[77.5259983710011,27.927529456837057],[77.52617284718548,27.92551280906676],[77.52938329036532,27.925510543016355],[77.53662522162331,27.934178380466957],[77.53689637809184,27.938072429871],[77.54500349656288,27.953589455022428],[77.54589952383797,27.95822828263277],[77.54405635424985,27.96240977591629],[77.51884924200016,27.962390043016036],[77.51690941189081,27.971159317654838],[77.5193690629191,27.975169049202705],[77.52126880301398,27.97683895371991],[77.5294777518107,27.976369145622368],[77.53778666243731,27.979239073042184],[77.5418161077465,27.983478816298533],[77.54240535406386,27.9892591779279],[77.52805905955047,27.997903524292866],[77.52587977721392,28.000192155620073],[77.52491945841227,28.006948642151375],[77.52130350493343,28.014166263486498],[77.50836500342089,28.02280754264234],[77.50818480945975,28.025271233592367],[77.51190487229015,28.027787408158105],[77.51273512312349,28.031921327830432],[77.51010969160278,28.03337690001548],[77.4884040335659,28.03672478879869],[77.48363300563342,28.040478003632707],[77.48533571015221,28.044668166373118],[77.49305271275328,28.046854585258068],[77.49859707336435,28.052277549392304],[77.50123377784357,28.058546639861255],[77.49978468839078,28.06333505380154],[77.48965752025545,28.072620207263455],[77.48658615694286,28.073552121474666],[77.47824021776024,28.080421163512195],[77.47425340559613,28.087462508119792],[77.47872409977963,28.091632670596113],[77.47884488276112,28.0954766909663],[77.48181017031006,28.099688532192975],[77.4826114217294,28.10721365836645],[77.48979962385192,28.10558813279358],[77.49216953498001,28.09512771732116],[77.49937317734565,28.094634146610566],[77.5005309718979,28.09704695451645],[77.49789375987054,28.10448929431409],[77.49842814427684,28.108928204205647],[77.5017859488925,28.1148143826943],[77.50937403786043,28.119937017755152],[77.51235145176734,28.12488375579316],[77.51234932096348,28.127184737064148],[77.50907405894603,28.130254834941486],[77.49376292620676,28.1328767653033],[77.49134939558347,28.136565045276388],[77.4921864637315,28.138720983388076],[77.50236129737414,28.143240144847844],[77.50427785123615,28.145578231933886],[77.50467838846178,28.1497691932358],[77.50048914184669,28.154841476592555],[77.50209658452115,28.161222111899153],[77.5111936051128,28.166890981654205],[77.51574783722783,28.16344286968324],[77.52228626904075,28.16123667395135],[77.53695455388794,28.16567144616747],[77.54627979057922,28.172342635940943],[77.54963768502643,28.179790096399596],[77.54794783809433,28.187142884161503],[77.54358543671663,28.191293679212666],[77.53542988737365,28.18951153002225],[77.53062148503382,28.185897224737154],[77.51994058098433,28.19239664146542],[77.51556937701517,28.1929161086425],[77.5088402364607,28.186630475427236],[77.5062132427697,28.181516340875277],[77.50325345291033,28.180802970446727],[77.49847881824202,28.184638411636186],[77.49970567257839,28.194847371955113],[77.49729090766988,28.206043728801756],[77.50206426942543,28.209624980408044],[77.50587868051348,28.209560235614045],[77.5174840677713,28.20462430876807],[77.52333036203088,28.19602142469979],[77.53036989746545,28.198739916407458],[77.5346072353893,28.20384004584156],[77.53524761111767,28.210297194942257],[77.53289179545474,28.214459683130908],[77.52143309140472,28.22024488789288],[77.52128697323724,28.224476199294536],[77.52583679642086,28.229030953104893],[77.54675514399328,28.23801989963147],[77.5504251841371,28.2423838474094],[77.54461375618868,28.248882908329453],[77.54234264447051,28.247585526366613],[77.53742105440489,28.24829560282708],[77.53235986434744,28.244977089542953],[77.52471807139695,28.24575274587518],[77.5222506553313,28.24229398683955],[77.51882170324684,28.242476305191236],[77.5133332465925,28.24716788714375],[77.50825047900196,28.246785271855835],[77.50949587187084,28.24947355234808],[77.50121329984836,28.252120929944798],[77.49887411020472,28.24703327086177],[77.49268732840133,28.252002028067608],[77.49079530303813,28.271343239470056],[77.49414079624283,28.27485160948251],[77.49466677601137,28.27276964876648],[77.498772348151,28.278429226610253],[77.50343334413924,28.2800849609721],[77.5002926380732,28.28153469855154],[77.50173228263914,28.283882139321605],[77.49849665429198,28.28561709833899],[77.50293932103864,28.289103228306637],[77.50707516101346,28.305701031724766],[77.48570873108235,28.321646583064005],[77.48485838763104,28.3257124473809],[77.48194556169473,28.325073271815548],[77.47174532189926,28.32812824385993],[77.47318005357887,28.332565420651648],[77.47122017936059,28.33484241604158],[77.4781795437493,28.33935532198554],[77.49014754136147,28.34347265751815],[77.49630292165578,28.3491602131878],[77.50520171820021,28.362659333991825],[77.50005179255903,28.365659433694],[77.50482622600472,28.370008525022644],[77.50278594448366,28.369934496925012],[77.49122176833781,28.385174150748014],[77.4828096206238,28.387835672586927],[77.47344550125375,28.396997054887695],[77.47566570544477,28.399587950101804],[77.48021255340815,28.398751497603186],[77.48130219457644,28.404912419552637],[77.48376857937612,28.408101572013383],[77.47762753978704,28.419069929391533],[77.47527791710966,28.419377981836053],[77.47274072709928,28.416899128575846],[77.47036235294294,28.417422461578326],[77.46354911121325,28.41516680389701],[77.46114126333245,28.417696142886278],[77.46249982685913,28.424375187481992],[77.45160847089475,28.424765609865318],[77.4522455390263,28.42690260799085],[77.44125576902928,28.428742674303837],[77.44212069752757,28.43085332400276],[77.4355215369065,28.430967427434368],[77.43921147563216,28.43506229254371],[77.43596365714663,28.43772817424408],[77.43826517863378,28.438694734407008],[77.43343833927105,28.454931332111656],[77.41900267945489,28.452255108586893],[77.40005478106829,28.455658624363792],[77.40809433724684,28.46718807675916],[77.40577920268984,28.465788208610874],[77.39193725561464,28.47205041268692],[77.3873361089839,28.468025967446223],[77.38046640095209,28.470289671114017],[77.37818644352332,28.47254149875319],[77.37834229583521,28.47455607400742],[77.37474814087503,28.476492950698447],[77.37005968159194,28.48571610263588],[77.37173240663473,28.498453408587526],[77.36777185851453,28.500258648628083],[77.36269172478443,28.49884424189634],[77.3580992846254,28.50186025011556],[77.35561591987023,28.49921786825268],[77.35246570423863,28.49961056895573],[77.34773024869313,28.504206636663802],[77.34760692347933,28.51048042472645],[77.3454328208287,28.513265547953917]]]}}]}