{"type":"FeatureCollection","features":[{"type":"Feature","properties":{"shapeName":"Jhārkhand","shapeISO":"IN-JH","shapeID":"1811400B52412412689061","shapeGroup":"IND","shapeType":"ADM1","displayName":"Jharkhand","coverage":"context"},"geometry":{"type":"Polygon","coordinates":[[[83.3298774625774,24.101694597944302],[83.34851307513021,24.096207146442055],[83.36421816673224,24.103333092587587],[83.38780727032308,24.10002287346732],[83.40092212460057,24.092202433956135],[83.40304747747737,24.08527023997873],[83.40661984739359,24.08049230417376],[83.42120024825991,24.082768773077216],[83.4264613880282,24.08632505419561],[83.43163897100038,24.085986109525347],[83.43418269176286,24.08425038919416],[83.43794433670944,24.075065124685814],[83.43726292414225,24.058839393758948],[83.44709810836918,24.049858370142857],[83.45146746180886,24.042779431169237],[83.45571988424295,24.041371547581935],[83.47922688720669,24.04093127340586],[83.49246365634295,24.03673398962576],[83.49984291755003,24.032645150352344],[83.50824031223213,24.031204265390656],[83.51569460522329,24.027215443705277],[83.51614617933345,24.02248968710122],[83.52387821524079,24.011427130537253],[83.52290416119843,24.006411058392455],[83.51518873424239,23.999356052046668],[83.51377591876076,23.996401060892918],[83.51546934817422,23.990034645931843],[83.5152778498135,23.980738603976075],[83.52257609645667,23.97037675212108],[83.52646220927409,23.960550631020492],[83.53533549815603,23.95250600379427],[83.54134775526602,23.943494118947235],[83.54736459737718,23.937594355107862],[83.54921659021808,23.931068500793625],[83.54689364480973,23.91435397239757],[83.55341841414547,23.898117768508254],[83.55553603342597,23.894854359747765],[83.5591284582309,23.89295012288456],[83.57040040343168,23.894501203562474],[83.57630836523887,23.892963999306136],[83.58573195577566,23.88645259002758],[83.58600811136871,23.88266063357316],[83.58350555500581,23.877832588755282],[83.58133621432451,23.875637269792346],[83.57439269262413,23.873317566318818],[83.5694605841848,23.869129855919752],[83.56890923778928,23.866230700324206],[83.5711641376115,23.862185231071756],[83.57463155375984,23.861261089742445],[83.5823892114157,23.86356274436575],[83.58967309848906,23.8633635224268],[83.61026163589312,23.854021058278487],[83.61805968539744,23.855536833471426],[83.64335285175974,23.846978595354535],[83.6546154383119,23.849948415167145],[83.65946758770774,23.84931408865809],[83.66652999514778,23.84433360303195],[83.66846093013922,23.836715594065687],[83.66332419805458,23.83124525233062],[83.6644641412855,23.827706175751032],[83.67431334372245,23.827224551487262],[83.67866059141961,23.821733591144664],[83.68278904544617,23.819431672110625],[83.68525599438784,23.820378015709995],[83.68870217076959,23.8256309064838],[83.6914663138483,23.826466185860816],[83.7025671677167,23.82302316542537],[83.7053201159903,23.820808402102383],[83.70761114156167,23.817465046377595],[83.70436336439863,23.806658922321024],[83.70510908017052,23.80392306335143],[83.71263220746863,23.8007273405302],[83.72259557230343,23.786629811049483],[83.7215622501136,23.771540266969275],[83.72427852646237,23.76877396964608],[83.73408444627229,23.76475020369346],[83.7377086840147,23.760541098710053],[83.73944888421342,23.7343671136501],[83.74604055737659,23.71954646115311],[83.74208845162347,23.703880995642365],[83.73504286064556,23.700357955816933],[83.73208846427114,23.695053395538267],[83.72299509263618,23.688815854442133],[83.72283233497467,23.685916081925004],[83.72997923705204,23.67588985684916],[83.73882530518422,23.666819168732328],[83.74620696309645,23.663040639924663],[83.76109615804506,23.651514824975745],[83.76054739071272,23.647948342706645],[83.75318538524397,23.643445208098033],[83.75189167379257,23.63871725873601],[83.75942131657148,23.626062490216725],[83.77232437415614,23.62383231615551],[83.77511133084975,23.62199546403053],[83.77634396584499,23.617644980927647],[83.77245393637294,23.610950244735537],[83.775292268616,23.609006171930996],[83.7898419776423,23.604616050827733],[83.79448971539524,23.605154324723518],[83.80061582498433,23.602068547393273],[83.80435071720345,23.595423331247062],[83.8053904740257,23.588875800675368],[83.8071953601114,23.587523361980743],[83.81202541634117,23.58900324174013],[83.81534551956268,23.59625385669084],[83.82584632038083,23.590766342687488],[83.83857643430699,23.589447116054505],[83.84465362523898,23.58670139016199],[83.85302469658826,23.587105974606033],[83.88803589698298,23.578815252765466],[83.89442553005561,23.582706153993016],[83.89936563619588,23.582461939262448],[83.90014321880413,23.580203535771506],[83.90853685942665,23.576301190983212],[83.91876497574201,23.576414239266185],[83.93766469478497,23.56904559312921],[83.93977527127365,23.570910040137232],[83.93800582462421,23.58430281292798],[83.93908911829672,23.59036118749666],[83.9329616145223,23.600807225620056],[83.93378713752232,23.60741097511315],[83.9306219092457,23.61129181268752],[83.93052689533638,23.618310558758793],[83.93187719975235,23.62046688118928],[83.94249118110982,23.62604579198378],[83.94772449825713,23.626753560961557],[83.96131469966049,23.62523375852036],[83.96932091576556,23.626744065841457],[83.97271771534943,23.6259712239654],[83.97345694258998,23.62406357011247],[83.97547461531198,23.62576332741792],[83.98042008798775,23.62493926697069],[83.97948000373786,23.6287742512129],[83.9806206278918,23.633705656696975],[83.98733180124225,23.63234725793788],[83.99710613628679,23.634531317790994],[84.01656153699483,23.63442871038149],[84.01390364485133,23.63026244998635],[84.00867010582014,23.627907142563096],[84.00767747012611,23.622348281342823],[84.01105577160162,23.620659783534702],[84.01669902774235,23.608468312244423],[84.02083405025024,23.604468737518154],[84.02847980387287,23.602377301506323],[84.03002988911643,23.600045030114046],[84.0281187242478,23.5937641999785],[84.02974100709073,23.5858150267806],[84.02801538565076,23.577821894079843],[84.02950481934128,23.566452469849985],[84.02641191802142,23.556819982973607],[84.0243461998048,23.55561777743612],[84.02650780329654,23.553000633451703],[84.02802633521576,23.545656300460713],[84.02311425471571,23.53346359837175],[84.02081483887957,23.531028676530767],[84.0215566146406,23.52772976564296],[84.01743818940588,23.522660679175097],[84.01855384219152,23.517451609091903],[84.01513365407097,23.509051927122123],[84.01461463804253,23.503555494544408],[84.00526051961651,23.497897988875156],[84.00075348768146,23.496983524088016],[84.00107834992923,23.49398549197145],[83.9979683348049,23.486341719747095],[83.97615382610842,23.475884640354533],[83.9709766276152,23.466976452031734],[83.97255991908325,23.45503200287389],[83.98166800152931,23.422327063764264],[83.9781257377515,23.414309161092866],[83.98013504176834,23.41271415982594],[83.97715930681267,23.41092372211128],[83.97506460894496,23.40318685872808],[83.97212437540931,23.402728183304365],[83.97144807874767,23.4009317760314],[83.97280715431404,23.39994224038955],[83.97033812846746,23.394378932902875],[83.96231531239421,23.385400324564767],[83.96336686140118,23.37744335429331],[83.96925751985934,23.36687292687869],[83.97456665840991,23.362941845988548],[83.98950230883513,23.356885958950475],[83.9968261466841,23.35880519472482],[84.00256905204095,23.35740131210031],[84.00568119437588,23.35392514127998],[84.01169228726924,23.353746868114413],[84.01525477751397,23.3688227635488],[84.02310467777647,23.37800606259932],[84.03623201234821,23.378563646309818],[84.05096010343377,23.37456175640953],[84.05010689345836,23.37225492067481],[84.04724998405523,23.370594524704174],[84.0523587596699,23.367285034701773],[84.05322660230294,23.36379430871765],[84.05161900601658,23.35957653263365],[84.05377597599811,23.352640998760595],[84.06003799889304,23.350320384646107],[84.06655319128956,23.344109660458845],[84.06842930120087,23.338341184394313],[84.07472554451823,23.33332629388237],[84.07425965665233,23.32942190614059],[84.07292994072438,23.329126238745364],[84.06162678625401,23.30736988694462],[84.06745771303396,23.294202457595283],[84.06579583604656,23.290730548361353],[84.06321756068836,23.290367124029956],[84.06245307641525,23.288490001682472],[84.06410440718123,23.274339694927875],[84.05977223321456,23.269384634877742],[84.05370364993964,23.247353941976655],[84.05379785536518,23.24380170930127],[84.0590498628603,23.236041671267007],[84.05575633629645,23.22009312368451],[84.06332461202246,23.20607322324008],[84.06204655910479,23.202329946126884],[84.05827735842834,23.199294348523363],[84.05518451909225,23.192014990784454],[84.04290464707468,23.182703519336386],[84.04000188137125,23.174290591860313],[84.03236371132625,23.160539861632774],[84.03239743228539,23.154367346286467],[84.03665954843969,23.148225536973722],[84.03743837611297,23.1399337131614],[84.04481795801856,23.13485772786577],[84.04915058204121,23.134908264654914],[84.05826854415875,23.126228793140385],[84.0586833115968,23.12192753355475],[84.0625546525177,23.113464328116905],[84.06656383902063,23.110491367432672],[84.07308226894543,23.109037295813618],[84.0822638497514,23.112228504508888],[84.0934758404918,23.112477751701526],[84.0920937716474,23.11060845588025],[84.09793678436121,23.109233386637637],[84.10094657265265,23.106326424909767],[84.10587828403659,23.104853314954532],[84.10904098535235,23.097845292640002],[84.1129744483684,23.096729520373266],[84.11277036461055,23.093239092751535],[84.11536549865171,23.090077754983174],[84.12098169663776,23.0879560967805],[84.12680387292853,23.089300056705937],[84.13342901552258,23.083145795919922],[84.13389967613759,23.068999057044202],[84.13254810599537,23.065418218267514],[84.12625154557274,23.058250837644778],[84.1245169463698,23.04788836921881],[84.12475955707353,23.045398469821194],[84.12710636173583,23.0449546920429],[84.12535615520316,23.03697614637833],[84.13095022588712,23.022356633342106],[84.13391858477598,23.020265182967425],[84.14011585171536,23.009667893156802],[84.13835660363938,23.003464039151865],[84.14692434225552,22.990528481305752],[84.14796234197306,22.98588250636514],[84.14665901225992,22.978103408163484],[84.14946053423759,22.965434004204027],[84.17182727956009,22.97043174953306],[84.17828193359128,22.979852419393787],[84.17862881444496,22.981716948720262],[84.17640098804877,22.984309031218757],[84.17668678256483,22.990914675124444],[84.17506493720145,22.996730404436754],[84.17932930273723,23.001137475613618],[84.17542870997573,23.009870308633776],[84.17843612132495,23.01215839973911],[84.18054056950676,23.017161066065682],[84.17915267418942,23.021739172899963],[84.18081090671174,23.02616389332112],[84.1820620479001,23.026893188816565],[84.18415984046396,23.02560030129669],[84.18576980470945,23.027148406956908],[84.19671059945543,23.02426705326711],[84.20164030040978,23.021123259004966],[84.20327710721426,23.013986629636477],[84.20086973274559,23.01060286317274],[84.20036448160224,23.00615796355908],[84.20394143202812,23.001913555542373],[84.20784031888886,23.000634041826515],[84.21205891526091,22.993545105913682],[84.21676207727029,22.989239637322576],[84.21918319326785,22.97881777742111],[84.23031729288658,22.98338660173175],[84.2347752273998,22.982027008068883],[84.24254442840704,22.98337596313489],[84.24572772180407,22.97686753863458],[84.24917610534646,22.975637095674717],[84.25140817448576,22.97195886248113],[84.25351677827406,22.972297790055208],[84.26116708455854,22.97694524612733],[84.26188566042902,22.97942792398609],[84.26396941591825,22.97997891476125],[84.26643943530158,22.9837048346579],[84.2688444427095,22.984045931767753],[84.26783620238068,22.985253906465847],[84.27078670365998,22.98971154084505],[84.27293346069506,22.989588906605313],[84.27739070170887,22.992975765127504],[84.2802896810134,22.98959320187361],[84.27831640033781,22.98880187204732],[84.27882780943243,22.987497399856046],[84.27697754584845,22.98557426780512],[84.27440878275078,22.985684404890986],[84.27396616933558,22.981236366653757],[84.27704425474144,22.971820955881476],[84.27909488126133,22.97105479754825],[84.27874222693528,22.966965371171476],[84.28050313330132,22.964031097914603],[84.28412534983434,22.963448268860155],[84.30760085337265,22.967492085189225],[84.31288183602727,22.971914054017198],[84.32068637406286,22.97488368821439],[84.31963777602161,22.97745784583566],[84.32807368058162,22.981958839798164],[84.33951890271587,22.980047057566107],[84.34372462892483,22.976198796482695],[84.35103823406442,22.978182957584362],[84.36496584089183,22.974291859555493],[84.36982460009158,22.975820261269877],[84.37280657115195,22.979342639017673],[84.37410902949924,22.979134681318406],[84.37855063353886,22.975117708028403],[84.3821703850948,22.96845964040047],[84.38366826474562,22.95268434490165],[84.39287941898907,22.945470038095003],[84.39583231427862,22.939216151167006],[84.39636994160314,22.927346099864188],[84.39367835994149,22.92060107998147],[84.38894007919443,22.91488100431961],[84.38315951466424,22.91398289700767],[84.37751005655478,22.909690458582546],[84.3751540603305,22.904562362349143],[84.37564507137996,22.900752584744136],[84.38238404219857,22.896577226873546],[84.38311729294757,22.893485796745857],[84.37915371121667,22.883832452754046],[84.38056942017184,22.877242756080783],[84.3732462542627,22.872282310888743],[84.37246861236564,22.865322016686058],[84.360408563488,22.861210796659055],[84.35281229895271,22.865449430197994],[84.34834070645393,22.86064928455013],[84.34405352999812,22.85963261904679],[84.33817767936912,22.860403432044137],[84.33598967888274,22.86217273555967],[84.33358327549287,22.860626862326],[84.3241858169477,22.85100062706853],[84.32296087692124,22.848074866517667],[84.32171131586942,22.83780325766384],[84.3251641631405,22.83770503712421],[84.32529406042889,22.8350359825774],[84.3223945717796,22.82108332891612],[84.3156916476584,22.811978858497458],[84.31506454813157,22.800711239794353],[84.30790745107407,22.80115135558066],[84.30574496094513,22.79712944283882],[84.2993051407942,22.795945424350116],[84.29790640011645,22.794331864554614],[84.29111142652638,22.783440981306505],[84.29220481816095,22.77576846722943],[84.28982602359306,22.771432861504223],[84.28933310811522,22.766285621991564],[84.28554391004224,22.763942540666243],[84.27600279112018,22.7691902838522],[84.25983516236825,22.767692668121683],[84.25553372695396,22.760158961043093],[84.24309785979236,22.752240355545926],[84.24223029473872,22.748377612740057],[84.23183011691047,22.741890303632342],[84.22954066698411,22.736876912178182],[84.22975205674015,22.728015985426524],[84.23205403187652,22.725610756013477],[84.23395023081252,22.71157522720601],[84.2344012120346,22.704950666805725],[84.23289610184408,22.700390726548893],[84.2380787441279,22.691900681854456],[84.23404998333496,22.68598132361355],[84.2334303110789,22.680813830778334],[84.22027279131699,22.667262675380012],[84.21372884923812,22.665566111202548],[84.21225473272152,22.66578977431178],[84.21271010311206,22.668065393649936],[84.20786884399239,22.66843582896112],[84.20015506724151,22.666514850967463],[84.19653289742088,22.66229313545771],[84.19220546116898,22.660529132932602],[84.18799716757495,22.65528493538895],[84.18010108312706,22.651163316676975],[84.17265028188741,22.649758595016184],[84.16324272268515,22.645485168869946],[84.15623970466517,22.638590752343227],[84.15243506185752,22.63685784540541],[84.14002228768695,22.638476568486283],[84.12385072521239,22.637131639340186],[84.12276030071317,22.638677964635722],[84.1106776789691,22.64075707457128],[84.10453056048046,22.637233700249674],[84.09482873025915,22.635191488463033],[84.08398421964023,22.63817298754026],[84.06956573201904,22.620486272342774],[84.06481908077015,22.61193673914306],[84.05761253055795,22.605359127709868],[84.05274528946528,22.595870232424364],[84.04148354912614,22.59525950291273],[84.0329041728355,22.592105970503077],[84.02440169862135,22.591859322205305],[84.02321990108472,22.585803444912337],[84.0094739551673,22.573104553773465],[84.00699111772317,22.551029276936195],[84.00281444033556,22.545959915776116],[84.00998536785517,22.53173848144527],[84.00960042268792,22.528083926948288],[84.0120248301127,22.527377743232865],[84.00912746777568,22.526052383891994],[84.01210009995036,22.523732001932323],[84.02566858997159,22.52571015368722],[84.02786156532804,22.520456999749168],[84.03670572184531,22.51592735684246],[84.04939810024132,22.516997099644495],[84.05320734332157,22.512859582057427],[84.05986409224055,22.516388326942373],[84.06146817880912,22.513198284836072],[84.06468785397513,22.512436026071732],[84.06527097917211,22.507563953054603],[84.07563856612187,22.50615425702511],[84.07542754916669,22.502784782082127],[84.07111046510016,22.501952423711874],[84.08102499841443,22.494076765168977],[84.10249660309897,22.484137991261235],[84.10809667991893,22.48371849002027],[84.10898223014287,22.482637449473984],[84.10700646382891,22.482700015327694],[84.10645869003325,22.480600496611867],[84.11172099940805,22.477054766905987],[84.11949083103265,22.476247187643867],[84.12709582898913,22.47900040963172],[84.13043222944653,22.47731795780939],[84.13396952554082,22.47813908912924],[84.13436225910156,22.47657108767491],[84.1408355639547,22.473870138914783],[84.14268308049051,22.471645053343288],[84.14358946534084,22.462865867214028],[84.14318942039199,22.457005879056986],[84.13904631663978,22.447716825026575],[84.14069851517831,22.44134809281962],[84.1410758749713,22.425572312395442],[84.1562836700118,22.40768782229489],[84.16612930883203,22.399804091038195],[84.18503856439006,22.39018077498359],[84.19683971071797,22.378084457756753],[84.2142328975373,22.377935143203135],[84.23673693597792,22.38042447622306],[84.25041067261786,22.378960846137534],[84.25576173823767,22.3743767123465],[84.26896470736307,22.354502943899547],[84.27851878538142,22.349225985974837],[84.2901913962669,22.346836416358695],[84.29146180541981,22.342853962984957],[84.31133784944619,22.345107988573847],[84.3169843583865,22.342265509588785],[84.32489248475079,22.345227926690423],[84.3300956077248,22.344202736369954],[84.33966641057708,22.34750130835726],[84.34457173664451,22.34673146569975],[84.35692001087936,22.348922333879894],[84.35865271733198,22.347225466832263],[84.3657919666614,22.34814935848413],[84.36747417432036,22.353153252450785],[84.36966289974717,22.353914407588885],[84.37886339997137,22.352344481460143],[84.38317571847531,22.349063401906804],[84.39229062811756,22.34981583984983],[84.39692253126698,22.347350856813417],[84.39984377801078,22.34777271012876],[84.40047796973678,22.346413158559326],[84.41633961074335,22.352759588389706],[84.42484395974148,22.35410707868808],[84.42676019470159,22.351813427225782],[84.42940672675005,22.35248877541007],[84.43058865544072,22.353255566258454],[84.43014275059829,22.357881536756413],[84.43442790314975,22.360422197778338],[84.43347280266157,22.36271407340503],[84.4288568140657,22.364900322210005],[84.43026430702929,22.36594271350833],[84.42888979840629,22.37103014634794],[84.43095998843644,22.372985750188214],[84.4482200709818,22.380165324579675],[84.4503471692852,22.38249286010612],[84.46134174886221,22.3790028849767],[84.47617276352314,22.386604032457385],[84.48524827126036,22.38930724891956],[84.48455944938871,22.39253180777878],[84.47899757612115,22.394029792788057],[84.4804516808682,22.397931554208185],[84.47579801782761,22.401008310083824],[84.47473924097586,22.40803294605922],[84.47844735980625,22.41020319786884],[84.48018727793401,22.413308653303126],[84.48733569726585,22.413681819931252],[84.50838741411526,22.421094556155282],[84.51714263472446,22.41930161869394],[84.52455666252966,22.419929978316944],[84.52963505442646,22.422548887294507],[84.52989994065429,22.42554273339195],[84.53525364911765,22.427038544859293],[84.5359262016012,22.425230818634024],[84.5448886662414,22.42579460935371],[84.54755762113764,22.421667189207742],[84.56849202429918,22.42808679279607],[84.57520982182653,22.42762306669755],[84.59434599272366,22.430013912585974],[84.59554888270318,22.433129958516307],[84.59801930093847,22.43475116798304],[84.60275287900504,22.42877938350921],[84.61046330593821,22.4308913810087],[84.6221261736961,22.43151462805455],[84.62881385250864,22.43450751772199],[84.63969165379368,22.431211312505766],[84.66656160782138,22.419531542277124],[84.6716654157525,22.422656762732046],[84.67561741730104,22.42052800267274],[84.68334289281185,22.420540634055893],[84.68614985678354,22.418503308555103],[84.6987986641933,22.416356039183096],[84.71573232501557,22.417231683931934],[84.71894173513284,22.41985037972268],[84.74991217683566,22.41894310914081],[84.75223049232704,22.430558444645563],[84.75903844657296,22.44665163292526],[84.7799691890997,22.447461266014407],[84.79372899242868,22.446400205796575],[84.79498774504246,22.44900059407799],[84.8034041103467,22.448041039989995],[84.81020759098254,22.453307029244222],[84.81683740481604,22.444842435239533],[84.81756752493625,22.43711024955832],[84.82564806585131,22.433671216804523],[84.83685714515188,22.431456752136437],[84.8398683240354,22.43213724041176],[84.83992679807218,22.434630042456313],[84.84332368389428,22.43666179154343],[84.85142843350795,22.436327525571212],[84.87075881028801,22.439897430115344],[84.87060929828542,22.442694386007734],[84.88007195116398,22.44890457088816],[84.88077137315602,22.44663771204178],[84.88213910848174,22.447282924051862],[84.88406340312658,22.444405698208765],[84.8849006338697,22.436349113801718],[84.88930020843216,22.428211159966384],[84.88615930204185,22.425645883299076],[84.8861708723427,22.42014446430549],[84.89930464154683,22.422537538230255],[84.90942677552327,22.42268587566656],[84.91503143015792,22.4255754761469],[84.92596333966746,22.43499907239945],[84.92636429550801,22.439478397731836],[84.92155106921508,22.4413995315544],[84.92153132694007,22.44402672505771],[84.92961146271497,22.44670393647898],[84.93893501596341,22.44610103090566],[84.94245357589581,22.45054319443199],[84.94256369407827,22.45295540286512],[84.9543196272996,22.45873015144938],[84.95911672254498,22.453472067582553],[84.95895082167831,22.445028481874427],[84.96254106627204,22.44984108411241],[84.97067410563064,22.451641188721446],[85.01700181035916,22.471161393404753],[85.03476810075365,22.47393042514839],[85.03670584048335,22.47938241813876],[85.03522377207983,22.482473284215633],[85.03827390011742,22.483980213212362],[85.03882518991908,22.481194343199434],[85.0422894008785,22.479600562388068],[85.0430734810012,22.481898513368407],[85.05051814405252,22.482191234599824],[85.05700669780757,22.486198630587857],[85.0671553671192,22.48425962300972],[85.0696147342799,22.48010263500568],[85.07153252871535,22.47914126344888],[85.07575408862954,22.48023028237834],[85.07774509576062,22.47749074779829],[85.07649657046638,22.468680231412794],[85.07499225258988,22.468553917364833],[85.07381305926927,22.46565480469007],[85.0769053901589,22.463691216705495],[85.06428342171485,22.454623213452965],[85.05967271970442,22.44864260458963],[85.06243014967299,22.443450482062048],[85.06697072919235,22.440747134245072],[85.06554889372696,22.434337804486958],[85.06778087483133,22.42802437168438],[85.07414773920478,22.420868624445273],[85.07714593114422,22.420266448662517],[85.07749073239803,22.418209016212465],[85.08168686459977,22.417053996530967],[85.08033441141365,22.40960543799782],[85.08632153725524,22.399963052024802],[85.08607210474524,22.38943982886184],[85.08779498722191,22.387556952589573],[85.08644155756711,22.381471845614985],[85.07763466137118,22.36571578666693],[85.07900406486837,22.360315612426344],[85.0765394955639,22.356134097793024],[85.07879587131812,22.352295817933133],[85.08372603131158,22.34905603736007],[85.08321210244257,22.345268171084175],[85.0944830325471,22.346674501662378],[85.09562640824073,22.34468313774489],[85.08928512788658,22.319627639584546],[85.09197269407888,22.31604685495427],[85.09410950047554,22.31457117332137],[85.09614587791837,22.315078686396387],[85.10010168293387,22.31944418415651],[85.10626926594296,22.321427580155238],[85.11524768196766,22.319734728060915],[85.11799757866427,22.317554590266926],[85.11510084065638,22.314423012347326],[85.11407543442081,22.31040183323457],[85.1159216340264,22.30806627123737],[85.11427036254928,22.30583942734889],[85.11589503221595,22.304031017124064],[85.11695447022772,22.294448911762544],[85.1149225376489,22.293551322600997],[85.10699591407462,22.29570847966603],[85.09954042632411,22.293479645114072],[85.07096394814108,22.274631701395972],[85.0699899857269,22.271277367206807],[85.07371586784373,22.268946674611417],[85.07215177247498,22.26696844764727],[85.07456856488108,22.264766579199165],[85.07338249585526,22.26282000087508],[85.07661869103936,22.260998064896818],[85.07818240642072,22.25731401668092],[85.07398801695062,22.248391193076706],[85.07055555335168,22.24823634371995],[85.07007905997553,22.242500258481545],[85.07235584545299,22.237340518244103],[85.05886702162441,22.208614918087473],[85.05928097878208,22.205754671044684],[85.05243096002465,22.19509984135749],[85.04973097911513,22.194609382536406],[85.05426983117417,22.1836891860905],[85.05131271559941,22.180101956066505],[85.04411385676265,22.17715282565532],[85.04245396235706,22.173006956557582],[85.02981415696475,22.162385776350167],[85.02979649608628,22.155166233601502],[85.03454114858367,22.14441766877921],[85.03420220973537,22.13805431555373],[85.03220063931485,22.131869857588782],[85.02894655328356,22.127475977796948],[85.02840858549756,22.1221975928511],[85.02373612790464,22.117372450156463],[85.0016522602685,22.107569891645902],[84.99495804082237,22.103153097032486],[84.99254237131038,22.09968931309489],[84.98464265317716,22.095531170906636],[84.9843520975901,22.08586500157216],[84.98687162582365,22.08264074282158],[84.99074020801831,22.080953661175478],[84.99571329041434,22.081581707736827],[84.99866223132001,22.083880522059143],[85.0005539961718,22.08297243321186],[85.0012250466722,22.085419970836217],[85.01200791309968,22.090700949087715],[85.0136196613993,22.098282914819126],[85.01987812427076,22.104044755637883],[85.0213709491015,22.107214209720432],[85.02520614001871,22.109607847734953],[85.02909193034093,22.109203615213257],[85.0404566140184,22.115743033102333],[85.05542285028238,22.115578818142012],[85.06589860966368,22.11281338421467],[85.07061329795644,22.113195245015923],[85.08469928315837,22.106597358127242],[85.09848362217275,22.105899513858052],[85.10203629742466,22.097919621985966],[85.10086442896686,22.09386535004568],[85.1039261497632,22.089769771568356],[85.11204442531009,22.086927657070675],[85.11353478426537,22.082782222873295],[85.11266786599876,22.07902172526945],[85.12187309854787,22.070817634807266],[85.12666825073725,22.074771221924067],[85.14441543935556,22.079504771866766],[85.15477500165484,22.078482254133256],[85.1607198204398,22.074653918601904],[85.16035740681653,22.069493768043444],[85.16528930684669,22.063478265894183],[85.1677603422246,22.053448272777405],[85.17404711550223,22.051574660862553],[85.1709182267738,22.06437336111695],[85.16760420694338,22.06914773705272],[85.17098266023417,22.07029047817023],[85.17473314720662,22.074001891133275],[85.18101174132359,22.072814645949585],[85.18315367620221,22.064131021259755],[85.18723895899286,22.058162976684386],[85.19696611362035,22.056213454977165],[85.20613868612067,22.05090412138998],[85.2142560049618,22.049394990055884],[85.21569449519255,22.043110046020917],[85.21954920739918,22.03948929280973],[85.21729553018409,22.03352992206938],[85.22164017546186,22.018056894752004],[85.2260877721628,22.01602573330201],[85.22859248448235,22.012273309043785],[85.23674887015687,22.009374108604234],[85.23912647984692,22.009398510226212],[85.24076493865319,22.01372048349737],[85.24437014289138,22.01589963759414],[85.25188495538323,22.02707057896271],[85.26286054457513,22.05798471851779],[85.27281525144724,22.073579127404248],[85.27508377511907,22.082273345028614],[85.28126467834723,22.090412603453586],[85.30031854649633,22.106489353641162],[85.30961280388671,22.117920454245056],[85.3136846775251,22.120292757791038],[85.318806115792,22.120815136492194],[85.32347513822731,22.127636896890607],[85.34350534034294,22.127371718183326],[85.34615681941364,22.13025269991167],[85.35267784277465,22.128736760831465],[85.35967289273808,22.123860335438057],[85.36602365570836,22.122690693364124],[85.36730373792022,22.12732064809519],[85.3628290273691,22.131459170836855],[85.36398234831124,22.14033889712762],[85.36026367517458,22.14347291400849],[85.3634168471618,22.147469489725385],[85.363925388834,22.15212594475227],[85.3665065370045,22.153614965681843],[85.36608682703576,22.158903348108677],[85.37128867619869,22.161014684654212],[85.37720404281875,22.156621711024926],[85.38688829480658,22.155841353646753],[85.39416931176258,22.158280547926406],[85.3952454647269,22.159562276029597],[85.39440116783574,22.161422199482107],[85.39781212936003,22.16317410569879],[85.41231599735742,22.161609029164627],[85.42325705261487,22.15803138165587],[85.43567796821684,22.150666645142334],[85.44088736232982,22.149589996978158],[85.44511305000273,22.145907681509776],[85.44911719875356,22.145616049866494],[85.4639979154025,22.139142749370755],[85.4728181695467,22.13335694505153],[85.47658459173398,22.12834692688648],[85.48506423885841,22.126829885498577],[85.49204327814851,22.120307386115385],[85.5020032545381,22.119337373798885],[85.5171198948318,22.114867150082798],[85.52869529452882,22.10814528960985],[85.53627993306769,22.101861189257104],[85.54193136836906,22.101071421412932],[85.54117047735711,22.096325234651093],[85.54513621504468,22.089692068493235],[85.56259948303257,22.095295337654473],[85.56315685532705,22.09099460547282],[85.56836341345867,22.088112678527683],[85.57372162337995,22.09038228598788],[85.57912518025678,22.08765989369428],[85.58838880060439,22.08575215330548],[85.59240357822164,22.08321601101769],[85.59446036628604,22.07965094083553],[85.59935958830111,22.078337554048645],[85.60898940867095,22.079056845013746],[85.61336433256369,22.086259655982104],[85.61605926134808,22.085302051224],[85.6156285470171,22.080753203423114],[85.62710721792095,22.08130189581533],[85.63057521977086,22.085126091425874],[85.63241861932771,22.08416236410974],[85.63698432472556,22.087090936477694],[85.63976996269238,22.08666253167201],[85.64485956107234,22.094653539306073],[85.64991949887825,22.095625698199004],[85.65382205625525,22.094658209601448],[85.65746820750074,22.09154811158784],[85.65958354685704,22.083143643440827],[85.66378264349922,22.08255001348098],[85.66626723086151,22.076059664029607],[85.67245067093202,22.072644542881445],[85.67386336963264,22.066692084395495],[85.68065291200851,22.06214744446256],[85.67942188769263,22.05607881622416],[85.68523388247797,22.05451656887416],[85.68933524331557,22.056039890902426],[85.69164227327205,22.062281935905567],[85.70071381854058,22.061815989911505],[85.71013154936678,22.05875762657922],[85.71332750092444,22.062471864972405],[85.71795638393787,22.061740396935296],[85.72049538225691,22.063883052267414],[85.73016381042105,22.06526809352087],[85.74010441643813,22.070972448141173],[85.74934629575925,22.073554498759734],[85.75700939764663,22.07830101647553],[85.7573616594089,22.08457250020025],[85.76725394414854,22.092777076034835],[85.77877422950793,22.095519210163257],[85.78577498107843,22.09991661692784],[85.78657025241296,22.098544937131358],[85.79049608064739,22.10379483092271],[85.79895701316953,22.104342236091764],[85.79981386940666,22.10936181536747],[85.80737954720483,22.11609986694699],[85.80976784145689,22.11575193704454],[85.81578734617456,22.11268877048332],[85.82289017780236,22.106365937794894],[85.8152608130438,22.09498673548557],[85.82120407325174,22.096405849747885],[85.82393179593389,22.094560358099912],[85.83524952736636,22.09299168425238],[85.83830882810135,22.079510595586594],[85.82607893565125,22.074334067990705],[85.81819783600062,22.073477657527683],[85.7955999056465,22.08073310943463],[85.77724342660194,22.055622989735507],[85.78063837655462,22.045350049117115],[85.7853685059888,22.039774906270736],[85.78330854597313,22.03149896168573],[85.7808136953587,22.028580718631495],[85.77630478863964,22.027270346694632],[85.76898061122749,22.02238373132158],[85.7614579789011,22.01075846405313],[85.76118323905293,22.007561784008235],[85.76599721723575,21.994906527953567],[85.77718935969993,21.98964799821072],[85.78396412119609,21.984370417892656],[85.78717608881698,21.986026006175496],[85.79231065955499,21.98507047948787],[85.80549417206967,21.988635299194833],[85.81202483615034,21.985598836419577],[85.81791468163316,21.985291774225924],[85.82082141789016,21.983065919766176],[85.82304148823219,21.976922314161655],[85.82571169088835,21.975056946203516],[85.83350882141615,21.976088863791105],[85.83865105298692,21.980094275941802],[85.84532517712012,21.981040743775367],[85.84520362787566,21.982619008035435],[85.84969231082275,21.983218230923594],[85.88387004082212,21.979440106933154],[85.89375761210147,21.98057503945949],[85.89669497551976,21.983840431207938],[85.90082241265343,21.982692219201578],[85.9022491017163,21.97897483054007],[85.90441575643491,21.97792959207254],[85.90560587686264,21.972552808772992],[85.90725576493429,21.970345717921315],[85.90827690237562,21.97084512283595],[85.91132945855944,21.973150899533707],[85.90884835845708,21.97622824444479],[85.9132657744594,21.977738849048123],[85.91415841328927,21.979362010066623],[85.91244183429093,21.980231767540047],[85.91381518947709,21.984216151263883],[85.91211381895651,21.98569059251526],[85.91222070859385,21.989457596623925],[85.91690522517118,22.001012260189906],[85.91855316479695,22.00167596299024],[85.91929511662775,22.0081898207734],[85.91813754755265,22.009363987830582],[85.9229064464779,22.011230692835515],[85.93083693460451,22.023333191366955],[85.94355062642896,22.020353244832712],[85.96499069126388,22.05236007374196],[85.96872830448002,22.06078468902951],[85.9790528306866,22.073755488685958],[85.98112720686598,22.073236754312738],[85.98334214153951,22.075249849370124],[85.98835465458664,22.08752740333005],[85.99528983902289,22.095019489066207],[86.00391114328113,22.10979568993774],[86.00920589082082,22.115811466695508],[86.00938908605333,22.117783648159726],[86.00186665494957,22.125645706042672],[85.99712363199612,22.128016438279293],[85.99671424007674,22.13244023602479],[85.99874630111465,22.13302179168279],[85.99944496043697,22.135700039007066],[86.00348036606808,22.139572945163536],[86.00548597172086,22.15086786798098],[86.01479397603006,22.16081592643498],[86.01720160472193,22.171625405882246],[86.03125535118492,22.189993176891246],[86.03105001607392,22.193072311350583],[86.01833548881628,22.205335798268216],[86.0028317554835,22.213832290376555],[85.99126271855361,22.22675992628206],[85.98562911031908,22.237130788258078],[85.98088087444201,22.238908216457432],[85.97383534544785,22.247066035462502],[85.98965809569086,22.25440083017236],[85.99060079224158,22.256926975416196],[85.98766419418791,22.263141629443748],[85.98827731772552,22.2669664973555],[85.9964872582623,22.274174918460243],[85.99818853895137,22.27287848662616],[85.99979308905061,22.27589265818829],[86.00687313670785,22.279922831260787],[86.00951291701863,22.283838676099997],[86.00858216806117,22.28756560673554],[86.01708898473139,22.297262484237976],[86.02194123204362,22.299803110029277],[86.02435975280834,22.299562828129773],[86.0270070870523,22.30188781422021],[86.02960869345509,22.300073980412364],[86.03109643202465,22.300537431632705],[86.03092093625243,22.302109129345478],[86.0350636609156,22.30330882233291],[86.03665825498653,22.305851351072455],[86.03894709585516,22.305279130871476],[86.04874309197615,22.307983710692653],[86.04855242545541,22.311144171236503],[86.043311098929,22.31206353327544],[86.0404577243965,22.310035994069793],[86.0352469136403,22.310800898284917],[86.03136350205695,22.307241726553716],[86.0301405805449,22.308454641980425],[86.02356806215853,22.30854580640975],[86.01737988437323,22.313237962392247],[86.01573111111085,22.31237816243001],[86.01550989558224,22.31744411950323],[86.01328979290086,22.317388781456817],[86.01434267770266,22.32176426539524],[86.02902157704325,22.3343107815116],[86.02213999148674,22.338192211037153],[86.01206933995923,22.34060681560232],[86.01105466679468,22.340507694754592],[86.01161919686528,22.338497336428333],[86.01009334637146,22.338348571867922],[86.01058921730662,22.336965780900478],[86.0055232832462,22.334881010624233],[86.0002441349514,22.337978471973887],[85.99799471305576,22.34160496804155],[85.99818309426243,22.34514720439609],[86.00363884415555,22.34672546113414],[86.00710320872686,22.35085571114038],[86.0088274000489,22.349058710165483],[86.00987981862507,22.351030443949643],[86.01358770748674,22.352346565983165],[86.01711253406657,22.35903369239341],[86.02158329382709,22.36042417584193],[86.02395603105504,22.36427890151085],[86.02363578075793,22.37571339734894],[86.02689347622002,22.374120747591146],[86.02992996064506,22.37982566213799],[86.02774036025914,22.381837886901483],[86.02909849349282,22.385766971359843],[86.02539063337723,22.38985827465062],[86.02703101008665,22.395107230775547],[86.02254496549158,22.39769167565048],[86.02104210378415,22.40197943953573],[86.0218203017384,22.406507413279837],[86.01806694285197,22.42573151211239],[86.01369530769148,22.429410826538135],[86.00558531820477,22.42543968720591],[86.0025870382304,22.4262598727749],[85.98643582798692,22.435102221091615],[85.98149215822993,22.4411886029794],[85.9675382092051,22.451278411488644],[85.97049077571127,22.45875893719457],[85.96979661874512,22.460706379342994],[85.96130777287216,22.461043760291957],[85.95708126863066,22.46481039428924],[85.96255195930361,22.472785603965956],[85.96269358319975,22.485107462361196],[85.96834210975621,22.486281888827115],[85.97228757785771,22.49168173883636],[85.97091380046339,22.497381756757314],[85.97348321573796,22.499611235661114],[85.9733594943671,22.50584320254034],[85.9781042807135,22.50841158321297],[85.97996876193343,22.511350132784727],[85.98175110839036,22.510909726651626],[85.98448154757791,22.51511824933454],[85.98846620019208,22.515324033987593],[85.98957442570696,22.51667687332394],[85.99839950739751,22.51340817348917],[86.0041138678879,22.513844938570703],[86.0081573888993,22.51834633942027],[86.02304993725886,22.527524437495327],[86.0285048831598,22.524047355968605],[86.03381442146069,22.53449052087325],[86.02400012486073,22.54462960163635],[86.0321352195647,22.555030552514435],[86.04542162511201,22.56751235951127],[86.05287331837874,22.561700233417906],[86.06907799185637,22.555917180394584],[86.06821586340682,22.553307986560323],[86.06994765447617,22.550363008062497],[86.07767611868196,22.543866644319365],[86.08076589206799,22.537845189133428],[86.0910119890621,22.52611885495884],[86.10049499866332,22.51012577480304],[86.10399673494709,22.500865673769884],[86.11325861615632,22.49031421641585],[86.11845421214656,22.486686478551857],[86.12371805943711,22.488610335282473],[86.13227005507792,22.487410050504245],[86.15297680807845,22.482419863646495],[86.15193739351434,22.480300567985253],[86.15672066728074,22.480466650750405],[86.16044066004255,22.48255470698756],[86.17051789891605,22.481387349951103],[86.20025872126806,22.471799536652068],[86.20788886486599,22.47348124866346],[86.21153937653384,22.471450738877593],[86.22584962884139,22.45302752214445],[86.23780459279708,22.452450897287026],[86.25919945171199,22.44482058015483],[86.26627179631569,22.444465797995164],[86.26929037192724,22.442277614624878],[86.27642302402926,22.447325936861436],[86.28126552282401,22.448666445843063],[86.28174050074229,22.44741961900842],[86.28337679460873,22.447826514918233],[86.29411094899162,22.42682482349926],[86.29741803652297,22.42395638744657],[86.30508955113298,22.420923502849895],[86.30936189011523,22.414566314170617],[86.30829365310524,22.408983575853778],[86.32263665349647,22.396776600183767],[86.32450583290536,22.39193960574734],[86.32243821115863,22.38839574801277],[86.32287303618033,22.38476794344936],[86.33003690923003,22.377272173286716],[86.34174787099164,22.372406536827867],[86.35188706487365,22.36361750645819],[86.35956975811906,22.35305469800155],[86.3595238991238,22.34876696529971],[86.36777974177497,22.34384075049632],[86.3789556570719,22.34084964247876],[86.41047219272076,22.31999286775089],[86.42965227596392,22.316647392455547],[86.4303998683164,22.310290288887302],[86.43273436605931,22.306492745669704],[86.43727376159913,22.305579138035892],[86.44169110483789,22.30263992151726],[86.44453690836916,22.305762286725322],[86.4468792178618,22.311556766336274],[86.44523907561269,22.325169474380143],[86.44682599268121,22.327658512959665],[86.44854253215367,22.328276473956716],[86.45481382656064,22.32446567807162],[86.463801202382,22.32511223312762],[86.46567035484144,22.327771047232485],[86.46463277104388,22.329148159201317],[86.47065993210272,22.329752826663256],[86.46932539671327,22.33221431348277],[86.47142169717544,22.3357821621217],[86.47405320400244,22.335808783037663],[86.47463114412363,22.337075387018057],[86.47624469803698,22.334929367804328],[86.47671004242213,22.33626446289949],[86.48019670317882,22.33571516111419],[86.48569748741377,22.337290651350877],[86.488272261139,22.34506549249875],[86.48669911973535,22.346371628334413],[86.487216315777,22.347694383806413],[86.49531764370776,22.34613342149292],[86.4968712530422,22.347209692336264],[86.49801985782908,22.345475826221687],[86.49922428302942,22.346487882191532],[86.50036105520739,22.344448881275152],[86.50427490350923,22.342917336287723],[86.50579301861015,22.335730460795222],[86.50974498781933,22.333662878943205],[86.51010168456415,22.32723293089587],[86.52164827529,22.323426030445436],[86.52916150674697,22.322707161068926],[86.5300235651279,22.314354961445602],[86.52545350469757,22.314030658378375],[86.52809328680497,22.310107308194937],[86.5278261422125,22.3065634241576],[86.53435877450194,22.30113846386513],[86.53964214937017,22.305102978576713],[86.54069975931034,22.308249764056924],[86.54615175694053,22.306309784102893],[86.5506378114171,22.30060108928463],[86.55487341110086,22.298397859570116],[86.55735235883975,22.298322466048933],[86.56165225903324,22.301721907849192],[86.56882756404325,22.301433991036035],[86.57331970730077,22.299250726673183],[86.57369808668163,22.295900523844374],[86.57681568179034,22.295573874789365],[86.5769151854794,22.301238422192462],[86.58484001242311,22.30060113499659],[86.58737285638414,22.294413726963793],[86.58989818054792,22.293343723180122],[86.59057709040874,22.288590652878117],[86.5952614578657,22.28441358333904],[86.5956428681623,22.277636725367216],[86.60253211005995,22.278170819977866],[86.60600352999951,22.281165360756987],[86.612808918657,22.282544362888373],[86.62389417687375,22.27645428198163],[86.62882994415118,22.270599091439514],[86.63125811911026,22.273148425768127],[86.63858819935213,22.271743112684227],[86.64042685310936,22.270238246483512],[86.64200604556476,22.264584871546404],[86.64662949107581,22.26768052096454],[86.6464175371778,22.26539941084547],[86.65199282229253,22.262462065547357],[86.65668474547934,22.2498201677829],[86.65236642443267,22.243054878938707],[86.65314461430204,22.239060878491557],[86.65604756236348,22.23579119885483],[86.66089129095188,22.23690461993877],[86.66814679305888,22.242367166406684],[86.67066065112638,22.242182583550353],[86.67405656497135,22.239526251379004],[86.6757959737543,22.230088782316923],[86.68294449818903,22.22325478825723],[86.68830030152367,22.221393493805977],[86.69853672635712,22.221430881566246],[86.70214884582633,22.2202178919359],[86.70895517232496,22.222660368587714],[86.71435142410189,22.22014451784363],[86.72163224522517,22.220134825495055],[86.72695651499838,22.216793096636046],[86.73334327615706,22.215113352934697],[86.74471316826651,22.21594464447046],[86.75004790161616,22.21140869162823],[86.75309498346662,22.211070062480445],[86.76293798483317,22.21389427095776],[86.77074740700897,22.22060882754106],[86.77603938953425,22.21808658977329],[86.77737777420468,22.22468349955289],[86.77454202282141,22.23234062808527],[86.77767915898251,22.236762650382886],[86.78159911223497,22.23706608562513],[86.79003438078777,22.235414895322098],[86.78787580192356,22.231744204683686],[86.79512029068515,22.227931999059656],[86.79283515806205,22.224568361794216],[86.78474284203024,22.23091799188514],[86.78024085772877,22.224280783505215],[86.77817398427865,22.21809856837698],[86.78517415104594,22.215153715460087],[86.78870936304874,22.219350243665442],[86.79034937414384,22.21914462818472],[86.79173246257606,22.22219093226368],[86.80222736325945,22.217930783006942],[86.80862646547348,22.235898526161645],[86.81246231305917,22.24117902626405],[86.80342481393994,22.24312878731432],[86.79913224220255,22.238219104950197],[86.79434104799027,22.24341566758177],[86.7960143578363,22.247284418373052],[86.79401993351385,22.250751050047548],[86.79221149189628,22.266314700177197],[86.8011323348944,22.26559414279129],[86.79807433042839,22.252373288555425],[86.79960777527965,22.252311916121847],[86.79901955663496,22.249609984226854],[86.7978544426098,22.249987975677172],[86.79702289550748,22.24782775720227],[86.79896728726185,22.245417981183788],[86.80300583160658,22.244393065237915],[86.80621306959748,22.248037689844068],[86.80806748788963,22.247443629697468],[86.80959650045327,22.250679674051508],[86.81341765429583,22.267532899682255],[86.8146891719698,22.267534423497416],[86.81470510179473,22.262746301584922],[86.8162972174138,22.2624228572633],[86.81680340999159,22.253750515904628],[86.81977318193039,22.25373581084514],[86.82400791204495,22.266830995240074],[86.83007814013516,22.263548973303315],[86.83914196079054,22.264850145419622],[86.84038665207518,22.262773465160866],[86.843066395738,22.2619448714662],[86.84453986636589,22.263608644864263],[86.85122528681383,22.26543975473127],[86.85230537619569,22.262784696716857],[86.85894862613088,22.258336697268945],[86.86514798704319,22.260988965640806],[86.86637236292766,22.259436120928925],[86.87166108367015,22.260289607275595],[86.87376885741512,22.258475360189358],[86.87628120990622,22.26005825785669],[86.8832909877487,22.257217600242463],[86.88673630084946,22.25739174605194],[86.88834272842765,22.26342771717468],[86.88683721309691,22.264817970934267],[86.88736410824869,22.27364477964766],[86.89007205901143,22.273908572451074],[86.89025409901052,22.276989426010278],[86.88812216327932,22.297332960440947],[86.87664419755296,22.300586074984416],[86.87201709320375,22.307213532757483],[86.868094831281,22.306993633584067],[86.85369975195948,22.314497955061878],[86.84200470924304,22.31785654058231],[86.83315147435147,22.32447882756817],[86.83111271727147,22.332345442954804],[86.83278387295744,22.33980034899052],[86.83171666541675,22.34712588790764],[86.83464371437896,22.352233241495963],[86.83610111414646,22.360085323419476],[86.84306049021332,22.373029100007415],[86.84111720518337,22.382196818606673],[86.84673777167662,22.394795721105545],[86.84553727031745,22.39987172480918],[86.83124234326863,22.41115914773615],[86.82511953768316,22.412701261024914],[86.81295573608517,22.41913415225309],[86.79216758583844,22.422026803636857],[86.78542006485496,22.424664995330147],[86.76474865067938,22.42664181902959],[86.7621365339878,22.431371793622798],[86.76230247078706,22.43665691510558],[86.75950941902424,22.44473823852044],[86.7634766317455,22.447197779289585],[86.76100668422743,22.45007954587604],[86.75109508211591,22.455807348558935],[86.75166525719978,22.462053548850804],[86.74716085643018,22.475182002304802],[86.75065700159959,22.482486816360765],[86.75653779026773,22.4827668243098],[86.76889819984378,22.479722475361857],[86.78527691382283,22.480332300917382],[86.79295093922408,22.477460471818322],[86.80089687118708,22.48835641376159],[86.79397381131226,22.495918207942417],[86.8021897157642,22.502252200014677],[86.79249226033832,22.511680534802867],[86.79215822629152,22.514010826718195],[86.7947246519728,22.514330282476774],[86.79294082688892,22.523976283542858],[86.7865396019559,22.526897779766202],[86.7885341188048,22.531568060936937],[86.78849908810196,22.53547073234821],[86.78672529630153,22.53805206501628],[86.78997854779792,22.54110076506885],[86.78925862355617,22.54774877278176],[86.78416142003901,22.54991239071536],[86.78073856841362,22.548605386169466],[86.77516437115868,22.548868030208425],[86.77360363908235,22.551756665171265],[86.76672022814921,22.556083093500156],[86.76689079756042,22.558757389410353],[86.77144699968088,22.56214257222258],[86.77164675086406,22.56488009058136],[86.76670088652281,22.567664502595978],[86.76581202331212,22.575703297332883],[86.75104903896602,22.57919531398892],[86.74691702132272,22.577960314289673],[86.73046815700478,22.577590308658515],[86.71013562957522,22.583065574896455],[86.68365533597168,22.578995634826146],[86.678265310418,22.575127515790516],[86.65853663770892,22.575701225291443],[86.6526540389355,22.582472953322245],[86.65604639904521,22.591459870921252],[86.64350653841475,22.595145399185345],[86.63845832362333,22.598476638404712],[86.6371555230179,22.601879407370067],[86.63762053682302,22.610119218883426],[86.63313256354502,22.61103950468466],[86.63439614370513,22.61895600337056],[86.63803664903905,22.625956282691117],[86.6388760572984,22.6362114394617],[86.63763935742654,22.651421456658237],[86.64138989560298,22.657654125019196],[86.63504234500816,22.665607515004368],[86.62836032288695,22.66732662467398],[86.62300295378877,22.675868985827833],[86.6192771040113,22.678525137990995],[86.61064645008761,22.680536928763296],[86.6075002607051,22.68462155243412],[86.60154252684131,22.687949214338147],[86.58490411260853,22.69142111629871],[86.57126757700112,22.699876754464967],[86.56887296399938,22.70285140748787],[86.5620254865759,22.70681665138657],[86.55846769991,22.711079751427967],[86.55941658944633,22.712451744501248],[86.54802054109074,22.72087982318638],[86.54827039311394,22.71881649663837],[86.5427738354524,22.72221024515686],[86.53417065739997,22.717858351974062],[86.52879434283244,22.71964483188926],[86.52856053202525,22.720939306974348],[86.5241094651324,22.72123668658191],[86.52051225590024,22.717146784261427],[86.51399790522517,22.718504910915527],[86.51121861026255,22.71261370745402],[86.5130893266889,22.706738573132725],[86.51057438974476,22.70480675052565],[86.50288675396864,22.71717703988953],[86.4976468297124,22.722869839654216],[86.4948327214393,22.72323457277342],[86.49358443689353,22.726568938361364],[86.48674303118307,22.729257894972704],[86.48216923825272,22.729393376567245],[86.48177555157946,22.73187113424759],[86.47179278852438,22.74496587329482],[86.46953318063177,22.754113315540515],[86.46421192111306,22.75782933019651],[86.46011214310698,22.763353616750745],[86.45865088327874,22.76455407072709],[86.45135724499298,22.763532779641743],[86.4442238715438,22.771681404283527],[86.44105930532552,22.771354184013425],[86.43974434602275,22.773743425913903],[86.43746853072574,22.772850208187485],[86.4324918388989,22.774955391842056],[86.42577219353699,22.786168932829163],[86.41938051410214,22.79099668579424],[86.4208338606711,22.79289901581585],[86.42287539803692,22.792298562852007],[86.42241215570951,22.79722152217129],[86.42509567678808,22.800043708471556],[86.42344624685725,22.802989188519266],[86.42466845870024,22.80822806474562],[86.42241104539183,22.810798737513423],[86.43581463616795,22.829365993944215],[86.43869143427149,22.831273140831833],[86.43611405004204,22.834750944203044],[86.43290927433333,22.85327588259278],[86.43542596029737,22.857530497104914],[86.43480872786563,22.86065379250274],[86.4380239168451,22.86338422762118],[86.45093398488224,22.862372389290204],[86.45234028308649,22.86657767423185],[86.45171911333888,22.87322405716541],[86.45572601542604,22.88050963230747],[86.45333468576666,22.886120090528077],[86.45613311304817,22.88602132310248],[86.45979547708787,22.891815089307357],[86.46430906402958,22.89444090401669],[86.46729674837513,22.900891749568775],[86.4656613824684,22.903195896239826],[86.4529151392913,22.90357168373638],[86.44868796849988,22.90862704959466],[86.4473283719106,22.90839260946691],[86.44079534526077,22.91995120475585],[86.43593535716572,22.923194980664974],[86.43579743073533,22.92590443747673],[86.44260308529411,22.92863842202963],[86.44289618221512,22.93090682812875],[86.45024276540711,22.932115970799817],[86.45294682197306,22.930955042212013],[86.46016596027737,22.936768775170897],[86.46279578455984,22.937021088591372],[86.46212764190601,22.939704102184923],[86.46498778344754,22.944900951433755],[86.46910495014255,22.944989065779613],[86.46999893375036,22.948361384253044],[86.47639825605164,22.95068613009395],[86.47656933840086,22.951870015455867],[86.47818134900857,22.946094067219953],[86.48538324145602,22.942495278414512],[86.48902961278873,22.937665223292587],[86.4944713292005,22.94307543885808],[86.4953359244238,22.94755711762006],[86.49778474087147,22.94557210424419],[86.50074378153587,22.945462010584407],[86.50290205407457,22.951492191352315],[86.50938011999872,22.94958370569159],[86.5115753671945,22.947092899940642],[86.5215268050973,22.94895693306602],[86.52546007497553,22.947304131449982],[86.53109307505065,22.954252005820738],[86.53342762309923,22.962106540086214],[86.53146002606442,22.964769427927767],[86.54069121273874,22.96681079327736],[86.54477156827002,22.96599145883758],[86.54442817198131,22.969561621469776],[86.54918231428137,22.978403195749813],[86.54760308589334,22.98184489044488],[86.54755215770497,22.988658994337033],[86.5454919820936,22.989877488129437],[86.54015223794131,22.984893852695162],[86.52859628407523,22.98048777474107],[86.52396508969656,22.976842576753313],[86.52721002369175,22.975108858529623],[86.52635958142574,22.972784809570893],[86.51888487511803,22.97058532830523],[86.51311528261073,22.971723996887654],[86.51008297086014,22.973910852698516],[86.50996510201341,22.972881821563252],[86.50749176694839,22.972935093106667],[86.51332839533548,22.97763239533592],[86.50252687808603,22.98760309945576],[86.50135399273535,22.994713072012775],[86.49947978365917,22.994942040463748],[86.49689269762465,22.99268457458674],[86.4793264359928,22.991101269248365],[86.47033554596207,22.991793203151072],[86.46875602831652,22.989388642255836],[86.46438828286122,22.988711942929402],[86.45139319197739,22.990952937695436],[86.45042766474371,22.9884383519612],[86.44675058719795,22.988145559707107],[86.44244687814766,22.993170953328097],[86.42512214834288,22.996939113178566],[86.41912545544353,23.000584682520916],[86.41929052986012,22.996186189202206],[86.41723100283244,22.996368315603473],[86.4157422222171,22.99087066021244],[86.41009431459986,22.99056074520836],[86.40527323972631,22.988237954416505],[86.40101440242277,22.981591850156594],[86.39393407808441,22.98103709888449],[86.38858755883822,22.98670919450398],[86.38583445156279,22.996046690689834],[86.37678476230515,22.998495649047307],[86.37131316523207,22.997523860114104],[86.36397263938007,23.000871093915254],[86.35430225917685,22.999493800214378],[86.354798030399,22.994171225269998],[86.34824116695307,22.9977955332452],[86.34410134654325,22.997834613340892],[86.34176918082677,22.99676129416458],[86.3379378400889,22.990580457485677],[86.3260774507663,22.99492299615945],[86.32230037815302,22.997119972547683],[86.31965680695176,23.000902472219217],[86.31685442528637,23.000765970300765],[86.30997887371363,23.00424506779469],[86.30893675701714,23.00842675440423],[86.30404273355262,23.010067518010633],[86.30457219698782,23.0167924622942],[86.29840689480123,23.0108862585015],[86.29663937324143,23.010779701510998],[86.29321501873456,23.013889291640684],[86.28526565071562,23.010305334065862],[86.27821995283817,23.00924600344079],[86.27190638371391,23.006225215022482],[86.26496139326801,23.000211642609752],[86.24788166997381,22.997402538675573],[86.24142528668571,22.9992713414615],[86.23741574085669,22.995090254344625],[86.22301970662602,22.99484563309043],[86.21808778413795,22.998437633660085],[86.21584759782179,22.9977581202035],[86.206494913107,23.00037629694561],[86.20685998574352,23.00471383131743],[86.20845802215862,23.005083186644292],[86.20747390518846,23.008194560948134],[86.18554644322649,23.00524708589143],[86.18159992679104,23.01087218656403],[86.18146312864461,23.015767206548755],[86.17885098500358,23.02171533380179],[86.17501126208575,23.020873435744946],[86.16977697745284,23.02306812857499],[86.17066990284528,23.026817398348218],[86.1672909860238,23.030091669939768],[86.16739433989218,23.03324521678743],[86.16463720367271,23.033693363377395],[86.16230291164396,23.028942342757457],[86.15747398729148,23.030500264498322],[86.15599518156907,23.032904179550645],[86.1575801888193,23.047997232874817],[86.15018058166937,23.05284427318432],[86.14528815361281,23.0532063558465],[86.14162164294976,23.057278278425965],[86.14609070848763,23.075296557159266],[86.13649680276288,23.077239636226697],[86.13269313732222,23.08408591258158],[86.12578816053404,23.087128967724823],[86.11864245321604,23.085233712085465],[86.10568468823058,23.085583330913934],[86.10137283505391,23.086957542353264],[86.09807588141727,23.085430597925054],[86.0902598359629,23.089614575509973],[86.08949953873733,23.095193361135536],[86.07501993603242,23.09460500895595],[86.06129231844173,23.101758538718936],[86.0540277271807,23.10316041517564],[86.04917276605799,23.106068404717988],[86.05004633455266,23.111166335508816],[86.05245493701834,23.113032509578705],[86.0547810283268,23.12391243666401],[86.04523695754075,23.138153271173135],[86.04589904554955,23.142601223469644],[86.04368331496866,23.144936456187313],[86.03747682951784,23.14712952433989],[86.03420407649497,23.144490063129574],[86.02882197228543,23.145893175766997],[86.02372370516296,23.144506847769385],[86.01875623364421,23.14797150348308],[86.01959578204074,23.153580901926205],[86.01755153535605,23.1552837847251],[86.0147059528103,23.153774105337575],[86.01284342183283,23.148299372446935],[86.00259435141514,23.148980196533646],[85.9878783866876,23.153955738458894],[85.97494283075093,23.15561583491256],[85.9580782315094,23.16093998306081],[85.9560207319793,23.160538811892458],[85.9511244537434,23.152052190367247],[85.94064221301731,23.152897933885267],[85.93536875195659,23.150249279140596],[85.92873671119948,23.15146795466075],[85.92660434248032,23.146705140806954],[85.92248127026065,23.146502924592813],[85.92184766693119,23.145125695640928],[85.91668177643075,23.146237325419182],[85.90976587792535,23.153586990075443],[85.89416296070375,23.15526662645409],[85.88165163775324,23.169295460215736],[85.88254454068776,23.19839037702756],[85.87745855802683,23.203992041716297],[85.86846584172113,23.218595857216442],[85.86432737776735,23.221954461563836],[85.85725834615042,23.220069707805852],[85.84743891208537,23.222147674386235],[85.83677446786682,23.22019955756868],[85.83965940560512,23.229008836309617],[85.8355995370522,23.238507472341166],[85.838078159601,23.24348640763323],[85.8379986272573,23.24702428127102],[85.82345291663232,23.25948831070784],[85.819663238859,23.268486225659128],[85.8308369739447,23.28720682753646],[85.83827076558443,23.306124022255744],[85.84716248250612,23.30925776572639],[85.8515473830884,23.31733798465312],[85.85979280348569,23.321716976293743],[85.86319763490647,23.32740150080868],[85.86860090791565,23.330368634586335],[85.86499703048914,23.339994587157175],[85.86568272712192,23.341401990217182],[85.87293947788716,23.342237972586677],[85.88355290498407,23.350367747923386],[85.87490134726373,23.360606920793277],[85.87445022770108,23.376825630290075],[85.87805422819679,23.38193689144278],[85.87560714370099,23.384310969843984],[85.86997529526607,23.386169227138716],[85.8697508916165,23.388911534453705],[85.88834151474326,23.397182502552724],[85.89993069819,23.393646140415687],[85.90263848006946,23.398522826464312],[85.89835986725326,23.405784848478024],[85.88610383921832,23.405006184276584],[85.8864151548716,23.407564411168845],[85.8913746053332,23.410182779974473],[85.88919970048701,23.41398771934619],[85.88035540922245,23.421800330657167],[85.88122826265817,23.423920076358627],[85.88716527508329,23.425391701947515],[85.88451554682908,23.429954531669157],[85.8803362463608,23.431401290448225],[85.87694887369756,23.430003804284144],[85.86361357644259,23.43164149442597],[85.86337028481589,23.43607424462819],[85.86144642944718,23.438986555584574],[85.86543188964683,23.456453154842606],[85.86510272177391,23.46018343870359],[85.86305060315235,23.4624869321196],[85.86763339630352,23.464718467362125],[85.87083493178899,23.475539686672708],[85.87453145067414,23.477964224273624],[85.87586916250642,23.48068766903316],[85.88350096978425,23.481992318296747],[85.88670192495805,23.48479014682906],[85.88584902310483,23.482225861145263],[85.90906914279438,23.484261651634633],[85.91108558302778,23.481808088469634],[85.91524411983657,23.482162221536587],[85.9195488062539,23.477793624333827],[85.92702120838288,23.47639110191204],[85.93313610879382,23.47331703806647],[85.95027974991545,23.470904475816237],[85.95485595302569,23.47166676652443],[85.95689342102328,23.475390293227097],[85.9618653661522,23.476807611320712],[85.9772880346154,23.476656531027267],[85.98087443980964,23.478856710523278],[85.98943245506115,23.47884019050097],[85.99416344148813,23.481200967218765],[86.00497628649327,23.482155503288162],[86.00576468032597,23.48373648786498],[86.00822946612445,23.48316069824599],[86.0090908094464,23.484530032619947],[86.01677888539699,23.48435286722005],[86.0249382867159,23.486395348673543],[86.03191420346208,23.483454069092254],[86.03803090230025,23.485617676023754],[86.04404212634765,23.484079880225273],[86.05413046300818,23.486938676060632],[86.0548702346278,23.489854084939253],[86.05801918543149,23.490460247736625],[86.0568487057691,23.493359965948198],[86.05873547688621,23.49450731789606],[86.03883949924368,23.497860871559716],[86.0398851211664,23.505107945494295],[86.03853823034855,23.511223338058958],[86.03974555710725,23.514924867987194],[86.03368335187086,23.517965119106396],[86.03381097821821,23.52288142348622],[86.03144946094818,23.527039464932752],[86.02936902742884,23.527559406387578],[86.0278990000434,23.533737525710478],[86.02372355514433,23.53739989404669],[86.02823929085619,23.54003448519318],[86.02817280744031,23.542754487441528],[86.02061726982504,23.5441999687002],[86.01677805265874,23.5475376681735],[86.01855177798386,23.55973551931694],[86.02470892526433,23.56182454705301],[86.03151447112697,23.57307560843995],[86.03738793403397,23.57656229214171],[86.03976090302724,23.57498737155275],[86.04201188888977,23.586191742178322],[86.05183045069067,23.5862971798811],[86.05831067436812,23.581802488392665],[86.06517864865145,23.579224693543427],[86.07767269520242,23.579227101733927],[86.07472473256205,23.575676054599143],[86.07254802210215,23.569387840787112],[86.08097123256888,23.56566255355846],[86.08428436935536,23.566883303808275],[86.09147230737321,23.563186242158185],[86.09439301692447,23.563058782619017],[86.0988463035544,23.56665224709063],[86.10727353128708,23.565102168248576],[86.10980178306038,23.567961830441554],[86.11562605601902,23.565908618418845],[86.11791922317404,23.567321560839904],[86.12013169287046,23.566150961073046],[86.12610645430047,23.56975860999794],[86.13058524230469,23.567017354986994],[86.12709257092045,23.565530813101113],[86.1313546655152,23.562565029509834],[86.1313202528533,23.55885269585118],[86.13645137585729,23.562304430804566],[86.13962673892692,23.559169787664388],[86.14173107302273,23.563098002662095],[86.14338050205524,23.563525908043417],[86.1472148548443,23.563032195390342],[86.14714172030207,23.56069244138136],[86.14891010424451,23.559952480308958],[86.15276549018763,23.560723188223413],[86.15862270526608,23.559499548932862],[86.1566266199587,23.55543805860098],[86.15337457849297,23.553274046597128],[86.15161185483515,23.548099049892446],[86.15776823315774,23.54133128215999],[86.15709843850212,23.53418316066559],[86.14851033418013,23.52457141375899],[86.14797626777744,23.519729371771522],[86.15307821170434,23.511770664467097],[86.15808160954629,23.508925514005853],[86.15986056306635,23.509691283528994],[86.16046053796316,23.508344512128872],[86.15717216952568,23.49944583958627],[86.15826422177219,23.49246982286482],[86.15053910918074,23.483034469567986],[86.15458388064701,23.47679714628046],[86.1489491944341,23.474427124093122],[86.14750146143739,23.469623167905183],[86.14846858677393,23.465365211921792],[86.1575757511418,23.468214588693662],[86.15985598884492,23.468380484405763],[86.15956557519168,23.466310528897203],[86.17091491474575,23.46763574098758],[86.1770991201809,23.46983626290637],[86.18228385913258,23.467406700260078],[86.18028733544732,23.46090200361981],[86.18736518852036,23.457831959743498],[86.18897288990962,23.45909580152572],[86.18850001225249,23.46117979994316],[86.19261893784883,23.46006310643142],[86.19469473516295,23.458411865694167],[86.19530254247074,23.455036940820854],[86.19795640297525,23.453298311418582],[86.2058800216849,23.454359478651828],[86.20702043293812,23.450282701878063],[86.22883417447336,23.443355066518034],[86.2312483959011,23.445680655487216],[86.23287587370136,23.46225945885518],[86.24600956385375,23.459670834197137],[86.24740855246651,23.456389823371577],[86.24254527833418,23.450775176698873],[86.24219311179336,23.447287006369432],[86.23567053165193,23.444048320786933],[86.23220918362337,23.436814863696725],[86.23281920976984,23.432879709310438],[86.23039239845338,23.431043275049376],[86.2347941514304,23.421346023419083],[86.246042000222,23.423106490718748],[86.24519886934411,23.41439839546375],[86.24747508618802,23.41167061692739],[86.25128662176887,23.410903119580272],[86.25934738088309,23.413335177075144],[86.26097647026093,23.417840969154515],[86.25433251514822,23.423323045291202],[86.2523503986435,23.427157591802196],[86.25672877745683,23.430113963901174],[86.26412493058447,23.430844540844223],[86.27186595413625,23.427574902723673],[86.27633757448278,23.430521248468995],[86.28183386624302,23.42875913163621],[86.28855677608269,23.42950626863859],[86.2881446038775,23.42468634832062],[86.28848196977573,23.42278287361242],[86.29034806975983,23.422117115936047],[86.290180914845,23.418202193926685],[86.30138834573702,23.412719584898287],[86.31014148405143,23.4118423813567],[86.31144152952385,23.414070030257257],[86.31709751030057,23.41619942664121],[86.31756532415444,23.419125066812303],[86.31626947920428,23.419622568975775],[86.31557883824415,23.423862292389558],[86.31765010086276,23.426815119635833],[86.31311582751668,23.42766027719954],[86.31081474081412,23.42641789373954],[86.30902405799141,23.429484041933577],[86.30608220120003,23.430000512245307],[86.30565534153996,23.43510821796308],[86.31527864103914,23.440669582176685],[86.31772767218415,23.440337042612754],[86.32047999612864,23.443880776677602],[86.33381767841072,23.447313640867815],[86.33674837992285,23.440433343256757],[86.34886478640647,23.440404464774264],[86.35112339896575,23.443514328467998],[86.34976390747941,23.451585135711518],[86.35452410083121,23.449695338999657],[86.3600292472852,23.452231302626327],[86.35949888194143,23.456664138386934],[86.35692303652608,23.460907858518514],[86.36177971702422,23.464911154983298],[86.36362811211241,23.47150335926489],[86.37929411082992,23.47377045387144],[86.37719575951394,23.4806777695166],[86.37852523918495,23.48534702658184],[86.37298276862924,23.483510437053123],[86.37040083982278,23.484591849431222],[86.3658209266704,23.48034658144104],[86.36168242229245,23.485331174732167],[86.36533699344707,23.493025791953706],[86.36437515559426,23.501647910016423],[86.37280219198577,23.505893929517203],[86.37535011147392,23.50913359062265],[86.37170505886805,23.517385129900447],[86.36459129564149,23.521989866305404],[86.36782628259154,23.527648316290946],[86.36513557768563,23.531087796424018],[86.3682134160548,23.534803626197753],[86.3681038727941,23.5408268079391],[86.3712411329227,23.54037795397336],[86.37173480747698,23.54350981206037],[86.37825848985125,23.549307423868445],[86.38205632971729,23.557103636029964],[86.38852918361613,23.560220570324436],[86.39042989209484,23.567547530323594],[86.38779160837737,23.574064562734367],[86.39736420516529,23.57868140957927],[86.40283785668541,23.57747409038393],[86.40823165067171,23.578768314713464],[86.41085054784706,23.576023339418498],[86.41368260535786,23.576025036307932],[86.42088460470484,23.589674558939258],[86.43210804357524,23.593760871692794],[86.43558872245043,23.59805492555376],[86.43940719392356,23.59899917769066],[86.44719344944652,23.598015434421082],[86.44870846805465,23.601362777936256],[86.4462344367953,23.611714229665655],[86.44640610843933,23.61754981321031],[86.4499050141316,23.62005518640009],[86.45490782357703,23.619223768087174],[86.45705440454232,23.625187260115208],[86.46184447765711,23.629788818547993],[86.46996929653254,23.63035875571928],[86.48073152236972,23.635913921749125],[86.49057772802688,23.637689800008037],[86.51211417849854,23.63197289556165],[86.52879288307014,23.629879936468956],[86.53833194844341,23.632645487254177],[86.54942799902,23.638982732967502],[86.56376932135827,23.6426819176183],[86.57446071773029,23.64762950458011],[86.58136831041257,23.65519524935228],[86.59914330458383,23.665719912869495],[86.59592759098823,23.671871747138894],[86.59826516635933,23.673928153343766],[86.61038268226231,23.675250742222307],[86.62159473408813,23.67439336988236],[86.62938711073141,23.675866343099095],[86.65982020807905,23.686738999819873],[86.68260995839074,23.6884222092636],[86.704698396655,23.696992620037776],[86.71295390872618,23.698606878454875],[86.72509747667073,23.69854763584637],[86.73959313137146,23.694489931910237],[86.74196289876905,23.69149508097113],[86.74531012392562,23.67997501072234],[86.74794011080317,23.678953679314024],[86.77115138568044,23.68085525956461],[86.79154930776774,23.688372053707205],[86.799296843207,23.688978443540073],[86.80480770833607,23.696545721307924],[86.79906452629811,23.69990756205984],[86.79902780766088,23.704694769814278],[86.80794680821435,23.72349382835097],[86.80761346587032,23.730051118408536],[86.8116932159371,23.74512240479259],[86.81336303223499,23.746568643103682],[86.82306231124092,23.748348380552024],[86.82826568753981,23.753289056042327],[86.82601685673563,23.776924630735643],[86.80893724123929,23.798600543798802],[86.80526478822063,23.79935466997715],[86.80406398592581,23.801484823383202],[86.81027810525994,23.821869833112704],[86.80747806370584,23.823185126793238],[86.80376631388509,23.830063225916277],[86.80096788570526,23.830104814584324],[86.79933551208671,23.83171044778145],[86.80543425539896,23.837535135829356],[86.8147130923092,23.83090770063791],[86.81610480816143,23.825670566259095],[86.81230673922502,23.82493974284691],[86.81403393631,23.818437230380344],[86.81928017302774,23.81749368815629],[86.81995913319419,23.81573487135735],[86.8242417893275,23.813907580993984],[86.8266943697162,23.81419347790784],[86.83741781079101,23.819966381273584],[86.84006370054401,23.822724490405477],[86.83845639800673,23.824106637085325],[86.85236305073187,23.824967671328217],[86.85497076388192,23.830238757598664],[86.8611956477281,23.83449632325884],[86.86403312208006,23.840723070166764],[86.86252676592618,23.841765509945862],[86.8632535299405,23.844452773039972],[86.87466128334422,23.847605729323185],[86.87992493929367,23.84530399006592],[86.87831016456987,23.83575636629651],[86.88064451409075,23.83364624565782],[86.88027878568408,23.829329702369407],[86.88597946213775,23.82595542239091],[86.88591270743068,23.82041028095333],[86.88982099156762,23.819658177047437],[86.89412259856013,23.825447731118857],[86.89449313924177,23.835042076441102],[86.89373352743078,23.8379987820354],[86.88863388319102,23.84358934569216],[86.88752480158168,23.850719590262337],[86.88881331987238,23.858640811176993],[86.88260310731147,23.859671509104263],[86.88127198552009,23.863139266757127],[86.889705787124,23.871282150643204],[86.8935316023246,23.87713780413],[86.90174063376634,23.880566562430246],[86.9113343571331,23.881959882733334],[86.91450752022865,23.880926957131535],[86.91566744199152,23.883221300838493],[86.9325092060585,23.868548984732055],[86.9328616160428,23.856813590437365],[86.93569732340858,23.85220915011793],[86.94686909028552,23.846051075473724],[86.95549431030004,23.84614800566696],[86.9626928924557,23.849443958011214],[86.96408553357269,23.852879376508834],[86.96421696069203,23.863766117130286],[86.96974532679944,23.86869906803013],[86.97385086300648,23.86893462921417],[86.98629866518495,23.859570058206206],[87.01075673789619,23.852538990785444],[87.02586860184752,23.843423420703804],[87.03793596121494,23.839247895648718],[87.05347765465666,23.822671364885657],[87.0668227471415,23.81638579765706],[87.07432525810385,23.814805041423835],[87.08198951522468,23.80958936527772],[87.08673078376839,23.8089002859435],[87.08871745652824,23.813569401518105],[87.0916249312004,23.815545850362387],[87.09646018418411,23.81389876024683],[87.09823678681308,23.808776421647956],[87.1013183783435,23.807401474090323],[87.10306338991889,23.804410487886265],[87.1075002319892,23.80391974370767],[87.10875036436954,23.808100192884623],[87.11154257351266,23.808460335433676],[87.11407989467705,23.806868148173955],[87.11491071953388,23.80795821541435],[87.11869115903284,23.8039200560287],[87.11757045142708,23.802249903646533],[87.11208518648696,23.80477408932663],[87.11048355950568,23.80315841951057],[87.11056257262311,23.799911439218903],[87.12251583696629,23.796197843525142],[87.12303466165358,23.799170913419882],[87.13112329010116,23.79824662964476],[87.14022972863025,23.804984079286925],[87.143153864356,23.800043948725516],[87.14955982880049,23.796738997874563],[87.15280316738769,23.802598316563433],[87.15512058995371,23.803156022021646],[87.15882420193633,23.81324152619402],[87.16443574395423,23.81771572418456],[87.16726300535973,23.825119299061964],[87.16394518924893,23.82572800478785],[87.1638219897993,23.82923280151259],[87.1589546211459,23.831423711035438],[87.15404256849362,23.829315108327002],[87.1393742279509,23.84820695467739],[87.12995233882326,23.853553469089498],[87.12941783943259,23.86893614896234],[87.13368142792562,23.869790540352156],[87.1473885845891,23.866192111873882],[87.15189721013547,23.866657365923775],[87.15542108360279,23.864937730828842],[87.16488916679728,23.86514460845862],[87.17446069369169,23.854656440477136],[87.18090973325235,23.852887850360332],[87.18779440452185,23.859500100352097],[87.19162151868636,23.857381801457713],[87.19671934114275,23.857935419165052],[87.19363940969899,23.852212366648946],[87.18764099293257,23.84856205046696],[87.1893532690007,23.842372098208195],[87.19430442531728,23.844435273734028],[87.19712961790268,23.850058587544254],[87.20134282977293,23.85028795897831],[87.20324572205612,23.847860217068522],[87.20583083449196,23.85651438857139],[87.21213173287913,23.854039999806254],[87.2143948936087,23.850785183585476],[87.21747690375405,23.853099329218903],[87.22037262037746,23.853253196564214],[87.21918743349725,23.855513125409725],[87.22081410730533,23.856853101831376],[87.22095183700468,23.860449554372664],[87.22256152097576,23.859914349146287],[87.2224796431309,23.857990529902782],[87.23386924427767,23.85650133884357],[87.23765689365513,23.854779451717153],[87.23041876766068,23.845719417275415],[87.22345034376228,23.84572314666628],[87.2227009359146,23.83822728903715],[87.21753690762176,23.83298687491237],[87.21740400277379,23.829879915471164],[87.22831450273517,23.8253659313432],[87.230178957904,23.8251109031066],[87.23204806365105,23.82789010475524],[87.24066791892673,23.825832057563588],[87.24264552499042,23.829113126939866],[87.24628835965586,23.830088615786973],[87.24609104739862,23.83304885016632],[87.2485194936489,23.83489996738955],[87.24782332535486,23.836441873297204],[87.25578383338166,23.843857271924897],[87.25466179537098,23.847335130705495],[87.25129463300499,23.84812791838849],[87.24726247388534,23.855191048780785],[87.24410365778319,23.857160585885254],[87.24429706057228,23.85934688698235],[87.24717300797124,23.862009129783676],[87.24568191329575,23.865912769366936],[87.2485548917627,23.868554663678175],[87.24099563332553,23.870436351877498],[87.24179315943141,23.876712613045292],[87.24481861613802,23.881955616366877],[87.24242551589923,23.88914921927885],[87.24424885877076,23.8923166246673],[87.24325893509061,23.89349248658038],[87.24571932453406,23.895882063112552],[87.24439419450563,23.902820755413778],[87.24640627970655,23.90578048226077],[87.2461958224018,23.908752468042465],[87.24997088278886,23.9099566449682],[87.25183321973023,23.91275359305052],[87.25576442168668,23.908411583755612],[87.25779817604892,23.90845332383197],[87.25860198497186,23.902635166241947],[87.25282885040737,23.900950822563683],[87.25268580088492,23.899740513761692],[87.25663096805079,23.899522302586885],[87.2578204749292,23.89813260119003],[87.25753570898414,23.894485614846705],[87.26203191442339,23.883932381223566],[87.26204707708709,23.882400464402448],[87.25940777378175,23.88317812913959],[87.25896379852054,23.88168453588327],[87.26947668527255,23.874445665156077],[87.27388714112804,23.87933042063632],[87.2752625184219,23.884354744370956],[87.27853767174322,23.885502074088517],[87.2795939342105,23.887902740460916],[87.28284107806124,23.885936862019847],[87.28570043088195,23.890763824994885],[87.29060827492712,23.893410124439978],[87.29084337751172,23.89749226554084],[87.28950121812044,23.89905095277462],[87.29533071747743,23.90211276584367],[87.2906935663701,23.905133947052857],[87.28979360986395,23.915613060144945],[87.28457067095309,23.92188226632825],[87.28606567150347,23.92255689533022],[87.28671309451524,23.926502771590325],[87.28467295313133,23.928159553403457],[87.2846165964237,23.938212580778817],[87.2911730951536,23.943429910883285],[87.28958190300263,23.943821354126985],[87.29062806481284,23.94579747323316],[87.28933916563643,23.949494059199825],[87.29294813561229,23.959070472445035],[87.28293351829726,23.959351171726457],[87.27959390366776,23.960305719236636],[87.27939075864941,23.961814420114653],[87.27583626161409,23.963473846570455],[87.27570234975467,23.965199248279436],[87.27051747695398,23.967457466606994],[87.26578525803845,23.96535218761581],[87.26242767889993,23.96725476921284],[87.26058722671549,23.970915976809525],[87.26193419748341,23.981339817528387],[87.26654016716894,23.98197917833823],[87.26790878823354,23.98912137195155],[87.26463694610233,23.994093113098373],[87.26279693858397,24.003617929324236],[87.25553346392883,23.999854755496926],[87.25264676189929,23.996779539139013],[87.24768567380893,23.998738634982722],[87.24089722827604,24.011909458560172],[87.2456184230664,24.015936862347473],[87.23554224869652,24.021253486022022],[87.23369085143868,24.024457331514554],[87.23528091261069,24.026857473490686],[87.23442582874962,24.032494919669354],[87.24049481446978,24.038410564864147],[87.24127824690717,24.041886708250683],[87.24538545667556,24.045068590882742],[87.2531509521323,24.04291522265962],[87.26126248043309,24.037003586712725],[87.2665327372032,24.03801162589075],[87.27389252023997,24.033612491480874],[87.27868033768509,24.032944478161532],[87.28820947218288,24.02852812992052],[87.29164216215729,24.033146156501754],[87.30771690510885,24.031479772303168],[87.31629198026594,24.035382247177967],[87.32774135710835,24.032422691818038],[87.33696986141324,24.034019402332415],[87.33946652842111,24.026110769261532],[87.336112494933,24.025820097263416],[87.33618820494513,24.02090637763839],[87.32648438226055,24.017657766119573],[87.3190559230203,24.007891609294102],[87.32258972915972,24.001661074253533],[87.32916942239027,23.998738681760337],[87.35136835073956,23.998526715804626],[87.35701261479001,24.00597428582709],[87.35862367767507,24.012248991897785],[87.36060098280313,24.012848343287594],[87.37654552483575,24.008185504108383],[87.38037755278484,24.004012230998413],[87.39400065318883,24.002758451575392],[87.41539426793707,23.993543320530893],[87.42730958654434,23.99290036585726],[87.42903692466481,23.986794764711426],[87.43568567228957,23.984879329836996],[87.43945007057252,23.981815706946353],[87.4455208385502,23.983414871088506],[87.44972716842705,23.988758629081932],[87.46000803291757,23.984197860766987],[87.46206157986042,23.98791810450679],[87.46023997522897,23.99259313095978],[87.46070561875314,23.996358148621336],[87.4485676284482,24.00300570679778],[87.44511308336125,24.001968051981972],[87.44380252310842,24.006803989296483],[87.4490576306896,24.008179616305835],[87.4485771020812,24.011315209262513],[87.44155715710632,24.01147110535619],[87.44032959040594,24.0090268785793],[87.43820569908812,24.00899683579889],[87.43793406561419,24.01295368800721],[87.44483300752032,24.014812514951522],[87.44575305305115,24.013572421969045],[87.44915036916629,24.01503471430757],[87.45083134792986,24.017739363794274],[87.45250253595522,24.01762610725156],[87.45232090738455,24.01628988798975],[87.45830939237715,24.016398468590232],[87.45829671175859,24.01836756749613],[87.45986181413879,24.018823437701315],[87.46127661220224,24.013020620179933],[87.4682411499887,24.01388461057141],[87.47271298593093,24.0160386179152],[87.4763461430458,24.01204420361411],[87.48256637092383,24.016314963111586],[87.49063482770171,24.017797643361583],[87.49714400318244,24.02539967077675],[87.50237254129244,24.024659979870737],[87.50190661390067,24.028744017501626],[87.50905943677404,24.03218866624507],[87.51195634636018,24.03609891359322],[87.50966863736883,24.041995395206353],[87.51000528820806,24.047512828775428],[87.50447096267703,24.048244744147937],[87.49328161397338,24.054142985465578],[87.497320594001,24.063405781876135],[87.49048339959256,24.07087923820261],[87.49271026838468,24.076977698443685],[87.49647702744018,24.07674875789625],[87.50087844804055,24.072778334740526],[87.50602328742058,24.08028500025136],[87.51105124789734,24.082863858942556],[87.50822673623492,24.08521814348052],[87.49506813040983,24.08639037599729],[87.48960336232955,24.09030981261021],[87.49226328736056,24.093805631130692],[87.49646478250455,24.09390946696194],[87.49616773658953,24.099577465549196],[87.49867605295003,24.09835502064274],[87.50030262794346,24.10168252095361],[87.49554252262652,24.112391796936947],[87.49754633703863,24.117872686876325],[87.49957983178773,24.11567532135799],[87.50343329084457,24.11467816447811],[87.50404566608555,24.112761413424543],[87.50760975083989,24.11325531687273],[87.51100456155372,24.110787354867636],[87.51548231380042,24.113391545379393],[87.52124702845575,24.11299257149209],[87.52431518208783,24.10771647757179],[87.5234893356943,24.1054794024923],[87.53191936527234,24.107256701081404],[87.53396322118994,24.09715191188605],[87.54222934416124,24.090520394555032],[87.54302578959381,24.0857758662137],[87.54676099352835,24.085012887631184],[87.55156672427853,24.088418721476256],[87.55424253601534,24.088336616797783],[87.55883617362863,24.08144673344929],[87.57208393005916,24.08949022465555],[87.5808957651925,24.08756871568277],[87.57474470399809,24.09927982086156],[87.57441739024792,24.111880530455917],[87.58325392635665,24.11411402787738],[87.5851890825316,24.124158993827493],[87.59020892762807,24.126506059761148],[87.5957375749082,24.126087126623094],[87.59773305924269,24.127723083198365],[87.601980242702,24.126830354032297],[87.61023396802408,24.13242437847674],[87.60765884036265,24.135207390028118],[87.59992970152207,24.13866103284846],[87.5816153570576,24.154167297044292],[87.57817259337561,24.155355791274324],[87.57576635437748,24.15845646212088],[87.57583179574759,24.160968709722923],[87.57997481595648,24.159213303161607],[87.58152506559178,24.162440818765116],[87.585233010149,24.16390784978896],[87.58873073635331,24.160308757314517],[87.60595756506348,24.16043994254106],[87.60603116044145,24.163501336588215],[87.60806079962134,24.16595894534588],[87.61294499192338,24.164241453280844],[87.61573829611285,24.165783578355946],[87.62200597390247,24.163166089488097],[87.62445569495365,24.164908171629246],[87.63070320466684,24.164223181912185],[87.63272655474144,24.159319610385072],[87.63730746592208,24.158099229677156],[87.63839532393455,24.15604256129617],[87.63977262272478,24.15698371701069],[87.6418581586749,24.15282373651166],[87.6483294557934,24.153708498974826],[87.65252597516903,24.156300770807402],[87.65318632673439,24.158460585720736],[87.65482235290285,24.158451626255253],[87.65554550479142,24.155845259019532],[87.65726372860503,24.15883641469128],[87.66444196751274,24.15741445097408],[87.66674289072193,24.15316854600271],[87.66836296550589,24.154281381350533],[87.67546540097669,24.15132443592343],[87.672754925948,24.141901960529825],[87.68009070959364,24.14452261475839],[87.6844349721891,24.142884930314487],[87.68618430106774,24.146190811038984],[87.68792457852156,24.146135876878617],[87.68693855352974,24.14805726248875],[87.68802234666553,24.151159204738857],[87.69019695686428,24.151091329061448],[87.68997440913412,24.149929231902902],[87.69176714730224,24.150922883584496],[87.69367305163657,24.148586469460348],[87.69512443089505,24.149163788873572],[87.69470419541187,24.152652174453426],[87.69705670437624,24.15780888644702],[87.69582082466623,24.161247945653145],[87.70206465667665,24.174539039822356],[87.70189669237979,24.178379021468693],[87.69846267828866,24.180211231838776],[87.69841241844684,24.187291267073437],[87.68636561253311,24.18961936944755],[87.68113129645918,24.19347639827715],[87.67692337836093,24.194633176902535],[87.6744019843265,24.207550573353124],[87.65581093360169,24.207613673491178],[87.6383678211138,24.214723567274184],[87.6379231343869,24.216387263418586],[87.64280708594046,24.220178071628634],[87.64615667546286,24.2301528744866],[87.64478928509021,24.234367401871708],[87.6359032446228,24.24184683551505],[87.64149597412204,24.247323591743577],[87.63925645166086,24.25055734023721],[87.63881459283047,24.25476795505612],[87.64687816277319,24.251997248050607],[87.65082926959971,24.24640791903336],[87.65320633401237,24.239343993120734],[87.65831055337192,24.23595319183375],[87.66239808015412,24.23785010081678],[87.66117048919925,24.244240857266597],[87.66214151052918,24.24534745272765],[87.67173467604216,24.243327471390295],[87.67283812970626,24.24712489657892],[87.6742690174948,24.247606284218314],[87.68472282294886,24.246286078603557],[87.68618753320612,24.247570965303257],[87.68564206089424,24.250544864525047],[87.68869802618457,24.252807012530315],[87.69112298786987,24.25856711565489],[87.70014026591207,24.26282486379812],[87.70596893432743,24.26044065355838],[87.70933653956287,24.270793123664287],[87.70724941808623,24.276375308659915],[87.70889406089492,24.279799641155677],[87.713413734821,24.28284018499167],[87.71315086351433,24.293941073665884],[87.73011742423557,24.28852284551429],[87.73175089379876,24.291576638801114],[87.73855471938761,24.294117673306847],[87.73733990247608,24.29534281396243],[87.73859610746771,24.296167544114027],[87.7465322819301,24.29849496923549],[87.7454733775176,24.299412335575408],[87.74679068771147,24.30223276719014],[87.75474882149098,24.309842962577253],[87.76146693612367,24.308251712971845],[87.76307627604,24.313142891912474],[87.76164321343016,24.314098365473374],[87.76309676391666,24.321478731014395],[87.77070147081902,24.322442762254266],[87.76938586203428,24.328166330592158],[87.76278589203116,24.330430416684873],[87.76251481461436,24.334531987252802],[87.76454757274492,24.339823164869788],[87.76761921723023,24.34408856441306],[87.77121077426261,24.344657378421864],[87.77268126158549,24.349797728128056],[87.77943590441255,24.35813511252925],[87.78699268709279,24.363731623540296],[87.79321067726744,24.38215913576836],[87.80065482917738,24.382092865920196],[87.80134192089378,24.383154883611766],[87.79930237778788,24.388087689953238],[87.79908398656252,24.394112639124153],[87.79411175127782,24.396920496844555],[87.79418814760284,24.39966552964507],[87.7969068691658,24.40230642437204],[87.80191203668885,24.39999514312425],[87.8076673657461,24.40711722574816],[87.80966823278575,24.40538153589797],[87.81228874782694,24.414163955971134],[87.8106922672939,24.415759212321852],[87.81097146817577,24.41792795935506],[87.80636961996076,24.420138145764103],[87.80306880536503,24.41135025822812],[87.79989833721534,24.40906408074208],[87.79957292699528,24.41219964411433],[87.79342346210711,24.414553066331887],[87.79259217282129,24.412525378641377],[87.79149952948333,24.414445696525256],[87.78871148223493,24.414957040719894],[87.78951502166332,24.42043475719429],[87.79564040721027,24.422037321899904],[87.79296463859258,24.427894562857773],[87.7952797947091,24.433707531678603],[87.79485336264712,24.43649140542813],[87.80051597927884,24.43750619020434],[87.80077756150304,24.440469921600364],[87.80398864967327,24.44123860343626],[87.80016243202742,24.44614477378102],[87.80342047603585,24.4542916602859],[87.80999246351787,24.454482330840424],[87.81142422536718,24.456199653015496],[87.81327012044389,24.45481700267283],[87.81343056404522,24.45673970955479],[87.81982793071411,24.454329927546112],[87.81919654263015,24.457385908988222],[87.82383048944688,24.458417315420117],[87.82387293035248,24.46491954869515],[87.82155523380032,24.466584883895962],[87.82263950753476,24.470968064082633],[87.8189563987002,24.472080819777673],[87.81830320670764,24.47482085659548],[87.81288671858235,24.474949404656545],[87.81068026759831,24.477083616701545],[87.81447267714844,24.488288855045617],[87.81654464674116,24.489740676725454],[87.82372637111219,24.487814189243448],[87.8269676875917,24.488482794829334],[87.82791634446434,24.490184540190334],[87.82583640861169,24.490539079497832],[87.82826761179159,24.498590515889838],[87.82399469429429,24.500185295296],[87.8215598232931,24.497597605281914],[87.82265536908774,24.494584350552415],[87.81605133420794,24.49127868096811],[87.81147808924993,24.492206470123868],[87.81218226602473,24.498867639623032],[87.81639793568557,24.500614933797383],[87.81220280510537,24.50818759848661],[87.80933612921848,24.50954337342685],[87.811292607805,24.512446158546776],[87.80984522874449,24.514190247162194],[87.80438469083089,24.511128459756694],[87.80493272513796,24.508858709707077],[87.80366459680758,24.508106876575138],[87.80508745455575,24.503710227045694],[87.80374562394786,24.502245279522818],[87.80632105344327,24.50061495913765],[87.80453053231726,24.4999652582329],[87.8044959004664,24.497626394970446],[87.80106491100288,24.493535441590932],[87.79883020081667,24.494414307424172],[87.7971461632895,24.50121464259392],[87.79420572493797,24.501338485571964],[87.79557460831063,24.503986414189704],[87.80145772720863,24.504099799004344],[87.80340258069707,24.505724042637524],[87.8027742909025,24.509348853915352],[87.80164192046944,24.50822606678274],[87.80115571900002,24.509366485430938],[87.79893485544558,24.508365634105456],[87.79804883989432,24.509224697602267],[87.80173826388535,24.512379284490457],[87.8037477107343,24.51803533903347],[87.79909845932006,24.525823111478644],[87.80032556069314,24.53406193674614],[87.7986099042646,24.537493853621932],[87.7993511563078,24.543838748280585],[87.8054441180629,24.542514840013325],[87.80881307166958,24.5474819119207],[87.80552958557567,24.55277366530247],[87.8061786749623,24.55390812892809],[87.80377241260797,24.55591679680422],[87.80263650640595,24.56203685979592],[87.7997290470051,24.561356927011076],[87.7996746980321,24.56523158842551],[87.79463991215583,24.566992170775674],[87.791423197837,24.57209361621353],[87.78782493667765,24.571507433461107],[87.7780848948191,24.57418614094218],[87.7748699753342,24.57171010064133],[87.77059843046266,24.570828896784263],[87.77168511886859,24.58374679436591],[87.79204147411109,24.58400224929304],[87.79733654145102,24.58112052905831],[87.8123134559888,24.57884592045429],[87.81844416405383,24.572454824327785],[87.82684466241521,24.56895005124154],[87.82560113714385,24.56605792012459],[87.82702639608878,24.558247353428403],[87.83272627124522,24.557311875747555],[87.84096689913045,24.558784235342994],[87.85199298891267,24.553935850040833],[87.85400346523096,24.55773559206518],[87.85218723701648,24.56074411420765],[87.8545455571824,24.560495964388743],[87.85455264938159,24.558644532059045],[87.859066480665,24.558835590977807],[87.8596975291858,24.557260647766974],[87.86526334515915,24.556822383685706],[87.86887923665425,24.558535462320297],[87.8688400189039,24.564297447203767],[87.89188665684408,24.565634789948398],[87.89254317260317,24.581382982024785],[87.89833393211356,24.582095852931804],[87.89908830135654,24.585387607647085],[87.90078283300285,24.586233141742728],[87.90881903577042,24.585771627018524],[87.91123867763261,24.59394797820784],[87.91351114401022,24.596769924558235],[87.91115453962648,24.598027121565107],[87.91209361057672,24.60013793930215],[87.91042027917112,24.601630182186767],[87.91145615257636,24.610283433434383],[87.89620576212002,24.60994901491783],[87.89125375509887,24.61151693924931],[87.89034014330208,24.60953048496611],[87.89211334311277,24.608674512884207],[87.89193891184416,24.606363669613174],[87.88548842150433,24.60772937090332],[87.8816995629945,24.61253794519195],[87.87882663752816,24.61137171177456],[87.8779601809956,24.613182918372896],[87.87667630968984,24.61181775847805],[87.87517845609017,24.61375004698963],[87.87560931954147,24.616041410017978],[87.87713207354248,24.616240237790187],[87.87635336534521,24.617897372408272],[87.87779792459403,24.618232149419406],[87.88234657637452,24.6168009923088],[87.88284558332833,24.615375921870775],[87.88544085840498,24.614972382328002],[87.88563552422535,24.615964570586208],[87.89141597197458,24.61340183154383],[87.90567049280189,24.614788666914365],[87.90578101881951,24.631449821891916],[87.90984764629661,24.632292199773094],[87.91141731661001,24.637556641773124],[87.91424937322253,24.637069839567705],[87.91154161380094,24.65463279616164],[87.91574922916698,24.656361051226348],[87.9183561652743,24.662222557388276],[87.91705794697513,24.665761519154064],[87.9086615413382,24.667602392478475],[87.90948454905542,24.6693657365435],[87.90365474966113,24.67223656195955],[87.89748702471819,24.67201522214076],[87.89188837082965,24.674203459115354],[87.88858144140177,24.679208766391714],[87.8897717522724,24.682610517022656],[87.89379648322297,24.684519262448607],[87.89669226272845,24.68821642985708],[87.89835680681394,24.687208578758632],[87.90263670781425,24.705610894887187],[87.89953529855036,24.705484085859133],[87.90305569284254,24.713790617193062],[87.90710791403747,24.713639711568835],[87.90601161545463,24.717881722384213],[87.9077963990409,24.72131161802004],[87.90402346676277,24.721840092575857],[87.90441690909428,24.724285032148536],[87.89790312076455,24.723159253688532],[87.89012472011044,24.724912539028267],[87.88791387816133,24.728230886099418],[87.88842418502307,24.734389086485148],[87.88483740882465,24.737389592712617],[87.88517989961156,24.740059194894993],[87.88270702358564,24.741347143162233],[87.87872544949794,24.74183113636519],[87.87457650849298,24.732562753822],[87.86567748108153,24.732551282896203],[87.86302513244163,24.735068069561798],[87.85996293104661,24.734074266477982],[87.84855476531615,24.740253075880357],[87.84280136673846,24.740484269987522],[87.84230332547358,24.742880237491217],[87.83666820267943,24.746036498538793],[87.82925075229304,24.753338461940764],[87.8224020316012,24.752554450476435],[87.81900377584827,24.753925226909878],[87.81770027815021,24.760942703184593],[87.8228342362372,24.77008077689176],[87.82825510814112,24.77167643566436],[87.82776153779143,24.768834481981873],[87.82979433275293,24.769617891512937],[87.8321435332221,24.786640059022794],[87.83612183654387,24.789856675187956],[87.84091538883375,24.789224797082277],[87.84134241288552,24.783623309188243],[87.8396280733872,24.776674531582938],[87.83595137133723,24.77772936183125],[87.83519870979157,24.767266939261855],[87.83656405649698,24.765868583763506],[87.83982065152286,24.768288342990367],[87.8420624637897,24.767625695994504],[87.84342441576163,24.76942356693814],[87.84533362230296,24.765628974029706],[87.85431881521816,24.761758700007928],[87.86097757995665,24.766443590913553],[87.86340684457215,24.771613248366577],[87.8622332980614,24.77286811477014],[87.86423093206434,24.771706017076973],[87.86513423389661,24.773870104187537],[87.86864823128568,24.774337254187586],[87.87027757309015,24.778192853146198],[87.86740540041198,24.778643914454115],[87.86858247101361,24.78900347285893],[87.87169324072278,24.791080491002397],[87.87142771219952,24.79412530793334],[87.87304622032167,24.794973766317632],[87.87504262183604,24.7947002200678],[87.87472069528263,24.791125986096645],[87.87851453225574,24.790444497425455],[87.87850466156739,24.79465291096915],[87.8816220168259,24.799005319800134],[87.88026944416386,24.804991562857673],[87.87483115392659,24.806829681654943],[87.87628008258096,24.811670589518886],[87.87440178527193,24.813298129766768],[87.87536993828117,24.817311059014553],[87.87109167490962,24.819584718463148],[87.86897597173561,24.824076180724745],[87.87002976024259,24.82619225759633],[87.87205525010418,24.824356272684607],[87.87567061698317,24.824876967776035],[87.87559955305768,24.821806951847726],[87.87744638687388,24.8213084966599],[87.88164435882534,24.823080846310294],[87.88318909460138,24.828797158011263],[87.88477855659714,24.82828199153842],[87.88283737991313,24.82247780020002],[87.88464717978347,24.82234065717276],[87.88536316491268,24.826909046813565],[87.88729781084454,24.825363811727712],[87.88622465555834,24.82293641825598],[87.88847719640464,24.822444376049756],[87.89101602314545,24.826005378913383],[87.89631359049685,24.822397600161274],[87.90025641216153,24.823042122750696],[87.90162422653897,24.827458866369362],[87.8977698889298,24.828114271140624],[87.89667318969835,24.829728235462824],[87.8967166043777,24.83573336383789],[87.89937572272159,24.83670163368177],[87.89966907027255,24.844412004908914],[87.890750420062,24.85518477925332],[87.89674226116053,24.857090434407397],[87.89737278147193,24.86078920226303],[87.91531312045272,24.88296752990123],[87.92363042583567,24.889833622997106],[87.94572536161441,24.902518296540997],[87.95243188528495,24.908119670720378],[87.96102462850703,24.921908051724305],[87.95964003988827,24.929791447834454],[87.96228739209855,24.93783846183846],[87.95906494203665,24.951395696037135],[87.95753385975459,24.971091736348075],[87.95376361433746,24.978042179110282],[87.9440061262978,24.985942780375012],[87.93987633378143,24.9913690333563],[87.92276420376338,25.00055174869799],[87.91082209829266,25.001654844654116],[87.9056440455016,25.003600948331048],[87.90288703774121,25.007356233184478],[87.89278863366131,25.01412685860038],[87.87667031343533,25.034369633472913],[87.84841500811919,25.053524667909546],[87.83514823435411,25.058973058162145],[87.79572792827175,25.087319541451294],[87.79534972316411,25.091990288910107],[87.80158809521423,25.104256144492155],[87.80071436053125,25.11776126671249],[87.78892158021358,25.134774607898052],[87.77921999972389,25.14362648163881],[87.78206124520344,25.16238766541117],[87.78173847333532,25.176914192036712],[87.77771129627222,25.195756836240136],[87.7727634592306,25.207229193427743],[87.77317949688644,25.221187866358154],[87.7777639034119,25.23489883789404],[87.7786681323055,25.250543539839658],[87.7113681685111,25.257683806627348],[87.7113495365538,25.27466894993585],[87.69327499825272,25.284703714857553],[87.69629370052672,25.29383809868765],[87.69970260041747,25.29741742104457],[87.6952728352749,25.30012524902507],[87.69841892135115,25.30395704123365],[87.69547027509289,25.306735101865538],[87.68503782798301,25.30605701660076],[87.68450470930294,25.30970419825704],[87.68694720340763,25.309163197444523],[87.69185012019344,25.310457995380748],[87.69199746276466,25.311614877324864],[87.67366301580074,25.312932096960093],[87.67545755419268,25.310520860185516],[87.67543486364693,25.306894361439923],[87.669267303994,25.308163928236795],[87.66688409869806,25.310693095875564],[87.66557522637964,25.30905446913332],[87.66428540643008,25.311380692203098],[87.6635318492641,25.307937586183886],[87.65632342965779,25.308842697673807],[87.65487640722843,25.307621002366343],[87.63855278782405,25.314674933196738],[87.63642716635098,25.31355269942483],[87.63522824961997,25.31446526584983],[87.63593558846459,25.31594869955763],[87.63050478209195,25.319738938127486],[87.62721025929648,25.31162447440712],[87.61788162427847,25.318096475917216],[87.6132252231729,25.31565848026892],[87.61203779230111,25.312821928179314],[87.61044236369527,25.313271528077543],[87.59225783028089,25.322421284445866],[87.5935434380301,25.32531653397151],[87.58394177984442,25.331909313456812],[87.59179971913039,25.34195746002772],[87.58811833416289,25.34683834405676],[87.58402540221759,25.349452022007856],[87.58277832410926,25.34349443918758],[87.57456604166451,25.340863042375755],[87.57114218751927,25.333372058276872],[87.55185839377654,25.33265732619293],[87.55034484660887,25.324538263477056],[87.54765889558745,25.323825808837586],[87.54848219076553,25.32131234844269],[87.54635138780992,25.30705208836492],[87.54273667400614,25.294052576596048],[87.54297343577906,25.281060279407285],[87.53214757598208,25.280391939263826],[87.52536282521993,25.28474189727036],[87.51696647977009,25.29328738384548],[87.50171501762361,25.292337714912087],[87.49351632848577,25.30378746136539],[87.49146596696889,25.297591242841477],[87.48739943471315,25.297323570067842],[87.49056676325094,25.279879841987714],[87.49867976658544,25.27644516982604],[87.49631210753381,25.270637480961142],[87.50086420974328,25.266666759860914],[87.49889963643776,25.262734848059186],[87.50056802171939,25.259876809103506],[87.49976857860871,25.258504741276404],[87.4952742632248,25.25967788713694],[87.48284552509334,25.251838928626128],[87.47326013899071,25.238283068746302],[87.47500567608054,25.212065079246962],[87.47520454781308,25.2105989852344],[87.47725434069638,25.210681752334008],[87.47810605318018,25.19440699825097],[87.46326867754874,25.194902317531636],[87.46179286411454,25.197793682098588],[87.45951380769603,25.196880256493046],[87.44616014348676,25.204179646357304],[87.44149573030718,25.204754602728563],[87.42659470274964,25.211132805054362],[87.42309697474869,25.21395428872122],[87.41234921088926,25.21509525019892],[87.41213440933177,25.219059251833702],[87.40397823565966,25.222435976430294],[87.40359713168857,25.22531925851061],[87.40132313368343,25.227200308873684],[87.39739642510001,25.226583029691874],[87.39184638623802,25.2278997040159],[87.38796830615586,25.22295695700849],[87.38357145079377,25.224373959841426],[87.37848918086989,25.21693982103611],[87.37548939531914,25.215079028323135],[87.37188280767542,25.206274441391383],[87.36021550852821,25.211909473685314],[87.33453472810395,25.216153644085058],[87.33349019583767,25.222701266617758],[87.32752632558217,25.223641652742558],[87.3232715872913,25.21124972739831],[87.32300914358272,25.206308501664836],[87.3184066288178,25.195283029299166],[87.32102073887098,25.189976818554136],[87.31570215543353,25.18060186036771],[87.31659111117068,25.179001584132294],[87.3145619948103,25.169532613241163],[87.3193935575148,25.165322924107187],[87.31663484834527,25.160278386012134],[87.3145272596532,25.160303314380798],[87.31212637191922,25.14879105194257],[87.30811109034708,25.147430136460695],[87.30507454034502,25.142910900486434],[87.30678016888002,25.140816277634457],[87.3058694748113,25.137968419665825],[87.30698918528708,25.13642795278786],[87.30324714068168,25.134393126524355],[87.29652097804238,25.113698008121755],[87.29824763434155,25.112644932586036],[87.29532855343592,25.10238506455855],[87.298235101945,25.09978671804337],[87.29550496908297,25.08856273448551],[87.269852445166,25.094003347508046],[87.26707644881715,25.097934878158554],[87.26369422709372,25.099672828897234],[87.26319412868686,25.10333869385211],[87.24967437226974,25.10545710843922],[87.24659429619722,25.11180988699536],[87.24149800806335,25.114831019227758],[87.24130620607207,25.116925919337696],[87.23498497611506,25.107045335649964],[87.24415864635668,25.10074824290963],[87.2400057949853,25.09731407274799],[87.23980103659272,25.09203005553068],[87.2376026785311,25.092090315998284],[87.23711211663925,25.08921033002505],[87.23051513712772,25.090124409508384],[87.22947512248899,25.087945353007736],[87.22778114420491,25.087811094944506],[87.21265145588171,25.091164522322],[87.21124454772138,25.08072836081712],[87.20683361575877,25.082257463902433],[87.20375270155809,25.079113970746352],[87.20039681754048,25.078160310486645],[87.1982641362076,25.071045031478576],[87.19652021339034,25.0700162174243],[87.1934183316126,25.07131329944587],[87.19444632858945,25.068533222503635],[87.19262841783043,25.066184506311625],[87.1882621042897,25.067668259558232],[87.18108640042773,25.065824638815215],[87.17275759121925,25.05168697860326],[87.17196733248402,25.04757686369615],[87.16653479865107,25.046604020661864],[87.16767172713591,25.04096597856718],[87.16394592227421,25.03877050623534],[87.16234990347523,25.033304317749643],[87.1581273482277,25.027984429543515],[87.15033213829801,25.02609010112349],[87.14576730785927,25.019334026697774],[87.1469946787269,25.013477338290592],[87.14575168256322,25.010010635807305],[87.15170591030244,25.000522107249335],[87.15071902113131,24.999436187913002],[87.15439614988104,24.97802404637518],[87.14986818091167,24.963439820339666],[87.15197758689553,24.96053405658423],[87.14988679490266,24.954663319639717],[87.14996757141299,24.947993235031316],[87.14617774990921,24.941724460264975],[87.15443165399603,24.93241883256662],[87.15251643143723,24.926663179231035],[87.14496219727747,24.9192419287839],[87.14630702107186,24.91039891206166],[87.15030067121192,24.903236873458024],[87.15448601374881,24.90278641102232],[87.15698951783433,24.89983057023],[87.15671513282068,24.881013618677645],[87.15178941499633,24.87637914025325],[87.14583684464878,24.867335556665743],[87.14115841056424,24.864574706655564],[87.14148137107856,24.861416502296535],[87.14282986538922,24.863213402523865],[87.14396161778137,24.861340315607432],[87.13779198661344,24.859685583388963],[87.13358626040443,24.86067381680337],[87.1324381649623,24.862456205915354],[87.1268254371682,24.85583000982025],[87.1226234066283,24.85507507231146],[87.11805454724549,24.851639655738023],[87.10936259318514,24.851689388466973],[87.11201723252898,24.847586191779257],[87.11103703670504,24.846551607924624],[87.10466429375639,24.846838278752156],[87.1039774562632,24.841260558925338],[87.09133683160732,24.823489072363472],[87.08419884890242,24.82212383884647],[87.0768877329945,24.823774512480046],[87.07447451498493,24.817743820952447],[87.07566227104687,24.81172335525931],[87.0741445422215,24.80839365538033],[87.08281954147921,24.806717400779537],[87.08738707405035,24.802875496577943],[87.09571219028469,24.80275191729208],[87.09273042134527,24.79174682128604],[87.08870100927372,24.78634357878821],[87.08535698750947,24.78593911574252],[87.08354672410844,24.781950383400318],[87.0786860299376,24.777565118524212],[87.07999091553282,24.774837191808366],[87.0787378573396,24.768054294339866],[87.08428977278224,24.756157450100527],[87.07807581065332,24.752456465215168],[87.08003115736258,24.75053913005267],[87.07978258813357,24.748471065097174],[87.07063557809298,24.747609968447716],[87.06981163073797,24.74498990988702],[87.07383593858206,24.74140304558091],[87.07287797067153,24.737064778382038],[87.0785806063508,24.736625296912617],[87.07891249522073,24.733641950336324],[87.0768245005817,24.731249700044376],[87.08113446729622,24.729188249689685],[87.0771048486122,24.72150731850056],[87.0782406416265,24.719128778710942],[87.07347279912004,24.71562698586788],[87.0738372222746,24.713332846855707],[87.06802405878106,24.703420235393338],[87.07028980306539,24.697143041461906],[87.06926789666616,24.693285228461598],[87.06531115111461,24.688527452968152],[87.0619022709868,24.68879965030055],[87.05972303985423,24.682632244531238],[87.05972124591858,24.676350915453785],[87.0540428485823,24.669370712058683],[87.05374102722324,24.659379154398327],[87.05078448297701,24.651901400209454],[87.0508504911841,24.644396157571496],[87.05243005913529,24.64105396335206],[87.04625994197872,24.629974251800704],[87.04931113182502,24.625475600268402],[87.04885976342904,24.619366394216783],[87.05107242805985,24.60855888838768],[87.04661734929093,24.608948749741145],[87.04564336172393,24.61178922530306],[87.03807919938362,24.617261193739306],[87.03594942230404,24.61293458742323],[87.02301597112006,24.615733542400655],[87.02412334682869,24.62420866079389],[87.01999547850367,24.629736072525432],[87.01072982526857,24.63121601901456],[87.0076107093121,24.628896915201153],[87.0069255292106,24.622990979894038],[86.99619603169415,24.619947489730297],[86.99274483283166,24.625374455191707],[86.97836159330558,24.640118123799354],[86.9749916560437,24.640373355838925],[86.97349800655952,24.637700944724504],[86.96100270865536,24.635185599713036],[86.95804714896268,24.631845365445454],[86.9529786079913,24.631347144037413],[86.9513574273812,24.633469091790765],[86.95400635523649,24.636424800186923],[86.95429891047337,24.64160200699814],[86.95692046127209,24.641518104959225],[86.95821213714102,24.648962943273194],[86.94288219996794,24.65093682786662],[86.93980204574197,24.65255544660787],[86.93866071461393,24.65180564626729],[86.93960798897935,24.64365405351155],[86.94255460594341,24.642397990464453],[86.94340226433033,24.639333375869647],[86.9461421439132,24.637777204120106],[86.94546830414386,24.635790164367048],[86.9386444146831,24.631142096741538],[86.93318266943375,24.63117621986985],[86.92886341863074,24.625421106764865],[86.92776849536858,24.614440254272264],[86.92020117904332,24.606469181649878],[86.91996598483058,24.602369124124035],[86.91444547808355,24.600261751622675],[86.9125026026854,24.597081977569403],[86.90873630716057,24.59565234851132],[86.90852242817287,24.58504965658871],[86.91368521589231,24.576743368915444],[86.90994687234584,24.571405410636256],[86.91443672489942,24.568705383316868],[86.91769073457391,24.560885766233625],[86.91668957925775,24.551623503987148],[86.91820096597719,24.548339682348413],[86.91644128311657,24.545150505623994],[86.90480948359276,24.550463807147196],[86.90497420586979,24.555119154345398],[86.90065207866125,24.559002464985145],[86.89559736366039,24.56123737954366],[86.89503012516919,24.559754364282814],[86.89318516254372,24.559837637294272],[86.88764760577259,24.561770723170095],[86.88842542284111,24.566924955680577],[86.88289993044427,24.5698144026261],[86.88128787671748,24.574168716233807],[86.87134248717146,24.568156564391295],[86.8611464667629,24.566393049844542],[86.86074222219008,24.564118410810682],[86.8630731985371,24.562667416131738],[86.8599670228123,24.55605666327243],[86.8567889126945,24.55466284663784],[86.85625383119549,24.55718738611334],[86.85382496992355,24.558541979119745],[86.84799115865319,24.560124731852508],[86.84444258331223,24.55936353597907],[86.84084870682977,24.56283578100809],[86.8437990248528,24.56935738125982],[86.8435533374192,24.574901805090576],[86.83508443234892,24.5762411783132],[86.83178770239279,24.572773796297813],[86.8243179736501,24.57387641882052],[86.82217228650853,24.575586633023914],[86.81608333662952,24.5704873174848],[86.81129595666395,24.56891891927482],[86.80209457159921,24.570284354216163],[86.8015050099732,24.575317866025046],[86.80325057401245,24.578359701751882],[86.80981312738739,24.58169468127502],[86.80877362389006,24.589043476450836],[86.80613215115334,24.593813839107764],[86.81092919339807,24.59923385065102],[86.80490594719721,24.600058906847636],[86.78701578541327,24.616453037710173],[86.7837543538579,24.615051149739948],[86.77876229095824,24.617502859449846],[86.77155161658055,24.61863644446895],[86.75909645899655,24.61688889466141],[86.75338742731242,24.61803792507669],[86.74850239508558,24.606208979938337],[86.74991655354856,24.595400570947238],[86.74567964681606,24.59286808089985],[86.73972281665745,24.585504267293402],[86.73557066148044,24.58439260456927],[86.73499494648621,24.579560852170125],[86.72156267789295,24.58317350929146],[86.70674488912795,24.57569488814176],[86.69709333671479,24.573468085567043],[86.69553975253318,24.575735079912647],[86.6921419450396,24.57689587376587],[86.68816637439292,24.571558734048434],[86.68331571799706,24.573437233304094],[86.67673209194221,24.568336705301967],[86.66938257575084,24.56618560196154],[86.6520691503456,24.570216419497807],[86.64629909520589,24.58050190420211],[86.63159155398077,24.584991034941712],[86.62491412494566,24.5901384211791],[86.62422188408601,24.59998346491162],[86.61064290353887,24.599407197775573],[86.6116215695319,24.604060472582468],[86.61533728002473,24.606130020741222],[86.61502072719335,24.608809153041324],[86.60807877574807,24.60747282668817],[86.60341513961122,24.608160249266582],[86.6031843543299,24.601958786316832],[86.59772085826407,24.60068331668382],[86.5971751227458,24.59680389370583],[86.59260391516683,24.594040390759428],[86.58889326308734,24.589032583726425],[86.58934849334072,24.579641071469496],[86.58046320206826,24.56670169650189],[86.57883573414951,24.567520861654476],[86.57674432860729,24.565481106342208],[86.57462994146518,24.567499223605076],[86.56971560799042,24.564774804438226],[86.5665202601006,24.56642739651542],[86.56311064155767,24.564367882739507],[86.5590092636521,24.564837369448313],[86.55795532512644,24.561258467176472],[86.56305189083976,24.555374082610662],[86.56298104700153,24.553312145992376],[86.5581362170786,24.550632711355462],[86.55262769475574,24.544366237525058],[86.5524267101857,24.536121866460796],[86.54259438799124,24.54339195283446],[86.53428635501866,24.540741350061253],[86.52768916350473,24.544241072337556],[86.52249756861076,24.538381444312215],[86.52017692738109,24.538265655234973],[86.51667368552091,24.535365915191385],[86.51456368305571,24.528685839070075],[86.51620467870436,24.52749717192107],[86.51534641750212,24.525269018246824],[86.50940578935794,24.522124901658337],[86.50365625892587,24.510563962057095],[86.502979408902,24.511624501330463],[86.49971210505961,24.509885044272103],[86.50254837746573,24.50036992010639],[86.50252077583032,24.49303914388436],[86.49909236363334,24.48897269965036],[86.49670857802572,24.490310460659437],[86.49631530906905,24.48869180666619],[86.49276028651927,24.490819156587456],[86.49340071434993,24.48722575138786],[86.4902293856142,24.48124452283563],[86.49222669442705,24.478195087068197],[86.48842302090156,24.476615027426345],[86.48893285255454,24.47327092343481],[86.48353663581189,24.467682291942744],[86.49074584952892,24.46400811936281],[86.49539348487394,24.456130904286294],[86.4966382138878,24.443265064176153],[86.49416283964709,24.44056541907495],[86.49124344522941,24.428028908633312],[86.48371089280735,24.43496308026958],[86.47720763722432,24.434510435459693],[86.48099468652715,24.427957994280533],[86.47957337477956,24.42817890557131],[86.47707278123555,24.424566809050134],[86.46781752060997,24.425220900283875],[86.46616359461113,24.417660644872694],[86.47075874408904,24.405804342364657],[86.47156512938024,24.40162550929817],[86.47008156797673,24.397881311087115],[86.4720325129411,24.393543874845786],[86.46675380302415,24.384764809694648],[86.46698664814244,24.38093629499591],[86.46354415215838,24.378864921384857],[86.45771964743437,24.378148730786766],[86.45599069683796,24.37199210120469],[86.44871784466959,24.37016455057565],[86.44528040620058,24.36785016689473],[86.43268426342266,24.380150825255654],[86.4279444133188,24.377175961927907],[86.42370646274394,24.379536599571967],[86.42028434414381,24.378693435073068],[86.41302328865171,24.380285305289718],[86.40508574066527,24.387766019197873],[86.41042954430434,24.392551946069446],[86.40470782751008,24.39964071390627],[86.40203767965112,24.407956909652878],[86.39598944681067,24.41020984425171],[86.3954538838147,24.415314250620217],[86.37965983654165,24.425484519764733],[86.37737957817727,24.430755277343135],[86.36506568785822,24.425478993924727],[86.36201652461124,24.428222411217703],[86.35830413608831,24.429123128164267],[86.34911626168542,24.446561942452888],[86.34468115426189,24.446905589979796],[86.34404151425375,24.444035765279338],[86.33411951234616,24.442431877180034],[86.32529191088126,24.44375707249923],[86.32353354045931,24.442190310140823],[86.3171568988223,24.441588471847755],[86.31335501833414,24.44716956075102],[86.3013448870402,24.448052345237457],[86.29427515024577,24.45144762626838],[86.29440436122128,24.456234579324626],[86.29882689043421,24.46077114588371],[86.2912618639146,24.463183714764142],[86.29067832549254,24.46164139323348],[86.28652059447256,24.462559193849742],[86.28300541579893,24.46474587103944],[86.27613316822978,24.46591216118944],[86.27604506416166,24.46905648327429],[86.28186347022319,24.479120528186023],[86.28938308331193,24.47884116413521],[86.29363574110464,24.483126855755575],[86.29348194144315,24.48839979904047],[86.29825238547066,24.494983654913025],[86.29959517547927,24.5005454605623],[86.3028357158144,24.50568512564308],[86.3091634953881,24.511187549948374],[86.30568876695337,24.518761696869316],[86.305212284357,24.527944216004215],[86.2995547279353,24.53016846485405],[86.29716597913571,24.533328193973638],[86.29707952706943,24.536121743881225],[86.29962990434817,24.536302077904324],[86.30779988692278,24.547572343720855],[86.3006466337564,24.56091476773263],[86.3066810684741,24.56774669534685],[86.30664875697164,24.572125116658615],[86.30927455590331,24.572221403825118],[86.31712036613632,24.577020746572842],[86.31535948402484,24.580684585915872],[86.32280732082403,24.586905525669074],[86.31878134031687,24.58602244451799],[86.3174012989701,24.58803167839954],[86.31327695922752,24.58718972287759],[86.30846974356218,24.58850095064171],[86.30916480064022,24.583858082881537],[86.30253086623449,24.583268039005183],[86.29971071948603,24.586003005415982],[86.29748574164763,24.58498495409709],[86.29237567335728,24.587895427913068],[86.28806862347245,24.587026999322614],[86.28477368026542,24.58796587877305],[86.28108227189593,24.58511613003803],[86.2755460356483,24.5866478384465],[86.26990840745285,24.585440342702316],[86.2751810636231,24.580033475263402],[86.27431691755744,24.576970088695735],[86.26659074495394,24.579924625098432],[86.26328430600621,24.584234615304315],[86.26280076983824,24.579752293378725],[86.25920687449117,24.578200473774235],[86.25684728590404,24.580347651472106],[86.25407774125554,24.58744241141958],[86.25155892808097,24.586691844741765],[86.24757008392766,24.587932442270198],[86.24568918599586,24.586685613676085],[86.24296751795875,24.58774622268594],[86.24108331243009,24.59214050217831],[86.24236677859565,24.596700646679817],[86.24003911613373,24.599545900786],[86.23074995398763,24.6055781772492],[86.22533134493989,24.60656118148709],[86.22369419947057,24.610652139862772],[86.22037681634774,24.61073666045506],[86.2175940808376,24.61357106577791],[86.21496445059124,24.61385874033795],[86.21417435714604,24.605495646845696],[86.21519951364995,24.60397248280586],[86.21401165338345,24.60230103202176],[86.2169296949383,24.599754735040477],[86.21362973553873,24.594346010785713],[86.20158319822127,24.587787523153676],[86.18877012937023,24.583516791524115],[86.18516302968679,24.58439675841685],[86.18352629025597,24.582696298118844],[86.18143570487561,24.58369322945713],[86.1800683827749,24.582370085942053],[86.17869464041488,24.58352049611223],[86.17505611945947,24.58281168673624],[86.17245386177812,24.58473242397227],[86.16687323797565,24.583750872264467],[86.16487254431082,24.584237019392614],[86.16348406958012,24.5867730813744],[86.15830508972769,24.586727579423624],[86.1538235106579,24.59166539340472],[86.1524049127208,24.590730565455075],[86.15062039413752,24.59247899199322],[86.150118421845,24.601658306843632],[86.14272512715657,24.603431063885385],[86.1408918264601,24.605310505359096],[86.13622191199774,24.605432852221078],[86.13236663564906,24.60343337776161],[86.1292563528268,24.61053349127652],[86.12460550151307,24.61128275362537],[86.12066318290492,24.61953853828066],[86.12067619679844,24.62355115209695],[86.11837513794366,24.62426856413169],[86.12097409970622,24.629466848564032],[86.11982501162571,24.630412291697418],[86.12186112406555,24.632761216173467],[86.12142979079536,24.63535451703273],[86.1194443819651,24.63868780028592],[86.11683492518507,24.63960440349895],[86.11540662544289,24.643733825916883],[86.11969774280783,24.650516878190533],[86.12438408027023,24.654624194320704],[86.12644665797667,24.667746919483662],[86.12480632708134,24.671949601409292],[86.13126415755538,24.67563566048328],[86.13203440721595,24.67989987798479],[86.12864964865018,24.686036789531382],[86.12854129745388,24.69874778782217],[86.12372839994437,24.707193750991728],[86.11682813751479,24.713309094394404],[86.11519824234813,24.719336672849266],[86.10797820662687,24.726345655591885],[86.10851248593029,24.73290089884407],[86.10713784525498,24.73496690320311],[86.09420637395786,24.744916074641868],[86.06640140307682,24.75186076534172],[86.05369254329031,24.745391384950796],[86.03690629600617,24.740668855215933],[86.03395509943081,24.74453893765891],[86.03450324423066,24.746021063946404],[86.04240892088916,24.747155154250194],[86.0463001729683,24.75211390940083],[86.0538334018218,24.75594724120108],[86.05666030659613,24.7606199252814],[86.05870973476343,24.771330676739613],[86.05529386304778,24.779738484569254],[86.04447813894214,24.776316008980626],[86.03746304127657,24.776581021104587],[86.03450391167891,24.772324517148245],[86.0247392227439,24.766743617986858],[86.01645945346513,24.763771482685456],[86.00835521319623,24.7633378015454],[86.0015260407433,24.759332356187638],[85.99648215313657,24.753156815195588],[85.98584230119724,24.7508263312911],[85.98434329685567,24.74869437545882],[85.98038411776801,24.74871371091],[85.97367410144761,24.742750863072896],[85.97238494086146,24.73567624576692],[85.97020993360735,24.73304169483067],[85.96005317945816,24.73128006702291],[85.94534914974753,24.732960312659912],[85.93672330360721,24.73523906184846],[85.91956907404334,24.744826859272965],[85.90874581486909,24.7569034500095],[85.8977122924262,24.774573716700928],[85.88660140168115,24.78391279501713],[85.8859265387307,24.786391101470254],[85.88931900394327,24.789949736904482],[85.8896533901297,24.792685644003218],[85.86725381138359,24.804682408078726],[85.85499290369998,24.808406569109795],[85.82474245091761,24.808458038914996],[85.82009680534097,24.80802891637439],[85.81322276922609,24.802584246326262],[85.81066189782823,24.799443291296097],[85.80953998198842,24.79415616923709],[85.79065925422886,24.79599601767913],[85.78042105342615,24.798948528343118],[85.77811645071755,24.796537338323112],[85.7678945067265,24.804230679818364],[85.76859316155726,24.80761368466471],[85.76216000780408,24.81287919755142],[85.75577544033133,24.813559203683457],[85.73668833631336,24.820782013190378],[85.73058811347582,24.812562193138252],[85.73080200863318,24.802509514893476],[85.72933990349021,24.798628617817293],[85.72361740785661,24.797147440686068],[85.72240205644746,24.786007918234823],[85.70745945036703,24.77961310829232],[85.70943924382846,24.77740694238901],[85.7093559700016,24.774866371990797],[85.70736635436087,24.77318108694693],[85.7066917770747,24.768606144097873],[85.70956587753743,24.767050722051103],[85.70479309789015,24.766994496737855],[85.70388405133167,24.76110638523528],[85.70422377710412,24.751297470705502],[85.70885630098942,24.745269063548303],[85.70527680383975,24.73638766072043],[85.70858637341624,24.726841154149948],[85.70716676128117,24.724535301400362],[85.70015130339112,24.717503534821656],[85.69895181084,24.71305947416971],[85.6889369671495,24.69817127444748],[85.68137924752642,24.691588339932785],[85.6490190123661,24.6845887511987],[85.65138616566622,24.67782444450632],[85.65356447243236,24.676713606821803],[85.65452215378036,24.673883138554746],[85.66038555555619,24.672306451015313],[85.6600332875057,24.667065833803008],[85.66665492667012,24.66113412349857],[85.66709858033447,24.656975258842767],[85.66244734813502,24.650179659931982],[85.66507886304687,24.642695306887713],[85.66866151328321,24.64053657829446],[85.6674582073837,24.63634839380457],[85.67211363471552,24.62984855481623],[85.67300673348275,24.62103759818529],[85.6761453599489,24.61647290981942],[85.67398512279469,24.597857813212332],[85.67706191013498,24.59514472678474],[85.67754673358876,24.59100429108632],[85.66799870213062,24.578982457721303],[85.65967699410446,24.578352051278298],[85.65124010409261,24.57452586304186],[85.64827392721155,24.576462790712522],[85.63806109303582,24.577344259661455],[85.63561292607011,24.579448002796678],[85.63283375597332,24.578861280975744],[85.62726578404335,24.58192647892167],[85.62005868046889,24.5800349988023],[85.61522108378064,24.580761540138404],[85.61234768490216,24.584851025951615],[85.61245111063575,24.587306695337553],[85.6018409489149,24.595742117429225],[85.59758026557347,24.596147635228565],[85.59376478189695,24.594499011245716],[85.59209995484214,24.597496240557927],[85.58926135040953,24.596899738796886],[85.58063013234383,24.60075686246139],[85.57026771070699,24.594086027278177],[85.56614107487056,24.587002084110303],[85.56729589420259,24.576773771051602],[85.57192208227019,24.574306269163447],[85.56991540313062,24.56905570591882],[85.57222182941928,24.565738768476912],[85.57172002331502,24.561662365333593],[85.56780279195786,24.55811739945003],[85.56167769207514,24.55842637451153],[85.56074773273683,24.552729257343707],[85.55636241713286,24.55808098825787],[85.54485469561106,24.563131011133695],[85.54089684782663,24.56234792413892],[85.54208410622189,24.55821822466913],[85.54395041910671,24.55699597089564],[85.54566312636614,24.548799297861446],[85.54170636733987,24.531869443953767],[85.5383785035726,24.52768759341671],[85.52710968001743,24.523515416670836],[85.52382276415578,24.52096598408854],[85.51821337450129,24.5262480758524],[85.50779317771692,24.525251751012725],[85.51014989079682,24.532787513369236],[85.50940565994013,24.53723779562101],[85.49843171736012,24.546455697505973],[85.49104016630166,24.54806747405538],[85.48693284963375,24.546567365598094],[85.47788694138512,24.546533153216128],[85.47097577250968,24.54440076346375],[85.46063719126214,24.536491045330557],[85.45069923527514,24.537056037761225],[85.44424310621025,24.534079890042552],[85.43910565727002,24.53298968660135],[85.4366349596587,24.533987174220417],[85.43402729771259,24.531187485999354],[85.4344895366218,24.528035148146845],[85.42994570699778,24.529395578827035],[85.43195493825105,24.531543574331508],[85.41340460995467,24.541119102924934],[85.40480829862427,24.541509276331958],[85.4011276574618,24.545243024440126],[85.38748310528882,24.54979947311918],[85.38561280388413,24.551280208744878],[85.38458173826227,24.555451260728937],[85.37081855816612,24.555259248032357],[85.37106530740836,24.552801623621615],[85.39754205805636,24.544817870241985],[85.39672403329405,24.5400507161859],[85.39431159412382,24.539574416240434],[85.39212677816512,24.534982641955605],[85.39170966702247,24.529937158290718],[85.37316642194213,24.524796481320752],[85.36535070257618,24.52541457845132],[85.34910295398238,24.522817016998662],[85.3362890092739,24.523206986580398],[85.33503132026543,24.521829837385617],[85.32160167834608,24.519816843031983],[85.30371000110422,24.523138482871854],[85.28820643575641,24.523069398855704],[85.28206553091458,24.520339179618865],[85.28340501242798,24.516940978335338],[85.28047669145136,24.51375679393827],[85.28343936220783,24.503348111513706],[85.28559123335182,24.502265631582567],[85.28417419489001,24.498786603551544],[85.2851790431803,24.49459614497044],[85.28262818979448,24.491639555981664],[85.27516359133038,24.49313277035011],[85.26727223112256,24.491222190026043],[85.24963216390697,24.490839113195662],[85.24633292315961,24.48536906676054],[85.24127233497344,24.482154797267654],[85.24199763563216,24.477013289177584],[85.23988190461036,24.473803584320596],[85.23729768599823,24.47196620829397],[85.23156652252047,24.472119043205126],[85.22611816037221,24.463257076213655],[85.20834311050538,24.46655752126126],[85.20461610459616,24.46222735376196],[85.20108564647782,24.460646291560877],[85.18968273229851,24.46252450642019],[85.18075158113247,24.462213686281288],[85.17224150088282,24.458796832547225],[85.16823587350507,24.460677077502584],[85.1615041350228,24.460727420064654],[85.15900636398543,24.457056006329665],[85.15264619116255,24.455174187176564],[85.15471928005609,24.445903510712682],[85.1638374784306,24.44442678136986],[85.16672096269477,24.436669949760002],[85.17070179477408,24.432799701753762],[85.17045828395841,24.42916719455893],[85.17521239391911,24.424303957317772],[85.17394443986188,24.420586866104603],[85.16987191224997,24.421278071699533],[85.16551114760274,24.419392353408842],[85.16352328457512,24.416388800969592],[85.16371913707,24.41306860466645],[85.1528384926171,24.41193423244679],[85.14207219561503,24.406610795657112],[85.13293436456,24.405135055885534],[85.12852127843736,24.4021913510499],[85.12317087757084,24.401980670025967],[85.11741626896247,24.39445160426198],[85.11716073958665,24.391538719976676],[85.10761359925725,24.386068321960575],[85.10310329655621,24.385100006836574],[85.10394924724581,24.377282833202965],[85.09875133539879,24.373543071989705],[85.08900057574056,24.372390090297024],[85.08430588843757,24.376512109055287],[85.07382401781739,24.37742659007496],[85.07267776122666,24.380839341000733],[85.08010895763354,24.39275390112197],[85.076118799245,24.394643068034682],[85.07734090598507,24.39852667249963],[85.0817082723513,24.39845033889753],[85.08045998960219,24.40679561162674],[85.08283831974107,24.416345651969863],[85.08104359000798,24.41650159147399],[85.07950845632399,24.414310519934766],[85.07882692607748,24.41516746942069],[85.07868936076984,24.422209276942667],[85.0805597412263,24.428237745171465],[85.07952723919827,24.433482011592748],[85.06732942468868,24.42281892410158],[85.06184014966914,24.407414465758887],[85.05512322979578,24.40763843563936],[85.05495662554823,24.406500700752147],[85.04560272900615,24.41012447945886],[85.0449981502435,24.409008599183085],[85.04097020152757,24.41525065251661],[85.03725684551907,24.41301547660797],[85.03353570201536,24.41540722485513],[85.02817695310492,24.415399415588077],[85.00532783223782,24.402060976485576],[84.99782925679474,24.39506984884539],[84.98870122815609,24.389221696295053],[84.98395424273392,24.387458768552563],[84.98165144384242,24.381269433056453],[84.9746591265541,24.374679922927506],[84.96289032676295,24.37381374711363],[84.95403948318669,24.371530623304412],[84.94153510421333,24.376263451859487],[84.93665604398653,24.379858442639406],[84.92297394942115,24.377627493329275],[84.91660020395265,24.37330801078998],[84.90391216711441,24.372219173714676],[84.90072253161149,24.376534669376607],[84.90818043852504,24.381545535129],[84.90919493651813,24.383669443967253],[84.90488364748347,24.390475961953246],[84.90432314456025,24.39540404019289],[84.89252357747063,24.405229282684964],[84.89138363064642,24.414512002571527],[84.88675610498736,24.421245313070948],[84.88203570790095,24.424645918427608],[84.88557057764568,24.42612171063801],[84.88497166365923,24.42799084031728],[84.88748404938795,24.43200751022255],[84.88460283336985,24.440994946227924],[84.88587630128632,24.445048105474907],[84.8851131321468,24.45255666772197],[84.88697139971994,24.45284102023701],[84.88583352890235,24.459297955602437],[84.88738085002981,24.463188265922643],[84.88466752823999,24.465172412264792],[84.88254528173745,24.46231887555692],[84.87968460390172,24.46578771751989],[84.87522206103108,24.467175993030025],[84.8726501232872,24.466325494220236],[84.87299093781779,24.462859585347182],[84.87092357658251,24.458195895353295],[84.86404728479798,24.45713569225125],[84.8630184290317,24.461380787292818],[84.85359768435775,24.466529383488812],[84.84876678011835,24.454409810629073],[84.83984694862319,24.452359728717397],[84.83691440736136,24.45892590966541],[84.8375791777396,24.460425000518704],[84.84019647501543,24.460783340049115],[84.84070241336997,24.469076999324546],[84.83273725117166,24.470195610400133],[84.83527115514471,24.4850304007494],[84.83371001613158,24.493464291073753],[84.83438449999298,24.495559313075557],[84.8381711297826,24.4979607011457],[84.83993022155173,24.508080507912908],[84.83879028550732,24.512713364257063],[84.82574271863784,24.525343442711886],[84.8114663202401,24.521592061309832],[84.80835428031311,24.5219296325567],[84.80751284725109,24.524780878802574],[84.80218797470833,24.53063336658868],[84.7980132843941,24.526517638602297],[84.79632406807934,24.521511128158615],[84.78928586843956,24.51805459088247],[84.78939380281759,24.50736131155234],[84.78609241958829,24.503550386898134],[84.77877764214728,24.504529815663282],[84.76558520846352,24.500516298794658],[84.75516489759312,24.49985898299157],[84.7489685029179,24.49618220127356],[84.74563051513738,24.48586113543089],[84.7283064312213,24.46971751262378],[84.72075133108557,24.468637788158215],[84.7159497981627,24.472018417861218],[84.71030704058698,24.470937608522814],[84.70740245669342,24.467383754919055],[84.70338590041189,24.465545629439198],[84.70264362878085,24.462699054692006],[84.68641500891268,24.45673510419424],[84.68115282889526,24.44602763791667],[84.68206644428533,24.444597363890736],[84.67912283128757,24.43572393696303],[84.67677282413128,24.43534422521955],[84.67127138412614,24.429979442975352],[84.67070204178056,24.428087391699457],[84.67624989863474,24.425365392709892],[84.67313732870173,24.41699816623723],[84.67358288948938,24.410066342268447],[84.67226698156564,24.411090562659226],[84.66825103793515,24.4096035465045],[84.67004162284157,24.40827430143081],[84.67026399989182,24.404925768819904],[84.6674454009406,24.404675710581927],[84.66811788964377,24.400990351202502],[84.66529389541095,24.390981663141893],[84.66081006156978,24.39194763424624],[84.65646067318733,24.396602635574204],[84.6494929778226,24.398222712209957],[84.6465321513074,24.40306803999008],[84.6448801018892,24.40219016239878],[84.6445744510121,24.399083326292008],[84.64215525291766,24.398856954056626],[84.6398456861188,24.400427598860247],[84.636367544086,24.400034364379536],[84.63069912793082,24.405012725777965],[84.62790420407892,24.401963373608382],[84.62552580476972,24.40143896944749],[84.62176462245552,24.403468173530346],[84.62011472989232,24.400893624474627],[84.61625171815074,24.401269904994216],[84.61464555108398,24.398725897036293],[84.6037449478621,24.401045043570512],[84.59928556346802,24.40456485156581],[84.5949217436505,24.404785266346963],[84.59108721928322,24.400859564724488],[84.585934259133,24.400245715384873],[84.58794899795727,24.408081677905844],[84.58303848052584,24.412890049016976],[84.5781632345457,24.410020166901845],[84.56754894776105,24.409209774525863],[84.56496348498227,24.400490772485526],[84.56150589550482,24.39632222471439],[84.565314676851,24.39201520793964],[84.57422267124565,24.38896331417568],[84.57448614711849,24.386006838011713],[84.57234912602446,24.382822437801405],[84.56855196618314,24.3821968734429],[84.55890860191376,24.376044116488416],[84.55485526411296,24.37518450004379],[84.55394357471089,24.372886067672606],[84.54956786299562,24.37293948263219],[84.54680487425209,24.377088458053432],[84.53920214813492,24.375852265333496],[84.53039660210689,24.378203058295778],[84.52777947640926,24.37647980275324],[84.52739057595983,24.37206786491195],[84.53511327118487,24.36366287681179],[84.5336618344342,24.359748864534538],[84.52468650771578,24.350576276077273],[84.52518053530795,24.346955815328684],[84.53168586779591,24.33867636812023],[84.52241949680689,24.33188197658763],[84.51625106219488,24.317311972409268],[84.50971475220267,24.31558910443186],[84.50991617335399,24.304769972976477],[84.50693946552286,24.297834055006778],[84.50442076104441,24.295689581050297],[84.50159423176589,24.28815132769749],[84.49621829449077,24.28632737317969],[84.49165787388176,24.286304669056324],[84.48960373764405,24.29300661356521],[84.49636138443745,24.299644173045387],[84.49136814025314,24.303591578843385],[84.48884123415617,24.301114351880074],[84.48478546192095,24.302276558508183],[84.48532090184771,24.306626222387212],[84.48881936736552,24.314692172715446],[84.49789586145296,24.317442952500443],[84.49923859666431,24.319628123856937],[84.50323351702222,24.320523572562507],[84.50537318275641,24.324447639443562],[84.5073380812521,24.324570137519007],[84.50502740503389,24.331365803496066],[84.49686526924323,24.32695151214185],[84.48759053044735,24.314252630061503],[84.48368231368403,24.312932888607886],[84.47762827862516,24.316991816293022],[84.4721534395322,24.31487846226701],[84.4668927516165,24.317230259794997],[84.46490916007808,24.320966560215805],[84.46742409163234,24.32457253756299],[84.46380265124371,24.328647961947205],[84.46589330040445,24.331579242713875],[84.46002913506062,24.337367270005757],[84.45200256582615,24.337465142914066],[84.45155043925207,24.332964290067252],[84.45008110626435,24.33255147397451],[84.4243963867276,24.32982489871428],[84.42302707935009,24.33665225233379],[84.42494484773444,24.348987002835134],[84.42758014904517,24.355710610248593],[84.43077935519912,24.356605216337815],[84.41645462654076,24.359077828411536],[84.4105251707438,24.362379320005203],[84.40056880647998,24.364555563390358],[84.40046845567957,24.366755396829543],[84.40545035593846,24.37067547094152],[84.40660401015556,24.3748070167631],[84.39851946005939,24.372742747497764],[84.39388615194483,24.373330986537578],[84.3936100798951,24.37677804926489],[84.38806445984598,24.382027838879182],[84.3887559254595,24.384735545857943],[84.38688377352533,24.38533871399624],[84.38794555703834,24.388666960168063],[84.37898438776877,24.38800180213189],[84.37350487474143,24.38350151428994],[84.3691413540629,24.38542720051613],[84.36351230298176,24.385459172352622],[84.3616079778857,24.388993128468123],[84.34197003681696,24.39325947374771],[84.34456351166976,24.399303618928016],[84.33311063768595,24.40444538736103],[84.33047963481381,24.410378538445926],[84.33372310635168,24.413160684850084],[84.33290847272956,24.417430191562847],[84.33432614270698,24.420467588012766],[84.33047215005087,24.421640328398432],[84.32907279851871,24.418792604179707],[84.32260098576725,24.417918088972296],[84.32049518202768,24.42111201603772],[84.32062469214219,24.423379679856804],[84.32453958787964,24.427510341345393],[84.32877372330948,24.425112041945095],[84.33364888035639,24.426055708411806],[84.33556180951626,24.424858873885672],[84.3368445992504,24.428810601307408],[84.33503768207387,24.429147264164296],[84.3355838299188,24.431353252980887],[84.33340395289754,24.432116491016806],[84.32775390549328,24.43883911998973],[84.3247850165984,24.4389067454592],[84.32162611246137,24.446068760929403],[84.29741128196949,24.449046058058354],[84.29619007623965,24.456684588316737],[84.2923025854066,24.46143544039673],[84.29132438743582,24.466231843719516],[84.2957692846993,24.469338298224617],[84.29629758481622,24.47320091591738],[84.30276196490702,24.480034658070796],[84.31696229935642,24.486780808168927],[84.32735694715576,24.487291549077746],[84.32644941605515,24.494034033614774],[84.32752928624808,24.50033035078008],[84.32207899541692,24.508121545264984],[84.32210582180625,24.516580325523247],[84.31219020332708,24.523009659609425],[84.31287897938466,24.52927441626927],[84.31066160309017,24.53549397231702],[84.30001697930008,24.545393455315182],[84.29722319720688,24.560478395612307],[84.28957527954276,24.562786027560673],[84.28289301487644,24.558834411975894],[84.27049457961444,24.560130997737858],[84.2701294108582,24.55631002576826],[84.27073452142345,24.554644038356194],[84.27359136884283,24.55403278523385],[84.27362757633867,24.55053181712063],[84.27957834376744,24.548653857109137],[84.27965840701549,24.547229426342575],[84.27739172938153,24.543903413996887],[84.2693845278246,24.54325310920802],[84.26822980012074,24.53825949530834],[84.2648454808311,24.538342960736205],[84.26393574795975,24.53476676248757],[84.25901801076834,24.534244036449106],[84.2568739172381,24.526925529763307],[84.24753977015753,24.528831155861106],[84.2505853877541,24.53191200909933],[84.24960784016359,24.535710497756575],[84.24304404980853,24.53765274513665],[84.24226914777307,24.54199871947129],[84.23581328640614,24.539035146025054],[84.2355955904768,24.550164187937906],[84.23184229806574,24.55047737106781],[84.22030681500839,24.547049863047214],[84.21980784308886,24.53683223264095],[84.21835996366676,24.533728405726183],[84.2148036502379,24.53260687355994],[84.21001781088306,24.533556187842088],[84.20946283529378,24.540954807796954],[84.20105821007198,24.544327805630186],[84.19911592307032,24.548754191496613],[84.19991008049386,24.55473112070109],[84.18831388120478,24.553309318877748],[84.18725539900043,24.54771865514443],[84.18411935698737,24.545051541964888],[84.172783088819,24.545101831137146],[84.17223686731217,24.53855333769223],[84.17856608958024,24.528330119383863],[84.17783790173623,24.526338921776397],[84.182913888843,24.521843374978502],[84.18557648995522,24.522060804997185],[84.18365661771654,24.513735481726886],[84.17822595058277,24.505159948161996],[84.16946332516065,24.505365804917727],[84.1563891214464,24.510895543072554],[84.15259997817063,24.5157874220237],[84.1575653332586,24.523178401351153],[84.16456866568893,24.528832208472103],[84.16316066338058,24.533484744539543],[84.15843559595302,24.53347691072334],[84.15761724689887,24.534770029676807],[84.14564080332643,24.537534084606058],[84.14338511837664,24.53202831480264],[84.13674560094141,24.527902392394203],[84.1345679481488,24.524223314093483],[84.13949468915428,24.510855754737356],[84.14071635931313,24.500510355270002],[84.13690479229125,24.49804947813454],[84.13111087789761,24.497744869222885],[84.12565804842744,24.492369352645202],[84.12479102505792,24.480850479168176],[84.11747494595808,24.48070398684258],[84.11114724363946,24.47682695322086],[84.1083415723435,24.477495142997405],[84.09996717363435,24.485374976664648],[84.09843162852198,24.492564697108595],[84.09430987682575,24.4933061701312],[84.09442767111234,24.494986064799043],[84.09186480096294,24.495805908932727],[84.09247012532724,24.497579877291606],[84.09004474053548,24.497922314722405],[84.08868410459542,24.500507123156495],[84.0894774400605,24.50383514899494],[84.09222419624686,24.503427444432536],[84.09173933686046,24.505197500263865],[84.08551368854802,24.506219252186384],[84.08779213321384,24.51329143413453],[84.08436504513357,24.514154157516796],[84.08831188047091,24.518481424580894],[84.08735697491717,24.522518114744052],[84.08905827536913,24.530677992396615],[84.09312995676805,24.534378702666952],[84.08929133787971,24.536466075127],[84.08525123765293,24.53522980358354],[84.08547043915866,24.538223866933798],[84.07760289598399,24.541561558346988],[84.07758722038227,24.546964017401507],[84.07590043490868,24.550038091313965],[84.07770282727114,24.554181842679483],[84.07276979985531,24.554978388049822],[84.07232779100627,24.559497449699347],[84.07557566878063,24.56160343371035],[84.07302028249586,24.564106526513996],[84.07312774705498,24.5673931141843],[84.06829302407732,24.56818118841922],[84.06781607615362,24.57095890947832],[84.06382439961223,24.570339653575836],[84.06358844452646,24.573691940503913],[84.0601327280364,24.571242193550923],[84.05863897794092,24.57227098850084],[84.0649483707974,24.581622959057306],[84.06193292132302,24.58677157752222],[84.05463243787482,24.585347107743473],[84.05062193534003,24.58686691321774],[84.05721694304953,24.592651286595693],[84.05067858130519,24.600096100567047],[84.04902909118724,24.60428937426892],[84.0472503568561,24.604419550696136],[84.04874758253338,24.609468505818743],[84.05140291717329,24.60855539852244],[84.05210627917616,24.610397899871536],[84.04915719364169,24.61208496317514],[84.04468714714352,24.61171069268096],[84.04520517412682,24.614309833466287],[84.04235804108892,24.618854866265345],[84.03695904136555,24.61674533780087],[84.03551030944224,24.617907884504827],[84.03871469079053,24.620154755443522],[84.03280064918553,24.620209599135062],[84.03385057134349,24.629979860922603],[84.02501625497185,24.628808538685345],[84.02332327830929,24.63178482064626],[84.02724981711113,24.633707445227397],[84.02113745713578,24.638526864962166],[84.00835443513434,24.64280078336329],[83.99803838453244,24.63826997567509],[83.98969245253635,24.624330528594324],[83.9748213514542,24.591384534965467],[83.96990950271952,24.587452388579393],[83.96747474400773,24.58269267846326],[83.95113259595229,24.564192554057712],[83.94304042993913,24.5586840413417],[83.93678832624157,24.549671826890194],[83.93300741243212,24.547348165954354],[83.90969801547469,24.541286553723204],[83.89898394113335,24.54056111557407],[83.88843745828804,24.53784437373814],[83.87268959879364,24.532201235142594],[83.86184450786303,24.53701218319769],[83.81686089300536,24.52916732324008],[83.80146821389954,24.52994981157611],[83.78591921984952,24.521432431885383],[83.75461067562995,24.509377743084066],[83.74522326833447,24.509769329454468],[83.72748579140274,24.504210941575526],[83.71863425971696,24.503351043564614],[83.69292970178549,24.510891132591105],[83.68780494604022,24.51380085769017],[83.67960886650827,24.51313346318414],[83.65390758203768,24.514829560577635],[83.62935567310846,24.512613691723],[83.59595970108678,24.51263915953174],[83.57211507081509,24.516780751258317],[83.55203130305736,24.52325081245785],[83.53768077568236,24.524834216343372],[83.5032947551147,24.52543975680424],[83.48421578264667,24.522125951056363],[83.46895546131483,24.516753813107393],[83.42944679065296,24.51095220254248],[83.40165194198856,24.503490256640546],[83.39653558279626,24.49598058598505],[83.39610334941415,24.494488654521042],[83.39838349818406,24.49296716089396],[83.39537922644676,24.488746201843707],[83.39821375612125,24.48543657405247],[83.39354861620463,24.47794167816953],[83.3934830526636,24.475405548208066],[83.39094274909243,24.47359497127143],[83.39069955628042,24.465191588805983],[83.38543365993269,24.457037892392062],[83.38552889572584,24.4512855428851],[83.39413473907973,24.434666808876525],[83.40491066691996,24.436017296788457],[83.40333054021667,24.419833835067656],[83.40508647261095,24.404803091656404],[83.41343094933626,24.404748709320835],[83.41895428038656,24.406232582478],[83.43003488083856,24.399963994683212],[83.43443471321748,24.400771286986235],[83.43605295184503,24.399266982596984],[83.43269195551518,24.396193088430813],[83.43353169345625,24.393299339321967],[83.43750465988691,24.392112046186693],[83.43977297874284,24.38884601886709],[83.43881879273962,24.38775007570764],[83.44228261922008,24.38609971191529],[83.44538787417171,24.378252819285382],[83.44951835749252,24.377050895591655],[83.44798567171767,24.373749533247242],[83.44855978501576,24.370118831134082],[83.45728193504608,24.364568165370873],[83.44518173686514,24.358863284942505],[83.43948837269791,24.34627257408781],[83.43405704081081,24.34298765503865],[83.43347548407228,24.338797574798036],[83.42098478554239,24.338007004592104],[83.4114316211107,24.33988275522715],[83.39212006313751,24.32480282451746],[83.38778470374483,24.31621326987434],[83.38513399003871,24.317068562509704],[83.38004832178812,24.313149895400375],[83.38024294448938,24.310255854262348],[83.38310067405436,24.30849298914124],[83.38546180504885,24.304044444329264],[83.3862471751523,24.29879788362705],[83.3923733566066,24.296004946369354],[83.40150989588426,24.295557320068685],[83.40178915785157,24.29228970734532],[83.40718198794555,24.288800343598965],[83.4063649019227,24.28597397265696],[83.40911686564277,24.266346296061826],[83.4075484242247,24.262145521341917],[83.40033091276936,24.256409216916975],[83.39765444616073,24.243861895517846],[83.38525541980727,24.23912964358408],[83.38489916233864,24.236072392241965],[83.38116956748473,24.233987238511496],[83.37874674828142,24.230378604390566],[83.37858570640209,24.226676004906356],[83.38135013604337,24.225921643257752],[83.38463917013246,24.220560835524903],[83.381235450826,24.2171063771122],[83.38302142647666,24.214812644750126],[83.37938690841412,24.213264979981137],[83.37863117103694,24.21077546616429],[83.38066331921144,24.207775067631836],[83.3803755879276,24.205080275282167],[83.38186377026497,24.204619609410017],[83.38140824716078,24.20020700082333],[83.38300640305184,24.197935812009767],[83.37503688582105,24.18611893897025],[83.37178642808522,24.17430697106646],[83.3619901076724,24.15641232130552],[83.36157496294194,24.14886177002665],[83.35877439946668,24.14036924487604],[83.35482472724966,24.135603613130176],[83.3540760730885,24.124924152856394],[83.35037927303067,24.12151641121505],[83.34492294102924,24.110868644071928],[83.3298774625774,24.101694597944302]]]}}]}