{"type":"FeatureCollection","features":[{"type":"Feature","properties":{"shapeName":"Karnātaka","shapeISO":"IN-KA","shapeID":"1811400B56841107211215","shapeGroup":"IND","shapeType":"ADM1","displayName":"Karnataka","coverage":"context"},"geometry":{"type":"Polygon","coordinates":[[[74.1183538327733,15.652040596990107],[74.12736090415723,15.651156667509344],[74.13561275200038,15.648404924818859],[74.14118518765902,15.65113088768562],[74.14916335925928,15.652006772740554],[74.15442085546078,15.649934841462112],[74.15753392306044,15.654708329405706],[74.1644844659931,15.6535317440627],[74.16721296302302,15.671783084629528],[74.17167999836836,15.673852939171992],[74.17641856118644,15.680080977122785],[74.18199630948168,15.682241217911757],[74.18879552132327,15.680957638412675],[74.1909090451844,15.678981045205257],[74.19076335102172,15.676095173732286],[74.18619657842531,15.674256258274132],[74.18690993508402,15.667482510221959],[74.2041288945523,15.663713371743707],[74.2018213291999,15.656372141082203],[74.20519544362787,15.651065325279353],[74.21752102013046,15.652770511911896],[74.22202041009741,15.655544340444633],[74.21756458393017,15.658049877480968],[74.21499489826272,15.662564014394304],[74.2175657274855,15.662362746903568],[74.21808859099832,15.664374833372435],[74.22384481387927,15.669011874101614],[74.22466311981428,15.666285392001797],[74.22847561749082,15.664471663825895],[74.22985560673533,15.666410388422742],[74.2364214488425,15.668614056000264],[74.23946772939573,15.66464385306379],[74.23835024404694,15.663579665305473],[74.24305205588841,15.66246983673339],[74.24491767347722,15.658230546316325],[74.25050758675803,15.657287208118492],[74.25204156161527,15.654340744417071],[74.24422435913081,15.626137988878876],[74.24832145656408,15.622931987773972],[74.25378836083809,15.626768536162121],[74.25854376167784,15.623430559798662],[74.25865619212388,15.620812589803611],[74.26436482765097,15.615542445816493],[74.26007956460671,15.606622407840106],[74.26031417581282,15.592665779300615],[74.24884955006846,15.580331589185652],[74.25060098010654,15.577398734642511],[74.24525934320394,15.566636503647416],[74.2492772730095,15.567869899184888],[74.25839789953021,15.561727847640846],[74.26135695366938,15.564842115602422],[74.2632170996198,15.563966939082478],[74.26536574311693,15.558398413540338],[74.27798098856938,15.546139654182427],[74.28271563024124,15.531448161534241],[74.28176541838488,15.526164270745516],[74.27821644868345,15.522877244953603],[74.27853497062198,15.517506808658228],[74.27631819799532,15.514576622867429],[74.27132324970697,15.51053874059757],[74.25501587543617,15.502759915294984],[74.2523455254563,15.499307683845652],[74.25097302007642,15.491624031724239],[74.26403821189176,15.472390335529349],[74.27551326258502,15.449219261167961],[74.27742766049037,15.440525903281456],[74.27512557036961,15.436487170751509],[74.27695473612083,15.435243007404484],[74.26996537608643,15.425999250932241],[74.26884600966541,15.419133215409708],[74.27047812726407,15.415993657346142],[74.27438805801293,15.413618943427975],[74.27836086634012,15.405726828508062],[74.27593541776793,15.391622487568421],[74.28305670797822,15.382977558048102],[74.29876847046957,15.381972739752525],[74.30865927029403,15.37448472476066],[74.32326258448832,15.367711693663626],[74.31632877716937,15.36283321589696],[74.31610096620996,15.360005233842312],[74.32190243004526,15.343627341661001],[74.31728234423338,15.335201442365483],[74.31708562396594,15.329153085759316],[74.32449039103884,15.309946928206696],[74.33649918743629,15.294979120108835],[74.32621092531937,15.283416163959972],[74.32041219146421,15.28438307891112],[74.31947337473724,15.283123494165045],[74.30780161275968,15.283012897678448],[74.29431146571267,15.288846481383752],[74.29319733107984,15.28418875001371],[74.28749798952269,15.283563952332848],[74.28163172481608,15.280096105618563],[74.27616992926106,15.283210949481179],[74.27144733759043,15.280864010638469],[74.26086798988044,15.25986653413857],[74.25139839751627,15.25859097983875],[74.25475719477033,15.254107306398861],[74.25230164724626,15.25102025924217],[74.25960927140265,15.24106138597021],[74.28120084250014,15.236299916199286],[74.28675787654328,15.232847575348568],[74.2915601604577,15.23385280204575],[74.30167386194859,15.224378061376528],[74.29991749297307,15.219964323200797],[74.30140953896444,15.217271779113515],[74.30457753495045,15.216757587233134],[74.30580536845048,15.209432447410931],[74.31010670505009,15.206324936150128],[74.30868052623028,15.201832334925424],[74.30939912186372,15.197873833218619],[74.31743859449894,15.18378771184069],[74.2955080917397,15.150917648176103],[74.29118717905342,15.148587503010075],[74.28514557398312,15.14872976373377],[74.28367799810006,15.145002546295437],[74.28524582327387,15.136761273581941],[74.28425469225797,15.132831159713396],[74.28494398574513,15.11394966216896],[74.28292628966695,15.112798322680513],[74.28250200278185,15.106411167492395],[74.27639329894973,15.105052498178324],[74.27270271703031,15.097532494235045],[74.27529736328624,15.095982985728694],[74.27974920722183,15.088112427821988],[74.28078535551154,15.068852681705378],[74.28378625317664,15.066170235185544],[74.28956730369543,15.064859385749738],[74.29031124349798,15.053648044876],[74.29467022049779,15.049208413523408],[74.29655158824848,15.041243196535694],[74.28818203325534,15.036454806508496],[74.2833215977993,15.031501607171705],[74.28346881640303,15.02356557034482],[74.27229293973367,15.01391844369644],[74.26653528763309,15.006755276314252],[74.26790991303707,15.00167995358279],[74.25353406484915,14.997850770040804],[74.25217712547649,14.992716537996788],[74.25775961418151,14.988268729595497],[74.26437669619247,14.97856087881805],[74.26096165991008,14.976225218927063],[74.25893807178193,14.969730886137162],[74.25516681126851,14.97008463362724],[74.25243483596184,14.958763082619964],[74.24907327369336,14.958710446981248],[74.2473852009339,14.961592552251345],[74.23653845800153,14.966514505075828],[74.23282167761516,14.963784176228083],[74.23180386214375,14.953404152174846],[74.22964168373021,14.950168037337487],[74.22580242434304,14.950124433644248],[74.2173874226814,14.945622462598234],[74.21353419179664,14.947345011459548],[74.21169290507731,14.94357940320126],[74.21269080849216,14.940307441537493],[74.20911747558192,14.937825636668512],[74.20138210153499,14.925391948295095],[74.19149428860884,14.93271115487395],[74.19452375449657,14.936866812050276],[74.19459648479695,14.939610894160326],[74.19109349536335,14.944677631716306],[74.17955871389023,14.950469339136307],[74.17819739343395,14.953343713713263],[74.1792952200511,14.956719181524932],[74.174600854345,14.958202446315166],[74.17121201922447,14.956860916911447],[74.16344500202165,14.95815010040927],[74.16060916889171,14.955222259816278],[74.15922081543359,14.955622237489209],[74.15839326224103,14.949345065603957],[74.1542225873961,14.943270974657233],[74.15552920763811,14.942237267682634],[74.15431582353945,14.939874112140846],[74.15629561161096,14.938902292123561],[74.15860413277082,14.930262014907951],[74.16263292320819,14.926921983935062],[74.165968307671,14.91862939684525],[74.16625138747827,14.91658685158671],[74.16195468528721,14.911807932599327],[74.1532556129765,14.916807024630568],[74.14555964263117,14.9186153476942],[74.13998309987505,14.922895213956178],[74.13488005102035,14.921761098533729],[74.1296610314591,14.925136839739148],[74.12406074712831,14.92499220856217],[74.12050640460318,14.919862975565128],[74.12165701622645,14.918008719494749],[74.11981311540964,14.916564097561317],[74.11444993600821,14.91802352995446],[74.1095502926833,14.916663630888285],[74.1083482408319,14.913612414877184],[74.10463059087637,14.91256824574374],[74.10146552609312,14.915455503217151],[74.09440731558207,14.910685922071401],[74.09011871619487,14.903076243548814],[74.08802291878924,14.903098559742904],[74.08568785959928,14.900641739228085],[74.08763237532115,14.899203571460111],[74.09104340781236,14.899850559069792],[74.09586882693861,14.898272225910105],[74.10009468259648,14.889493731027779],[74.09973525048163,14.881649292590799],[74.10590652736319,14.873954053768347],[74.11051242069192,14.862624221933455],[74.11181026978346,14.849761451484904],[74.12048488007066,14.842444441980641],[74.1242072309101,14.842769094838008],[74.12508831560876,14.840650547645785],[74.12455866712062,14.830652030943059],[74.12638045680504,14.813743635632516],[74.12461112154669,14.80552555803222],[74.12201534610844,14.804489637075367],[74.12050753558212,14.80158481702955],[74.11635546933834,14.802457083521967],[74.11307670478956,14.796911043840277],[74.11103629930098,14.798945525374336],[74.11409567549443,14.802687151418851],[74.11327671468759,14.805131300516544],[74.10608330143808,14.80625449877992],[74.10406312870464,14.804866766476566],[74.10213963535703,14.807570795653861],[74.09372192168155,14.806137692434678],[74.09300140724666,14.80419293318401],[74.09528856018085,14.799939740799767],[74.0999821416577,14.798737561616214],[74.1028399538677,14.793661984503954],[74.10746744898402,14.794088941537048],[74.1096155804415,14.792542435773239],[74.11138318823951,14.789935905337058],[74.11000115802268,14.788879386793784],[74.11019060013969,14.785286578145309],[74.11455178340186,14.788096316330144],[74.11808513229876,14.785859492115403],[74.12131310610138,14.780399427791178],[74.11898289062741,14.777545670875426],[74.11906812098495,14.774660601164223],[74.12032852110895,14.77589610498767],[74.12485984708255,14.775113991814564],[74.12593332935552,14.778745844600236],[74.1290683454925,14.78096643957043],[74.13239406947274,14.78050131866521],[74.13473610497923,14.778138950482369],[74.13715608370963,14.780434416357998],[74.14133605072783,14.77944921530665],[74.1573732252359,14.760037737120943],[74.15748628360431,14.7580020484658],[74.15321128291387,14.755898090511156],[74.15208570823592,14.751940273637938],[74.15045497763603,14.751568050857516],[74.15213169569026,14.747275858701292],[74.15718053031927,14.74489848005771],[74.15864905841649,14.747080261281694],[74.1583425981573,14.749876762529707],[74.16164920958157,14.75195995326657],[74.17328792703137,14.751847514230858],[74.17588281403583,14.749915419369994],[74.17759983500525,14.750478877720303],[74.18416693475383,14.745247692002527],[74.19306308935303,14.734473927798794],[74.19425925454433,14.730822071325038],[74.19195697398077,14.726564374560454],[74.19836730244089,14.723891299562226],[74.20450217509556,14.718587358425344],[74.20831140829435,14.717923441390273],[74.2057251082857,14.729248607728051],[74.20258024301991,14.732795448918253],[74.20485687308886,14.736935429772558],[74.20877123253207,14.737395918658976],[74.21040014763679,14.733270502077632],[74.2181462879924,14.736981358728702],[74.22162869253121,14.735545220923354],[74.22315925109547,14.737186127197841],[74.2277345415174,14.73751188972612],[74.22865592194474,14.741101271882288],[74.22674607490461,14.748039695107737],[74.23433707800727,14.748231094882689],[74.23883691353862,14.746754566928999],[74.25001371637101,14.739458549869795],[74.25030398359887,14.736335326547357],[74.26310601574838,14.719243771051168],[74.26527336576302,14.711747406881987],[74.26225831963221,14.711415188410346],[74.26214557477583,14.709971462901198],[74.2566502522978,14.707737159998628],[74.25755000129311,14.706417161265298],[74.26142828798775,14.707233143493703],[74.26353428127187,14.70490454823883],[74.26676214817495,14.705362045406293],[74.27229006871802,14.70017244308607],[74.27090458447891,14.6994011991759],[74.27996626355066,14.683123932960461],[74.2828275971566,14.675101311899194],[74.28069684091335,14.671528112761441],[74.27720197135163,14.672043114368666],[74.27566661937705,14.67038571527391],[74.27771644729464,14.669599917752294],[74.27557833295094,14.666410158629802],[74.27759930787988,14.666239071432374],[74.28092575680057,14.661047196039616],[74.27868807858067,14.65655258384125],[74.28039617029619,14.656553835322244],[74.28215067257254,14.653674639286837],[74.28042301016026,14.649328106534327],[74.28272225980805,14.649113741528305],[74.28273335040855,14.647379610718911],[74.28492555501045,14.647299596004446],[74.28569242610727,14.645688963399582],[74.28461807246849,14.643493703370101],[74.28626430799018,14.634615461430824],[74.28182753329351,14.627155274907278],[74.2793329476821,14.625860297038054],[74.27144232409283,14.630460212907366],[74.27000597095413,14.627181767268377],[74.27339727015347,14.62730161693501],[74.27816130380313,14.619210063861301],[74.28037045422454,14.610224730956261],[74.28740694347199,14.60469074174347],[74.2932147143789,14.596892996769943],[74.29472168767536,14.589037901643366],[74.31469361338358,14.545994019927509],[74.31439628539758,14.540996465409936],[74.31089000902838,14.53887983416655],[74.31083439971903,14.536765786098865],[74.31166280092121,14.531999055394643],[74.31595415544142,14.530991957051382],[74.31627909853756,14.527842687049393],[74.31513832795825,14.52527701799026],[74.31142838015795,14.524652616418097],[74.30993268970144,14.521310849729993],[74.31322684328937,14.521782222242898],[74.31651535186401,14.519267779521703],[74.32575032583554,14.51990786343457],[74.32659328513522,14.515475678777705],[74.3367973283976,14.519140544485182],[74.34009153678275,14.51398325666818],[74.34171865525687,14.513957952550783],[74.34299518103853,14.516297098436477],[74.35539062760557,14.508923293987936],[74.35452699447796,14.502173814194537],[74.35973639308253,14.501634273215155],[74.36372422034293,14.494343445349992],[74.37632752628694,14.462471038828227],[74.38366947417204,14.43959477115168],[74.38265108467715,14.435784579430438],[74.38431238943774,14.434179532312557],[74.38291516870945,14.432038661845299],[74.38034522163224,14.431371478906824],[74.3847332294871,14.428766321895376],[74.38473582561828,14.42545858427718],[74.3811650277538,14.424266244271768],[74.38254613809579,14.42339320007367],[74.38236881515026,14.421139162848503],[74.38394405681507,14.418977592820985],[74.38567375121652,14.419482011874225],[74.38599978217248,14.417963686885544],[74.3891723442951,14.419784850681541],[74.39451496664957,14.418530854139698],[74.40129066778353,14.395789655684284],[74.40485230822199,14.375243340308998],[74.40472034930005,14.372164622579614],[74.40251629861449,14.369272795547467],[74.4047111083307,14.366848059042177],[74.40509858045883,14.357654553326258],[74.41014772590493,14.340850712113243],[74.41305691007108,14.32659219720641],[74.41338779731947,14.316215576440646],[74.41920293171675,14.303055141714442],[74.42290422065602,14.288663258530898],[74.42593302807867,14.28864476247423],[74.42537231494968,14.282356133467314],[74.44196764598144,14.232185300766844],[74.44310987991634,14.22965585031402],[74.44538051103582,14.231204794268072],[74.44154748236349,14.22424644862963],[74.44944546225663,14.216033531218272],[74.44875599090302,14.21251868321807],[74.45044038865461,14.211745693826373],[74.45019248148397,14.208577074678434],[74.45268771657732,14.207201505424573],[74.45299483350496,14.203608086798685],[74.45438288243419,14.202793409537591],[74.4536270669036,14.20001806324864],[74.45769479481697,14.1988168498697],[74.4607736240279,14.201312041517628],[74.46386434693316,14.200681817458483],[74.46950170024417,14.188249643926124],[74.47926006503958,14.14372125444957],[74.4800377931749,14.144928738627803],[74.47718531516104,14.140276055229767],[74.47885316145351,14.139615817773052],[74.48009869356125,14.136301749355365],[74.48522019920182,14.110603334743539],[74.48669447651685,14.105911728175325],[74.48782193226702,14.106218388994275],[74.48577574881455,14.094653219906034],[74.48835027640139,14.09186821303902],[74.48851762265734,14.087166749241259],[74.49277818652283,14.077785418319651],[74.50047462039885,14.045717761259798],[74.50067841220421,14.029670471716447],[74.5029982745945,14.026872547171969],[74.50117653970734,14.023273665284188],[74.50885356548163,14.008008272225704],[74.50946841198794,14.001149529463536],[74.51340401928255,13.996933867098992],[74.51505215833436,13.98687310733901],[74.51745383928075,13.984563881369624],[74.516061617677,13.987982788015225],[74.51703159696122,13.991721067538524],[74.51636491496804,13.988228178918742],[74.51879239732604,13.983241908259423],[74.53161335428359,13.96954697091978],[74.53192891717156,13.965302745899951],[74.53363987271621,13.964254656947231],[74.53438691440144,13.967002246689137],[74.53918640635197,13.96510918045001],[74.54229481978014,13.959842151752477],[74.54199157998127,13.957793986502885],[74.5478003165771,13.955289096708182],[74.54920169740346,13.948266270761039],[74.55736838405933,13.951876765524524],[74.56083693747482,13.948474165745656],[74.56100457568324,13.945913918620736],[74.563382580632,13.946058269373767],[74.5670656256862,13.950349464911401],[74.56944275657419,13.9492410379389],[74.5672956806372,13.949280342361954],[74.57153101621626,13.944151828845692],[74.57911071941096,13.926517629699006],[74.58258678184391,13.925671412096333],[74.58820366973609,13.916022181219896],[74.59626969926607,13.884923645646253],[74.60218258653595,13.873053871933736],[74.61006424404037,13.866907052976703],[74.61110934763516,13.863128758300803],[74.60955627279834,13.859910397707845],[74.61785578794537,13.830922264191896],[74.62960175974852,13.779858055901842],[74.64084463905999,13.719664114889719],[74.64559988179624,13.683082321388893],[74.65187774737953,13.665596857701],[74.65491367664575,13.663703025669685],[74.66375161322802,13.652441561792962],[74.66627575431055,13.639154942710611],[74.66847310086916,13.638188081652245],[74.66969696651057,13.63482999321461],[74.66749301463967,13.631758345983318],[74.68146499285227,13.552653181643185],[74.68946337834305,13.464558139336027],[74.69531703429632,13.456059421797978],[74.69171422676332,13.455641405314335],[74.69385089661607,13.447035741176968],[74.69297801084102,13.440406476180986],[74.69723995092552,13.404451529022689],[74.6957121492909,13.373268217861753],[74.69864710522423,13.376057774644424],[74.70336948579077,13.375451089059396],[74.69854757278905,13.375727060006959],[74.69575818974585,13.371240597977778],[74.69775292129209,13.347286355915788],[74.70146642821757,13.345210328221564],[74.69967513543875,13.342912572337974],[74.71038804736013,13.331895135107644],[74.7167278957997,13.314154023816654],[74.71991365776708,13.285549742032053],[74.73194131609051,13.250224737508276],[74.73408077611055,13.234343833040247],[74.73887010542026,13.220738930834374],[74.7440890171837,13.193759413415874],[74.75195462359063,13.174292089895992],[74.77195125296915,13.089287240322145],[74.77303185528905,13.085304679925514],[74.77509573824757,13.084142271756761],[74.77435493715863,13.079561363577291],[74.78503750578635,13.03027615300309],[74.78920086475158,13.004245953124656],[74.79356154855043,12.996035194634707],[74.81221515884998,12.90011832602952],[74.82310205557724,12.855931257437868],[74.82355821379032,12.846752418809508],[74.82537776756796,12.845905511874761],[74.82464653982503,12.848069914229528],[74.82903374548432,12.846242400363314],[74.82796763927819,12.842517808295423],[74.83058715179952,12.834508887645871],[74.83714322293133,12.824037242660012],[74.84682496861953,12.79533369202314],[74.85007274757919,12.792673292316412],[74.85549779934415,12.784147170825637],[74.86482340883626,12.760449888236142],[74.86956716930655,12.760680213615847],[74.87226750415233,12.761135103215365],[74.87416926365997,12.755015592306636],[74.87961632325103,12.755386258524563],[74.88233751697767,12.754125232948109],[74.89305726867161,12.762508828832132],[74.89886826183543,12.762684655864634],[74.91174391990563,12.771230061678942],[74.91700730725876,12.772309512605522],[74.93295086563612,12.780618371764968],[74.94175073161662,12.780051414755798],[74.95071323039284,12.78436089632038],[74.95821464900379,12.784742624254887],[74.96001335557865,12.778961437695271],[74.96295124001982,12.77875715424361],[74.96443035206772,12.781707998261933],[74.96635493417344,12.780866768490949],[74.96656067172971,12.776554936380112],[74.9683841241957,12.776436834712428],[74.97591415864005,12.779204718962339],[74.98195602512011,12.77970444187354],[74.98245916612085,12.78238408058712],[74.98430583015545,12.782839786154797],[74.98516180065373,12.781628189633086],[74.98733138208352,12.783037450371534],[74.99211822844981,12.78828276899154],[74.98743289889714,12.793667741364628],[74.98905451968172,12.795537987465645],[74.99124203238293,12.79560931457889],[74.9960423741397,12.78937924799746],[74.99877302712629,12.789156576360746],[74.99832946419181,12.786015616253358],[75.00245680700239,12.788407753357967],[74.99925535865349,12.790810829475394],[75.00318767631755,12.791739318042643],[75.00511788636854,12.790384350225555],[75.00299303385334,12.784448773341362],[75.00341517017165,12.778049193495967],[75.00624141827753,12.770905032439277],[75.00947547816618,12.76758454726832],[75.00550718926318,12.765435938573223],[75.00313878640651,12.759233888712743],[74.99972252033048,12.75701545866396],[74.99756876901259,12.757631443480099],[74.99581821842517,12.75334122147846],[74.99406392006638,12.752881017131779],[74.98660392726474,12.743698784512373],[74.98372340025448,12.745216320457166],[74.98369746319729,12.739922792063563],[74.98248703365756,12.738453936151398],[74.98645660535477,12.732996713270287],[74.98870840598929,12.736220392532658],[74.98902618412271,12.734918279481144],[74.99118606913734,12.73558307589091],[74.98976762301552,12.736252058852893],[74.99235573223115,12.738734248822709],[74.99921798514441,12.731784339207278],[75.01124135491067,12.727968955745501],[75.00415705193389,12.721535793440024],[75.00017790239913,12.7208202919032],[75.0010462211393,12.715473472179102],[75.01529849887336,12.713380017033655],[75.01882630426665,12.72023833071747],[75.0265396201818,12.718361539587455],[75.03212584048849,12.72052658935437],[75.03388985592368,12.722615156502481],[75.03925479602309,12.72283152943364],[75.04252397554777,12.719874281503206],[75.04443087072386,12.722184272141497],[75.04693103936474,12.720018328700027],[75.05029927252255,12.719452718635994],[75.04963610294212,12.717149707233046],[75.05310178534197,12.712385837903952],[75.05350790200382,12.708392601736266],[75.05109683366273,12.7081580628748],[75.04943983901889,12.705648606891005],[75.05479703384387,12.694718917476317],[75.05266104132085,12.690987169091374],[75.05191939671387,12.693727976235934],[75.04775701152239,12.695303539010409],[75.04313648014613,12.693899384151347],[75.03971183189019,12.686616261331958],[75.04221370283851,12.683502876054556],[75.0406712128507,12.679990698570375],[75.04236900358484,12.672090758234486],[75.04662690304718,12.666750663703596],[75.05382822236953,12.669272202026287],[75.05624914792425,12.665089712419258],[75.05757054724931,12.665089382871148],[75.0598508433429,12.67086244836175],[75.06521301213967,12.664075039634248],[75.06925072194949,12.663929404162424],[75.07321219263945,12.670859246734048],[75.0852622980652,12.673885064962747],[75.0875382912286,12.678432604293286],[75.08504435509917,12.683301548896436],[75.08548808781522,12.688610177174807],[75.08380347716295,12.69333592174549],[75.08504799237775,12.69460079608095],[75.08361882216808,12.697645322542263],[75.08036085361815,12.69864611700953],[75.08015689382782,12.700330965298594],[75.08521607255729,12.705296719354994],[75.09152820168218,12.70107096024693],[75.09943653016737,12.700926517594585],[75.10545347917807,12.698077648049482],[75.10647258732519,12.692310527000275],[75.10982042423447,12.691847443525742],[75.10938150559002,12.689713013526273],[75.11179541530235,12.686485644195557],[75.1106613416635,12.683083659450638],[75.11542379248161,12.68279760631002],[75.11172880791898,12.680842061214745],[75.11661995048641,12.680691147103296],[75.12219942803856,12.678166259957827],[75.1233008101876,12.680615860474683],[75.12491688746856,12.680470519287676],[75.1291045719134,12.675852507425462],[75.13305894860754,12.674571149026107],[75.13505395593661,12.677219520298056],[75.13792169183557,12.675920518542737],[75.13982981500867,12.679455051496038],[75.14320815601003,12.677215381861446],[75.14703216469862,12.681544578341743],[75.15247030940881,12.6822604542289],[75.14923908639983,12.675217610793549],[75.15013192555398,12.67388168896392],[75.1609971315604,12.67300409427749],[75.160465422337,12.671618003330332],[75.15131482981506,12.657378964844431],[75.1500049918077,12.651323899593129],[75.13770764126966,12.644704309987917],[75.14250178465099,12.640933128310486],[75.14364028069599,12.641759303419025],[75.1540565832836,12.623883330714968],[75.16110704133374,12.620990286350057],[75.16448718166062,12.623081592723423],[75.17028631346946,12.621491142602048],[75.18220671654122,12.631673996936648],[75.18565870053129,12.630875975501949],[75.18881755166771,12.632026688259947],[75.1940311588794,12.629210926855475],[75.20174170528851,12.628988241894003],[75.19796029201578,12.61570218553709],[75.19845091678965,12.613340211336096],[75.20014273642211,12.61087804216421],[75.20593153221526,12.609286714962618],[75.2069466284863,12.60396187678494],[75.20917664228024,12.60150564724788],[75.207055542028,12.596998391183957],[75.20092053911762,12.594630024371362],[75.20033539271122,12.58900660472276],[75.20868042729033,12.592344172413657],[75.21181214032202,12.57943823508903],[75.2169567111058,12.577636868005545],[75.22033850702778,12.5682010521295],[75.22393867531048,12.569572606880577],[75.2289305235128,12.567619860986973],[75.23752371858745,12.568403723711379],[75.23730975066657,12.575985787426902],[75.23907361698146,12.577281839771144],[75.23878157917419,12.579954068515944],[75.24091130145649,12.578650084514996],[75.24960573486707,12.583746597352464],[75.25175491106518,12.588261248234048],[75.25521360816538,12.59045067442857],[75.25679289224891,12.595675667638238],[75.26106134062766,12.597335323557752],[75.26323092295578,12.603450233021464],[75.26534042865266,12.604804532478802],[75.26431324195617,12.612443212863248],[75.26634618424137,12.615928608601438],[75.27179626576508,12.616833916648238],[75.27553271925619,12.619779893208296],[75.28087988708597,12.617709737246688],[75.28515818369517,12.612483720565592],[75.28876526181904,12.61167229680155],[75.29074625542968,12.603222410280432],[75.29824961260502,12.607169787826582],[75.30106520309835,12.606683012493402],[75.31133572438671,12.59099417052599],[75.31335847618331,12.592303692212615],[75.32271415588124,12.592201584728077],[75.32619029556932,12.593669274980297],[75.32718074027233,12.585571059353983],[75.32560530996133,12.582668212702236],[75.31787211882055,12.578766628754593],[75.31457185938365,12.573813935468262],[75.3122971319465,12.574571739292827],[75.31046996494679,12.57822750982824],[75.30721812829697,12.579601806126716],[75.28971861508398,12.583884593009861],[75.28537344159682,12.574717242379393],[75.28584744304636,12.573032900183255],[75.2838569245988,12.570844796682078],[75.27772981159156,12.572874332216019],[75.27398868057276,12.570114957381945],[75.2720706669484,12.570245133326317],[75.26924328966022,12.559726314278565],[75.27135270462723,12.555430984101635],[75.26974062754424,12.5496147528115],[75.27366561854885,12.54118619662225],[75.27314218011426,12.536877091447144],[75.27386008673986,12.534465789835686],[75.27859269821919,12.530219464035278],[75.2801073045006,12.524187522237156],[75.29117105435448,12.525681447433021],[75.2955772737551,12.52388634246286],[75.2965230901548,12.522027147380934],[75.30304949352607,12.522664028339973],[75.30239371977542,12.515542786124689],[75.30421340111384,12.50334649054211],[75.31384214889522,12.502011342447751],[75.31454051985835,12.497534151886683],[75.32410245364385,12.497194631428076],[75.33061146742783,12.500168884772352],[75.33217424496804,12.499614234138427],[75.33365346032221,12.496770866295604],[75.3327056640356,12.493329382449838],[75.33662702045658,12.489094251914146],[75.33527870491065,12.478291599768504],[75.3383007408327,12.471940592867808],[75.34072112021173,12.470405693672499],[75.33578111108949,12.465368038715535],[75.33708985135556,12.465087245322328],[75.33633549289236,12.464166704620604],[75.34539701116567,12.463124588162446],[75.3520014116598,12.465209506320795],[75.3601070811483,12.465040665678943],[75.36703163042992,12.475506808319262],[75.37067461960555,12.475031705724305],[75.3722002356391,12.47696466706387],[75.37135871633883,12.48701168450866],[75.36780969723011,12.488561818899598],[75.3677722527541,12.491786299166384],[75.37830056986775,12.495976527895797],[75.38193968011801,12.502070385708311],[75.38693169361035,12.501999994753007],[75.39157538984283,12.49972832076458],[75.39377407309459,12.50236547376484],[75.39787118310424,12.503779092157519],[75.40267511273227,12.498093624499637],[75.40764510222881,12.498664909444239],[75.41143215332826,12.50186462221526],[75.41580101089791,12.50047910447263],[75.41737282548988,12.498515068605155],[75.41869694491362,12.495396571005122],[75.41733987977683,12.49344441642583],[75.42059534202714,12.488599271131047],[75.42030880101106,12.47983637737715],[75.42456658099749,12.474923245371487],[75.4249611408332,12.469585877201919],[75.42326832137584,12.466842920920048],[75.41572628364266,12.466039541245689],[75.41566136419372,12.462234287242081],[75.4133247742745,12.458641716387293],[75.40399047987023,12.455013392151542],[75.39962988320791,12.455004924790627],[75.39341247693821,12.45144856404121],[75.39221706812836,12.455195127631827],[75.38629885115392,12.458363335800932],[75.38187499243439,12.456709305199313],[75.37423213767522,12.459800415516467],[75.3712799206137,12.456632277532508],[75.36618924156043,12.458272545938394],[75.36564208311076,12.456821813409992],[75.37030068149551,12.44894939802379],[75.36886163341096,12.442251700794536],[75.37149658617537,12.43779576088043],[75.3687694087706,12.429817088749719],[75.36986302678066,12.425760146808786],[75.3659340239,12.411971500260323],[75.37084623016419,12.408650906206079],[75.37248555404808,12.400253002762692],[75.37788046823353,12.398283316954165],[75.37968087801418,12.392114139412202],[75.38394719738572,12.390919209525133],[75.38679150162879,12.392321282309759],[75.39232526840772,12.389908126791907],[75.39921503042994,12.380987096786114],[75.40056202096082,12.380668702381064],[75.40178787996385,12.382357774499987],[75.40564576232514,12.37894321123454],[75.41349328744202,12.380107015742775],[75.42193761460612,12.372746205162798],[75.4196458344499,12.35702825015659],[75.41545252924635,12.349698416571467],[75.4116923853846,12.34922432426893],[75.41041427856804,12.347276621105015],[75.41540386930404,12.340004880121283],[75.41619900319631,12.330007497038892],[75.41863166434192,12.328881101037316],[75.42029262504775,12.319065581279041],[75.42698976761177,12.3109450128131],[75.43219408714172,12.30947844240781],[75.42829687204572,12.307078984231268],[75.42776779578442,12.304136967843036],[75.42412306477542,12.303007715391711],[75.42529931252024,12.301326326366105],[75.4245223901737,12.300015833694392],[75.41928242908656,12.295217034160828],[75.41373501689844,12.29244284644024],[75.41542060222285,12.28818390198311],[75.42023336857835,12.286425732622932],[75.42569092947508,12.286797069166395],[75.42803244934859,12.290568565687508],[75.4317709042861,12.29107357916615],[75.43266201597997,12.293409501624838],[75.4358177625388,12.29459352512041],[75.43831579768087,12.292844419804602],[75.4413612598689,12.29405119533678],[75.44555085233537,12.292217888410637],[75.45065095202101,12.293168031040338],[75.4652728820029,12.289400109927087],[75.46938191355471,12.294004497392446],[75.47487032080168,12.296138023419106],[75.48093882232992,12.291090980059257],[75.48494460781114,12.289988164913174],[75.49387983553196,12.272870969605426],[75.49712781481594,12.27232507687956],[75.49810139005622,12.269958183878742],[75.50538099665725,12.270802037768199],[75.50581574891542,12.264637256971124],[75.51176943407224,12.259640956571797],[75.51157926970974,12.253114290321093],[75.51960590452124,12.245764491384154],[75.5185986514409,12.242714069812827],[75.52106164869365,12.235285825364471],[75.5238642612261,12.234719954339157],[75.52810649676485,12.230914446911854],[75.52675916397584,12.22498503068797],[75.53978247273939,12.215668638212136],[75.53709257991049,12.208290752908688],[75.53192831086916,12.205776267049083],[75.53261177698509,12.200496696685178],[75.53389243591539,12.202031354359738],[75.5363479618799,12.20041267660874],[75.53985712453611,12.20173954658505],[75.54143187841572,12.196410688703349],[75.54550987946266,12.197230066899653],[75.54834331139585,12.191704208428606],[75.55238814394757,12.19207148106728],[75.5549775772799,12.1820068853292],[75.55844515063339,12.181077680402426],[75.55977100739888,12.175622580667058],[75.56990925715154,12.171817811017872],[75.57702727659587,12.156910788264081],[75.58307263033585,12.158286154606062],[75.58350910196947,12.156133208729583],[75.59058812015742,12.151181272241088],[75.59246747029198,12.14701333584719],[75.59520629884595,12.153404869283996],[75.60172975933635,12.152848285025875],[75.60623222333818,12.154674086501485],[75.6106139223248,12.15183435430357],[75.61462306121705,12.15491792643428],[75.61949540204552,12.155675700546002],[75.63056983735973,12.148204733864107],[75.63593251370459,12.14845474818857],[75.63915894150661,12.142535813609252],[75.63836623126896,12.13813672565433],[75.64320387377128,12.137952460201927],[75.6441505166211,12.12460553315507],[75.64752476130477,12.121270408558894],[75.6466437403865,12.11441831899887],[75.648980165914,12.11167324029589],[75.64893148351383,12.108630636391029],[75.65264945057469,12.109218773793506],[75.65302524280749,12.10693021716706],[75.66164594968605,12.098500870704854],[75.66731913409876,12.09655237614203],[75.67676169166447,12.097433880299446],[75.67915118067582,12.101383992397595],[75.68511098605465,12.105569463984846],[75.68717228186517,12.110323824089532],[75.69553718268679,12.1105609063826],[75.70325813338353,12.108253216288364],[75.70212738530785,12.092370426206369],[75.71305858424998,12.090558569547477],[75.71792543906705,12.08565705979546],[75.71768070923757,12.082366615356918],[75.71544364726194,12.08173468159527],[75.71628787947436,12.079447252160254],[75.71472284446786,12.07052089872849],[75.72000938679577,12.070934682052664],[75.72483746134202,12.073260506382729],[75.72773530876927,12.07262648941447],[75.73610191728825,12.079027601800442],[75.74357532463206,12.080244485013175],[75.74711554833583,12.078263005112412],[75.75037349622451,12.084256668163418],[75.75356265651864,12.08541465423606],[75.76255674814507,12.084274527981393],[75.76760548845094,12.085503626160879],[75.77543067785663,12.083444768117687],[75.78597340484573,12.084933488726438],[75.80272633810753,12.07950439282958],[75.803927954276,12.075499291579412],[75.79845769928598,12.062956299079232],[75.79840677109758,12.056412117657292],[75.79403682297318,12.055842069417027],[75.79990416565813,12.0473047570906],[75.80107932644147,12.03703515399641],[75.81083400365263,12.028751064532118],[75.8100313840991,12.022872547501825],[75.81459876485494,12.021272692651777],[75.82284254403018,12.012895006179894],[75.82035940654879,12.002683159106907],[75.82490901234009,12.002750632643291],[75.82562718486703,11.991954449016367],[75.82946603821567,11.984588345684912],[75.83704061742002,11.981010133543277],[75.83970277206957,11.982750536926332],[75.84292081320004,11.980807579695075],[75.8469050624707,11.982087092709849],[75.84954944305402,11.978119248500258],[75.8478151268204,11.974171280869566],[75.85003220038264,11.973974725646789],[75.85262656456759,11.971060003996442],[75.85420133461685,11.963717813317114],[75.85852052702936,11.958930661902944],[75.86658457218088,11.956559635866823],[75.87009146569265,11.951987291654639],[75.87237094162445,11.952681052356445],[75.87977846562696,11.94900519058991],[75.8862403492996,11.951091658771825],[75.89210967276976,11.94885797600631],[75.89683882932847,11.944769694118145],[75.89844055512447,11.94598980059467],[75.91345400055158,11.946212856204331],[75.91794583389034,11.944032854819016],[75.92688934497639,11.942751417180414],[75.93074712313313,11.939108511454698],[75.93709044086633,11.94007757131924],[75.93740305278855,11.94218459832767],[75.95173150226881,11.940716947703418],[75.95636280983524,11.94197666569509],[75.97639351680407,11.9337856022421],[75.97926695341181,11.934842166537933],[75.9834655452008,11.93279781769599],[75.99041487720444,11.934788271703715],[75.99390643108447,11.932350847488832],[76.00319106302659,11.931470339847428],[76.00752071542229,11.939260024678122],[76.01325742869189,11.941838788843626],[76.01648006470505,11.941180196721396],[76.02221677707637,11.94408873053793],[76.02693597940345,11.9430870719142],[76.03015940234081,11.940150296854505],[76.03351942489694,11.940250898663045],[76.0388701060378,11.945052799098304],[76.04222076186043,11.945957837311273],[76.04457883049811,11.950505571102592],[76.04809924455323,11.952016255620558],[76.05187731609315,11.951511092921166],[76.05815080508432,11.958021399508766],[76.0676474439251,11.963546953740689],[76.07008891395037,11.967154352501955],[76.07727764607891,11.96881457769038],[76.08967278632046,11.96746063502054],[76.11248340000462,11.978798815299925],[76.11336888465152,11.895049600925212],[76.11174001536091,11.887668480365319],[76.1149213270744,11.866732386653204],[76.11280161382096,11.858546685152254],[76.11808804206282,11.857023729422645],[76.11665175360281,11.85645415767521],[76.1170235420444,11.854944905965272],[76.11999716056927,11.850388543581065],[76.13228128341473,11.853950387350222],[76.14607155220828,11.86708029433973],[76.14939395152366,11.86650152867767],[76.1560162868824,11.870216358620976],[76.16479940377447,11.86764355735579],[76.17348705220971,11.871285393069796],[76.17879642611885,11.870244932193591],[76.18671296251082,11.872033326127115],[76.19037489086763,11.87129129272529],[76.19836785861891,11.866629417419842],[76.20200121515977,11.862492779522688],[76.20746179439588,11.861614459776476],[76.2100286566584,11.843663102271252],[76.2129186716747,11.842068718506498],[76.2103446157034,11.834724613025648],[76.20974188028373,11.827476509193875],[76.2170636897368,11.820872605995207],[76.21819792147916,11.814436806197115],[76.22370610603542,11.808283397996988],[76.22933454716045,11.805388715149856],[76.24556581795702,11.803005058824832],[76.25839692947058,11.808803292721933],[76.28019269122541,11.812430347351105],[76.28834352171819,11.795159865244377],[76.30176771445703,11.786004207794981],[76.30520897885083,11.786344370595103],[76.30773300584734,11.784874950772577],[76.31106361845937,11.7680265457963],[76.31450598688264,11.762486324579474],[76.31496605097054,11.756832319496716],[76.31839476230654,11.751364450865628],[76.32912906850471,11.748360767741243],[76.33482213353297,11.744718624517775],[76.3397217759596,11.739082952551996],[76.35018434986918,11.740313642884614],[76.35248714696401,11.738356724048282],[76.36280253191428,11.748446066599346],[76.3684446013805,11.748215820483033],[76.37697648643706,11.744622649029639],[76.38393045823913,11.747280405013694],[76.39127464472593,11.754845998372708],[76.39338474870077,11.755103539617341],[76.39862294190344,11.750886112337902],[76.41176470252036,11.75884944620079],[76.4142155752117,11.758925686859083],[76.41495817562617,11.755580762682634],[76.41228339156201,11.751897368555783],[76.41239701766568,11.74376197632578],[76.41046113924526,11.742162132487946],[76.41285986563267,11.740186619588036],[76.41814888192087,11.742681032678988],[76.42208383793692,11.738363847350882],[76.42742528170176,11.726055115521799],[76.42409441666311,11.720369550391379],[76.41657203137342,11.71777164662296],[76.4160393402914,11.713034813185477],[76.41398894463855,11.711331027489564],[76.41264522307699,11.712266813758617],[76.41255391920986,11.715548289874443],[76.40851313267018,11.715132911018424],[76.40558653825549,11.71127319721017],[76.40364192910883,11.711698197803917],[76.40344433747556,11.707838160707611],[76.40521907340538,11.70593506947473],[76.4074298803202,11.70752592412784],[76.40886533244868,11.706468141751508],[76.41085043136015,11.700130924329509],[76.40981374587786,11.698829222520763],[76.41175819692104,11.697906977090138],[76.4123586335519,11.69509995739054],[76.40961606261645,11.6944539780191],[76.41080836954359,11.693748682711389],[76.41023937394768,11.691081957854548],[76.40842310441073,11.689793970856371],[76.41302704390367,11.686059935708501],[76.41258180830613,11.682841803161159],[76.41401244276975,11.681693498541108],[76.41591436038085,11.67289289362799],[76.41911036404082,11.670976028264677],[76.42066975223749,11.672580368676398],[76.42611290954694,11.671223536804746],[76.42816247425817,11.670061591988931],[76.42944583532083,11.66632333123948],[76.43133537055408,11.666481118384091],[76.43334487489521,11.666923228594577],[76.43527845542512,11.664817129119974],[76.44035507943744,11.665927962552077],[76.44083626471435,11.664422709311355],[76.44338568528731,11.663712531422071],[76.44908155934746,11.665718101244028],[76.450300989108,11.664284910999248],[76.45508888829978,11.665897336380409],[76.45816085348362,11.66445016849655],[76.4743816571105,11.681345460819676],[76.4825740068374,11.686228730675564],[76.48304293370391,11.689836539605373],[76.48162735859773,11.692638389172057],[76.48837743079665,11.691469710480694],[76.49354661182593,11.693099449795772],[76.50146959542667,11.699277066599556],[76.50454243646796,11.699246771344615],[76.51162569470402,11.705098568139624],[76.53717610173278,11.69091972209814],[76.55050785423563,11.674312797671627],[76.55135223646674,11.671994266437505],[76.5492630560515,11.665100756491178],[76.55001153953273,11.661213744519685],[76.55435095032736,11.655687003333698],[76.5538537579704,11.645833281442576],[76.5586792588434,11.638629620886817],[76.55953337342227,11.633287220262886],[76.56137212419755,11.632794854147534],[76.5617994833209,11.62898022036827],[76.55962245575573,11.625313974026938],[76.55990628026636,11.622589703974073],[76.56261461550802,11.623025561062814],[76.56694603938146,11.618874674137968],[76.5696054083553,11.618179104341662],[76.57516224207411,11.619305560287456],[76.57669432687602,11.61461426407002],[76.57903238823569,11.615853113098302],[76.58373679351338,11.613874144549369],[76.59223700307467,11.618774610117525],[76.59328200875312,11.617057588957007],[76.5964135861392,11.61637089825523],[76.59755576617522,11.610761713146614],[76.61059487450795,11.610966283525718],[76.61393507573732,11.607673260655947],[76.63041491935614,11.61390484596384],[76.65014800099661,11.613569673200661],[76.6714201563319,11.61602332250957],[76.6845342632111,11.614080439053822],[76.6884879356261,11.615304508693306],[76.6942510899078,11.614579979693643],[76.69391938159922,11.613226165378421],[76.694708185962,11.614956470539688],[76.70265908650684,11.615959746748697],[76.72177572623305,11.614506943566044],[76.73678817453022,11.615426197963863],[76.74702105550985,11.613899324443498],[76.7568670850972,11.618552579277772],[76.76477165413294,11.614243855666063],[76.7701410480795,11.61580512503859],[76.77471216403029,11.612457696169539],[76.7914753452729,11.61285168898807],[76.79629400008507,11.608527838203463],[76.80918332422567,11.608490509364064],[76.81751751524098,11.604835805076581],[76.82278742885467,11.608190248817156],[76.83268428871405,11.600598852487838],[76.84688360537223,11.594584842800884],[76.8564189607034,11.599394921530719],[76.85718877108783,11.605587325455406],[76.85561608063846,11.607698037216075],[76.8576835568581,11.610270126438017],[76.8580730537889,11.614143753906212],[76.85595474460223,11.615752744421378],[76.8504804049726,11.616073140758472],[76.84878832752368,11.618672011924655],[76.85206164199361,11.621782047022032],[76.84950331013303,11.621180665538484],[76.84855404240598,11.62294339031903],[76.84955339929495,11.624430605143186],[76.84270767628121,11.627164356392038],[76.84479377367842,11.628267517302863],[76.84507736822033,11.6342611020959],[76.84413756783809,11.632683430802416],[76.84046906830498,11.635535116895477],[76.83835989947634,11.635494123557853],[76.83457655572407,11.639615822928695],[76.83788212869588,11.64205255314254],[76.83368551140386,11.649071517562597],[76.83620684345453,11.653994161545809],[76.83495472400082,11.655530754088979],[76.83772883658254,11.656322161001802],[76.83865466007728,11.660205022927775],[76.84179091948263,11.662243969321024],[76.84136393136347,11.66606325185673],[76.84359693025908,11.668319000824928],[76.8439769912861,11.672920385404865],[76.84849333875064,11.679804845783902],[76.852711257793,11.692483829489559],[76.86366232926585,11.705488596968122],[76.86111683792394,11.707332590867884],[76.8625842323473,11.711124979411142],[76.87416492042638,11.724224287135902],[76.88830135770964,11.733756756905947],[76.88804938925557,11.741815878926486],[76.89619814913165,11.759909617754698],[76.8978766799861,11.770715437896321],[76.89656386855516,11.776581136006724],[76.90795728754192,11.795358759405845],[76.92212951460439,11.791888337919714],[76.93204189286033,11.792901965323269],[76.94234019365051,11.788137766230715],[76.94510394057217,11.788415252910822],[76.95056505161091,11.791988534537063],[76.95388499313566,11.792168475586104],[76.95597295902864,11.791266918109319],[76.96113058952002,11.78173455427859],[76.96987598345834,11.776971997642793],[76.97267966857922,11.780487927229329],[76.97281545342598,11.784420363699253],[76.97528373546754,11.789357357633648],[76.9808462195895,11.795524155623067],[76.98015060555596,11.798638668509682],[76.98359992334628,11.801795346638276],[76.98205616134399,11.803573018407317],[76.98210288092527,11.81161574660393],[76.985751657048,11.811983854991627],[76.99349331660699,11.809272237960641],[77.01289466658271,11.814726624607673],[77.01396477568174,11.80632234657399],[77.01617295322772,11.807015084695735],[77.01684263739058,11.810825184290023],[77.02983411614863,11.804786254084485],[77.03061158916243,11.802090942391734],[77.03414830943662,11.80005786549796],[77.03262602166122,11.796000816956424],[77.03529362908449,11.79401222261032],[77.03870316228752,11.793957799588268],[77.03544321025743,11.78324669649073],[77.02881809910443,11.774785977329858],[77.03505482633926,11.769890133816002],[77.04000931091399,11.780733365997701],[77.04295325089849,11.78210150415666],[77.04642241067678,11.78772760422305],[77.05038082978973,11.789728159494205],[77.0577426843415,11.788962282108466],[77.06289640805974,11.790507397527783],[77.06687369179363,11.788090644329957],[77.0697101887786,11.78218696227529],[77.0670555718926,11.778422936045589],[77.06121229866734,11.776028697534088],[77.05986274254802,11.771632552970177],[77.05638000293757,11.769886522884818],[77.07104690976912,11.751418840104897],[77.0827174868688,11.739873602511864],[77.0801703273554,11.736092274084529],[77.10496213856776,11.732908099185934],[77.11477316440175,11.721858077681398],[77.11765843361839,11.721181703494356],[77.11809211238979,11.726223835061766],[77.11597610109364,11.72574582849479],[77.1173392639946,11.72857566939129],[77.11530233229122,11.728276092901519],[77.11749109904052,11.731898116374174],[77.11414129392246,11.734579587821399],[77.11478869178141,11.739040255941935],[77.11169292663244,11.743181506090691],[77.11133335707535,11.75050721955799],[77.10849894508019,11.752709791165579],[77.10979338237034,11.7555929653798],[77.11240869167445,11.757043003416392],[77.11258425841356,11.761970900365398],[77.11129499092787,11.763777222859309],[77.11261353450867,11.765694258702604],[77.11070002054556,11.773582283515912],[77.11560422551548,11.774829481852537],[77.12271834267821,11.77255723942441],[77.13053808829326,11.773810190270941],[77.13803168617139,11.772750836506798],[77.14704842791936,11.782024010638846],[77.18197009322971,11.786429195122889],[77.1891899070671,11.79263003278934],[77.21747895669857,11.795436086480603],[77.23855598807265,11.794760407485793],[77.24955045176699,11.804288142115249],[77.24983086627284,11.81312017365265],[77.26153618571612,11.810720619172384],[77.2733708257294,11.805450537969541],[77.2743856309463,11.803105080793433],[77.28793007576238,11.800542435559429],[77.29380917829273,11.809105005259582],[77.3126283472008,11.793642815913637],[77.32765194179399,11.775457649632955],[77.33510264421898,11.771336725675313],[77.36037888362637,11.779574809543313],[77.36480082084952,11.790508841440106],[77.36899404071309,11.789618625835729],[77.36915928491132,11.786866005851003],[77.37020986733101,11.786762041884685],[77.38797805227244,11.788570057805716],[77.39440991334996,11.787738136447707],[77.41361228289696,11.77477772668363],[77.42218129262926,11.7724804748923],[77.42255112903172,11.761822280637423],[77.42723914993698,11.7609537333848],[77.42890458245627,11.762702635295433],[77.42801554317579,11.767078108104373],[77.43377495866928,11.778205234171512],[77.44215756708178,11.783392407943765],[77.43955238628247,11.78571170419023],[77.4404568792808,11.788938762560125],[77.4465773124156,11.790410879621502],[77.4497581075978,11.796114252354947],[77.44975008833728,11.800661323560242],[77.4528077119176,11.808131976363692],[77.4520521317456,11.813149323854878],[77.4539994915337,11.820335533092138],[77.45692471871249,11.829080811454423],[77.4603163898144,11.831941000517787],[77.46329740866055,11.841707718460162],[77.46657085338619,11.847184835893952],[77.46620012316002,11.85012293839098],[77.46136474890378,11.85379453278268],[77.4630091761168,11.858951247287669],[77.45989473499307,11.863553492544671],[77.4627999459107,11.864908612814002],[77.46581336249758,11.87430009422264],[77.46043247909853,11.881307549915896],[77.46309980714582,11.88447525043135],[77.46218307011016,11.888064334493214],[77.46393355781554,11.894129539118893],[77.46158563834392,11.900087487189793],[77.46260941683222,11.900950423308496],[77.4734815497478,11.8992837269353],[77.47473399349333,11.898108110155455],[77.47411311479989,11.89449238867751],[77.47717290781162,11.890559044115637],[77.48059767554352,11.893513847486068],[77.48405147862204,11.888115770232485],[77.48615772073944,11.88751382212378],[77.48302790584793,11.899678061053505],[77.49054933083862,11.90859302513925],[77.49084403754063,11.910785058869774],[77.48856363544577,11.912440197454739],[77.49184441401741,11.921288859089167],[77.49282607229864,11.941365885624457],[77.4941398071977,11.943399323708942],[77.49615056558696,11.944013118102962],[77.50036906044939,11.940080378461294],[77.5048761435884,11.941235003436608],[77.51227244853138,11.937915988610381],[77.51829922511128,11.93832520414894],[77.52820190425706,11.933885926923097],[77.53794264500492,11.932488103387339],[77.54248049903569,11.938265929469363],[77.55813684355883,11.941651212441839],[77.56102863723942,11.942018050972317],[77.5752732927683,11.936583703682452],[77.5859224835933,11.936974258007297],[77.58834568817387,11.93944243227349],[77.59353718515149,11.94032459091868],[77.60341101310529,11.937758306604362],[77.60691301079882,11.942120332492827],[77.61249015812113,11.942509390028423],[77.62396124634566,11.947409472268635],[77.62881779838472,11.946473835279324],[77.63939863639976,11.948146000054786],[77.64227699397863,11.950125665944556],[77.6471749107416,11.950590885938785],[77.64867166570166,11.95376829515734],[77.6520136752397,11.9549206268982],[77.6561541280635,11.95356426554258],[77.6573426216423,11.949934695899245],[77.66902967564093,11.949173961533823],[77.67564961788776,11.95207918942064],[77.67446557366459,11.954000340988078],[77.67470182878768,11.966036776517393],[77.69634133758198,12.015830764493368],[77.70887779269921,12.036081034400791],[77.71486314257147,12.042506506897428],[77.7275075733892,12.062100409496564],[77.74267938461439,12.070085727880784],[77.75565924995247,12.079795916430513],[77.76772693900158,12.10669854307659],[77.77416538742504,12.109449180029236],[77.77667625589928,12.113712334073295],[77.77614204217288,12.117377661699548],[77.77377071260499,12.120581390121522],[77.75718449767675,12.13050014313365],[77.74978062173258,12.138523969519726],[77.74675871786289,12.14458906963491],[77.74743779031877,12.152954986942271],[77.7451850796909,12.159351442005295],[77.7354040512992,12.169647005604237],[77.73331717506264,12.178140614601931],[77.72767209624021,12.1815912450574],[77.70225682906788,12.184193572507954],[77.67719602542856,12.19259693434065],[77.66521428988075,12.198271116227176],[77.65605276216687,12.199609988167664],[77.63996212891625,12.196460809828979],[77.63534917842266,12.19749600480017],[77.6298172972075,12.202296094212965],[77.62093580401206,12.199945718120512],[77.61073070073765,12.206205165071065],[77.60531809243604,12.205590000993627],[77.59671275573197,12.199329204025736],[77.58039735142084,12.198156211487959],[77.57383563168253,12.200948164094829],[77.56941126631317,12.199799220894876],[77.56529060876495,12.196372278861451],[77.54586667424468,12.204710668140917],[77.54014235682766,12.202439963023707],[77.53582921816185,12.198678052770077],[77.52812844632135,12.198955605569413],[77.518660736826,12.194540655473178],[77.49268868216247,12.197393522182413],[77.48642426795224,12.203868405669514],[77.47542057855993,12.205648750332768],[77.47201668228533,12.207954992265371],[77.48260253469628,12.229497141053374],[77.4822915298601,12.233158297130085],[77.47847097699042,12.240120176473146],[77.47109658195727,12.243571385424744],[77.4734989537081,12.255674891941798],[77.4781787433504,12.259275473739113],[77.4770133634239,12.26452339934426],[77.4790381490063,12.271333985558126],[77.48507410726675,12.275110270737697],[77.48757660434083,12.28055557973168],[77.49325669410317,12.278935240563479],[77.49671901500719,12.282242199567005],[77.49996032789343,12.282628074970658],[77.50836036362244,12.276060164410827],[77.51416532190422,12.275443436441828],[77.52720278452335,12.278829445249768],[77.5328147226983,12.291518437793767],[77.55131467527016,12.291266724187727],[77.55237927500161,12.297508865247922],[77.5550210387925,12.301649725290552],[77.55787954899347,12.30327305784214],[77.55788349888577,12.3057905595699],[77.56598248490857,12.306303270840958],[77.57855312990552,12.33572511899969],[77.59152077366414,12.340197285331044],[77.59866825964643,12.350051216196823],[77.6008143654029,12.358485323166844],[77.60759528035877,12.36111195106685],[77.61300189869407,12.361180118019039],[77.61678543648249,12.368258272627251],[77.61806767554934,12.38115767928441],[77.62055968928406,12.383069600743223],[77.62330891583746,12.412321524987911],[77.6295948770381,12.418382547101311],[77.62907072174792,12.425184788548592],[77.62606325739812,12.430820909870706],[77.62696003566477,12.44117561278301],[77.6291262214628,12.446409468000722],[77.62715323363798,12.458508773719268],[77.62939766898545,12.460709905538069],[77.63057516988009,12.465166320352779],[77.62922295564584,12.466829639356762],[77.63074083628648,12.470327862245888],[77.6331232887942,12.470508637067963],[77.63237841294715,12.479177526707453],[77.63460487659904,12.487656429595134],[77.62945790821179,12.494553642996836],[77.62606789270495,12.496366007567193],[77.61646849018896,12.482901513356571],[77.60740325199207,12.475181197919726],[77.59838361587225,12.476233442902483],[77.59567000751986,12.474859112203267],[77.5836601681784,12.4788528392406],[77.58873253237964,12.485687416316942],[77.59177754630832,12.485235942300543],[77.60238321106286,12.497205348748434],[77.615046302584,12.504220303506395],[77.61630650597695,12.509237248722883],[77.61239614493505,12.514999670852472],[77.60675180093455,12.514190237033281],[77.59390793244563,12.516141389458367],[77.58718265824018,12.514811636866535],[77.588482781866,12.52667607239021],[77.58544033622073,12.536853974705785],[77.58637747938639,12.545776017262344],[77.58033110516024,12.551646082461735],[77.58073349740692,12.565765686551382],[77.57932423476223,12.573141568292398],[77.58377773698781,12.575935524352785],[77.58930143814402,12.59274059890257],[77.59140442566519,12.592148822705417],[77.5910009347789,12.615298576410309],[77.59405590473588,12.621115815864956],[77.60460333710044,12.62681177322297],[77.60621392387841,12.62896780088484],[77.60330937052754,12.635376433454695],[77.60472669195863,12.637649959956738],[77.60070830311395,12.643082209539319],[77.59962676115626,12.642747638294768],[77.5961050068147,12.650335751300133],[77.59885555389157,12.667212498298946],[77.62389055791594,12.673957474517307],[77.63786535144865,12.675760711976341],[77.64396459512253,12.679001029498176],[77.65989193711238,12.683894433004356],[77.67636586083347,12.67952601076466],[77.67507577408426,12.673144482636415],[77.67712377572687,12.671494444326445],[77.67863588828509,12.660443597308726],[77.68990769514531,12.65904015566731],[77.69216811511492,12.660897207118534],[77.70420912420012,12.66145902778967],[77.71099550630282,12.667174387600634],[77.71157159948778,12.683191861013476],[77.72274677457288,12.679703496490447],[77.72460317993846,12.671242046484888],[77.73990879612354,12.673043956964857],[77.74115731243464,12.67551116147368],[77.74098701521297,12.685820550137665],[77.7349318348021,12.692055628490372],[77.7374431443491,12.697799081731741],[77.74065729038455,12.699926498022624],[77.75426596294679,12.697394502637572],[77.76173260507815,12.697637441565217],[77.76468188015714,12.70113240964885],[77.76572600907987,12.713796888687977],[77.76953379149944,12.712578182804315],[77.77030039489829,12.717925228239999],[77.77443207567335,12.72426793877944],[77.7610700607252,12.727548113453702],[77.76331264194992,12.73694541533832],[77.76943471990002,12.740346776015384],[77.78003753430019,12.742072923727855],[77.78353703916876,12.741265192269884],[77.79160180566743,12.746741244866335],[77.7934012003518,12.749489766617172],[77.79425954060578,12.757819203395439],[77.78448249983562,12.762434953371114],[77.7787661387971,12.767815722103714],[77.78951847957289,12.780216893827767],[77.79290053420966,12.788036954222102],[77.79854415776131,12.79517068531968],[77.80035420197338,12.794484248629837],[77.80219113545687,12.796310712990866],[77.80401076828625,12.794286447082703],[77.80663576412408,12.79411091360709],[77.80851856738256,12.796777995195747],[77.80726062145591,12.799439709405242],[77.80508227246895,12.799651531556295],[77.80337683078352,12.804857643061567],[77.79971544141587,12.805267854668646],[77.80214364062945,12.817055713277732],[77.80987680392249,12.815584458074843],[77.8079450541591,12.823095532064563],[77.80986340824498,12.831583859961038],[77.79587909706184,12.834585358226793],[77.79244518897194,12.842177180211218],[77.79487605708022,12.845671616495867],[77.79672797715759,12.844827037392502],[77.79908884225071,12.851589080309731],[77.8079015721061,12.847722830955535],[77.81552740109571,12.855841973434147],[77.82305867701177,12.855893394108875],[77.82577096843394,12.859988709226155],[77.83244523000941,12.862096102454705],[77.83214025376708,12.867573795088834],[77.83599545286062,12.870381119338248],[77.84258765333485,12.868741499466124],[77.84736915742012,12.869370337771514],[77.85093033073468,12.866161828598207],[77.85746206920041,12.869534056546804],[77.87592508843767,12.866854785050222],[77.87724716060089,12.868667152475407],[77.88251702390889,12.868612894352571],[77.8847328200668,12.870276063022384],[77.89032514442587,12.869706406595466],[77.89490018511616,12.87862442004123],[77.90839318431418,12.878857155906895],[77.90873946958483,12.884890766924107],[77.921855072159,12.884789504951673],[77.92507167239178,12.890140143547052],[77.92930560390406,12.890966442741178],[77.93598939121476,12.887295164545325],[77.93608526930336,12.883656877945572],[77.93461040988002,12.880710425942093],[77.92712462285328,12.881570638242708],[77.92770372359786,12.87496741226749],[77.94160599793426,12.872786004724865],[77.94175772967397,12.871687707721982],[77.94119484441862,12.868266512938003],[77.93639908856136,12.8667173916013],[77.93557360418887,12.862799085475881],[77.9313354928156,12.861859893468022],[77.9227940703457,12.855615387084768],[77.92422117353192,12.851172380868006],[77.91722695630678,12.838902784971008],[77.9180547888754,12.831400121804512],[77.9205367810048,12.82820889773221],[77.92649248826935,12.830336617930538],[77.92849529656833,12.826829032385307],[77.9343207409301,12.823148906588305],[77.94065824207186,12.82339607018204],[77.94215254103797,12.831259826431289],[77.94658963733153,12.838760660615238],[77.94055789037314,12.845302605158732],[77.93997490980492,12.85319395778685],[77.94362891142762,12.85787086063558],[77.95231623557105,12.857168031086449],[77.95275632202535,12.8501806147435],[77.96297747010905,12.85022725023894],[77.9653305288424,12.84823334298837],[77.96255392882563,12.837423368346276],[77.96429800794976,12.83289416772993],[77.97267608256503,12.832868709482995],[77.97403098905019,12.834883962712336],[77.9803734192479,12.835107567028773],[77.97925091680821,12.827094750002937],[77.98677446182292,12.821876148500625],[77.98976342087789,12.821599209263276],[77.98850015063654,12.808244311915809],[77.99559601582935,12.80591818251525],[77.99667002451505,12.807924407425405],[78.00644189997234,12.808627615480212],[78.0097314919152,12.805790807538862],[78.01529124156544,12.813842655781642],[78.01275140062668,12.81887185509624],[78.00577687087929,12.822222256644249],[78.00389610320325,12.82564721421979],[78.01059962470411,12.830960831378363],[78.01464400360658,12.829873371872054],[78.01827747692847,12.831104293236828],[78.01912877079735,12.843994535015142],[78.02431148674304,12.841795590095652],[78.02896689431189,12.845236816884155],[78.02968396280933,12.848961241652797],[78.02404915801883,12.85256569376282],[78.02384494041199,12.85655189975727],[78.0306293884419,12.858073076110294],[78.03070979394803,12.852500496809792],[78.05044863019623,12.84878744101032],[78.05141028030114,12.852480266500635],[78.05331224462464,12.853904538816527],[78.05902471236475,12.851221416783583],[78.06018733985321,12.843877425747054],[78.06684353540999,12.842012484544293],[78.07118239733398,12.84245184499884],[78.07650286992846,12.839700503930823],[78.07724015680802,12.83815496466653],[78.07505729917665,12.836247248410656],[78.07383792421334,12.830565838086615],[78.08617669157753,12.831987316161864],[78.08810720166582,12.827924456419902],[78.0875088356517,12.824927856452826],[78.09015279582351,12.823554351490131],[78.09013979181145,12.817412144763685],[78.10470798996295,12.809129405198107],[78.10933681728083,12.8045424514025],[78.12033441699386,12.801763388006608],[78.12185884365798,12.799304769576057],[78.12496744034245,12.798238190333485],[78.12592992498227,12.79172998404667],[78.12983033718237,12.787585510306766],[78.13123483336616,12.783852273218306],[78.13421424422798,12.782017298073104],[78.13570165401416,12.783138126069348],[78.13627721898975,12.781904215246637],[78.1451232601725,12.780981834300247],[78.16763961631224,12.770132403513443],[78.17160952936926,12.773837877936092],[78.17737522318826,12.775997261901864],[78.18236653329974,12.774305891209062],[78.18423185354617,12.776271546776796],[78.1889369765778,12.771963322828585],[78.19205966872741,12.774335380084755],[78.19514014544858,12.773896297728955],[78.20286153542149,12.771060381117103],[78.21283803182912,12.765082482543006],[78.2181614464062,12.766427586175466],[78.22386187222992,12.76593292545806],[78.23092787652435,12.760710107975598],[78.23895698978771,12.768426434526214],[78.24561557216819,12.788314363968752],[78.24653375638978,12.80171461138042],[78.250537071504,12.812258729543727],[78.25231106183213,12.828988323474595],[78.25217415948113,12.860601143331289],[78.25363893711206,12.862251790743777],[78.25811325150616,12.860446331550877],[78.265249097119,12.862058312745097],[78.26837276663564,12.86774262244388],[78.2716903806255,12.867012086160074],[78.28207233612821,12.859364786832149],[78.31242174462734,12.858568140977718],[78.31556863649239,12.86760471716393],[78.31360241477829,12.87650296757005],[78.33099543810425,12.875627990612722],[78.33221683427692,12.88075401179373],[78.33705522687252,12.882414144404807],[78.33796793047256,12.886260895988176],[78.3344937536034,12.889261264901343],[78.3317611773238,12.888894399182934],[78.3308531889807,12.885409228177078],[78.32915742394748,12.884640344965417],[78.32166956001586,12.885609877596398],[78.32030563893683,12.887308960123116],[78.32404750657412,12.892960132822086],[78.32247627498877,12.897538396824993],[78.3235086368796,12.901832711640742],[78.32628291385298,12.904545551789642],[78.33103851411876,12.90191629900797],[78.33970675265564,12.903233911692816],[78.34404538281426,12.908548029005026],[78.3419426710759,12.911944477914167],[78.34657440713869,12.914092541340262],[78.34902348050453,12.92904066538969],[78.35382137345388,12.930298197550643],[78.34968343681118,12.935762017348482],[78.35585090303931,12.94078945888857],[78.37669630741067,12.91798468447911],[78.3782253271608,12.913894255227442],[78.38560741985764,12.911485743097472],[78.38573127328081,12.90942011609098],[78.38867069473942,12.90690719850518],[78.39637439418945,12.907362720328766],[78.39864197373191,12.917357830660942],[78.4088791495569,12.90931680548498],[78.41218565408165,12.903282544264824],[78.42862744955661,12.90212443588796],[78.43036599505857,12.904836265027072],[78.43367464026863,12.904591839178014],[78.43587053065815,12.909495773152448],[78.43492233641791,12.911886957923288],[78.43881274228404,12.913708032028126],[78.44555396068752,12.911844829241048],[78.44645994758419,12.908237737851625],[78.44393653144208,12.90305370227502],[78.44920586564238,12.898293309725652],[78.44721658776821,12.892259453345298],[78.44879143147932,12.89014835564937],[78.45586329638266,12.887516433121485],[78.46408740424981,12.877751510185284],[78.46201925159875,12.87110757535069],[78.46474446169302,12.86681296669072],[78.46942927920597,12.88968649058928],[78.46667056015497,12.905458451653448],[78.45922542369148,12.908782300891037],[78.4522703056391,12.917717750674749],[78.4445026443442,12.919682644373966],[78.4379906840861,12.929062519770536],[78.42815700094403,12.932141699815974],[78.42279324033261,12.923395964345515],[78.41879227521116,12.921773538571134],[78.41786384211048,12.927943364806078],[78.41571227819034,12.929728858145461],[78.41517911998439,12.933412664426132],[78.41306829376404,12.933453421898822],[78.41352687024188,12.939370059416387],[78.41113825798622,12.945316491987917],[78.4137377946706,12.948400964951288],[78.4203562070865,12.94779045212568],[78.4214745072073,12.954678821537383],[78.41924070701447,12.9587288529722],[78.42913169279022,12.95751223264258],[78.42967173209124,12.959175530219346],[78.43455376394503,12.960833842494718],[78.43794778683633,12.964033567354036],[78.43269025290559,12.967844522484558],[78.43252510303047,12.969544047679706],[78.43472014091881,12.971487386936992],[78.43245068030414,12.978009950301544],[78.4353055172939,12.981087722574319],[78.45266331767758,12.976813722402069],[78.45969788003876,12.977295958916866],[78.46743610444008,12.975070380748646],[78.46855631527747,12.982763078946014],[78.47478960376142,12.991489504230257],[78.47184922380042,12.992665471409332],[78.47011381072384,12.996760996021479],[78.46767623220036,12.998583141608663],[78.46823112155137,13.004665585728002],[78.46358854012814,13.005367560587487],[78.46451519995442,13.011835782675128],[78.4634243352807,13.016388827748232],[78.46479138878516,13.020467254496504],[78.46138964038241,13.02574206179291],[78.46217176038118,13.04326113308546],[78.4647777029518,13.044702302912027],[78.4730976386019,13.042968971360414],[78.47793322036894,13.050136078962046],[78.47847039134929,13.05458364929017],[78.48733715127577,13.052403484621232],[78.4980367501646,13.06124660053505],[78.5142270155634,13.061902017722003],[78.51565264281761,13.06555689451898],[78.51509637455266,13.07001238809025],[78.51074146063284,13.07807966782071],[78.50859305069767,13.079070351186491],[78.5094463747591,13.091541359525817],[78.5160476769638,13.09659777133305],[78.52336584734165,13.094739776505236],[78.52282410124155,13.0977689078185],[78.52445801367418,13.101247213915947],[78.53243909581595,13.10571962463349],[78.53848169891451,13.10577614602592],[78.53742736782512,13.108655696147581],[78.52680962971314,13.112265206743674],[78.5252425896669,13.114492445537875],[78.52259516828636,13.11500758223187],[78.5230095251943,13.118458220042713],[78.51850443182364,13.119869124467154],[78.51890408510701,13.125153670178218],[78.51702142288401,13.131636065946884],[78.52148446970949,13.131855313601537],[78.5215406233979,13.130170857520424],[78.52331464426875,13.130497618616362],[78.52605758620844,13.134112202600134],[78.52664471250174,13.13898587557209],[78.53123180049826,13.141419276338203],[78.54462153925273,13.14204888382306],[78.54833430327145,13.148584210757772],[78.54084731968878,13.153526519351484],[78.541373298559,13.155781722843752],[78.55008991766212,13.16423408158748],[78.56818106132124,13.161807348635957],[78.56870693598685,13.165665464697744],[78.57335020462129,13.168940364483172],[78.57646968529376,13.167161449911664],[78.57720420626056,13.168180434497202],[78.57974123008262,13.167406613708806],[78.57645433128894,13.174592156698637],[78.57603597687795,13.186736584244716],[78.56727250434454,13.193309515394166],[78.56644100305631,13.191869364220219],[78.5557943086495,13.188687801287744],[78.54973546490888,13.189738806071064],[78.5500372368606,13.200226090161088],[78.56050533540916,13.198816302490387],[78.56776966076889,13.201562186744829],[78.57109481970879,13.212084101277577],[78.57623891797876,13.211555410412767],[78.57867890219053,13.213036601090268],[78.57944099425002,13.215672128334125],[78.5764176530759,13.219054052690677],[78.5663785117536,13.22089929253687],[78.56870409012406,13.237445664263134],[78.5719200058406,13.24263563904023],[78.5704778459919,13.242635315501893],[78.57011627858162,13.247145254661731],[78.57903682333908,13.253703461441706],[78.58527308434829,13.262246373091928],[78.58516177140649,13.265735374351928],[78.58761549355394,13.271294711183646],[78.58734178497168,13.280686091190056],[78.57862565814533,13.28039528781792],[78.57631301641328,13.285031780738704],[78.57752914037356,13.295327329419331],[78.57147317034354,13.303411328699195],[78.56951522301154,13.309268078932085],[78.565527418209,13.31204657781157],[78.5631837872946,13.309429230194025],[78.5648964676046,13.306957530415929],[78.56478876858519,13.29477760512644],[78.56161566837169,13.288558032215544],[78.55780945171566,13.286392188811588],[78.55636589678329,13.28387897067962],[78.55357443953008,13.283349388368219],[78.54530884297155,13.287934060501795],[78.53930101006436,13.287913948035623],[78.53636735758649,13.272456392400265],[78.53215685413682,13.266981779519154],[78.52664723407271,13.268462017573292],[78.52648905781918,13.271661724513274],[78.52193905587082,13.273047333676509],[78.52162395292028,13.276206295207901],[78.51977329048437,13.27715459667232],[78.51990925858743,13.282813000353567],[78.51333285947904,13.28527772827639],[78.51397640446375,13.290629038075227],[78.50482572750018,13.291411137686868],[78.4987635240604,13.299604474628168],[78.4967145118131,13.298656559897305],[78.47928930005388,13.301333997787067],[78.48121923162711,13.31022392558663],[78.48361090174798,13.31308372745264],[78.48338119893657,13.321214481345008],[78.47687719595523,13.32268111018378],[78.47013366169497,13.319877086685949],[78.46945885354174,13.317129533761126],[78.46664306991062,13.315164586266592],[78.45769910876867,13.313879501818205],[78.45261244428642,13.31012089242343],[78.4441855902529,13.308154754226091],[78.4399941212058,13.321852113248285],[78.44121788354093,13.324938565116586],[78.44036500863714,13.32847294547256],[78.42792794581793,13.331336452930223],[78.42173850500129,13.328309584005222],[78.41885741025577,13.320618034076588],[78.40108482087449,13.315513307732639],[78.39924856651741,13.320733377750086],[78.39214182901473,13.325339132887228],[78.38711460066494,13.331835804262552],[78.37712913008761,13.33201465250378],[78.37823215076371,13.337230044058822],[78.38300906086462,13.343629472694516],[78.38766593897562,13.342842973040236],[78.38840424005312,13.33914155810297],[78.38485035477048,13.334929590872045],[78.39440375905238,13.33386259348681],[78.40347281778416,13.336108005706821],[78.40727133767487,13.337567368851555],[78.40838001144905,13.345729272575015],[78.39318639451868,13.350783292556796],[78.3948389919092,13.354371590211324],[78.3776182636581,13.363189449352452],[78.37608585546269,13.361169272475205],[78.37081470936047,13.361557834354587],[78.36965166415536,13.358303834890837],[78.36579296163221,13.35869685708471],[78.3650589023995,13.361842316465713],[78.3690372218909,13.373231356996753],[78.37234671870385,13.378505581955045],[78.3787609898698,13.383688194798564],[78.38165752485844,13.39702606407954],[78.38104368716017,13.40886231903239],[78.37920168448358,13.414868577560352],[78.38073448164948,13.418908886863793],[78.37742421767528,13.424070015895296],[78.37748883259533,13.43192015750192],[78.37558654847162,13.437420210804294],[78.37638530167617,13.439494607019865],[78.37895708311316,13.440113767493077],[78.37834299658158,13.443760893259302],[78.37571114569982,13.44392809495191],[78.37282978056137,13.452180399155704],[78.37454732255368,13.461991956368099],[78.37234006128931,13.463392912987462],[78.37080681227079,13.469566307789647],[78.3787725044751,13.482080507254956],[78.37710245731019,13.50126705025159],[78.37801284954499,13.503270532071154],[78.3744150626961,13.50908220347691],[78.38329670321527,13.515612443336794],[78.38416970487297,13.517804239284546],[78.3823547522662,13.525098268866069],[78.39415711311638,13.541118368225261],[78.39384846995107,13.552339547365085],[78.40665651632138,13.57689569426652],[78.40182897178113,13.578640597885476],[78.40224109637562,13.587299309632698],[78.39678950837718,13.588013801701758],[78.39327389132565,13.591407939454491],[78.38691196499136,13.591015068182084],[78.38517484691235,13.592172031009715],[78.36516059348628,13.588154219876653],[78.35057519798697,13.586910242962027],[78.34777751540884,13.587866411164276],[78.34655132762244,13.590540234275158],[78.32615664935163,13.59487814863075],[78.31494432264128,13.591459048069911],[78.27846044483105,13.588423758902717],[78.27701480490894,13.587361170525723],[78.27678801533399,13.588341738529975],[78.27185844822864,13.58824929683649],[78.25947484954186,13.582535980257175],[78.25927038849163,13.584958158186573],[78.25000898428779,13.590507622534714],[78.24369113019965,13.59756912484551],[78.24230059653031,13.596628425920285],[78.23603316128579,13.599311414941605],[78.23413436621863,13.597560289578324],[78.23497381849543,13.59184651900055],[78.23267268777542,13.5868923777874],[78.22556286905129,13.588392242699666],[78.21963046228863,13.59325807863026],[78.21631502491671,13.591272236522686],[78.21406657769317,13.58327137423693],[78.20782952796313,13.577033776196883],[78.20290858198955,13.568824691987317],[78.19295901887074,13.564887992574484],[78.19107399318023,13.567589161049858],[78.18959258593677,13.575253465721094],[78.19024313239082,13.590177502301394],[78.1989954307804,13.599278896960236],[78.20332175491795,13.606550144532104],[78.2037533325299,13.618316760779926],[78.20231003810899,13.619467719763376],[78.20418442235665,13.628462172566532],[78.19562901221946,13.628464630997545],[78.18915953957935,13.630558159933361],[78.17504300716618,13.630652726606241],[78.16821212521926,13.632892405343135],[78.16705302271993,13.642828861646565],[78.16905555074456,13.653983482435722],[78.16756687972371,13.655865469317408],[78.15611529572062,13.658657149454644],[78.14649302748738,13.656753046786086],[78.13389987699765,13.659543782403935],[78.1305350727093,13.659178228565088],[78.12555675942336,13.655887781178375],[78.11428183720571,13.657402728903044],[78.10845775918146,13.653149771857581],[78.10224014270597,13.6510998841635],[78.09892944933706,13.642839733605747],[78.08709825256628,13.643107123059998],[78.08688509582409,13.651209032899772],[78.08973272113874,13.659139764709256],[78.07853904974195,13.66731332483958],[78.0770029243179,13.673393582055052],[78.06570685755513,13.676181114519283],[78.06729994065975,13.679741337439747],[78.07123017423234,13.682415751145005],[78.07357572125326,13.687766840455184],[78.07087945757237,13.688497435512016],[78.06959972570348,13.690844693163248],[78.06906668966838,13.697848753004159],[78.07266804372728,13.698523069794613],[78.08012727835079,13.696677379334913],[78.08587466540261,13.692233469516015],[78.09209345867113,13.69260006389541],[78.09240853377389,13.691214664786516],[78.11321000513794,13.692775442099512],[78.11470025360043,13.703458598693398],[78.12078997603064,13.715657850380033],[78.11584461833921,13.722571627194187],[78.11100253815935,13.725842512236582],[78.10431928265129,13.736583921419347],[78.09831564307986,13.73783400670598],[78.09151427438327,13.742316517518606],[78.09987232914412,13.758498540195125],[78.11379307463942,13.763470966603698],[78.11918379279419,13.772545938520132],[78.1221474166632,13.781358617790593],[78.12639210370439,13.786415754780387],[78.12267891837577,13.798816572327743],[78.11909504193906,13.803661115556427],[78.11374456381746,13.807506750265807],[78.11477976707951,13.812028643178266],[78.12539316543032,13.831647932421935],[78.12219291902728,13.83898798270059],[78.12362642540488,13.845392071200344],[78.11653589620485,13.851913108001291],[78.11680389060356,13.858863721086234],[78.11476853903677,13.862926418098818],[78.1018451795267,13.861736797840422],[78.09399542389295,13.864845060138997],[78.08992964442547,13.864735992689255],[78.08189872644667,13.861279206423543],[78.08260759152896,13.864328001636997],[78.08053012604331,13.86757693896812],[78.08089446116298,13.873189906359961],[78.07899171440688,13.881193098661123],[78.06429409327745,13.886676038620674],[78.06182082558605,13.888458901827793],[78.06223905153796,13.890842223235127],[78.0606427596511,13.891998708443646],[78.04885893014695,13.896130252111975],[78.05082686674491,13.876024821473859],[78.05010196942976,13.871903046432594],[78.04624146039458,13.866383792076713],[78.04617351541977,13.862171838001236],[78.04132211881212,13.860303714602948],[78.03184309234081,13.864290648594098],[78.02122320905195,13.863865940349354],[78.01671286053687,13.864993733214238],[78.01157052835477,13.871982587683267],[78.00047776201887,13.872966750660165],[77.99831667236343,13.869118931114622],[77.99205811696552,13.868855285640633],[77.98950633921325,13.862638013975676],[77.9888405519421,13.85381227708841],[77.98721722076522,13.854111272611805],[77.98297265230168,13.847311689280009],[77.97609651862062,13.829531357342233],[77.96053403097669,13.829491870357772],[77.95297639040535,13.827392839074239],[77.95241340364039,13.829121900129483],[77.95613488670723,13.831263665664611],[77.95624449464665,13.835969330568782],[77.95367393042683,13.838600327201995],[77.9547898248593,13.842278636253887],[77.95352000140797,13.84833931668699],[77.95415138500033,13.855203828896357],[77.94905929828704,13.870742442251775],[77.94811890322005,13.880883840488146],[77.94907363180573,13.886487394608611],[77.95157674063253,13.887919248701467],[77.95217427839997,13.89026454049975],[77.98438404305527,13.89763255627713],[77.98661184429861,13.903041069311005],[77.98309213362435,13.904904516296835],[77.98375421444663,13.915795510100121],[77.982734965264,13.922651574259017],[77.98024360280785,13.927894897299248],[77.9875211486736,13.955535634869172],[77.97203088288357,13.960156182806225],[77.96742663616678,13.96019406610718],[77.96421343066744,13.955599208250622],[77.96194582148058,13.955003464074984],[77.95885812769443,13.938866470101622],[77.95706202803052,13.936544190654276],[77.95450404471627,13.938578641835068],[77.94619856385742,13.935382222607844],[77.93712898500104,13.918698970028025],[77.9267624248257,13.90536506572061],[77.91541454413563,13.907893289667378],[77.90539502112081,13.916476581336909],[77.89967664695773,13.916626281570629],[77.89581385171013,13.920400126304957],[77.89534705385084,13.925669552306587],[77.8989055367111,13.930681075052522],[77.89569088492416,13.941080004213147],[77.86860443242145,13.936050554717045],[77.85484380264235,13.938214310527385],[77.83882200190207,13.935926433028813],[77.83079707658459,13.94042520655041],[77.8265856209207,13.94476277717894],[77.81484067948517,13.93196614698474],[77.81348950011015,13.914661761405117],[77.81702567959853,13.908349345072217],[77.81617330775128,13.903022532376855],[77.81998389650784,13.899822319207754],[77.82682153288738,13.899245400080845],[77.83195260828062,13.895707886018235],[77.8355356304195,13.881007526888464],[77.82812592440915,13.876581799472818],[77.8273260905313,13.87448019524464],[77.83706854346808,13.869779997044969],[77.83022805134426,13.865623106036],[77.82224459136192,13.864780828638432],[77.82019121959054,13.863248331524897],[77.81485016749123,13.857814893341601],[77.81202639244732,13.849015204647323],[77.80808065125798,13.850631988677387],[77.79300299335605,13.848982196192908],[77.78226520349119,13.84412004807057],[77.78219783792971,13.838981657225057],[77.78425769823241,13.834431589601323],[77.7890828900849,13.830510699403732],[77.78875255350377,13.823202974283852],[77.78153071755868,13.818333011438742],[77.7635045903666,13.817258694911164],[77.74792505988509,13.810426136441329],[77.74513642424014,13.810169857690754],[77.74072126211088,13.812463108974695],[77.73157196316296,13.807613419399779],[77.72928980486174,13.802250055439279],[77.71930533231267,13.800315120156196],[77.72227516354032,13.793979861292659],[77.72193229546099,13.790037485818367],[77.71950856806089,13.788131267347358],[77.71867930447603,13.784136585187635],[77.71973454376219,13.775043552806878],[77.72221957129894,13.768891992309843],[77.71998937784198,13.765134722506827],[77.72009682712974,13.756013002417967],[77.71835217128721,13.751765561061262],[77.71735858966723,13.741115207691573],[77.71514053424636,13.743800435526085],[77.70845464308124,13.74105950410237],[77.7032909893859,13.769829257156402],[77.69518148498942,13.770739877512877],[77.6796164883509,13.762220214585913],[77.67171492777302,13.760521657077161],[77.67760357669992,13.76673143084222],[77.67987054269301,13.772375705708098],[77.68145610061056,13.779636908115872],[77.68007524359345,13.786818219419796],[77.66984197184667,13.7839548803201],[77.66134353016986,13.785420311553423],[77.6512910434757,13.784115305403597],[77.64599163817124,13.778805613708778],[77.62106976887206,13.768479486571254],[77.61750018103827,13.761972069842495],[77.6188412507731,13.755003243765008],[77.62520317261583,13.753023943652792],[77.6296416675863,13.754244249881827],[77.64223090591298,13.74684308481269],[77.64142561836303,13.741989540089126],[77.63696892172831,13.739454425966436],[77.63358490247602,13.73962173243102],[77.62771372039154,13.734641554997241],[77.62442683686922,13.73526970016795],[77.6136035848815,13.75195679927564],[77.59996983854303,13.750800792916205],[77.59602197193972,13.748233364865849],[77.58684296121376,13.733535343760806],[77.58054629568824,13.73512498377899],[77.57712003136307,13.738351049009514],[77.5716788323809,13.738245914607178],[77.56484470212592,13.726218483253216],[77.56056514068878,13.722448274756717],[77.5589006567904,13.723573109576156],[77.55375152166667,13.736582568856155],[77.54928440547295,13.740680144995308],[77.5492955221246,13.74890971917435],[77.54744012466877,13.752942083534764],[77.54121613105309,13.75597682042515],[77.52726385558964,13.75385184646231],[77.52519760467202,13.753028473112519],[77.52195142381522,13.744601612927731],[77.52710284065978,13.741562322843631],[77.53663513093923,13.730643002129428],[77.53436545742383,13.707042537120582],[77.52833457374643,13.693053018745399],[77.52523108308603,13.691045256179557],[77.52125395476065,13.692168794300045],[77.5196297144887,13.696307740104428],[77.51236785500444,13.697289641361428],[77.51450880263455,13.705059261782822],[77.51416669902153,13.71325283601668],[77.48503841899712,13.71482457034979],[77.48651915699571,13.704141875540396],[77.48826779866314,13.704192523373846],[77.48788444710723,13.699809322429694],[77.49121504624452,13.695231638764254],[77.49211297615139,13.689851631620245],[77.48782684982616,13.689210837681458],[77.48787825142671,13.686704191010078],[77.4742417903795,13.68615709588797],[77.45533255278778,13.682304121462154],[77.45608803684003,13.690758925681454],[77.45466172237462,13.691080730753413],[77.45459094321505,13.695682657097393],[77.4530002747819,13.696055921060289],[77.45249999940691,13.704093332750281],[77.4507351961492,13.704874763017738],[77.45007316563259,13.71094230266499],[77.45858639088404,13.710933225537623],[77.46166254311541,13.709691755540192],[77.46507486019746,13.710918185135625],[77.46335694360769,13.722963404926718],[77.46464313705843,13.734172034074549],[77.46667035078708,13.740007230308379],[77.46764843557013,13.753210196779651],[77.47055076738727,13.75806231441435],[77.46514825884437,13.75872320249398],[77.46378721956079,13.771536655200258],[77.46043541299625,13.78050503036657],[77.4613844687209,13.788435036505494],[77.45648738200127,13.78876016402192],[77.46087185318885,13.803045998050475],[77.46463139068779,13.803225510612378],[77.46459094494044,13.806117842624742],[77.46422726020101,13.80796346867139],[77.45746520717118,13.807263622586236],[77.45478861659502,13.809894643478952],[77.4525085621482,13.809244528901823],[77.44533206687045,13.811063371062616],[77.44058616661313,13.806608593646642],[77.4370274852252,13.79674396443292],[77.43015613237812,13.79689916466973],[77.422568302125,13.799133150809729],[77.4254916527232,13.80326319013106],[77.42827552819541,13.803515727892876],[77.42865085510093,13.80684635700056],[77.4196662667519,13.809636364720786],[77.41850500739758,13.806278798570549],[77.4161142643381,13.806722100746343],[77.41642909150583,13.80879631233037],[77.42363690115607,13.823776485907372],[77.4273700299823,13.828380839647643],[77.42740515051666,13.832243366787221],[77.43131893503806,13.836689695494606],[77.43252100395742,13.843257185007403],[77.42916812929603,13.844844168809361],[77.42683167053083,13.841156932936974],[77.41970000567731,13.841646257289074],[77.4155438305394,13.839767489830509],[77.39938226631398,13.841093030696271],[77.3881341354514,13.839078120708281],[77.3818996809542,13.839403695680865],[77.379402215344,13.840876935400287],[77.38118764122572,13.84732588532934],[77.37689546564538,13.850728906973316],[77.37364394610086,13.852667608916343],[77.36243252399403,13.854286800919155],[77.35732160679574,13.851338169064244],[77.3532843829745,13.845557602670016],[77.34555177484032,13.841136846337132],[77.33684427453564,13.83278845964983],[77.3253837666685,13.833278919843577],[77.32468862155557,13.839926557680243],[77.32307156241599,13.840039639462026],[77.32514530079149,13.845422061429787],[77.3216529950216,13.847057192938752],[77.32145205806219,13.855960118421562],[77.31907425433606,13.85725656815432],[77.31646403578468,13.863307203231146],[77.31149798809564,13.866623645027845],[77.31055258581927,13.862921492201778],[77.30358259256408,13.86207436891887],[77.29638712846078,13.857046620993355],[77.29492075093032,13.857443870989957],[77.29016001769104,13.848286154994785],[77.28828717764738,13.847517272864971],[77.28027498415237,13.851088841389068],[77.26834800631104,13.84786159541642],[77.25669795391896,13.84656357561685],[77.25615414169374,13.851710710057825],[77.25911782664818,13.86317748608465],[77.246363972944,13.867954600351021],[77.24868406799797,13.87356212013594],[77.24472488980861,13.883312045998231],[77.24778516611399,13.888363030055915],[77.24827302587343,13.901251614377225],[77.24514196501863,13.903051792270105],[77.23647146721882,13.901058274278094],[77.23562634567422,13.90417695378639],[77.23065279256097,13.903374582144565],[77.22989349605866,13.891652103844825],[77.22666506321693,13.882203670017224],[77.22483813876237,13.882959078839],[77.22401865693263,13.8812602514461],[77.2198546574686,13.867758349212021],[77.21540962006793,13.867954282023579],[77.2170347200276,13.883780052701713],[77.21555537980763,13.88621192977452],[77.21313141435398,13.886230858737594],[77.2102027681872,13.884984548125868],[77.20991349180107,13.878110891960171],[77.20043513277804,13.863078364703377],[77.18139384283957,13.869884676219055],[77.18568337018647,13.876206123948926],[77.18584479025648,13.892366865820868],[77.19084170855025,13.911906776924644],[77.18808953911599,13.913950153255264],[77.18471507344677,13.925226410980235],[77.169927333328,13.920651397949975],[77.16193965665377,13.906665670642326],[77.16205078274598,13.899096850122891],[77.16876186895989,13.889614158879649],[77.16876033014579,13.880557211761422],[77.17136280971101,13.871151893290891],[77.1685846708802,13.864531858145973],[77.14764547071509,13.868520333829967],[77.13604410970635,13.856558504754162],[77.12820421487947,13.85649990607147],[77.13217240586609,13.846245644264991],[77.14520137401591,13.846236096165171],[77.15601927114623,13.844395748642679],[77.15368240185096,13.834178008117677],[77.16548952736538,13.833155160050001],[77.1686892958647,13.829661245041395],[77.1677258365528,13.821251093089266],[77.16265657333594,13.81688624704393],[77.15952576850098,13.81690021989051],[77.16278998393541,13.812416680517464],[77.1625813052949,13.808701875860699],[77.15752189120681,13.80607231405369],[77.1621043915072,13.804797314172347],[77.16285719947822,13.798497318667222],[77.16515939290521,13.7945109560659],[77.17559358095014,13.783644875197725],[77.1785110305152,13.782726946019958],[77.1730554126744,13.762052289942131],[77.15785377019527,13.764029492934398],[77.15111758235739,13.766249169296191],[77.1408763811816,13.765079402431999],[77.1398312362643,13.761143160067343],[77.13684435231767,13.758341287538862],[77.12233153710005,13.761337670456172],[77.1178836798877,13.764541687272233],[77.10596401702773,13.767803803068364],[77.09044745754929,13.767182754030024],[77.09022623034261,13.762401313367405],[77.08547331424292,13.762377940161398],[77.08383763123088,13.756678836643564],[77.08396902421423,13.745813815705072],[77.08563854586471,13.742478869937747],[77.07589307548687,13.742879175465115],[77.06978538405606,13.74525949367032],[77.06470490986446,13.743875318085939],[77.05991847582489,13.749369492709988],[77.06020414906837,13.752872702751882],[77.05749949602108,13.75300751683472],[77.05897774838127,13.757206349760985],[77.058042925564,13.76034246419749],[77.05184169885085,13.764222672077729],[77.04861252489904,13.770227762188291],[77.04406265769795,13.770886056870594],[77.0433759217144,13.777836460398103],[77.0244779885222,13.779266324834127],[77.02388181170244,13.767945300657605],[77.01735878240336,13.756142619538206],[77.01868906247333,13.748717358083347],[77.01658219423014,13.74590541900046],[77.01650701602064,13.738552514742112],[76.99850866833039,13.745616785471887],[76.99687362132555,13.74779131468337],[76.99839482483442,13.755093551215108],[76.9945091162589,13.760034957235579],[76.99291014110432,13.770796049547585],[76.98520727169759,13.790837859231079],[76.98919500553323,13.794668417316132],[76.99169596828484,13.80271152985914],[76.98974951849011,13.812980129256758],[76.97641451588258,13.81736042923014],[76.9780280051172,13.826908926052406],[76.98289875413101,13.82894055654889],[76.98890474818685,13.835301004623812],[76.99223771618152,13.849049549308964],[76.99680185312087,13.848990576302505],[77.00654681415396,13.85209940427754],[77.01422999518456,13.860350719594338],[77.0131931300392,13.871557930143599],[77.01847973614751,13.872577200946708],[77.01625846565626,13.884448209488387],[77.02032274134399,13.88847212476558],[77.02063557425178,13.892394991667029],[77.02325228941932,13.895970841705216],[77.0230365922415,13.902636598790846],[77.03222787844581,13.9052208996945],[77.0472997970114,13.906640868790415],[77.0442250614232,13.914797019773163],[77.04166447658793,13.933474045173654],[77.03705016873994,13.936992823973604],[77.02438037758341,13.939992999615072],[77.01422161480127,13.954910875209169],[77.00628040258677,13.956497774738173],[76.99377430783122,13.962604779017672],[76.99618791930288,13.976802883487096],[77.00033879797388,13.989457866557565],[76.9995014217037,13.990379189185466],[76.99638017224844,13.990545597512245],[76.98198344631501,14.001672361322655],[76.96539515268519,14.011535218203628],[76.95587034088048,14.012799299298381],[76.94995133069362,14.015133016051303],[76.94378861475671,14.023341592474335],[76.94347574950959,14.029781508416912],[76.94016611525437,14.029542858665543],[76.93503366364212,14.032843112949715],[76.93114482623443,14.03024094369827],[76.93440714173204,14.044683502353877],[76.93239522361775,14.053964618748038],[76.95032276789395,14.053602407460922],[76.95861073160476,14.057084203811177],[76.97174957090036,14.058055665122732],[76.97646562912394,14.065316358427564],[76.97758030005095,14.07132821940321],[76.97526667017209,14.074040653687506],[76.974977974996,14.080946044499575],[76.97345587946003,14.083558720334631],[76.9594211278737,14.091671205659697],[76.94841111973167,14.092090410727604],[76.95353913366644,14.099694557616882],[76.9510412054239,14.107147437542435],[76.94685261368062,14.113019006132088],[76.94570124747254,14.11825254292386],[76.94427109450595,14.120783619210426],[76.93659455651685,14.124319605963365],[76.9358779560417,14.128884160087788],[76.93113201086858,14.131063470319006],[76.92499286582644,14.13714744163007],[76.91758184198754,14.128878742465456],[76.91285383167912,14.128852357362252],[76.90481084932607,14.133679829045105],[76.88952906454719,14.135660395707832],[76.885926316303,14.138277165000476],[76.89052982460461,14.142863828688366],[76.89454694592644,14.16784994484616],[76.89838645324862,14.167592052077095],[76.89967421785278,14.16926850443787],[76.90055406197804,14.167609906543],[76.90967360962208,14.168002095615524],[76.91976047394384,14.16449823054758],[76.92193365851625,14.169459838128798],[76.94238322744421,14.173368862255847],[76.9420935414263,14.180712511659342],[76.9446798926389,14.18660472675803],[76.94249032459236,14.191128918050813],[76.94271852362398,14.19544016085386],[76.94757851531227,14.19821349927798],[76.95115271150347,14.192699110895985],[76.95736728628343,14.188150976457457],[76.9597744137154,14.183988023114797],[76.9590374080085,14.182655135330208],[76.9606165815993,14.18180949579378],[76.97065864424287,14.18244755676732],[76.98378362253366,14.178853975407245],[76.9964476204549,14.180312294431284],[77.00547179396523,14.184006613967108],[77.02334023807887,14.176725765340127],[77.02604599425737,14.174824390267622],[77.02041739233388,14.15720180120022],[77.02184158048702,14.151987416675949],[77.02022552566393,14.131334277245001],[77.02586648391416,14.129976488279956],[77.02622985963309,14.125055295868034],[77.02182221460613,14.12328638945746],[77.02406816541148,14.112644785745763],[77.0163671070084,14.104276345823047],[77.01468377915033,14.100041130081529],[77.0191258179746,14.096427873224755],[77.01843210567452,14.094669623329715],[77.02981086146087,14.088212124566532],[77.02889394835545,14.077849369118557],[77.02556096598772,14.066161351940513],[77.02780331993868,14.06218091381123],[77.03164328629992,14.056890607663325],[77.03487950573854,14.056132655509574],[77.0457164480512,14.056728550508893],[77.06742447225055,14.052057685825915],[77.07613177492587,14.053311554309593],[77.07532375380254,14.043522858791722],[77.07893003062917,14.042678520700306],[77.09512695973072,14.042482453953848],[77.10238038493277,14.04528071081441],[77.12740982030068,14.047053627220642],[77.13184442556594,14.043957972711445],[77.13640310434167,14.022943700560043],[77.14036950318928,14.01799501206736],[77.14173922199514,14.013236233855235],[77.14108137493281,14.003895103624533],[77.14922966229504,14.001202687380577],[77.15738629410794,14.000986639729465],[77.15872862328081,14.002076826408926],[77.15965412517868,14.001108375585327],[77.17283917291417,14.001123241188045],[77.17095366662495,14.012039805050795],[77.17400866892132,14.013024400291869],[77.20467498328972,14.008289692000758],[77.20998009738784,14.01107627016219],[77.2157284869595,14.010916124260355],[77.2198256760209,14.013612530908519],[77.24535995110375,14.011983676661899],[77.2481724199515,14.017608670443675],[77.25679327235714,14.02242186799472],[77.26059611583928,14.02889539821276],[77.26312683797963,14.02876539153036],[77.27036362189105,14.034521613145468],[77.27732996978281,14.03469182320754],[77.27686817374303,14.032007200483646],[77.27876581537339,14.032450923240686],[77.27931467343554,14.026060991449334],[77.27500299453207,14.011322973424223],[77.28188508224682,14.012952811145281],[77.29209319487741,14.020052005263839],[77.29827663854118,14.021644893550151],[77.2985059658568,14.023650297981993],[77.30136136339533,14.025345868251794],[77.30142238954585,14.027448856631798],[77.30658070185852,14.032041980699796],[77.31081107873722,14.032565842904985],[77.32223562614519,14.030033425901864],[77.32152597054548,14.026414959760427],[77.32268856659292,14.023048282376346],[77.33686030227692,14.004508051565463],[77.33622482236684,13.995406902809895],[77.34818286844227,13.994511837934873],[77.36109510141924,13.990851254431565],[77.35934256735165,13.98387352974926],[77.35595548394593,13.97911903724306],[77.35212882073569,13.968791105868018],[77.35385680923646,13.96283426882232],[77.34949165901399,13.958179765177512],[77.37128992796679,13.95279099464073],[77.36745647798459,13.94972242272076],[77.3641900616777,13.942902747478781],[77.35521007449958,13.930799569744797],[77.34784197755488,13.91600377437425],[77.35015956630922,13.913449807286913],[77.35293614386808,13.913940644565239],[77.35444816479809,13.904150967500165],[77.35763582310908,13.903414621615406],[77.36849403842595,13.902990468133735],[77.38717104894033,13.906287052116099],[77.39797509404896,13.90662412407271],[77.40004012774936,13.896905529005924],[77.3987447714827,13.888166176156766],[77.40002151196171,13.888328792370194],[77.40546662849687,13.889489690483883],[77.4105702675447,13.89635409708293],[77.42050812920863,13.899371506104409],[77.42283120846596,13.902864653585072],[77.42841145767095,13.905968408241787],[77.42835322797592,13.909122265948353],[77.43227563991735,13.910577300905782],[77.43504346069881,13.915046397522355],[77.43490366846756,13.919708530161307],[77.41588089190876,13.924236681439393],[77.41488735340788,13.93666847156283],[77.41208858207163,13.945598336353628],[77.43072001566172,13.94512393947625],[77.43536633946641,13.947554264829401],[77.437586582285,13.955547186217174],[77.43531126465467,13.95770146501389],[77.43475306231691,13.964421653424473],[77.43788420042682,13.975560740145298],[77.43402124977071,13.980202872609024],[77.42766258162594,13.979716171321778],[77.4258915368736,13.986151862324878],[77.41026744276748,13.983930968183492],[77.3956943371196,13.983769752105053],[77.38164674950616,13.976273005627258],[77.37967781757487,13.989881146338652],[77.38765255132252,14.005748948173489],[77.39016184055848,14.016734981870377],[77.38491766727093,14.01606630959323],[77.3323076278406,14.030727018525221],[77.33509250852764,14.045440302872557],[77.34051020398869,14.060229652274062],[77.34593590074401,14.059710704453959],[77.35477771445501,14.062418672102345],[77.3605500207728,14.06259819666719],[77.36366576894528,14.073044002349416],[77.3736148200244,14.077043856464817],[77.37562414470243,14.079389301983632],[77.38127302429683,14.097877260675224],[77.38618551981853,14.097596911150406],[77.38881562168041,14.099517497356095],[77.39761462168502,14.109590324828416],[77.40092576510989,14.11875012094729],[77.4010338692695,14.120222493526796],[77.39724950233608,14.123215445510793],[77.39737013619728,14.125474994473768],[77.3906187255086,14.126677555934931],[77.38210734988832,14.12353702432318],[77.37566605290709,14.118715091700487],[77.361686633949,14.115370428511259],[77.35355597602421,14.109729793984139],[77.3497875299326,14.103163027363038],[77.34747239088405,14.103673476004849],[77.35148980236173,14.12040386394926],[77.35137527345121,14.130017076256001],[77.35172094696917,14.131141956692357],[77.36057437679513,14.13086656302319],[77.37894947881384,14.135878913799132],[77.38335383690523,14.144162455254984],[77.38507242004493,14.153300075075192],[77.38805033521179,14.15367053711563],[77.38925484126048,14.15968553170335],[77.39488209930431,14.160805896323843],[77.39474388900629,14.168737005729275],[77.39162710956785,14.1728586884469],[77.39372539979838,14.174282095880384],[77.40785655049618,14.173553111509763],[77.4203626677096,14.176985814666342],[77.42286844183786,14.176863307701575],[77.42270559524316,14.173406196377792],[77.43029626417255,14.17089200977593],[77.44585422520578,14.172130858769963],[77.45692307389722,14.170048654519983],[77.46709950294775,14.172069651017557],[77.4669151066677,14.166070772214356],[77.46809122954672,14.16492239252586],[77.4808373739091,14.164772688081325],[77.48813539238016,14.16170987719035],[77.49006249695522,14.162395940421588],[77.49961868331953,14.159836942349687],[77.50351051481202,14.157154636558023],[77.51065331248687,14.173083638593688],[77.51434301315896,14.17668264164124],[77.51343922623647,14.17788429634139],[77.51520146839732,14.182973662758636],[77.5170357590372,14.182847986217942],[77.51707668717985,14.184438734584955],[77.51579232180072,14.187176719554008],[77.50465341350024,14.194013167562623],[77.50133555247368,14.204803066473978],[77.50328729154879,14.210574993761778],[77.49449078347078,14.224276347532077],[77.49592642155052,14.232030460724099],[77.49279410485096,14.231042315351466],[77.49373099918327,14.23304828966764],[77.4923791254105,14.234879180960837],[77.4966102847218,14.23718186600927],[77.50330138970884,14.2591015622754],[77.50221126524694,14.261437356618204],[77.50386878091363,14.263783632549707],[77.49828785617555,14.278883664963605],[77.49275931669327,14.278185948267597],[77.49076840388528,14.281336672794543],[77.48713100402732,14.281758582850596],[77.48426602775291,14.289040149630743],[77.48182052608864,14.291644192401765],[77.47893367583707,14.292196821861024],[77.46606593282287,14.283127559517569],[77.45965634008294,14.280540386206638],[77.45028681644818,14.280742300483626],[77.45063501243547,14.282825439479952],[77.44813264202381,14.282645502336338],[77.44518925719815,14.29526364815623],[77.44669415808126,14.306633193307364],[77.44622937424482,14.317501661811933],[77.43806289689641,14.316414815218065],[77.43153651508473,14.312891475491417],[77.42830880269187,14.32418988988677],[77.4284071807919,14.328677280339214],[77.4230909527371,14.328212913708695],[77.41214008428348,14.33654790594068],[77.40776942649003,14.337633057064433],[77.39281209163218,14.335867459225346],[77.37904617167442,14.322753600792119],[77.37708113304153,14.304830967969645],[77.37782726114011,14.301428027542215],[77.38241052051694,14.299046420138584],[77.38514446672734,14.292715138819469],[77.38664553449912,14.281706562124954],[77.3887816950071,14.280879486165293],[77.38929127243684,14.277408806537341],[77.3873725778895,14.270901391603076],[77.39579158244405,14.266151405599333],[77.40539234500939,14.266724356745657],[77.40694374269155,14.259724132431739],[77.40883876303792,14.25988660724203],[77.4096766073304,14.231953596633298],[77.41148354067661,14.232418862827767],[77.41213135894715,14.227723337233217],[77.41769960576161,14.225878729082828],[77.41939693206679,14.211661241456016],[77.41414085610172,14.204795015473918],[77.40950576572966,14.205575510048394],[77.4007735635513,14.203249152842107],[77.39199508106779,14.198938614306625],[77.38709895105394,14.200055050730326],[77.3866775890834,14.203557377853116],[77.3832313336499,14.207480099990269],[77.38420936543235,14.220987797222904],[77.3791784243455,14.226519282497955],[77.36637797772246,14.232886456425238],[77.35949347264129,14.23404287668137],[77.36013207958689,14.245349770410874],[77.36383463694735,14.25472731403267],[77.36186911681747,14.2687906286475],[77.36382868291365,14.275863106734917],[77.33907042647212,14.276931426004477],[77.33016368612562,14.279898808324505],[77.31426947490178,14.280541279398081],[77.3053529662749,14.283471630746662],[77.28934366469346,14.281337718329722],[77.28354612739429,14.282772595462196],[77.28290036446914,14.286102809011952],[77.28796145032196,14.298792928572755],[77.2888429733985,14.305510144774365],[77.2885516749047,14.327178938650322],[77.28745320239882,14.327192130943363],[77.28657666946373,14.340134386217954],[77.28484774671509,14.340133713455986],[77.28389401615772,14.337561966291123],[77.27713149959719,14.337572727995434],[77.26931955854533,14.332146430123393],[77.26358114835814,14.332835112109501],[77.2585949936781,14.330952707930047],[77.25828693262108,14.327517848996138],[77.25336532458913,14.325296679357255],[77.25387983197317,14.322268279319834],[77.24734597527998,14.317843333794691],[77.23821093529055,14.31739582555881],[77.23397059160379,14.3180575326342],[77.22867930527288,14.321232211409114],[77.21347661984969,14.318820441943597],[77.19743228576881,14.321211718725696],[77.184054874595,14.332508386073531],[77.18105557503281,14.330412224010091],[77.18103277489259,14.331944193005766],[77.17795669722136,14.334256597296676],[77.17868835076578,14.335519283631271],[77.16933033185482,14.335475892630807],[77.16692598740363,14.34211480342086],[77.15735449105193,14.342134242849854],[77.15266804669001,14.339179300610198],[77.13922182815868,14.340174491706998],[77.13571293948867,14.336907342118177],[77.13701048944121,14.3317962312606],[77.1363380267892,14.323060889510549],[77.13059991304607,14.306878203020972],[77.12539551446437,14.299914291471543],[77.11565467220692,14.292516231584164],[77.11553039118564,14.274272668477023],[77.11019740326259,14.268198660915015],[77.11169886449649,14.265401450846461],[77.11120332144641,14.261614414989587],[77.12049337472128,14.26296611204892],[77.11857067548438,14.25686074020547],[77.1153413506156,14.254564922570491],[77.11833013809232,14.244851587255008],[77.11565712820088,14.237616443262219],[77.11667688762657,14.226418093430398],[77.11487023724966,14.22317782150263],[77.1077686210424,14.219946170107422],[77.10081536340098,14.217175200991216],[77.08118325958495,14.214189599228327],[77.07590480658617,14.2233939189819],[77.06776848478354,14.228439839048088],[77.06181505205332,14.229495656883513],[77.0600816413215,14.232319641669568],[77.06029360330437,14.236233270747269],[77.0569518318199,14.240706215622916],[77.05773852514176,14.243838155432819],[77.05247477397093,14.245540217855696],[77.03606371076015,14.246781743082975],[77.03615403097206,14.244906707453643],[77.03055139485187,14.244226206361395],[77.03037101044788,14.242303341726277],[77.00849636044141,14.23803405280809],[77.00567604121645,14.23582281004444],[76.99894766243331,14.240903747599873],[76.991948925784,14.241444398675624],[76.98560911866693,14.247371875048074],[76.9762171128955,14.246164845444232],[76.96984539043302,14.243406155239565],[76.95984313752957,14.245000494302284],[76.95195193542524,14.24193911436398],[76.94647572819812,14.242220902525574],[76.94006892832044,14.244644952998348],[76.93581035871487,14.259402661531931],[76.92491106703326,14.273820940858334],[76.92819758404295,14.279338105542209],[76.93712730239609,14.280375426050652],[76.9387869165273,14.283050360271861],[76.94739764761466,14.286202259828555],[76.95673799846058,14.294383426449603],[76.94566364938466,14.313217839266779],[76.927218599148,14.314550950871123],[76.90788301393593,14.322991458308751],[76.90340262782881,14.322720591117834],[76.89229922094837,14.341299439873787],[76.88477208087589,14.347572231563136],[76.88483375291507,14.39574476586198],[76.89865039265213,14.397986017842246],[76.90461801157731,14.403955107811374],[76.91584566803792,14.420728211234525],[76.93155249338845,14.410936969576477],[76.9428437011639,14.399754052407108],[76.94689342234737,14.40656313113243],[76.9478088424528,14.413192250607437],[76.94480669972275,14.450931527319321],[76.94598044386287,14.452585215130947],[76.95681781826515,14.452016922888026],[76.95992895718192,14.450628551687469],[76.9683458129663,14.461823568421122],[76.96841667117762,14.46514056836816],[76.971682912313,14.468171483432414],[76.97545303555925,14.477899386151108],[76.97483029465822,14.485365120706206],[76.95001672804632,14.486792380597274],[76.94876342371474,14.489177899367576],[76.94340762397337,14.489516187020987],[76.92092295500694,14.490555373482215],[76.90070508135372,14.489243075385888],[76.8892717035065,14.483201983255427],[76.8865259345686,14.483563569758516],[76.88388212082224,14.479306765610751],[76.88429161964113,14.47711084230949],[76.86797879079992,14.4740735883859],[76.8651123960857,14.478262579965381],[76.8624818935752,14.492790995576605],[76.85921622825988,14.497495070586261],[76.85562038536527,14.509626296712378],[76.84925125184746,14.512617171091659],[76.84191655426501,14.519408228446203],[76.83551005442462,14.521332246682409],[76.8328412127161,14.529145080477946],[76.83102707937286,14.530396488712379],[76.82348033895917,14.52685642704025],[76.81942975539302,14.529973517353051],[76.8125634609593,14.531765764533446],[76.8063009646522,14.531099652773156],[76.80283657402975,14.542233347890837],[76.79788408191837,14.54919993271056],[76.79138219536782,14.554688162140502],[76.78338681923327,14.58047035319511],[76.78186267194522,14.596530144820402],[76.78034509583345,14.597076271997498],[76.78025400396871,14.593090565112343],[76.76905776159353,14.60091240463915],[76.7650152484919,14.602157763892087],[76.76694239438947,14.618304936831013],[76.77254807040856,14.63914436217348],[76.77529215680191,14.680993241147936],[76.78624076239933,14.695813258712601],[76.78653005315847,14.70846263935168],[76.80296546879829,14.74191666387698],[76.79417073219807,14.751298518183543],[76.7895516938218,14.760090336076793],[76.78900700304422,14.772311776439096],[76.78270952095005,14.785970067848332],[76.78398615363126,14.787000964880946],[76.78848567115897,14.78584710719207],[76.78865868937763,14.787003836354387],[76.79384879396655,14.785428867420524],[76.80298189898484,14.785633482570123],[76.81768452732366,14.787633971857922],[76.82035840947924,14.788912038445202],[76.81909755660432,14.793149029930397],[76.8324149558256,14.79294185619804],[76.83259543365435,14.79042057794755],[76.83677040783623,14.790806597961407],[76.83739044660487,14.81059570568022],[76.85147976096326,14.808635062892801],[76.853999412266,14.809475799719946],[76.85458566809179,14.818123872139939],[76.84603418628735,14.822079932693356],[76.84538575267086,14.825511764976431],[76.84673527285757,14.828295905025696],[76.84551950193519,14.834082594073598],[76.84181157803923,14.836583713145108],[76.8540865380688,14.843258645663477],[76.85543600794986,14.848809266468935],[76.85491300789312,14.858947180395973],[76.85721633679064,14.869137828197408],[76.8539038494861,14.869207562192235],[76.85341638049381,14.883241297170299],[76.85147191867084,14.883381156248172],[76.85249775789437,14.88700568639962],[76.84554808542923,14.887214867512107],[76.84550278338943,14.889324767602002],[76.84735639409617,14.89601361575008],[76.86386687026615,14.895612503617507],[76.86964518361827,14.937740177534371],[76.86611472460162,14.957560513568382],[76.86748299173001,14.969852122631869],[76.84196192098348,14.966435209500297],[76.8352991228094,14.960060605307028],[76.83413912648635,14.956485469638267],[76.82852801565978,14.956487357282153],[76.81830398398402,14.969468051054486],[76.796294683703,14.969198563726518],[76.7776324235256,14.975476892575315],[76.76656426563859,14.97564686173467],[76.76059489140535,14.98988752547283],[76.76788086436677,14.990127623978623],[76.76959125756606,14.991791748643902],[76.77240174562858,14.990865156462496],[76.77505305940926,14.993094349691901],[76.77876311770235,15.004593936340772],[76.78365846348696,15.004812937897144],[76.78714400584109,15.007959409399207],[76.79015610998934,15.020744227249141],[76.78574565143892,15.02770589115752],[76.78577420528852,15.037181729370428],[76.78345624014011,15.042643934965394],[76.78037334964576,15.042714930355283],[76.77665718640202,15.054706105038875],[76.77363256243366,15.059151150174552],[76.77526788162801,15.072283380768473],[76.77991674137674,15.076067684908862],[76.77672063081727,15.078429550809274],[76.77789661355908,15.079898717791696],[76.78217207688189,15.077357878632604],[76.78532327077883,15.08233451922276],[76.78605111726306,15.08784339298184],[76.79237662859069,15.087597302664857],[76.79394236518148,15.091877350715382],[76.80026181377927,15.09586072373544],[76.81164138882917,15.08641078611188],[76.82379144261007,15.080042350810592],[76.8360420025999,15.079263180808544],[76.85461886982472,15.065153315728407],[76.86145536175059,15.062004209281023],[76.8608927927022,15.05981697830487],[76.86413421518293,15.05805479161307],[76.86591055999543,15.059713407567232],[76.86521321850161,15.055253155074686],[76.86921806344675,15.053449857641205],[76.87786655252211,15.035487688155229],[76.87718764625455,15.030236680813172],[76.89500158239339,15.037100311932978],[76.90724421475085,15.032548510941115],[76.91839038682872,15.035551975339557],[76.92224889082416,15.03131249417688],[76.93588621066081,15.029438559248085],[76.94377272355936,15.030905063195023],[76.94962657804034,15.030401754920927],[76.96594218267575,15.018068303788162],[76.98524555969165,15.01521768836609],[76.98605653178069,15.02651515926904],[77.00305705690452,15.030941840792465],[77.00410157030615,15.03386159359774],[77.03597173315652,15.031305533592539],[77.04034634353724,15.033132900853996],[77.04958534645283,15.033104223281505],[77.05045314506842,15.024501139304572],[77.04414001611863,15.009871525318648],[77.04812501727916,15.00804279715677],[77.06904241173909,15.004791154628984],[77.08247333645268,15.006109268727117],[77.08476993517208,15.030737141207972],[77.09087515084597,15.029359991480485],[77.09367788465096,15.036165791568378],[77.11295122380037,15.034084721656061],[77.1152941082148,15.046425669691809],[77.11952559900442,15.045720940882948],[77.12083674675547,15.054026560719878],[77.12823532623271,15.072341269230085],[77.13014262924396,15.10079606581081],[77.1369798883311,15.102363930933299],[77.13696137944297,15.104275359132304],[77.14210568522373,15.104595928628857],[77.15019031347335,15.111635478926807],[77.15635039465154,15.122958808138518],[77.15730194679435,15.140496034486082],[77.14977020285599,15.13979193242599],[77.1490260941702,15.141445888333822],[77.137810160724,15.143561446105117],[77.13716368184157,15.147822627461304],[77.13474454483259,15.148319830786091],[77.1354285616158,15.149774804185538],[77.14077925623138,15.158613228727894],[77.16285474438256,15.157386326320731],[77.16488984172612,15.16823098907547],[77.16738364400659,15.16817639891789],[77.16744472585263,15.171271693119222],[77.1691569174791,15.171375305638623],[77.16621036160053,15.188366355079031],[77.16196897047813,15.20113693354876],[77.15933509748865,15.201024386784914],[77.15484186816794,15.214847707686037],[77.15168203517291,15.214726070011533],[77.15199776514748,15.21759789573965],[77.14721048130168,15.220831320792689],[77.14768085265916,15.223935635451488],[77.12514504529852,15.22696557206009],[77.12641174440932,15.240464757575603],[77.13253764738589,15.2397203395618],[77.13285419752235,15.24171762029923],[77.13624252419642,15.240985424011049],[77.14030142526377,15.247510292685323],[77.14380230455474,15.257239522373451],[77.15589717213281,15.256962779847774],[77.16165593455108,15.259146905908597],[77.16769624514905,15.258521417478102],[77.16695576206372,15.268609857119882],[77.15928503707285,15.267867264242485],[77.15920408000112,15.269264816421906],[77.15287829648393,15.274088200939376],[77.14716056192134,15.272947127972191],[77.14712550157412,15.274970845863555],[77.15196919602653,15.275709786111744],[77.15160282442608,15.292460442130379],[77.13329061974862,15.29282373563228],[77.1197442848772,15.295761405534828],[77.11963644212734,15.294567938075566],[77.11840090287883,15.294876130797292],[77.11851576775926,15.313468082085357],[77.11692458369313,15.313440384339287],[77.11703819722037,15.325767345357622],[77.11261387676679,15.327456758260677],[77.11312731515562,15.333703383711644],[77.1014740315235,15.333702327646744],[77.07441578162909,15.325913510585929],[77.06375418327337,15.328043670705217],[77.06603846070036,15.337760363642776],[77.0649234951259,15.34357729833815],[77.0590609880721,15.348982445856626],[77.04477080951791,15.355715777078451],[77.04185653010744,15.36194736415906],[77.04137380332155,15.371014030838277],[77.04745022260069,15.383426260956542],[77.0472763644572,15.39004674026124],[77.04548367210317,15.392947740054373],[77.03965366789302,15.39704869592496],[77.03297105468037,15.399732877270546],[77.029256978223,15.404384986960686],[77.02899842332131,15.407709006350595],[77.03515589758852,15.42319982326738],[77.03269770452593,15.428434187355279],[77.0320376610827,15.435580720804651],[77.02753336002611,15.439764938938483],[77.0107999336807,15.448766415183233],[76.9973313237426,15.478030540997416],[76.99124415701942,15.482922816746894],[76.97712893704488,15.489788832471058],[76.97404815669316,15.498258062714543],[76.97456138038464,15.510530322639397],[76.99235619498435,15.505817306301934],[77.00948890810052,15.504636263680656],[77.01482173163187,15.50185099321634],[77.02282311390243,15.502261620328197],[77.02886652548476,15.500481015497591],[77.03006961039871,15.50267159913053],[77.03138605551497,15.507118408943462],[77.0313455621569,15.544098636036177],[77.02626992718973,15.581758812168635],[77.03294441154736,15.60500535930425],[77.03183443341935,15.605551657847787],[77.03281731969757,15.607630611886776],[77.03132813753534,15.61161534575069],[77.03275069344959,15.620648593721839],[77.03114192306515,15.621009384755443],[77.03149347156506,15.626856537798622],[77.0300993203801,15.62685587252878],[77.0304640507585,15.634515061458835],[77.0341525108572,15.63458437668476],[77.03435670061621,15.636821178520634],[77.04601823617259,15.638660408253365],[77.07175645936766,15.64667537551275],[77.08322083088882,15.659167328849806],[77.08702658760744,15.657654333694818],[77.09098204227993,15.653416663023277],[77.10139153473938,15.64852457943771],[77.10343004029113,15.642858492338247],[77.10667106302152,15.641833197898046],[77.1074966533952,15.640052912957188],[77.10627984491869,15.637463697422808],[77.10835485261366,15.637856976588617],[77.11566694319367,15.63253466002058],[77.1214536980145,15.631106996135646],[77.1289058584052,15.665888390288872],[77.12017002793137,15.66763050893526],[77.12140342020636,15.671110870046322],[77.11342570584863,15.675709296451483],[77.11422776665002,15.678004849507275],[77.10931634731004,15.679897744198987],[77.1092602448256,15.681483762419175],[77.09505705822518,15.688381845525083],[77.09382533861326,15.690405986598714],[77.07872588488758,15.6951656652756],[77.08067487781285,15.69855049899171],[77.08260119815866,15.698718014605905],[77.08743966261949,15.715509853521686],[77.07889810719891,15.716276305512451],[77.07972115713694,15.727532122807553],[77.0491308438348,15.730279549702312],[77.04941636616135,15.740062233857119],[77.04597782456119,15.74037722629657],[77.04802457485063,15.756238068973811],[77.05434207949415,15.75619509765928],[77.05649074814411,15.762847099837646],[77.05109161816505,15.764539699912463],[77.05234490453029,15.769894529640341],[77.0569833411268,15.768725810868048],[77.06097656816037,15.786276927399637],[77.06644605509084,15.785067610451895],[77.06720588159921,15.78775633715436],[77.06715028576457,15.802712525052259],[77.06376664829627,15.803208548975528],[77.06550493688006,15.827369383686785],[77.0631751795469,15.829605371471253],[77.05891833291004,15.830015242697177],[77.05452159432895,15.830099594903343],[77.05347182578285,15.828861194989663],[77.05101148754335,15.830423765733629],[77.04812324220816,15.827991790365537],[77.04769773720754,15.8300565217166],[77.0425919996952,15.828857234987819],[77.04072808980375,15.832764904940586],[77.03835248784834,15.832330189023757],[77.03841844844473,15.830938506884962],[77.03588926152523,15.829572910290112],[77.0252201793049,15.837529638812036],[77.03372423365562,15.858905856613578],[77.0559286587961,15.881562344057938],[77.06127036037743,15.894496374627659],[77.07106524887567,15.908847777748655],[77.08460883759723,15.918660510101732],[77.1056858249539,15.930000460370177],[77.13736142169685,15.938202397001927],[77.14317604674937,15.944717600630042],[77.1522786719301,15.949099688955814],[77.1593683468323,15.950878956743148],[77.1741263590033,15.950790498880377],[77.18532270558305,15.956761165852102],[77.20498905856759,15.955060611822269],[77.21862317411362,15.957965183647588],[77.23550517372217,15.957157558354064],[77.24890027002901,15.964573791658447],[77.26054142011657,15.960048954444167],[77.28470915014148,15.953825394726566],[77.30110514590999,15.958015898230892],[77.31146091911545,15.953415054376269],[77.32409500942592,15.9501743849055],[77.33793289881102,15.949865611173836],[77.34817458867032,15.951335762115937],[77.36127821580338,15.949439179986568],[77.38013290319948,15.93978413743575],[77.3901268484832,15.941514333416485],[77.39772530580613,15.944500488888856],[77.41634462471629,15.942410445324182],[77.42259900115154,15.947506053108977],[77.42962804875518,15.94908139589652],[77.46602872550213,15.93451946613532],[77.47620040515979,15.935102490398172],[77.49877441158122,15.933196185543222],[77.51346826787129,15.926810324278092],[77.5173912691075,15.945183312373558],[77.51983846858766,15.966930909284615],[77.51642774421863,15.967377241630578],[77.5106932803305,15.975176412592285],[77.51112349429982,15.979388671761019],[77.5095855956014,15.9804126059721],[77.51407893361826,16.008099248238334],[77.504439495885,16.01135168896451],[77.50436530222906,16.018228656883508],[77.50269711367847,16.01873373940735],[77.502278982948,16.022492832620543],[77.49748125528868,16.028690116489322],[77.49806136304464,16.030000154966263],[77.49560451476005,16.031004598797924],[77.49402889041295,16.037010377141602],[77.4953772724342,16.041722267842307],[77.49789709890844,16.044111139215275],[77.49683830049713,16.047143526863305],[77.49948424414904,16.053744798635016],[77.49653476066092,16.05506447492263],[77.49946316967248,16.061044139730924],[77.50263900256104,16.058834078607067],[77.5069030482966,16.07965748062088],[77.49368598101111,16.086365400649964],[77.50095991115785,16.106209973856863],[77.50877789876988,16.109214765458383],[77.51330345666105,16.10804531177579],[77.51084256505933,16.11229122324264],[77.50233749561234,16.1171933571649],[77.50025067507137,16.120612497292235],[77.48982141608242,16.11964067253974],[77.49162520083357,16.135038193420076],[77.49070449953258,16.15960487980468],[77.4861808568496,16.163004998641725],[77.49135295201367,16.184550780744345],[77.49951414996319,16.198580408123146],[77.49957476917686,16.20628868911703],[77.4982132385148,16.20958027247535],[77.50117833741749,16.2217377456381],[77.50281864854988,16.223681542948327],[77.51218280295423,16.220939739115597],[77.51502093846622,16.221976006327786],[77.5156864571411,16.22780942094581],[77.51319660744788,16.230867021561973],[77.50358580531095,16.23095647431902],[77.4950930688345,16.227137812315927],[77.49237244374143,16.229317138623387],[77.49300793622791,16.24409613992341],[77.49009577234997,16.255199968496616],[77.49725428874562,16.258616365127313],[77.50243397287724,16.263077190497846],[77.50517222740777,16.267619611897352],[77.50484452109379,16.275820141844523],[77.51045864397153,16.27460786332366],[77.51388568893266,16.277862942940853],[77.52189881308229,16.278047814171394],[77.52963262675559,16.275503254095668],[77.52936268570767,16.272814724856744],[77.53285280048658,16.271700340443072],[77.53692700345648,16.26682339121203],[77.54085055895325,16.285475534341177],[77.54510504930914,16.2917305264456],[77.56323484567831,16.301654448353663],[77.56890920957896,16.30362151697841],[77.58202816107251,16.291357501166896],[77.59774739036045,16.292824240428025],[77.59339770104238,16.29746398331467],[77.59204478791881,16.302185425179495],[77.59541082918732,16.31813997441898],[77.59002882738575,16.32551742670735],[77.59086101049529,16.32929486032645],[77.5880620963269,16.333392393167287],[77.59526529941637,16.33965317839271],[77.59541187392801,16.342217804757087],[77.59344147953944,16.343939002904957],[77.5727496439625,16.340952539787303],[77.55503056362947,16.348786316468686],[77.54607048221972,16.35694760983733],[77.53880224110367,16.358223254240816],[77.5314569748419,16.363781982261415],[77.52342919198348,16.375850988977934],[77.5143968339226,16.374992335539783],[77.49886446679014,16.381075690153956],[77.49538303512674,16.381175403603077],[77.48972198605519,16.38503250477535],[77.47470543694877,16.38178682984076],[77.44101565743868,16.38078308319638],[77.43714431472118,16.378624485922387],[77.42956441299876,16.369680297030506],[77.42098032684108,16.36624842296343],[77.41147082771873,16.367465516486078],[77.40173677582649,16.37132088239733],[77.37807894572653,16.38558186025248],[77.35587034611488,16.382652906571607],[77.34913035301348,16.38386301161978],[77.33345313613471,16.39538628689295],[77.31396651717391,16.398024457032854],[77.3043367749575,16.40174435321319],[77.29748659899491,16.406915251129764],[77.2882455613952,16.408718778218542],[77.27631499208937,16.424454856161532],[77.2689853062079,16.4304784937631],[77.2621097330756,16.451855008311618],[77.24444465316921,16.463330586687615],[77.23591259653445,16.472661392766984],[77.23969837651778,16.475963764706243],[77.2457448594401,16.477447011203974],[77.25076334089397,16.474947818075684],[77.2650285013675,16.472529668449233],[77.29403171075154,16.476686583581014],[77.29935548645132,16.487923021819505],[77.29874813009785,16.49617753950066],[77.32033378399257,16.492231159768025],[77.32360865793784,16.486859893773474],[77.32959831253693,16.485921572044305],[77.34312681584997,16.48794840485117],[77.34441946369603,16.486959128274673],[77.34623625425587,16.488125106595877],[77.34640918354134,16.490384232702098],[77.35146672464207,16.49107621525131],[77.35473570563909,16.48879490913384],[77.36904680326133,16.488687557996847],[77.37010465125505,16.50459806900865],[77.37275070629808,16.509672318043997],[77.37782293036214,16.513720677844322],[77.38147147651614,16.515726721559346],[77.39105883981068,16.516218813832314],[77.39501215469619,16.519702049306087],[77.40223934280375,16.52153119364335],[77.41691979802643,16.517315733380705],[77.41915033553813,16.52239411653881],[77.41821025757645,16.522978705829036],[77.41905095581657,16.54893985022237],[77.4104876602678,16.54901867740527],[77.4092465379898,16.550424021288965],[77.40378928431687,16.551201899083324],[77.40421132631208,16.554192877553724],[77.39999544824207,16.55574762054701],[77.39753744921558,16.564776705237218],[77.39265546497249,16.564007491742206],[77.39290897763053,16.56998952650212],[77.40004378209592,16.56754003959244],[77.40497290453523,16.57190852079714],[77.41181274268553,16.570872855422447],[77.41540071364331,16.567537831934388],[77.4237916144042,16.56889611373129],[77.42566863161396,16.572202117793132],[77.42858508674402,16.573666957735462],[77.43088657948508,16.57888155901298],[77.43974462934655,16.58716195691095],[77.46225722873181,16.585492816098522],[77.46486076202088,16.592431627303323],[77.46228598110912,16.59767629519548],[77.46394347701288,16.599221065809974],[77.46743014046449,16.59885169571969],[77.46783023751563,16.6097710165071],[77.45821992675714,16.610728287754284],[77.45368173226487,16.61676171743506],[77.45619605476135,16.623000337137487],[77.46395879149186,16.628251855158766],[77.4644106395882,16.632512270045407],[77.46828328396455,16.635966989858805],[77.4708928368643,16.64376864727366],[77.47349480618644,16.64544820607195],[77.47614459193285,16.650121234707292],[77.47294110800152,16.652816116237158],[77.46243790239335,16.654285461282758],[77.46146648400803,16.651132697475393],[77.45705552509598,16.64969314815076],[77.45652002138881,16.646824339878467],[77.44471601841826,16.639247060578125],[77.44161409711465,16.641117170555805],[77.4343780641948,16.64139625212857],[77.43437682990962,16.643370364831377],[77.43784698412294,16.643898323230562],[77.43863013538763,16.64534389690365],[77.42975651682396,16.656216932411606],[77.41904722870645,16.658451297895283],[77.41889546462741,16.668586128617854],[77.42820497900459,16.66821386375494],[77.43458282258742,16.670990247883935],[77.44258665636038,16.669859022338112],[77.44426217516371,16.6757006466689],[77.44661551057813,16.676083980645757],[77.44775121915079,16.679323240826232],[77.46393190401707,16.67631689098646],[77.46983607493372,16.687043677052873],[77.46992688203255,16.705612600668697],[77.471423603755,16.706211198979897],[77.47119290022036,16.71179272527027],[77.47408425192981,16.71657207169433],[77.4638458355314,16.71918805261001],[77.46299197337912,16.717982073961384],[77.46136552055663,16.719008347268684],[77.45782906079388,16.715955513283973],[77.45219499621513,16.719608243967084],[77.44721956023304,16.720741032416196],[77.44616671046553,16.716505591432107],[77.44201350425966,16.71704496180212],[77.44126293938189,16.713129174786502],[77.43849716406432,16.711692493459257],[77.432840002003,16.717314598665915],[77.42770822053393,16.716641728351416],[77.42610333715972,16.722886863121488],[77.4310004678968,16.72313751990099],[77.4303952028213,16.726387579830998],[77.42835567408845,16.72660947712277],[77.42699114844325,16.72892473741234],[77.42983618032169,16.73481296761193],[77.4333396252011,16.736700694258378],[77.44318468640459,16.76252316657888],[77.43791755756828,16.774723584386287],[77.43775622822808,16.78338026066009],[77.43953473528548,16.789143870631662],[77.44110762965244,16.786235745433746],[77.46723016380413,16.780465309486715],[77.4745332999774,16.781252681962947],[77.47653666253693,16.788380359644176],[77.47342278286023,16.78922219127356],[77.4747286907382,16.793111634659162],[77.47429725326346,16.802328684560916],[77.46573866398846,16.805933419800724],[77.46649500593183,16.808336702535886],[77.46247283697643,16.81375555133937],[77.46327417553235,16.82222205352131],[77.45711901083372,16.830191558160045],[77.45951907930419,16.832866516164973],[77.46409422689396,16.850604081932886],[77.46005124936332,16.874695909928665],[77.46039359282655,16.88476194084267],[77.45593117572007,16.885346518517878],[77.45837515563822,16.894101501558104],[77.45649581808009,16.899934997960084],[77.45795011057501,16.909517149545206],[77.45474031058893,16.9103768058118],[77.45405283349524,16.913908292955803],[77.4584617047226,16.914917632079856],[77.45923922355045,16.917322009167705],[77.4665534853585,16.91511757924152],[77.4694720596143,16.919207960243718],[77.4694482901919,16.928072302880164],[77.46423915209876,16.929863706023912],[77.4683227658196,16.93960275190593],[77.468079634093,16.941554634484746],[77.46487487185902,16.944194540706263],[77.46724343012426,16.94985908519252],[77.46526568212676,16.956623382590493],[77.46598300844067,16.958939658784388],[77.47218365035057,16.957152181850454],[77.4783350061924,16.968376906498328],[77.48137840495019,16.970440143999596],[77.48292836802288,16.985656652918372],[77.47955361040117,16.996027126779214],[77.48659619471783,17.00322118280957],[77.49191182449466,17.0036700668516],[77.49786476764304,17.009336689868995],[77.50223851204784,17.009378871200393],[77.5025688180862,17.014113904065457],[77.50065888301121,17.019294825724923],[77.4977365663739,17.021630145998547],[77.49498348425129,17.02709848581681],[77.49668885407151,17.042729622335965],[77.4881438401371,17.047180113711995],[77.48769436988131,17.049538727813502],[77.48987424959753,17.050545038438237],[77.48349151648463,17.058915707158373],[77.47996492741022,17.068811815030955],[77.47902156520786,17.072636132321517],[77.4819793140949,17.07585425958681],[77.48101826047133,17.07924320651978],[77.47659807586129,17.079439681924576],[77.46729111449615,17.086338382898965],[77.46289306078147,17.094093057922805],[77.46472701904474,17.10776805465774],[77.46366159016831,17.110004883839906],[77.45923077669185,17.109107650625408],[77.4556705564898,17.111458375383407],[77.45431419473393,17.11486089290253],[77.44959243580155,17.115025270504013],[77.44583487100297,17.117963222515538],[77.43852846945366,17.116854141923966],[77.43604242143074,17.11498897167552],[77.40669820707328,17.124519098383267],[77.40386154120506,17.132922821677553],[77.38458276904483,17.140035608241288],[77.37795722759881,17.13994988653064],[77.37821115438015,17.15266781838963],[77.36693749609213,17.154420486581305],[77.36595995568817,17.15597459368629],[77.36685739511489,17.15898808981195],[77.36376517561632,17.158789113111894],[77.36265571581623,17.16449063398777],[77.36680991915212,17.169311505775138],[77.3662411104058,17.17221648793473],[77.37004782293187,17.175799363516997],[77.3719417652999,17.18113506708259],[77.3694975967355,17.186330567536668],[77.37339395304211,17.190875690699595],[77.37400025477346,17.1945577879974],[77.3723128153263,17.19556975819883],[77.38178411718447,17.19766157042434],[77.39026826756343,17.196391689052824],[77.39393437039136,17.194403552264014],[77.39645035566944,17.207536396665983],[77.39842974758393,17.21031940637134],[77.40378862225852,17.20989887839571],[77.40201705109342,17.214127842636685],[77.38880309916537,17.21533076636444],[77.38300234230421,17.217983003238682],[77.38022890884885,17.22253708343567],[77.40498682662552,17.236536145288667],[77.40831154089938,17.241211664892514],[77.41043177607398,17.240420702918797],[77.41148908148531,17.237678177441417],[77.4204593929095,17.237631288720237],[77.42258405677846,17.250765561038644],[77.42637058954999,17.256468614726028],[77.43582295761695,17.26018896135858],[77.4440368696056,17.270555308309714],[77.45085540959884,17.270539410453484],[77.45359921122625,17.27610458597806],[77.45857583747606,17.279003245197124],[77.45491857496884,17.28724734500302],[77.437966976587,17.291924615035885],[77.4405474079019,17.301307388921465],[77.443016475071,17.301225277280885],[77.4456385379094,17.30774365230399],[77.44769374493893,17.30750349833734],[77.448884495984,17.30962646373005],[77.45223180019231,17.317558568440848],[77.45249547099958,17.327480164188756],[77.45605226502707,17.331241623600338],[77.45709895235176,17.34741502739989],[77.45490867014455,17.351789136282026],[77.45171950715546,17.352684872667837],[77.45110598296925,17.359385024634793],[77.45289706194902,17.36738992615701],[77.45227320803535,17.371889902086732],[77.45364791338935,17.37399468287535],[77.47913718557145,17.370726015120557],[77.4760401591878,17.368414446190375],[77.47657408006343,17.363716564597006],[77.47447266998394,17.36151767705168],[77.48385952301886,17.355002449885486],[77.48824178614747,17.35873184071286],[77.50266594303642,17.35707023109897],[77.51151802538946,17.360586023039737],[77.51579938345715,17.36038970474185],[77.52486307026356,17.364700237586884],[77.52984235373,17.370716213085657],[77.5303624477368,17.374694700472258],[77.532747132558,17.37620956227732],[77.53319195223558,17.380501689532927],[77.53008680418347,17.380134256367867],[77.52625592338296,17.381934954136],[77.52432802020564,17.38800370070621],[77.5372752722073,17.402255166709864],[77.53788482943325,17.406097197070704],[77.53611456441858,17.40798483243587],[77.529874621215,17.408180656526323],[77.51421489992471,17.4141855527317],[77.51303975890434,17.43087443006733],[77.53263860080035,17.442381609006997],[77.5373421212375,17.44375081488876],[77.55272948411341,17.437054477849983],[77.5615496124935,17.437617782789072],[77.57590217006104,17.43071858237793],[77.57622668645742,17.456171478695154],[77.58427931761493,17.454507626883885],[77.6029583861696,17.44415565336888],[77.61431127676401,17.44595041541628],[77.61304037174106,17.466831350521],[77.615271280257,17.472894348887117],[77.61738016342136,17.473888377813015],[77.63828122471278,17.47352240845761],[77.64055045535875,17.47646785720107],[77.64482499790836,17.477569867568082],[77.64769776886449,17.487174365380675],[77.64791541987805,17.496078851224883],[77.64999216940639,17.49989161462612],[77.65717147461436,17.506586797942536],[77.6533671893362,17.493898127701762],[77.65235518596464,17.48273789022227],[77.6554793738092,17.4830864167889],[77.65740446525972,17.480922088807574],[77.67056679460167,17.47789265334376],[77.67667287355654,17.47838823505059],[77.68779155089848,17.475208956018125],[77.68909445840342,17.47668012437583],[77.68967092798248,17.482815069968353],[77.68804433232785,17.48942957306658],[77.69255794352405,17.498938028176998],[77.6888380010679,17.510942206150517],[77.68775536855549,17.51182349839625],[77.6834554162597,17.50817893207819],[77.67753284604939,17.50998309464818],[77.6754937440163,17.50862375498878],[77.66868147426372,17.51161151897905],[77.66658276092672,17.51713263245831],[77.66204955298257,17.5228258354269],[77.64530532529419,17.522385303921485],[77.63703705714596,17.525715450932918],[77.6280008668721,17.52363751530885],[77.62342866485811,17.52562980032988],[77.62101294324381,17.530400473120658],[77.61939783793999,17.52887793410236],[77.61210337050925,17.534759601331157],[77.60742285143493,17.532256353072984],[77.60305250086532,17.535842949808384],[77.5969403960115,17.534306067705888],[77.59566388190792,17.53659184342661],[77.59562485370209,17.544877369456337],[77.5972670243471,17.553727871218193],[77.593841338537,17.564515658076807],[77.58911267425503,17.564700023344088],[77.58813695922773,17.560005480175118],[77.5820067443378,17.559887136021676],[77.56740789207556,17.556359411161214],[77.56089117793296,17.552571466547747],[77.55427856683714,17.553852166823493],[77.55060130603508,17.551736474801444],[77.54516572242173,17.56439296275931],[77.53747872085623,17.57544447937637],[77.52842600247942,17.575367868275883],[77.51653335555332,17.559151970942104],[77.5154824578249,17.552419967054572],[77.50694134707042,17.542281685337247],[77.50007225528289,17.546727349699225],[77.500475472183,17.55619676098693],[77.49622714157505,17.559617222950255],[77.49410877938779,17.568360270197996],[77.47809427925581,17.566805922288125],[77.47627367714422,17.5706152772395],[77.4742962579301,17.572012231017254],[77.47086731033721,17.571860275060136],[77.47063731916657,17.57338737284388],[77.46185663131905,17.580755189779318],[77.45862507054352,17.57997497671025],[77.4556634023069,17.582334416391493],[77.44316300376857,17.583965336844308],[77.44502444329298,17.586250674966355],[77.44333074618159,17.59169057474622],[77.4461824534409,17.596469344110528],[77.4448071794533,17.609408533392912],[77.44877377503198,17.609343895535723],[77.45119156456805,17.62320783478461],[77.45579862480831,17.632489925901343],[77.45593600865628,17.634179489291057],[77.45212056450563,17.636421744113303],[77.45227756396615,17.639999696677467],[77.44976311390889,17.643958130219616],[77.4500579742228,17.650580952425546],[77.44826291211307,17.651123726637202],[77.44897308963397,17.65943149194644],[77.45486529409274,17.67448217132962],[77.45353275206487,17.677111976572135],[77.4537488849256,17.686495097186405],[77.45508843740595,17.688929597103044],[77.45220500704066,17.691139852290863],[77.4524751717691,17.694704189365932],[77.45786776740282,17.696301313056917],[77.45891281530209,17.698623887344013],[77.46752645423598,17.70298441841259],[77.47195243477623,17.703000370079163],[77.47749698223687,17.705346944914996],[77.4797775002144,17.70393616304669],[77.48222040934074,17.705999523495585],[77.484195167745,17.705605388289285],[77.48493594637603,17.709143788031863],[77.48605378116953,17.707926586810327],[77.49231374243087,17.708126309081532],[77.49709840409437,17.715514605231096],[77.50918837315916,17.716292747524406],[77.51169798668694,17.720925016359704],[77.51659627535246,17.72015973385808],[77.51828656695062,17.72358070681085],[77.52205174766617,17.726026979089234],[77.5286332222559,17.725167439778975],[77.53137035748557,17.728670122808442],[77.53332726367019,17.72767715202679],[77.5422318543482,17.7289371703859],[77.54600779328761,17.726841229210482],[77.5470680496646,17.728457523566956],[77.54627070591674,17.732824366138928],[77.54865441067598,17.7357663548215],[77.55673904701044,17.73737777639042],[77.55805297235233,17.741385494379514],[77.56098489467495,17.742809618770313],[77.56443025628474,17.747856686626882],[77.56857803756463,17.74890660350295],[77.56730971250319,17.75959752461911],[77.56919350480683,17.76649200722338],[77.5663219555595,17.766753155515243],[77.55987201139533,17.76341766292281],[77.55490318342046,17.763970912706792],[77.55014441120348,17.767208236735726],[77.54827340462128,17.76706051592751],[77.5460994582775,17.771655737806952],[77.54030102715461,17.774377972882345],[77.54058670219477,17.777770967552215],[77.5375536798768,17.7799335423131],[77.53443796673861,17.77762809714755],[77.52871662993172,17.780656621939823],[77.52704307125238,17.77989680935712],[77.52640082163828,17.781631246407265],[77.52215753956222,17.780553815910057],[77.51755884353557,17.782493866850977],[77.5123767734786,17.78212947879677],[77.5066025241048,17.78595242452395],[77.50762926254194,17.787864009122952],[77.50904871208196,17.787783555518633],[77.51498423060876,17.805446418787902],[77.52298871655863,17.811405071393143],[77.52907654713684,17.8129306650109],[77.52826667189076,17.82789708702555],[77.53242142140232,17.829109871501014],[77.54375628999547,17.827669423804668],[77.54674157583922,17.828483848881614],[77.54895355236056,17.819378576163174],[77.55407087544513,17.820067271089307],[77.56072756866857,17.83864470100713],[77.56748003936929,17.845418775120955],[77.5648883889948,17.85118693403911],[77.56936968060373,17.851563279283724],[77.5700439919886,17.8676461082979],[77.57350162458518,17.869187592905124],[77.57644379309194,17.87541813787924],[77.58063379249522,17.8734450045091],[77.58091132700224,17.87536414520252],[77.58346280381889,17.877035956151033],[77.59453063651576,17.872330922732342],[77.59912114709354,17.873086073267306],[77.60041478308645,17.88060009228765],[77.5958711771429,17.881353844070514],[77.58603596506819,17.893843111834943],[77.58504327278031,17.901924841034806],[77.58610837736491,17.90783405545211],[77.60003871147757,17.904136624953907],[77.60522883403276,17.90781007334893],[77.61908327397863,17.904057059048046],[77.62204139656485,17.92957238700192],[77.61872804328439,17.93948831142792],[77.62298976777323,17.94551939181698],[77.63255678242997,17.946671353999815],[77.6329300315322,17.95580131574383],[77.62458970412517,17.95960063069604],[77.63305797139158,17.9673797856942],[77.63333615897383,17.960364028350565],[77.6351722408544,17.95924361120012],[77.63725807774014,17.95232263023061],[77.64066584216036,17.951884226231936],[77.64094451393454,17.954111359923385],[77.64952962956156,17.95001315474993],[77.64955917784619,17.959066321901748],[77.65582436191261,17.968276783680537],[77.64825914674678,17.98025374312114],[77.65138061089942,17.987693765352102],[77.65208495476088,17.99389173271086],[77.64895083693918,17.99887494360134],[77.64638255983006,17.999277271282374],[77.63879066380198,17.996449890786145],[77.62783294838928,17.996784519068452],[77.6197075725584,18.00649092859776],[77.60751660949946,18.009851095932675],[77.60798996595864,18.01795497587183],[77.60597993340812,18.020230025472227],[77.60168899750286,18.019837210737997],[77.59590210973138,18.012848073210073],[77.58962822907469,18.011688318456503],[77.58527926020544,18.0160072000267],[77.58329300695883,18.028259047458604],[77.58064117035865,18.031579221268384],[77.56066126491577,18.036221556985126],[77.55383337346044,18.035817664262392],[77.55188177542085,18.05069204801066],[77.54952586004491,18.051238495217078],[77.54965803186762,18.054385998124907],[77.54768303181655,18.056127693723656],[77.54838264065813,18.065206946585104],[77.55747229326785,18.06372776610671],[77.55976114581455,18.071878657200777],[77.56596897424673,18.076670320847875],[77.56947390134634,18.078240564595003],[77.575969776371,18.078055383938533],[77.5836282663077,18.082454569621305],[77.58556002954582,18.081839194659082],[77.5970010870904,18.08676320646168],[77.59892149562334,18.098244808353794],[77.60114358178485,18.103135053533823],[77.59920795309607,18.120990350686572],[77.59455603907537,18.131369689277722],[77.5968905565812,18.155943056913955],[77.5924428529808,18.155435692580124],[77.58426375609928,18.159229177283592],[77.58136189949087,18.162312060796744],[77.57720453228856,18.172487943341032],[77.57477040958403,18.1740929272791],[77.57073727758889,18.192164291023712],[77.56409753647318,18.19425644122733],[77.56350915253849,18.196123948205944],[77.56393316094588,18.201932798669628],[77.56555405768833,18.204177187789785],[77.57219665814158,18.20350979971673],[77.57487003903725,18.201622019092337],[77.58062777468113,18.21384411849685],[77.58536318980245,18.219815010231034],[77.58154339421257,18.224849968211274],[77.58189609345436,18.22696656200358],[77.57992915847792,18.228152059593167],[77.5805666182749,18.232163223807962],[77.57306049878007,18.239438677183617],[77.5718286291495,18.243996312484786],[77.57383334636845,18.24498215420515],[77.58204340368623,18.259620610378324],[77.58458568534762,18.26171657923435],[77.59123415718958,18.26240596216367],[77.59450248870463,18.264846754285625],[77.6012187555028,18.277616688515252],[77.6043487823967,18.27876023006966],[77.60547049431892,18.281275169101644],[77.58189861861864,18.285378164986874],[77.5762107117167,18.288726866147282],[77.57260658815181,18.293296161660965],[77.57025971521755,18.292524124737614],[77.56698723079093,18.28727480665063],[77.56217089093725,18.28479961974575],[77.55143503514522,18.29191082540236],[77.53599253547375,18.29678019381342],[77.52377791887507,18.308203805820092],[77.51268195992667,18.30959209650403],[77.51003575845827,18.307558855729134],[77.50887082768938,18.30427596715326],[77.51113648483715,18.295294934164822],[77.51028199206753,18.29247292137085],[77.51209676590956,18.290733675612387],[77.51160783086672,18.282043256533203],[77.50966594002209,18.281806949924384],[77.50527091812148,18.277017676176403],[77.49871374475681,18.27674090247854],[77.49633055922382,18.274708119921286],[77.49271754413424,18.267197577311645],[77.48143019731793,18.272350194023822],[77.47978313444786,18.268171824205215],[77.47579957957491,18.264657030192268],[77.4650882810278,18.262530130476797],[77.45238495396512,18.266971907585198],[77.45183056497572,18.269716549887402],[77.44762917852789,18.2699892231803],[77.44563171879808,18.276615003362057],[77.44590907903198,18.28380229377495],[77.44039692931202,18.28262290532945],[77.43656320085208,18.29322238096371],[77.43771647867509,18.31030735338345],[77.42835966620156,18.312358242601455],[77.42561448476188,18.30787366229598],[77.41708410528176,18.30642555246711],[77.40904724404906,18.301462286541017],[77.40147338439527,18.304478831435176],[77.39490615079774,18.303582777998912],[77.3851706247701,18.309304988111702],[77.36584244347259,18.307118267146933],[77.35800915575463,18.316667725641064],[77.35677739302356,18.320195420916807],[77.37165751858106,18.325201762456267],[77.3756710367603,18.332045714328025],[77.38099281820014,18.331015196724252],[77.38103339060994,18.338904203183372],[77.38248071756819,18.34224588328576],[77.38421211517544,18.342460391508265],[77.38553894840963,18.340804681370663],[77.3902128397138,18.343702393069307],[77.39503333337733,18.341494594639922],[77.39439271510382,18.347422129227322],[77.40020123161243,18.347439518163796],[77.39898177310579,18.35977864008362],[77.39492280466479,18.368447489392985],[77.40988882712973,18.377404167489782],[77.41333999544952,18.38506254513587],[77.41414725839478,18.393100107710712],[77.40362674045443,18.399638808522923],[77.40088454142149,18.399869548220458],[77.40021752345842,18.40199059632798],[77.39562017849794,18.401982043547136],[77.39295353137368,18.401322081089717],[77.39225291462233,18.39971681171405],[77.38848378491278,18.399527383855432],[77.37288648395833,18.401095150939334],[77.37238473983784,18.40671955593735],[77.36844233858474,18.412517678597183],[77.37069949228002,18.418783604460646],[77.36731811946454,18.41868641361767],[77.36545752525481,18.427710010982025],[77.36220338173133,18.429880531223272],[77.36451277785028,18.434511196440837],[77.36208224122032,18.43557040493962],[77.3618926850173,18.43727117885616],[77.3675530971833,18.44694814713059],[77.36569022304937,18.45155595492161],[77.3535395656006,18.447658453622502],[77.35112856553145,18.442196402614144],[77.34801218674164,18.439462823582595],[77.34755872796603,18.433951285170643],[77.34527272397708,18.433603125002094],[77.33571208646055,18.442308839307657],[77.33608650606759,18.450146806975425],[77.32695022011485,18.45174162551881],[77.32647005622245,18.458838418279793],[77.31994013594687,18.45801896627803],[77.31693294019333,18.447977706733614],[77.31690652613071,18.44224495390209],[77.31502012332287,18.442743529916825],[77.30071218238052,18.43817288372513],[77.30037535726811,18.43637735219549],[77.28722911585457,18.430566453284303],[77.27909330968491,18.429789964312214],[77.27330169587674,18.42301500328479],[77.26571051939919,18.422335265071556],[77.25942412790556,18.413253369778843],[77.24182368268221,18.412599321358357],[77.23481864165619,18.39675646394028],[77.23374073518045,18.388193055029326],[77.2395151417594,18.378599466899203],[77.2484798863238,18.376048879018573],[77.246446244251,18.370758281530737],[77.23404387257142,18.369795989137003],[77.22588637298595,18.365212677621336],[77.22453977142558,18.355967336551483],[77.22014644105268,18.349266354574333],[77.22964010916479,18.34820146631984],[77.22282092238453,18.339739637792906],[77.21912234006922,18.325723652899445],[77.21483118138175,18.32323258512971],[77.21184912498146,18.31627391347931],[77.20172328814938,18.322158420350338],[77.19876781469495,18.315445435294922],[77.20316370706307,18.3054151947793],[77.20298114873607,18.297727926064244],[77.2056053558531,18.29409122037267],[77.20990776953273,18.29496075651646],[77.20940988457473,18.287717247962963],[77.2130680930079,18.280313971317227],[77.20382219103095,18.280049772415794],[77.1975283947244,18.27660353309128],[77.19546058163651,18.2798045144487],[77.18826872696405,18.284735771546554],[77.17486727777155,18.284855365674105],[77.17078304421315,18.27669381016679],[77.16908602603016,18.265827184494686],[77.17046089936915,18.264300213040283],[77.16980453093373,18.26086508363454],[77.15918908172912,18.255783774582035],[77.15182044040537,18.238017060101015],[77.14868784432973,18.239039707069445],[77.14928687599549,18.221392264895442],[77.15076462080754,18.222155160477428],[77.1515769754038,18.21703921465899],[77.14275373975116,18.21703499684188],[77.14019278031839,18.20771287810176],[77.13469815313638,18.207202519752244],[77.1337904253047,18.205859363893723],[77.12733041731441,18.207664837802554],[77.11134600894785,18.204237802364062],[77.09765435540956,18.19671808052649],[77.09917762414524,18.191984952210372],[77.11639305772604,18.17101134426431],[77.11677782233191,18.166176657369874],[77.11159808699632,18.1558284777961],[77.10695522529873,18.155151951412286],[77.10329258906948,18.15782419078291],[77.09953228171435,18.158188223800025],[77.0913773090898,18.155832608320342],[77.08490055740093,18.15078379885018],[77.06401365625331,18.150647089776275],[77.05870225394824,18.156602969438577],[77.05325790277773,18.159446645572412],[77.05203340292574,18.173224089922055],[77.03323418380349,18.181987394899473],[77.03178676701376,18.177427716613007],[77.02314020123141,18.175647583871612],[77.0257054393399,18.161748140910895],[77.02336030823896,18.15850439342],[77.00117076009786,18.160894272561208],[77.00184585122041,18.16234265916936],[76.9964646938352,18.166191899031112],[76.993259161745,18.175804277542785],[76.99407122708377,18.180536458956226],[76.99061666942043,18.185758474126477],[76.99066627618704,18.189982263902003],[76.97845615296141,18.191978192320672],[76.97747633712483,18.188863399971527],[76.96585705382788,18.190061808070563],[76.95199218893312,18.188093787156273],[76.94850772276071,18.168754807658374],[76.94773681912656,18.16640124149646],[76.94614217475,18.16662399534939],[76.94241872796589,18.15640717959083],[76.93153421177412,18.159648173137764],[76.92402085904459,18.146628293059123],[76.92453263285523,18.142734811805948],[76.93144210750803,18.135622756182403],[76.93185279839132,18.133521267402408],[76.92030680055356,18.12506873762258],[76.92055703795405,18.11817804525277],[76.9217695740431,18.115541722582655],[76.92491308644605,18.11630283966225],[76.93297849434184,18.11282917649713],[76.9377975776504,18.114900920059068],[76.95433087731685,18.11053969518339],[76.95667437707722,18.10883112986902],[76.95877373630296,18.104114586399273],[76.9664063089454,18.098196682449682],[76.96499098267253,18.091726747281932],[76.9629979687051,18.089567365045593],[76.9452705744641,18.083196433872235],[76.948369362444,18.071631942496587],[76.95149968937523,18.06565724127947],[76.95167686589535,18.06104904367461],[76.95111206183856,18.057755545286113],[76.94495741367122,18.048357128477363],[76.94841849939172,18.044401032002074],[76.95274300354252,18.043934690870017],[76.95236137495533,18.04021542787541],[76.936674432017,18.03685407774567],[76.92433969898673,18.03695823433485],[76.91437200247559,18.03535733684645],[76.91235189352254,18.017335609515477],[76.91099997034247,18.014954442827197],[76.90768819989349,18.01421599987403],[76.90570041501933,18.009706069758323],[76.90608961640437,18.002314775279125],[76.90813069922267,17.999512449484158],[76.90676385682235,17.996591025125433],[76.91319606015799,17.99688696755649],[76.91372164287114,17.993218587352565],[76.9123140295333,17.978048954803896],[76.91449603107024,17.96156185327275],[76.91544146748257,17.957107348174226],[76.91836048550617,17.956013448790934],[76.91734144922427,17.94805606254056],[76.92072395661191,17.941568130352966],[76.9190366114879,17.91595136819251],[76.9147915237981,17.91480467574494],[76.90132043630648,17.917239844971835],[76.89904526689818,17.909064942626685],[76.89694101005752,17.91036835121757],[76.89660992517979,17.90574700369095],[76.89389483999706,17.90607004839724],[76.89509905678825,17.902745939761743],[76.894242821287,17.899824457859648],[76.88854944723826,17.897938716090458],[76.884041363376,17.898979386247184],[76.88432369847992,17.894290703908947],[76.88144169553763,17.895556188659796],[76.87922285858248,17.894516737968836],[76.87272052646756,17.89807446234068],[76.85270116971236,17.900720334739642],[76.83978138010724,17.899371922558444],[76.8319768878857,17.89525408156883],[76.83125810899594,17.885613534777637],[76.81027250545651,17.887039153574843],[76.80773229351352,17.878020796612883],[76.80825036181933,17.870975774049516],[76.80672608607222,17.870573232467258],[76.79883715580725,17.871537059422497],[76.78845077520346,17.87578378344929],[76.77510685502007,17.8777108002251],[76.77363230282053,17.890456927972096],[76.76821839824993,17.901149714488092],[76.757189639573,17.89916450958969],[76.74002992579433,17.89969872048157],[76.7413043818576,17.895396279746457],[76.73890039313923,17.883102375846065],[76.73853967373859,17.85667967296103],[76.7515514274726,17.858128754317583],[76.7592800228324,17.85588155516921],[76.76565368296096,17.85127743256683],[76.76755662195656,17.852125523757678],[76.77413111843317,17.846380461315587],[76.7742774270435,17.841971420839485],[76.7793631240402,17.836279604192317],[76.78705550202268,17.833197835138744],[76.79045015732795,17.826332607914768],[76.7829196943872,17.817915684778775],[76.78156583713428,17.809389660615444],[76.7826472209885,17.806636733835788],[76.77878398287147,17.800479110364915],[76.77550038358984,17.798293086895967],[76.76656645123967,17.79846750035941],[76.76595869154264,17.792236997224627],[76.76452002793701,17.78896230322064],[76.76215601065556,17.78878063551953],[76.76209500067472,17.787015961114392],[76.75096738958727,17.787051950141482],[76.75079300503107,17.784548985580216],[76.74258186344673,17.78422289316478],[76.74439397468224,17.78033898239042],[76.74070254295657,17.77946333903418],[76.72992690976376,17.78274247818883],[76.73022076126959,17.783844451162366],[76.72099729381854,17.78805645541399],[76.71414854707557,17.780938966971505],[76.7119690230922,17.773266342629427],[76.72112898324595,17.76949699970231],[76.71845792269868,17.75594264153243],[76.71884387487732,17.751478769874513],[76.72486402099213,17.75110158636947],[76.72409250650364,17.74795746152917],[76.72832736238232,17.7375602252923],[76.70916621562536,17.731699606360145],[76.69970280546698,17.727248666911365],[76.7043842192633,17.723012973042913],[76.70370452607156,17.715620043149936],[76.7013640482438,17.70907056347716],[76.69259650634216,17.706723416903785],[76.69219754835478,17.70077912280668],[76.69423415037646,17.695680261532466],[76.69088424464708,17.68574708202701],[76.69089645095517,17.68100491411407],[76.68743208368892,17.680050389585674],[76.68441301310564,17.685888442372402],[76.67978007150371,17.68635272141795],[76.67497835891778,17.689993078314153],[76.67081909716859,17.690527089657895],[76.66424582150239,17.687560216355237],[76.65978644339653,17.708284368048382],[76.65565647121716,17.717853861851722],[76.6528498710632,17.72213257993496],[76.63331735627618,17.72821963602507],[76.62815564204354,17.750648467869322],[76.63194321147093,17.754640556007207],[76.62248903779027,17.76049716542979],[76.61538970330383,17.77039541446388],[76.61109796071146,17.76936298866225],[76.60702303549604,17.759358508111315],[76.60535450199238,17.75864403090256],[76.60027341874301,17.735673194923084],[76.60047513184679,17.7256530987691],[76.59348857725101,17.722379941983057],[76.58922766933078,17.71354162388229],[76.58832654142151,17.708143027900224],[76.58208139876906,17.705681686448163],[76.5703540634148,17.705405332031578],[76.56786039947488,17.74247564728291],[76.56401640506787,17.750832524512433],[76.5727922500977,17.760525752866126],[76.56132176464273,17.764618126069777],[76.53074735691102,17.758259302339457],[76.52333558208055,17.75979622685629],[76.52741835407996,17.73784287621047],[76.52396159015429,17.715151537238143],[76.51178613650873,17.717972946029377],[76.50074822040578,17.718417986343393],[76.48728762613499,17.71476304336041],[76.48454734320855,17.67851164567144],[76.48507587149751,17.67097587597988],[76.48980813353221,17.66049929057734],[76.48673098956073,17.658411888548518],[76.45897496248965,17.65812296313277],[76.45292020788021,17.65579030316224],[76.45454268296263,17.649786497262337],[76.4418954314349,17.64930862506493],[76.44506457636622,17.64095154099677],[76.43545022229063,17.64626155284653],[76.42925153062322,17.644953575490902],[76.42730094678159,17.63958564909561],[76.42855191369678,17.633794243990604],[76.42684955682604,17.625815072743624],[76.41934805287511,17.606231451551203],[76.41974485310915,17.603710737091728],[76.39311402522021,17.603146484090367],[76.39192360385684,17.600647403714817],[76.3817610977949,17.602249875935406],[76.37769851992306,17.597874018683918],[76.35009138142377,17.59410025611666],[76.33680421410511,17.59730184570963],[76.33162353104692,17.59597811045224],[76.33134774466141,17.5974191763816],[76.33318782673996,17.564987824832265],[76.33509052229209,17.565181618920334],[76.33859278948017,17.55680491157618],[76.34075304819396,17.542475862610416],[76.3488128622805,17.53942818477741],[76.36280052777289,17.537373984839938],[76.36727903101115,17.519454525771295],[76.36465960113486,17.514970879857923],[76.34663200429893,17.512581087073873],[76.34338912654746,17.500657938652125],[76.34582454911423,17.492531750970485],[76.36236568747981,17.495918919468863],[76.37474800966058,17.495651651978072],[76.37557562034533,17.490221865790037],[76.36830363325454,17.48320329703803],[76.35042102809874,17.47417715791409],[76.33327331491397,17.471764321359743],[76.33074728647098,17.470195741001763],[76.33100988738474,17.45566823111001],[76.33349066678855,17.455485105672153],[76.33332206828108,17.433903631758852],[76.35354289649327,17.437303602258428],[76.37156943511377,17.436426266859886],[76.37006310590938,17.416940055074672],[76.37112906209686,17.413434998106812],[76.36348513564754,17.377671421879462],[76.38303674592254,17.373970534445306],[76.40917836837573,17.371391261964355],[76.41224623993682,17.351071506866273],[76.40321731793192,17.349975483771864],[76.39666555242523,17.34710772646865],[76.3851570664371,17.3237652261241],[76.38321760014541,17.314529891706837],[76.35406980242486,17.31432058967336],[76.35434405718279,17.324404957606784],[76.34708362242654,17.344201775497762],[76.34535788779885,17.354451739737204],[76.33808968351373,17.354116068166086],[76.32926234615351,17.350810533493608],[76.31440319715621,17.348393491393455],[76.31208728196327,17.346018013754264],[76.31891610317493,17.338145290341778],[76.31772228528148,17.332379512360674],[76.27641995208504,17.334577932048074],[76.27206896919293,17.360595293175454],[76.27010061667498,17.360513804790987],[76.26708108525597,17.3634785166992],[76.265102646454,17.361709667761453],[76.25078768427942,17.360436172928395],[76.24911388485157,17.366592005575484],[76.25048822728618,17.36968405750075],[76.24464203902785,17.371542526303436],[76.24418550801394,17.378788675157452],[76.24285337471957,17.378827670667885],[76.22859107987175,17.375846773183518],[76.22950539954098,17.36520865109754],[76.21241838102836,17.361990535853447],[76.19645298101318,17.363669917192727],[76.18048519417431,17.358390640724277],[76.17037609834587,17.352618526420436],[76.17270085745282,17.336290632457576],[76.17663973461507,17.324618658591117],[76.17931717948908,17.31857822895605],[76.18330896831986,17.31943846730611],[76.18113034175347,17.309057614002878],[76.17637572604127,17.30079147303118],[76.16514031981467,17.30333892720007],[76.16267921531224,17.345223538045],[76.1411133782527,17.353493883731403],[76.13306394958919,17.358322214765206],[76.11901562625553,17.37050734122461],[76.113051043636,17.367525123430404],[76.09980229277045,17.36465376105048],[76.0894412689122,17.35313625510384],[76.09353303664084,17.349354285069712],[76.08818149671058,17.342169094165516],[76.08755905135526,17.336511612696007],[76.07919254973577,17.331605893590375],[76.07346603503959,17.336513580671863],[76.07219877627838,17.335318154521143],[76.06469605960186,17.35121776939879],[76.0605982507029,17.355310881382724],[76.05283758908071,17.355796710033218],[76.03781392172395,17.35188445724019],[76.02859529349733,17.351140043568645],[76.01439609092522,17.35353636491916],[76.01025453317361,17.352387755707998],[75.9983361737691,17.337971422213478],[75.98396739891575,17.336219949869744],[75.96877140324648,17.336471104974468],[75.94863826677567,17.329732394711606],[75.9340097144135,17.322743400732154],[75.93088413687519,17.32257606986049],[75.92516206973796,17.32574947582136],[75.91014277807498,17.34452165950126],[75.89456782540815,17.35083338852825],[75.89064751103295,17.35652512177732],[75.89024419891139,17.361176347638985],[75.89530255029251,17.378181413700798],[75.89413010242134,17.401198039528854],[75.89196377109624,17.407554283393385],[75.88425477158607,17.4179616328097],[75.87854369892962,17.41812945169341],[75.87657251222691,17.41614541828348],[75.87458892607837,17.412364270041824],[75.87526917173405,17.398088241553367],[75.8609445167375,17.385597383463313],[75.85840155235651,17.386530828814035],[75.85648007752333,17.38943414189672],[75.8541236896336,17.40449523019949],[75.8511508283885,17.41052735175348],[75.83033001360143,17.421813618164432],[75.821507978098,17.42122452888658],[75.81904505450713,17.418099040944526],[75.81838820008315,17.40661932442682],[75.81364244535294,17.395722386155434],[75.81516916451764,17.378473434995513],[75.81372712144993,17.372762476167324],[75.81055721654393,17.3696558523756],[75.80615111661923,17.368024656299443],[75.79300780640847,17.369699885051137],[75.78034793804261,17.375639559235157],[75.77210236133847,17.385746972093216],[75.76911954047186,17.393763405720748],[75.76797169206641,17.402356364060477],[75.76593560118616,17.405306168151487],[75.7531609784326,17.407134624605117],[75.73366340541523,17.42009475617148],[75.72814041302982,17.419420372170233],[75.72004908155155,17.411519840953403],[75.71250953035506,17.40793573537577],[75.7045681303927,17.407477911812723],[75.69079862525861,17.409475372545643],[75.68356535375996,17.41692547102056],[75.67816407770565,17.434057237259285],[75.67856785245955,17.45109000139108],[75.67594575279021,17.455944340166596],[75.66902366040092,17.45859589336543],[75.6589077652241,17.458059053732487],[75.64885993719301,17.470328019065384],[75.63305039308301,17.477215271676645],[75.6283042700435,17.467172746494423],[75.62767730167074,17.462767710629077],[75.62168315729183,17.459247261061474],[75.62065645209238,17.452487389917003],[75.61551726850536,17.438847318911918],[75.613423697125,17.424743307538378],[75.60964742580896,17.423738033737322],[75.60667166120888,17.42037387612101],[75.6121507825708,17.407402090505844],[75.6135865311433,17.39191699853085],[75.60619314392838,17.39448036123987],[75.60114549507557,17.39030895293404],[75.59367508720652,17.387303494827602],[75.57421335247741,17.383301038239985],[75.57724824059622,17.375909068749692],[75.58091571964314,17.351225307128008],[75.58635851762652,17.350592344295798],[75.59520656744226,17.34621566106998],[75.61009501499251,17.345042745726683],[75.61063862240186,17.33687672373031],[75.61241903298934,17.33689212364591],[75.61215717677896,17.325138972917024],[75.60380390554698,17.305506266632346],[75.6224768152521,17.29510628825075],[75.6255418005262,17.28532288234506],[75.6302881813822,17.280842634690973],[75.62791785972404,17.274342940970524],[75.65423711504151,17.273818586834313],[75.65778441567312,17.263211275751605],[75.65862496838615,17.238673801728517],[75.66197949864262,17.21458173920192],[75.65545809080264,17.20553732191433],[75.64265942014895,17.19765245427547],[75.63991526278868,17.19432412115875],[75.63999812428882,17.188869519841464],[75.62850258841382,17.18866235285608],[75.62893200288258,17.18340663570985],[75.62730104680556,17.183165779232585],[75.6254445956259,17.174004921454],[75.62832780949722,17.162698859996805],[75.6452700115012,17.144219810592737],[75.64763719534405,17.13451285944616],[75.6495989317699,17.134381627316674],[75.65041406575367,17.115697723908784],[75.67235543722956,17.11600126676585],[75.67241056953348,17.10140836714523],[75.67585256066432,17.095297061204963],[75.67343211930155,17.091204400933467],[75.67880473101343,17.07715681276559],[75.67678162617892,17.065421945219992],[75.66046175724087,17.06450872096229],[75.65450942404856,17.05900870579203],[75.65037383829694,17.05726114216622],[75.64106500394442,17.037587810788764],[75.65006032446614,17.03224452906829],[75.66976010376241,17.038166691912593],[75.66831544300398,17.01502599671124],[75.66915477221158,17.009572678936834],[75.66729914388874,17.00576660069888],[75.66578933550925,16.993755167473097],[75.66614078878774,16.979778756572752],[75.6688873563279,16.979839154357915],[75.67190288575236,16.975932741364886],[75.67261746322153,16.970136051900983],[75.677147518079,16.969010009414102],[75.67519932195938,16.965553132521357],[75.67038636695767,16.962059357375825],[75.65546414814261,16.961533309463498],[75.64899913653618,16.95899935782819],[75.64674295122478,16.95469381015863],[75.64482282655949,16.95408624128198],[75.64067294232352,16.9553064596402],[75.63827188660457,16.957762206021897],[75.63700025574286,16.968551697679448],[75.63399801599473,16.97026637358688],[75.60792949125288,16.971004225053708],[75.60831114409457,16.98165361937119],[75.60619692044584,16.994369751289124],[75.6069543035366,17.004572532388416],[75.57316451278932,17.00961304510774],[75.56728638942262,17.009052850425885],[75.56615419775429,16.98138816330772],[75.56771912316636,16.96575300868303],[75.56419959215515,16.967918387007973],[75.53924059009539,16.965487373754684],[75.52938182599055,16.969406840607657],[75.50972912200845,16.950257445129697],[75.50796890375193,16.949761613878387],[75.50742375842681,16.950836669013977],[75.48914572476443,16.944429972367253],[75.48923613750281,16.959121644658588],[75.48330491651632,16.97600141594345],[75.47863339406958,16.97858004737694],[75.4689561444494,16.979543231744614],[75.46625130095923,16.981318429651736],[75.46562105912554,16.988371647266792],[75.4416725997767,16.982237761257522],[75.435424450463,16.97345700821791],[75.42794719114328,16.966501391259413],[75.41157838468347,16.974252340976257],[75.3922049552451,16.980097257392547],[75.36861338398218,16.9719580083603],[75.36120088600794,16.96557419632118],[75.35846030484083,16.96490885061901],[75.35860216948547,16.962862746463824],[75.35012120722743,16.95782325790921],[75.34133832838893,16.956151747820908],[75.3256180094445,16.955831304829605],[75.31717466144407,16.95696147945178],[75.27967408027672,16.956563008271107],[75.28107402379864,16.95305892388571],[75.27963554344934,16.944643864106634],[75.27945384660673,16.92333540488387],[75.28297238587787,16.909723579448098],[75.29000636163919,16.904033151768317],[75.28210063377668,16.880298112742548],[75.2730592934613,16.869208754402372],[75.26479054112113,16.86280763982717],[75.25103083391187,16.86450389006529],[75.23773223193795,16.867948549828082],[75.22771094822521,16.84318350153],[75.21427366074444,16.841707203123164],[75.18191942992345,16.84341021044797],[75.18905951019453,16.875287753438705],[75.17664821285432,16.867714593241907],[75.15562611884972,16.868563226506417],[75.13655613133113,16.874495285507077],[75.13253218550811,16.889429816155303],[75.1349156055014,16.89471104155571],[75.12039620563277,16.902537442379113],[75.11755597165626,16.913451511713234],[75.10471546735809,16.912682504106275],[75.09638247379704,16.9137500557103],[75.09187165456474,16.926052942066026],[75.09221090602672,16.940114342689967],[75.0894080284913,16.951588448467632],[75.0851550401186,16.951580835204247],[75.07819434801986,16.94883203341772],[75.07442686402392,16.950021683063614],[75.07266303274334,16.946652698248602],[75.06211043506588,16.941527834538082],[75.0446141971104,16.94173586808943],[75.04146012321465,16.94006946637615],[75.04073631196268,16.936449888558503],[75.03794578805905,16.935712125720514],[75.0358416084735,16.932846472037657],[75.03367477499015,16.9337242713258],[75.02913640173315,16.93149444978055],[75.02650972784237,16.931931388129478],[75.02717110887706,16.92946106268719],[75.02530995322027,16.928008781753192],[75.02484874467868,16.93964571887903],[75.0266609376609,16.944142537316477],[75.0045713423665,16.94627598182623],[75.00042126139951,16.94985867273202],[74.99298475235602,16.952076488082035],[74.96833359935087,16.950164741370276],[74.9644312908072,16.947639283613157],[74.96758907564337,16.941613711738526],[74.96071254041541,16.939957490379268],[74.96023184202541,16.937261866302894],[74.96105161760426,16.932482183705524],[74.96575192027603,16.929864603220857],[74.96462042570037,16.926782663565803],[74.95833503403165,16.928250326752853],[74.95049393276733,16.932953278000365],[74.94767938970963,16.939354925088224],[74.94124341794137,16.94078449477038],[74.93678754236682,16.9442041444505],[74.9317838651488,16.944761217490996],[74.93063265704426,16.941671069454237],[74.9266178569691,16.939330618635175],[74.923241442854,16.93931261544446],[74.92185239320153,16.929867836223547],[74.93429198208334,16.92423465040547],[74.93273245913942,16.918912020386504],[74.93834276597381,16.917298552435472],[74.94443099450567,16.91084329019833],[74.95493376443092,16.910176357703183],[74.95550659942636,16.905213537247562],[74.95891394343504,16.90585672660478],[74.96371520237172,16.911106300121286],[74.9636544636821,16.909717861354604],[74.96043647734881,16.880954131580335],[74.94465750380625,16.88116341740822],[74.94445809937275,16.882707587672662],[74.93599970459128,16.879243218737866],[74.93529736936279,16.871072103152724],[74.92562446579194,16.87203677895853],[74.92549644777912,16.867729414764923],[74.92409423870608,16.86714148400476],[74.92657327447989,16.863545338893562],[74.911050881342,16.864047939174025],[74.90159212625342,16.862557212080663],[74.90431271900715,16.85939668740117],[74.9076833111409,16.85018077565048],[74.91036914538132,16.835149018813592],[74.90880127888502,16.82370981022322],[74.91029922231623,16.81660016829773],[74.91089241583096,16.789550300299272],[74.91951971634371,16.772499550153782],[74.8899417001622,16.77126555228162],[74.86943515828229,16.774073967367904],[74.86575809061804,16.76336846729194],[74.84989692751516,16.772763640007238],[74.84458924243872,16.761823621048194],[74.79882140372789,16.75366343358981],[74.79582646279142,16.747755166833837],[74.78344285781648,16.75132901635005],[74.77204709961673,16.750690390179233],[74.76944930207077,16.74482235417874],[74.76512918259687,16.741869473463897],[74.76042535493588,16.741281140495524],[74.75307209097315,16.733097142744093],[74.75284201266595,16.730865645997895],[74.73705824211974,16.723546268038223],[74.73216960495368,16.718332475166115],[74.73043279409853,16.72014120724712],[74.730120859506,16.718760457944708],[74.72740247391295,16.719096880628356],[74.72725511517204,16.71685058546418],[74.70576381043331,16.714916940203416],[74.6910979645121,16.715549942523104],[74.68862703064383,16.71279448124536],[74.68780350729365,16.70861215972285],[74.68986262199464,16.697271107539493],[74.68947692853077,16.68647290621547],[74.68090338230631,16.685900498742487],[74.68116405453712,16.680917932051415],[74.68894091997042,16.681550613362887],[74.68962851923496,16.67703455540956],[74.67910164032409,16.673104306781116],[74.67958300706069,16.666179495516868],[74.66524239079818,16.665680501151183],[74.65923901622976,16.6473482272915],[74.65355656479656,16.638838756198954],[74.65912848122902,16.631677100139278],[74.66988327530386,16.62940936390487],[74.67668162476276,16.62359756270397],[74.68765020889211,16.617895027936626],[74.68993781278056,16.613152569986852],[74.68705943723538,16.606797823400026],[74.68275975712915,16.60610778831886],[74.67390873119487,16.60921162293154],[74.6600651222364,16.602908903932452],[74.65413061341597,16.60418164488469],[74.64451103833194,16.61030268113233],[74.64009205836271,16.610463448750462],[74.63622393880043,16.607430146850028],[74.63343171438595,16.60036859469719],[74.63330953182924,16.59084429351066],[74.63593539813454,16.58392467411188],[74.63327277276781,16.583224911697652],[74.62871153918344,16.57774198130988],[74.62292047065262,16.57976388457152],[74.61887701701488,16.58408192529981],[74.6171619399997,16.575875467889794],[74.60959389693738,16.56960141805031],[74.60435838071422,16.56899306055285],[74.60203502477579,16.56536906002018],[74.59903916845606,16.56432045772277],[74.58795650457387,16.566112365790858],[74.5841066181169,16.562361321714974],[74.58472070644513,16.559135449366654],[74.5746741100043,16.558952354632247],[74.57389304193273,16.55392318171733],[74.56861576482868,16.553878924684625],[74.56574261029193,16.558443832051694],[74.56072618148848,16.562633056746787],[74.55646746545753,16.56277844552559],[74.55492545606837,16.56452195971978],[74.55609576954241,16.57357488993777],[74.56473955503894,16.579657559496162],[74.56697356364094,16.58539837862152],[74.55885280784554,16.59466287451123],[74.55220589278396,16.595288709707997],[74.54868735530945,16.59415547848774],[74.5435724675576,16.59532818096665],[74.54278409169122,16.626636511385843],[74.54480969114726,16.628989541598166],[74.54456908189,16.63547774531673],[74.52453470350659,16.633436325220757],[74.50392980059468,16.633573163375797],[74.50032072821088,16.633141032315415],[74.49509447361831,16.62976203362631],[74.48911473641995,16.630153831111777],[74.47679884914605,16.644478572294243],[74.47179366365668,16.664063268885215],[74.46882403724497,16.663811479508198],[74.46416459803712,16.65827863894442],[74.45647951886632,16.65505495449654],[74.45842665766882,16.648690341160297],[74.45486397069305,16.6473041587363],[74.45858266359265,16.635574156756665],[74.46589027966421,16.62473003233288],[74.46581775867134,16.615670402396283],[74.46418400344388,16.61510382706631],[74.46679252238278,16.606831608134115],[74.46352766016133,16.604498982369208],[74.43551964846651,16.601069190893853],[74.42642023925448,16.595749115966274],[74.42222688015201,16.584520952710317],[74.42089264479986,16.586131636531793],[74.40876735667305,16.583235313706357],[74.39670788900541,16.58327688815846],[74.39562196416745,16.57218134788357],[74.39129276452265,16.56656206785073],[74.39298876311786,16.564893071286303],[74.38698403838151,16.559947878004035],[74.38866353672155,16.550766752449203],[74.38723160598899,16.536207130607625],[74.37991433212981,16.528602314958977],[74.37650951687868,16.529137341053815],[74.37088791103463,16.534806223218794],[74.36090526476056,16.53893624856651],[74.35800768682786,16.538351886716644],[74.35782096570783,16.54608837994735],[74.3561907660123,16.549765070426844],[74.35916360390117,16.55576122809537],[74.35632896014066,16.5597569002143],[74.35407166181662,16.558930136713858],[74.35520326419017,16.55507278982187],[74.35035780544652,16.556040945965794],[74.34579771362088,16.55501005003473],[74.34454499948247,16.551743707327457],[74.33977306335326,16.54776710112131],[74.33496280329743,16.54788993317407],[74.32525583381437,16.556307024061777],[74.31764797382539,16.553716752715058],[74.31579639600615,16.554464211647026],[74.31520536114304,16.504607698364175],[74.3062253721683,16.503703081196292],[74.30103934143922,16.52317597937206],[74.30269107644706,16.526655800455917],[74.30173432665205,16.5290299623679],[74.29167901565461,16.533892098021653],[74.28917070198905,16.532449634922912],[74.28693004136242,16.526777444569493],[74.28322158386716,16.524599121550654],[74.28083225206096,16.531456343017425],[74.28117241441466,16.541107281281782],[74.27700526366061,16.54542749741656],[74.27062780006514,16.547973390966607],[74.26421475240464,16.539840065217163],[74.26982912052245,16.522182562249554],[74.27618605402043,16.52131811231397],[74.27809513749256,16.50446542329585],[74.26581303944971,16.50111005493513],[74.25259301221539,16.500627601989745],[74.24745636187745,16.49692331245357],[74.25671501993146,16.489547627331316],[74.26085338776552,16.48010696915349],[74.27446457920378,16.485636880618152],[74.27466377971972,16.494035776116185],[74.27974371312554,16.504835360994065],[74.29097797759343,16.504912200214886],[74.29229904813509,16.49948271360312],[74.29226514841122,16.48571575085944],[74.28853664321376,16.477235776439592],[74.28935781926613,16.46298118420872],[74.2920343002478,16.461757864380395],[74.29712980235584,16.464547622433237],[74.30648141987204,16.455295550548],[74.31253848764332,16.45324619868885],[74.32052589751797,16.453926325722],[74.32473699385571,16.455940271471484],[74.32764718323666,16.454856643754734],[74.33134821885105,16.455959976118486],[74.33267346296553,16.45476966866298],[74.32979340487582,16.447210022584642],[74.33631569216645,16.445682073435034],[74.3327758062292,16.4368617934678],[74.33681767883203,16.42881792226801],[74.33137212751232,16.424186336609218],[74.32893499275663,16.419059023277452],[74.33513577031212,16.401419008876736],[74.34296727128095,16.40347206743291],[74.34488531454973,16.405543686935037],[74.36377531561796,16.405102978722034],[74.36298723350068,16.395535582785527],[74.35805193783878,16.389552993742956],[74.35709065873806,16.38345328918732],[74.35365724831483,16.381889663672364],[74.353490757255,16.366430893871946],[74.34737817898903,16.368327920465553],[74.34520111099967,16.373148710674375],[74.34572236203654,16.37690809948458],[74.34129108952096,16.3827869403732],[74.34072615161521,16.38868001867621],[74.3359507300227,16.393753303457245],[74.32757444664813,16.391510953269425],[74.32822605401248,16.385350581085568],[74.32492206027898,16.3783000906643],[74.31727417495418,16.38101560022987],[74.32092009263768,16.375905619666835],[74.31906330009822,16.37164896782091],[74.32484872092085,16.359948212486394],[74.32433079814211,16.357445120291732],[74.31796693953162,16.354970623599865],[74.31772096373885,16.353065008619478],[74.32711570218534,16.342521870625287],[74.32656016065744,16.341434603842348],[74.31887358938492,16.342672874992417],[74.31540150559042,16.340092373401568],[74.31664505421799,16.336200291690478],[74.32258591592412,16.3343810897803],[74.31668773227882,16.32657413555307],[74.32072187308201,16.323764924623745],[74.3274009379493,16.32469512908489],[74.32882591931482,16.32376012960615],[74.33137430592689,16.320679275484878],[74.32469521231353,16.31667116936957],[74.32523735636727,16.313694809750892],[74.32927084229863,16.31222285983213],[74.3332988799478,16.313464029978597],[74.33303976090407,16.3110737854245],[74.33482515803968,16.30904090564241],[74.33199769002167,16.305265336563302],[74.33320933857522,16.30475636419733],[74.33598817270205,16.30710508068012],[74.34050152787842,16.30245441271025],[74.34036194764954,16.298175549743917],[74.34262864684305,16.2980403835765],[74.34209343059676,16.291190367684006],[74.3400769292779,16.29213888226017],[74.33839307500705,16.290026183119462],[74.33696833708498,16.290782786779438],[74.33480248725685,16.28961878776595],[74.3319223007081,16.292446799969927],[74.32804128762655,16.29325918536811],[74.32476893255732,16.288916466429903],[74.32585605395123,16.285599854041454],[74.32321042470964,16.286005889323313],[74.32090643465212,16.28448862229013],[74.32252870042707,16.277920703577994],[74.32465267798315,16.277245766919215],[74.32501428132603,16.271769614162658],[74.32854201934569,16.26888782989565],[74.33423005111342,16.26881227556387],[74.33513630930128,16.27041318556595],[74.33340757879212,16.275984892055952],[74.33851463592964,16.27141777726414],[74.34342978237974,16.27310182099742],[74.34212639607273,16.276521131237143],[74.34386467567339,16.27809012485192],[74.35054041318084,16.275380109370058],[74.35379042714894,16.282835175243736],[74.34317658233542,16.290363681916816],[74.3456772917621,16.293775623515106],[74.35108799383869,16.29180192197222],[74.35116968213907,16.292768857063354],[74.3548585087504,16.292654042069874],[74.35937719183472,16.290597705091848],[74.36344149177691,16.285056962229707],[74.36836370707,16.266877131357035],[74.37308848344342,16.261649322115026],[74.38071549551424,16.261981642864782],[74.3802899653608,16.27116537728066],[74.38268756256589,16.277371438758987],[74.40794363030359,16.283302668453153],[74.41188693795684,16.281668687056193],[74.41447403297451,16.282664537935652],[74.41602893588293,16.280113705038232],[74.41561104859592,16.272428173331708],[74.41768966662003,16.25801444210456],[74.42902995744429,16.25753983169749],[74.43585011530332,16.258848460777827],[74.43668122851936,16.254094931827918],[74.43563026431563,16.251160606479058],[74.45491322532007,16.25340691758083],[74.45617225371663,16.24387872134953],[74.46869853900651,16.240199598297632],[74.47679178569298,16.249443436705874],[74.48055739670154,16.250139719976943],[74.48163595894742,16.246693972848814],[74.48612174842096,16.243131363597993],[74.49042456993574,16.23490356520568],[74.49529091001814,16.234919032303907],[74.50317920247923,16.22542015423777],[74.50297502349999,16.22216594412605],[74.49588229612252,16.215200764167278],[74.50133223481407,16.205544685742],[74.50778587464731,16.20308309932115],[74.50778286888436,16.201638090573926],[74.50591846851279,16.201372758065187],[74.50714393495203,16.191614550015096],[74.50338906599761,16.18808102334605],[74.4938635957278,16.1864635284245],[74.48962934711025,16.17743107283202],[74.48991351028576,16.163430884593932],[74.48844436594425,16.157277660841906],[74.47990944458203,16.147140539802113],[74.48014902077675,16.145007778537806],[74.48518236126371,16.14231907625195],[74.49122997336833,16.111458010011244],[74.49130762643642,16.10432119531925],[74.48517437074926,16.0983860092312],[74.48489318548894,16.092231069015742],[74.48297626421594,16.090127425777876],[74.48163191203706,16.08890579301382],[74.47280424589344,16.09062019474147],[74.47276569828631,16.0930037146137],[74.46113093522037,16.099799797636408],[74.45875829770543,16.103810958244388],[74.4429746735846,16.105354837545036],[74.4276968665458,16.11198086477634],[74.41004971072427,16.102136253543847],[74.40703417052005,16.09352416848834],[74.39836891798319,16.092476804999023],[74.39011317235004,16.089478492433717],[74.39189360000549,16.082549515714035],[74.39093680170144,16.080501051525],[74.38961410161585,16.079803013786293],[74.38370253576778,16.082941398750368],[74.38180485101826,16.07931975864132],[74.37229671014862,16.078226433777623],[74.3715930094809,16.068260541644246],[74.36140634951761,16.053852330916623],[74.3636311953037,16.053048987521287],[74.372600273341,16.056015708860883],[74.3774131412061,16.055136948799596],[74.37464461973875,16.046911256075205],[74.36912670822457,16.039236591049704],[74.37331779458935,16.03648954489767],[74.37807651200916,16.037716387808974],[74.38106896101898,16.035500020838484],[74.40216305050204,16.0461293182396],[74.40559586713889,16.051852631209563],[74.41506330264805,16.05573024566395],[74.4209859330455,16.055613972007585],[74.4297715274911,16.059168002496875],[74.4342946195068,16.0584912927641],[74.44292559592571,16.052822871953552],[74.4501966388871,16.054026903921105],[74.45721497857257,16.048243228841283],[74.46229003682136,16.04985435917597],[74.4633032645966,16.04285268942558],[74.46252883866826,16.04132695819418],[74.4565714246047,16.041075663872213],[74.46325996579992,16.039906771989962],[74.46305817005113,16.038004590336104],[74.45731034282481,16.0269918888999],[74.45543040519208,16.01954079916754],[74.45018433915423,16.01106753213451],[74.4503317257429,16.00856287658742],[74.44802524825032,16.006610569388243],[74.44699083640404,16.003195790806384],[74.44484986631603,16.00306662809638],[74.4464067877389,15.997130223117791],[74.4447114619819,15.992465964713325],[74.44268075021353,15.99165895357855],[74.4440218208467,15.986427604761701],[74.43793984818247,15.979922784025426],[74.43899825672494,15.975710149197525],[74.43613711895176,15.96749132376744],[74.43105286285281,15.959642369208007],[74.43089731776472,15.956608488205992],[74.38693204119792,15.905007900983756],[74.38785045987979,15.901337229864078],[74.39348460800186,15.900062553194074],[74.39680498071793,15.880386969678636],[74.3928589341014,15.878416479201466],[74.39771605387573,15.869997560591024],[74.40643613149271,15.864474036733816],[74.40623653302309,15.855403537443078],[74.4017005349117,15.85463659776887],[74.40241823133152,15.852300801143384],[74.39760253916317,15.851173380146767],[74.39148078909817,15.854791333478188],[74.38820634275096,15.854279687140194],[74.38699391086648,15.859672430086926],[74.38289939519137,15.860071946031901],[74.38010096701154,15.876315303743825],[74.37681975006205,15.882409029070919],[74.36942517257941,15.889873158066708],[74.36616963217566,15.89134035702768],[74.36868165318839,15.894386389418216],[74.36476195146422,15.893888570425379],[74.36519829014715,15.882526249232557],[74.36332309741573,15.87494753180542],[74.35800215769729,15.873188948685751],[74.35093396959839,15.865461693818178],[74.34558592501288,15.862315332191862],[74.34727235655026,15.860200158666494],[74.34667541885746,15.858814396928516],[74.33827564992806,15.854945948953327],[74.34506865530935,15.850466490390545],[74.3682883770452,15.850595067755908],[74.38315140406961,15.849132113321799],[74.38411871445913,15.84014892272706],[74.38080910805171,15.836758591869941],[74.38110290655695,15.835411427890126],[74.37999474751742,15.838293373310188],[74.3766641465835,15.833380205701612],[74.3774636849156,15.832251885681572],[74.37488900820841,15.83315854723232],[74.37239929146587,15.830248549464123],[74.37080303371499,15.83059402713806],[74.36647738780549,15.82578536852107],[74.36542371248623,15.81929693517676],[74.36163907605827,15.818597510282807],[74.36041346588857,15.816887393766208],[74.37036590181965,15.810740534731362],[74.36875151337144,15.806978897322557],[74.36967932034634,15.804659490263175],[74.3708840590587,15.80494156548311],[74.37199429410485,15.800876064858864],[74.37040844962478,15.7987864716797],[74.37194596204762,15.797252050785502],[74.36755834495992,15.785844763689411],[74.36220090399651,15.782391939315923],[74.3584941416222,15.774861756551578],[74.35031677220097,15.770352998685905],[74.3457498190432,15.764583130253182],[74.34075177965194,15.764694286673569],[74.33753443291914,15.767923272199152],[74.3231354602992,15.772704624721298],[74.31905949034311,15.76624919586525],[74.3186841158269,15.758405824817345],[74.30980861169945,15.754923098365435],[74.31040579732732,15.751601300773105],[74.30796438659084,15.748508959947015],[74.3014131394121,15.747670773530144],[74.29618478725334,15.74445246554889],[74.28580157321092,15.741619766408672],[74.2843234124789,15.743686468149935],[74.27366843380851,15.749104868793008],[74.2683849655155,15.754765028600934],[74.26390859308108,15.752988121836156],[74.25560761008688,15.746065735810587],[74.25392446189184,15.746797930415363],[74.25409163656958,15.745178589496057],[74.24930390805768,15.74510182000471],[74.24544932071687,15.74326515806097],[74.23828624986271,15.744089617891152],[74.23658402684093,15.748250074222659],[74.2337652796677,15.748324716484598],[74.2325002711863,15.752242550300165],[74.22804098291196,15.756062624257595],[74.22656894060532,15.762656800351872],[74.2286473376439,15.772132148096313],[74.23464205514794,15.778611160840411],[74.23356827732925,15.787022572696888],[74.22751108020057,15.78835873841029],[74.21597151609689,15.783922511010177],[74.21317668656808,15.780084524319285],[74.20903439668953,15.78129726657468],[74.20538702104032,15.767205338726583],[74.20150034767416,15.758649100225588],[74.18959257311865,15.752150543542752],[74.16162394087094,15.751322996141747],[74.15336943491289,15.743662462109903],[74.15117267225922,15.739895331563645],[74.15104220454063,15.73583644311139],[74.1440814199154,15.733118142989623],[74.14190780774493,15.734357072567194],[74.13402264950584,15.729845309168756],[74.1335297349263,15.726337037221874],[74.1308269512731,15.7233847863847],[74.12588538986205,15.724141466171433],[74.12223302766472,15.720760050431986],[74.12617134068496,15.718489249794741],[74.12625072660326,15.707986575627373],[74.12840858861186,15.708703908816606],[74.13150113150391,15.705897006367394],[74.13219693777692,15.702432663035045],[74.13040203287235,15.70177477960383],[74.13174302804698,15.693567019693102],[74.13078538891982,15.68965468970613],[74.12583775220253,15.680996462072484],[74.10891503196211,15.67272313495294],[74.10267853110271,15.672254457009982],[74.09143198037671,15.67465908790654],[74.08816365784479,15.672502338991011],[74.0883423740773,15.669965947284862],[74.09429452491163,15.663108013420393],[74.10376386215425,15.657637411222845],[74.11100814699832,15.657722894603387],[74.1183538327733,15.652040596990107]]]}}]}