{"type":"FeatureCollection","features":[{"type":"Feature","properties":{"shapeName":"Madhya Pradesh","shapeISO":"IN-MP","shapeID":"1811400B75807316846587","shapeGroup":"IND","shapeType":"ADM1","displayName":"Madhya Pradesh","coverage":"context"},"geometry":{"type":"Polygon","coordinates":[[[80.66004059410011,21.334107258188677],[80.66417764141069,21.337353441108686],[80.67113311878917,21.338268426345458],[80.6724113396918,21.340986612131832],[80.67159343081214,21.34579173766258],[80.67777408430865,21.348829147011124],[80.6764734046256,21.351037819398424],[80.68187093470517,21.35997297179726],[80.6801951535938,21.364882291995656],[80.68492176702196,21.370168798431646],[80.6873900472669,21.369987236372978],[80.6902884615311,21.37209053447799],[80.6991013746428,21.390967665247235],[80.69715463828553,21.39345672830394],[80.70054112251496,21.39662546772188],[80.70127159028321,21.401086761614643],[80.699923205567,21.404605164290505],[80.70654313523745,21.4115790630059],[80.70718752104524,21.42547850998021],[80.70573398852505,21.43090719603755],[80.70681078917465,21.43309681599968],[80.71428850034697,21.436209009880393],[80.7243944583601,21.445207930150666],[80.73492071563679,21.45993194450946],[80.7374332118583,21.471319134576213],[80.73715598277846,21.48100574515645],[80.73288376596712,21.484359172335285],[80.72759445323484,21.496220886393697],[80.72928523890643,21.498979040856433],[80.73320575809753,21.500688417095176],[80.73149165665276,21.508203685504586],[80.73364870927931,21.512816320323942],[80.73047309288471,21.515621551121438],[80.74077609096553,21.539249396289865],[80.73418296073496,21.54579754222575],[80.72762596344008,21.548711395569924],[80.72454867124661,21.552690709074295],[80.7199886288283,21.55501864014256],[80.72237290491607,21.55995580626539],[80.72116342130236,21.561240952897336],[80.72597777048938,21.56637534695434],[80.72570162747273,21.569127929520302],[80.7286695812214,21.569968561394308],[80.72890903794017,21.57259820152824],[80.72549707659095,21.580110325915452],[80.71535037189484,21.585072990848083],[80.71860716455008,21.587456607854556],[80.71542826571147,21.59031944810954],[80.71807802091513,21.59321975884354],[80.7163617707002,21.599091914498768],[80.71866860302731,21.59927411647018],[80.71878382723388,21.600390341591467],[80.71704299911276,21.602989066786755],[80.72190652477339,21.60957461862103],[80.72497288536816,21.60957473972174],[80.72296223118349,21.61205299227589],[80.72339532425333,21.614071434827874],[80.73094044769947,21.617370808103463],[80.72909397949759,21.620583040515374],[80.73156818143687,21.626531892248398],[80.72899954679832,21.626885201302116],[80.72957816694418,21.634055946219338],[80.72763273673732,21.636687122318833],[80.72831235716554,21.640020903234838],[80.72684010016154,21.645646348965396],[80.72500658386943,21.644668862819767],[80.71927772187537,21.645393774885232],[80.7170716769299,21.660104381342812],[80.71438189100054,21.661572719632108],[80.71629308192031,21.66329802014865],[80.71525649794766,21.665804662744062],[80.71800643506847,21.6662160647371],[80.7191763137579,21.66851003145384],[80.7159707205823,21.67475112674038],[80.72144684875765,21.677025988804875],[80.72287961492343,21.68002384675196],[80.72530303959127,21.68130676944284],[80.7297721599264,21.692086162834123],[80.73299029268507,21.69268149875792],[80.73413090246592,21.694529807742974],[80.73232360799695,21.69818416142966],[80.73512063300831,21.703915106006],[80.73396826967029,21.705962875172418],[80.72901565269305,21.70694320244846],[80.72567037238906,21.712157918964866],[80.72613699507687,21.71368852609587],[80.73205344057358,21.713685550837354],[80.73399122971063,21.720548902998736],[80.73337651346,21.727794107498042],[80.73985935392989,21.732024141673786],[80.73796266271708,21.735557588799736],[80.74093491759933,21.744562831403858],[80.74746126168179,21.75556742849781],[80.7561003903119,21.76217996798534],[80.75937839039435,21.75920772655829],[80.76313949994503,21.75869931697757],[80.76548460679145,21.760073174893183],[80.76831991171203,21.7580020096049],[80.77226431620822,21.75853495383274],[80.77817561795162,21.754771655956496],[80.77651024561943,21.753628003558966],[80.78573068305303,21.747249523595503],[80.78542653685403,21.740331384791503],[80.80388602930549,21.744787798412954],[80.8045020454183,21.74664109506264],[80.80925723156072,21.748452483960204],[80.81973273402386,21.74804707665939],[80.81990833849223,21.75368205143701],[80.8164956998133,21.7538478902474],[80.81539784534839,21.755337655096383],[80.81670035040806,21.76175487252843],[80.81834255429077,21.7652460180363],[80.82165365908808,21.765956158013324],[80.8220929640081,21.76763613737809],[80.82097621707443,21.767811838543334],[80.8240886253107,21.770088768764477],[80.8222948837244,21.77088740876577],[80.82368193642199,21.77178201500155],[80.82242955555851,21.772585343139955],[80.82312500969194,21.774599505039486],[80.82769307137076,21.77600529120825],[80.82671085703237,21.778547358200758],[80.82916645845538,21.77965438203623],[80.82662795151481,21.78076045135979],[80.82547642899986,21.783301949404787],[80.82977333331186,21.787114337636076],[80.82927470275216,21.789164311792785],[80.8318258732433,21.79492246856732],[80.83354675427353,21.79630021004797],[80.83594510067357,21.795966657751553],[80.83499715436835,21.796810844323645],[80.83605559345352,21.79863539385067],[80.83858883267327,21.80034738232289],[80.83767887432477,21.80403192609025],[80.83877582418619,21.806795707703113],[80.83722789310266,21.808773222353214],[80.83904569696216,21.810381215086903],[80.83840197590766,21.81282396113052],[80.84070241672153,21.815338810102663],[80.83942235157761,21.815683807047208],[80.8405922365553,21.81631358190761],[80.8397306920107,21.818773659895975],[80.8447350869826,21.829312306510023],[80.84219637342952,21.83566318739391],[80.83831118947009,21.837220327946564],[80.84002843681499,21.838641676163874],[80.8385535405607,21.84054833072109],[80.8414099172629,21.840506405405286],[80.83916331517892,21.848150129450282],[80.84229433560954,21.851323741392235],[80.8469551851724,21.853249369123994],[80.85038087996567,21.852238832767505],[80.85248403996334,21.85423388678849],[80.85099817527946,21.854521700199804],[80.85046939905546,21.85808793923961],[80.84633315663537,21.859745014191354],[80.84782284365082,21.86190400799379],[80.84646181604533,21.863080952827637],[80.84494158361528,21.862028109318686],[80.84474560984783,21.863861601409305],[80.84221500987839,21.86485801111241],[80.8452159443744,21.86958048829259],[80.85295943739486,21.872661139025368],[80.8511352096828,21.873022015333586],[80.85122191237909,21.87435064181408],[80.84969637360065,21.87332667553145],[80.85011245168069,21.876153119705435],[80.84616484469048,21.873883561230485],[80.84471605527499,21.87462184946227],[80.84307832230748,21.876715693873194],[80.8447181411631,21.87775464265769],[80.84394346909636,21.880709904100993],[80.84210268184033,21.880185761553786],[80.83941917782974,21.883666703144872],[80.83446204591986,21.885304644859975],[80.83241682366476,21.88914460077796],[80.83381706902063,21.89072989798943],[80.83182860232512,21.89035463195964],[80.83427039035402,21.89570848916347],[80.83302621919394,21.898232317302675],[80.83548192032995,21.906643196734883],[80.83300689104227,21.906308463397853],[80.83200951763347,21.90824534154808],[80.83460324940445,21.908006731282356],[80.83356974755154,21.909315981170128],[80.8355460636345,21.910851711892555],[80.83566608484466,21.91446199762094],[80.83809758446857,21.915293429080528],[80.8376204245425,21.91711535822178],[80.84006138162971,21.919107221537253],[80.83941197423948,21.922794048434902],[80.84577272827235,21.926274583574937],[80.84555885826781,21.93082848975545],[80.84776570001895,21.931293944616744],[80.84753543306556,21.933280773932832],[80.84580022300824,21.933993909104075],[80.84583806364127,21.939672707515594],[80.84137996922793,21.941198031793665],[80.84212513073928,21.942331584998062],[80.84510203260649,21.9413568621725],[80.84575519944622,21.942264566518368],[80.84173749421946,21.944196406046377],[80.84302936322617,21.946142911489982],[80.83742921633764,21.946394478528546],[80.83630540056099,21.94952348978577],[80.83328629763835,21.945269070815435],[80.83081232387116,21.947024950621916],[80.83348839432276,21.94933313188589],[80.83275243874648,21.950019347647],[80.82875501388556,21.947913999902323],[80.82728232658856,21.95142667149957],[80.82883568259807,21.95284950523226],[80.82785263013152,21.95414962680166],[80.82578622829693,21.952812428714086],[80.82724211530153,21.955883460600155],[80.8255664339031,21.958361976825785],[80.830983376576,21.957564269765736],[80.83574256650961,21.9543730818117],[80.8382732751752,21.958017695593025],[80.84070870043692,21.955340593510538],[80.84753868496689,21.955761793858855],[80.85169626956149,21.957920961871935],[80.85673940438001,21.964862002819952],[80.86042254914716,21.972954231182875],[80.86380023707335,21.991675858422003],[80.86741165944991,22.000639599711306],[80.87587803127111,22.013467216021898],[80.87694142726004,22.033929767111015],[80.87578396059287,22.038558091784612],[80.8857961093375,22.049647921841668],[80.88198424317662,22.052989484606883],[80.88269631883773,22.059057382069003],[80.88610201713279,22.059171040087705],[80.88899854852816,22.05712531415071],[80.89294715264832,22.063107938541826],[80.89680330844763,22.06436733779976],[80.90792665163916,22.10959700341091],[80.91467780181641,22.113212412399196],[80.92194412502933,22.119974690808966],[80.94756965906357,22.11829029746292],[80.95697132172428,22.11044258104237],[80.96117965484424,22.102186603041645],[80.9664560740572,22.09616257103422],[80.97178443475823,22.085039351725126],[80.97212201984536,22.07893006626694],[80.97005479425567,22.07404553493153],[80.96901677836844,22.06477138983981],[80.97003404766417,22.057433142327763],[80.98052896361891,22.054731055377307],[80.98352751488449,22.048624258078355],[80.98965705244467,22.0514061583057],[80.99438281337166,22.049266989069952],[80.99487028056731,22.058631702142414],[81.00249996692276,22.05826745144444],[81.00525828712178,22.061570326327963],[81.00909693924777,22.070924629307797],[81.00669070384289,22.0750274598044],[81.00457330105637,22.075387098771444],[81.00144144609087,22.08352165305545],[81.0061094956507,22.092217421095963],[81.0113251267667,22.095594192437943],[81.00665059496379,22.099970785663206],[81.00315602364275,22.10108805426521],[80.99046817185742,22.113578940692886],[80.9843340708556,22.114581015133314],[80.98095311934999,22.110239372124187],[80.97796248044544,22.122649801652116],[80.98239187278713,22.128222518280918],[80.98871339469659,22.130777431580576],[80.99460732122576,22.13553392680243],[80.99705963661148,22.135439825673092],[80.99836479888776,22.13166089044531],[81.00050325998117,22.13138910970665],[81.01366948172327,22.133697101968096],[81.02190457059643,22.132754322294776],[81.02376887933985,22.1486995076348],[81.02220636770099,22.15775648699105],[81.0262988909128,22.16286595748993],[81.02674244666075,22.166415350582866],[81.01715326337944,22.17963481222298],[81.01664938486182,22.185554208796542],[81.02242580546364,22.189499969484412],[81.02552057617757,22.187424768980783],[81.03065516847519,22.187427936468204],[81.0289983939186,22.192520265518386],[81.03163128055787,22.199678778369634],[81.03036342082373,22.20320000173629],[81.02174993550173,22.212144243776077],[81.01945423599594,22.22120959767237],[81.023628885886,22.22930386701364],[81.02703857270092,22.22894026299238],[81.0379041533048,22.23391349193417],[81.05005271049245,22.24457588331945],[81.05960330035253,22.24431367487598],[81.07260088046802,22.2484003895981],[81.07602663275345,22.24467185531679],[81.07769709853328,22.239064268484835],[81.07954008306851,22.239403464461954],[81.08240038451017,22.24385636812121],[81.09151788219873,22.249028661650932],[81.09730127013387,22.26900983622205],[81.10184530547212,22.27833034446892],[81.10798191097696,22.284530725846736],[81.11588516038758,22.288328863531948],[81.11870888512581,22.29128654243608],[81.11892654063094,22.309248607580855],[81.11353894681673,22.324153392953278],[81.11508664972814,22.330908428919056],[81.12120157708857,22.34262148234733],[81.1131142781476,22.353299792080414],[81.10865581632335,22.373848499180788],[81.10365383871788,22.38339323266249],[81.10596922749805,22.387714685819546],[81.10832740303525,22.400980944189868],[81.11032634498524,22.417461974670058],[81.10881467799145,22.428781618843086],[81.11115484590043,22.437600196671028],[81.1205190362374,22.445827539457625],[81.12699886196114,22.44925474216772],[81.14101826313588,22.454252465711406],[81.14968898102296,22.45315428371678],[81.15510561287874,22.45494078889105],[81.16280561845632,22.474576732831164],[81.16723272638221,22.47799367307415],[81.1726824827158,22.48793481459603],[81.18696313553474,22.488869242988812],[81.19405564641826,22.491476256806163],[81.19562231905356,22.49064168818821],[81.19991009558395,22.48522910819826],[81.19940588738467,22.478221647489704],[81.20143600806153,22.46822852428273],[81.20015009668178,22.462805074749955],[81.20610532963582,22.46086188433483],[81.20773013764304,22.456621259316208],[81.23218075074418,22.452182042697068],[81.24830412848522,22.458803575261264],[81.2619226546678,22.472196999936376],[81.25976942077955,22.48515876699178],[81.26211933361273,22.493292307065904],[81.26905728665668,22.49434914051545],[81.27327582643488,22.49321411921645],[81.28125865759648,22.502981691700093],[81.2917735017775,22.494322003846186],[81.29993889216439,22.490321064689642],[81.30727996868367,22.481935144020802],[81.31371715497417,22.4829491247078],[81.31516782366526,22.487794544091415],[81.32047444962798,22.485985869449088],[81.32278604033117,22.489187916860985],[81.32224103873648,22.49121056965667],[81.31811468676767,22.493945418933098],[81.32087900411955,22.49525575833804],[81.3181919921878,22.50188582732335],[81.31983573757948,22.503259876350686],[81.31991578465785,22.507079836872155],[81.31756902670793,22.514335065726865],[81.31851288837358,22.51670165551444],[81.32369047404069,22.518757193458136],[81.32285989532224,22.52304869172445],[81.32651577352559,22.52617216239635],[81.33473367672907,22.524263386842556],[81.34004740117918,22.519535843607223],[81.35058929722665,22.51761994274175],[81.35387326930909,22.514259544461847],[81.3542974385149,22.511285085305254],[81.36058181059579,22.512065158440652],[81.36134400596157,22.51503277616811],[81.37061430169004,22.514911130813203],[81.37239747639364,22.514751753892646],[81.3758083768325,22.511082122831677],[81.38204394613894,22.50984704296846],[81.38618085600726,22.498579215397292],[81.38405187932663,22.48978811924177],[81.39148948700971,22.477736474060407],[81.39124085220368,22.471121661938472],[81.3886414008593,22.468236616346893],[81.39004975171397,22.46333747652886],[81.38809647382477,22.459242232808418],[81.39044234064595,22.45585109179059],[81.39004846622478,22.452293081486737],[81.39297234413405,22.449073475084198],[81.39640036556389,22.440110217190835],[81.40669295396721,22.44098009271495],[81.42294264292204,22.447722041477515],[81.42868778598226,22.456917829607384],[81.42449775423961,22.463294689508174],[81.42276583021959,22.470077089601837],[81.42782693314044,22.47984204664034],[81.43219459505244,22.479235566556127],[81.4392019806813,22.482154374093515],[81.44151360013055,22.47993644887699],[81.44291963692508,22.47382671929641],[81.44100440448483,22.47181375384607],[81.44735603343103,22.46590507039919],[81.45526551535308,22.46690828457203],[81.45891550599805,22.469322117475127],[81.457289379264,22.471706998264622],[81.4558792030327,22.469526866187678],[81.45418396171728,22.470064981550827],[81.44901833442324,22.467547942474734],[81.44660502658215,22.469793091358948],[81.45018147574808,22.4712724958489],[81.45087046560468,22.478618485567328],[81.4498602579654,22.479156261805816],[81.44638968064561,22.4762048213094],[81.44252869550333,22.479227157221725],[81.44722496384117,22.48468403471051],[81.45106928613328,22.48663291850599],[81.4439628549561,22.490749447569268],[81.442594457572,22.49438030418815],[81.44687967929376,22.49345737080403],[81.44941243791482,22.495786079142075],[81.4525612063605,22.495838833074043],[81.45882566997805,22.489500858032724],[81.46197511126189,22.490930516539382],[81.4629968685408,22.493097326630632],[81.47278349433505,22.493768957765457],[81.47855004424848,22.49224829623074],[81.4846980844086,22.487859988571756],[81.48699825572788,22.49026510653911],[81.48630140201927,22.493787406392652],[81.48936856121637,22.503196239242012],[81.49440938197469,22.505039032041136],[81.49742332317771,22.51167164777822],[81.49551772876215,22.514291935974466],[81.49663720477764,22.519548261830682],[81.50929954081559,22.526093140126708],[81.51047906112301,22.52198519107747],[81.51823254969764,22.519832323097532],[81.52342851669208,22.532202882050523],[81.52132555881532,22.536626442479786],[81.5222181527294,22.53904269713924],[81.53265909071533,22.538556903230013],[81.54096923562714,22.53307101406162],[81.5460709477887,22.527610210779557],[81.55294630981693,22.531076720413793],[81.55893934387812,22.530817412969668],[81.56252023161989,22.533473819865502],[81.57002033240234,22.532302680034235],[81.56302061658936,22.533993302976622],[81.56273983287593,22.54239143790257],[81.56282014495726,22.54752978693197],[81.56953667047023,22.5507606794365],[81.58622175487695,22.543947703217235],[81.59181622800617,22.54524942958508],[81.59632397769515,22.536563093711298],[81.59996478486296,22.535290416188786],[81.60497598726809,22.534640962096404],[81.61319964597759,22.538696532315193],[81.61540648144054,22.536953768878597],[81.62192938048388,22.5380468121436],[81.62867608669542,22.54444938372487],[81.62402902986543,22.555913516884427],[81.62901205212007,22.563390703638454],[81.63517172905637,22.565313930475547],[81.63623600090274,22.56008524120851],[81.63872512835044,22.561128113169392],[81.64275503719034,22.559746065255794],[81.64927481099481,22.563312313227502],[81.65344582180965,22.563049732360007],[81.65991812593954,22.56948722191164],[81.65616556116382,22.57232351240958],[81.65554890994213,22.575849990822253],[81.65516056554983,22.578843627838886],[81.65782147513441,22.584473539196136],[81.65182562305814,22.580885073652457],[81.64970098973191,22.581485854675805],[81.64894309819466,22.584994329020617],[81.64547138360771,22.584475495815276],[81.64496610371828,22.586895734454508],[81.64942037310514,22.588976652370395],[81.64647936073014,22.593438047631707],[81.64802144737442,22.597731743704294],[81.64569817048772,22.604902202526972],[81.64724113748096,22.61329569035996],[81.65272793943853,22.618591221726383],[81.66088410592413,22.619321067639476],[81.66242795146971,22.626843026158486],[81.66902965971293,22.63199320399899],[81.67204059874628,22.63258832277574],[81.67449385736302,22.63757690382563],[81.68330179650299,22.646938436212153],[81.68875552967832,22.648498639523677],[81.69887167548507,22.64479646656246],[81.71312643077269,22.648121574424856],[81.72271097425556,22.65709672444338],[81.72462370848102,22.665015080021316],[81.72430208376153,22.67101135822874],[81.72863878972883,22.67646766839083],[81.7377214220046,22.672354231378836],[81.73945834065756,22.67215280257072],[81.74027323209621,22.674992184734297],[81.7429763723806,22.672570104232463],[81.74638814957515,22.662945849655443],[81.74968096108002,22.660421846105393],[81.75200320400585,22.65440493956733],[81.74619386284381,22.65097969243573],[81.74659183537932,22.648305735562623],[81.75455586480206,22.64643209418699],[81.76852082807058,22.664260549617918],[81.77161322902882,22.676435759287205],[81.76852079752784,22.685665843990805],[81.7611384335398,22.69756518262683],[81.75692014888314,22.708339868257315],[81.75225168609828,22.72671457258182],[81.75476826606108,22.733384332899075],[81.76814610932453,22.735531315280216],[81.76961395470215,22.746978218798606],[81.77310173296301,22.75061625585555],[81.77926771337768,22.750888213762355],[81.78070773972756,22.75456405925015],[81.78846590672822,22.76358712984157],[81.79437604694992,22.76649492137981],[81.78356740426368,22.779215962184438],[81.78368289796484,22.783986074404922],[81.78096126945358,22.789973252980506],[81.7819124362191,22.796107261012672],[81.784116023374,22.798731988499462],[81.78176366712323,22.81097799707654],[81.77789375003208,22.813312081920554],[81.77764426092821,22.816458031298257],[81.76944331522236,22.827789068729956],[81.76133103952324,22.830319636963726],[81.76782327637098,22.835438210823455],[81.7739984528392,22.850253658205954],[81.776514269234,22.851673033531927],[81.77728012972612,22.85552023686686],[81.77488892223762,22.86394307471143],[81.77744697562046,22.86755371164446],[81.77566876321052,22.874469197293408],[81.81756274302272,22.882314833610664],[81.82746760776959,22.88283662229016],[81.83390566273098,22.880933133512702],[81.83835984228632,22.882817279991016],[81.83822358672231,22.885279225227503],[81.84205691992354,22.887782389426654],[81.84624557904044,22.88675691036281],[81.85317646773298,22.890925825749683],[81.86161171831948,22.889294437409735],[81.86947644617405,22.894541378339376],[81.86809756724723,22.902126551124386],[81.86931080671714,22.9098358871707],[81.86550832795096,22.912771245890237],[81.8660990942178,22.915843960392223],[81.86910906486726,22.917367393457393],[81.8782252213711,22.909842144384587],[81.89038546474225,22.922688800149537],[81.8981300312495,22.925962718132222],[81.9046715658434,22.93148437673337],[81.91272934434747,22.941684098251244],[81.91890641895588,22.94657924869321],[81.94629211016124,22.956812864165318],[81.94779020810269,22.967571018047902],[81.94619255077662,22.973951399471634],[81.95046585724442,22.98296115975324],[81.94474459859096,22.989207284618566],[81.94542503828269,22.99585508228749],[81.93912186176796,23.00464984608433],[81.93953556290575,23.009563955475745],[81.93671537124153,23.016208106425136],[81.92975337478902,23.0206459407916],[81.92948971026998,23.02276848151291],[81.93181070902914,23.025516957766254],[81.92559875283821,23.029235924474776],[81.92148644153731,23.04084784682909],[81.92447284129204,23.047145848277914],[81.92902762766761,23.049866695916936],[81.92676872944405,23.057611023989878],[81.93025286054487,23.059077337601394],[81.92953382114368,23.061676137483968],[81.93738338004636,23.06191640651118],[81.93779834511376,23.06528817055018],[81.94292875485543,23.064808892131424],[81.94388369903675,23.06742075392595],[81.94683884909766,23.069135173319268],[81.94504813213895,23.072616778728563],[81.94602154747912,23.07631890449605],[81.94223569652888,23.0789989942705],[81.95803426592107,23.075334539582958],[81.9635292470393,23.07592307941694],[81.9633940829284,23.078248295616536],[81.96787550748796,23.080756058325598],[81.97619439570242,23.079012709516828],[81.97715732680494,23.08104384222072],[81.98084295361724,23.082662310316216],[81.98125087768943,23.080183324105533],[81.98239479237222,23.08268835336734],[81.98531789503538,23.082699927871484],[81.98563279496669,23.085905294150184],[81.98825853371122,23.086169786394976],[81.98946721782431,23.084344929467225],[81.99112352525698,23.08664632033975],[81.99430271604805,23.083587364432063],[81.99716807141151,23.084537849961652],[81.99998947400474,23.0816038238594],[82.00422021649776,23.081769609254764],[82.00823364125218,23.07931656268854],[82.0117901181744,23.080425355040756],[82.01221798484592,23.082344448165188],[82.0147999379069,23.08169618839245],[82.0182870181768,23.084344366698353],[82.02118398256012,23.08031897784156],[82.02764814525861,23.082621226016826],[82.028435210483,23.080680288256882],[82.03484267511399,23.080444831871905],[82.04363611185202,23.08875714912684],[82.04375687507063,23.09089724698442],[82.04699689258624,23.0917748290292],[82.04929880394222,23.094692582627534],[82.04737963328776,23.096709812056158],[82.05333676258539,23.10031101672101],[82.05477293965431,23.10729173932575],[82.05912611713066,23.10854423887787],[82.06223804925979,23.112974674073506],[82.06605422823233,23.11479562498845],[82.06659039130294,23.116592761957403],[82.07005109973105,23.116797196968257],[82.07013838633223,23.11822395372569],[82.07682254195223,23.11335465406815],[82.09213956584311,23.11240602318012],[82.09348263971934,23.109105955024237],[82.09785111999653,23.108560470305548],[82.11107835082116,23.10938397245695],[82.11868303706225,23.1049328796235],[82.12322215232767,23.10335730449462],[82.12579915656974,23.103980370235675],[82.12924511376255,23.108156615772867],[82.13723543597534,23.11198042016564],[82.13580151637272,23.124120999492124],[82.13963032386157,23.132015724197508],[82.15567185430042,23.13770153076083],[82.16134284323059,23.143151093933003],[82.16025307629818,23.161533276518153],[82.14514783293046,23.1634464049342],[82.14421243698806,23.165420091434004],[82.14818191615878,23.170929456229988],[82.14891528728201,23.175769747957798],[82.14345765452003,23.179294010640753],[82.14299194541886,23.18691217445066],[82.14701883502106,23.188544756388065],[82.14863036772503,23.191021505695204],[82.14699012216964,23.195732154155774],[82.15368037375717,23.209228770995086],[82.15127386885769,23.215217381751977],[82.14760423026082,23.219010420642235],[82.14789318505005,23.222355817559233],[82.14481941515082,23.227406101105625],[82.14748434559458,23.227446971800273],[82.15336780944563,23.23101398591188],[82.16048296416251,23.24713794548618],[82.16373058412039,23.24542559803189],[82.1673050569927,23.246212061873276],[82.16711197939372,23.25017218816282],[82.16966417935419,23.252079053867444],[82.16827246080699,23.255190469886642],[82.1722711001902,23.258435733436098],[82.17433729541223,23.26873887562519],[82.1853167024441,23.273932023168932],[82.18878174793839,23.273533414362284],[82.19336371104627,23.27800151452806],[82.19472590197006,23.28443053380491],[82.19219598472021,23.288526904602982],[82.19379784526352,23.295253914782393],[82.19669779474854,23.297320568767105],[82.19730580238061,23.300693096298435],[82.19601201726739,23.303750510460535],[82.19739225534524,23.306915029989554],[82.19476791258262,23.308627414550802],[82.19937103820196,23.31346555426492],[82.1939448051524,23.32387999049112],[82.19205891887586,23.326811148708003],[82.18279361778035,23.32741075683615],[82.16371194587488,23.334708484649997],[82.16206148827133,23.342876836160492],[82.15381356876097,23.350391705844117],[82.14573152586273,23.361215813050034],[82.14088974212694,23.361848407664112],[82.12372798557931,23.3537534452622],[82.1171208398337,23.355496064540183],[82.110097185715,23.363207320599525],[82.111784217327,23.36616493600121],[82.1137489577192,23.384194057940014],[82.10522660378784,23.392591277157617],[82.10492749174767,23.397016120907146],[82.10339607798728,23.398271077851064],[82.09346633619525,23.39289182501926],[82.09202298877372,23.39367716613919],[82.09299556688408,23.397506122907224],[82.09146419624284,23.39831854601717],[82.0859902401938,23.39702593352954],[82.08215599160935,23.39350304735326],[82.07702377445736,23.394977989999784],[82.07110108656772,23.39124654486652],[82.06404622497605,23.392973199250996],[82.05874546411385,23.378788989403553],[82.05598772512482,23.376819184569662],[82.04445685401812,23.380087082573226],[82.03683032973247,23.388774540071513],[82.03229513471493,23.382450698516728],[82.02188211546971,23.387356518608954],[82.02114489776044,23.39180795288276],[82.02905395567767,23.4002382380193],[82.02378010744305,23.406795345100253],[82.02383249359714,23.4087052813165],[82.02567130635619,23.409722372055537],[82.0306186448328,23.408271613669022],[82.0327359407198,23.41002478367782],[82.0257614675663,23.420021470493143],[82.02545942073012,23.42491565023559],[82.01180547667082,23.415957264850014],[82.00953856637322,23.41202743586495],[82.00238591328143,23.416993116765717],[81.99967091254038,23.42159182781243],[81.99054189934817,23.418525428216473],[81.98841047835164,23.414567562147045],[81.98531864243371,23.414529132953394],[81.98252011004931,23.420196970557335],[81.97672552012259,23.423830666243777],[81.97768101586948,23.425762348964877],[81.9838826872487,23.42931126020762],[81.98167266007154,23.43096969268805],[81.98175795510775,23.43369652099407],[81.98380394542245,23.434607088983284],[81.97777195681728,23.44200169936094],[81.98038891632655,23.447074462583217],[81.97597638446442,23.448657460461828],[81.97685968171362,23.451848795902535],[81.97034924320161,23.45560909450529],[81.9690264892171,23.460381936775104],[81.96470400897063,23.465734314658324],[81.95781796777032,23.465354319952798],[81.95497716695687,23.467204063841688],[81.95486963951566,23.483684288166792],[81.95767616780442,23.500399443643346],[81.94780036984515,23.5011367361162],[81.9423276390982,23.50572401402878],[81.93761343230244,23.513776365998723],[81.93783914659397,23.516341196761754],[81.92327094125598,23.53269272488272],[81.918518272193,23.535035473545417],[81.90785813000635,23.535367603869105],[81.90442668869022,23.529582122301182],[81.8968353190749,23.524679819118465],[81.89366119657863,23.52449612586925],[81.88124095201817,23.515101111737675],[81.87558973860064,23.512745157228114],[81.8691009440971,23.512959546628302],[81.86367185081168,23.517605138434018],[81.85216094296555,23.51532166938587],[81.85024473405657,23.51358271848013],[81.84396383037101,23.514433368240088],[81.83963353657818,23.51092228256438],[81.83641047206864,23.51094013055471],[81.8206748125941,23.515274264678983],[81.81756298107628,23.5221489138898],[81.81957216471883,23.529747884768994],[81.81696248425831,23.540902609440526],[81.80905492652758,23.549373367302692],[81.80189106156273,23.54843556780555],[81.77163050991992,23.550570175964697],[81.75824777982133,23.549902916330023],[81.75478558108817,23.565623843141157],[81.752640256866,23.567983105025757],[81.74662308058154,23.56982844595228],[81.74236364769496,23.56618386393191],[81.73759725956097,23.56509930857498],[81.73634957149655,23.56649519323973],[81.72800597062863,23.55651904415522],[81.72521966431523,23.55690007367852],[81.72429393244863,23.550295808529626],[81.72151018363887,23.54723655245872],[81.72251118893638,23.54333081126763],[81.71537477019841,23.540757197050045],[81.71449007337398,23.536003788501866],[81.71106666299647,23.534908607697275],[81.7059218209215,23.529114544343443],[81.7019845167093,23.528042023657363],[81.7020216746227,23.524552158341887],[81.69963095671606,23.522047676503714],[81.69032186814033,23.528403926970316],[81.68004012060585,23.529283618376418],[81.66810419284934,23.532975756284817],[81.65889787872864,23.529027680497848],[81.66233571874456,23.513980874002993],[81.65952678476746,23.511797104725762],[81.65815182159697,23.504937996864758],[81.65432269969783,23.501583515297757],[81.65462567179873,23.497971543821727],[81.65188221692104,23.499118714751702],[81.64947224901616,23.496429401422695],[81.64853126914593,23.48972553193124],[81.64415281577244,23.481873854792866],[81.63940178703318,23.47837044589151],[81.62703965179347,23.482056981297568],[81.62286006655926,23.490000236544024],[81.62173303391559,23.500588681765482],[81.61570009489282,23.506052924875455],[81.61138906547129,23.512558537086083],[81.61203308476648,23.517041532733526],[81.6152243668813,23.518867031808202],[81.61359380696132,23.52705261599109],[81.61625728482929,23.52846493745243],[81.61631418861096,23.530782025028547],[81.61322101061,23.5334618712831],[81.61245276419247,23.540894168020394],[81.61407215356189,23.54569912861092],[81.61030333556775,23.5551129454773],[81.58400833027137,23.553605551130957],[81.57667155488569,23.58537398459333],[81.58496028665607,23.594580793107124],[81.58969085536643,23.5960555980395],[81.59298318357769,23.596042811158316],[81.59679514406166,23.59239126960615],[81.59809757995104,23.594260596834733],[81.60357930103737,23.593390091245396],[81.60833061005101,23.596623178558517],[81.61195582516046,23.595282808990856],[81.61108303550513,23.603296069533044],[81.60650099065059,23.613900380147715],[81.61043953453789,23.61972926623687],[81.61418264634185,23.622465378811448],[81.62031628471135,23.65145842374191],[81.61932108522551,23.658424419570906],[81.61455223930089,23.66294775223841],[81.64453226235182,23.6572135652674],[81.65515896385367,23.663166636443904],[81.65628845338965,23.672168546962087],[81.65420166428972,23.677834696132813],[81.65553586909913,23.682046507918248],[81.66061046022394,23.6846910472484],[81.66594375896408,23.685028339955533],[81.68406449582359,23.690950214378436],[81.68500512445256,23.700236353867133],[81.69589561444096,23.721350852904063],[81.6895125920705,23.72380504352011],[81.6860451579559,23.733065700503637],[81.67845172850365,23.739402318874575],[81.67915917784103,23.742368203453186],[81.68674844899184,23.74753452198138],[81.68183568846713,23.753333510869467],[81.67667062711173,23.756879105060882],[81.67010988563871,23.758135046852104],[81.66430853858441,23.761505189314498],[81.65201875635263,23.765396542987638],[81.64464833277135,23.77015625545619],[81.64443321949847,23.774850009211],[81.64946014691266,23.7833877239172],[81.65143329733255,23.799085497864123],[81.64663610596746,23.811531197608222],[81.64130406666534,23.814771613543073],[81.6416101271742,23.820608198157213],[81.63744824234436,23.827703811585287],[81.6358226258534,23.834543053548167],[81.63240566358299,23.835964385010993],[81.62240044264581,23.835406961845848],[81.61673444565369,23.83347836624449],[81.61321655496619,23.834507322586056],[81.61130784788814,23.837039459403403],[81.61218738209462,23.843174859839344],[81.60770770655489,23.846423802740155],[81.60316870717217,23.853739726765223],[81.60492111996714,23.86151807688197],[81.61424668813679,23.861729113635832],[81.62219388223276,23.870268402647085],[81.60422195848658,23.881781413126966],[81.60373229041846,23.88474054136121],[81.61155498789755,23.892317122397596],[81.61045957415524,23.898796658446393],[81.60834534242167,23.901514792577647],[81.60900453426198,23.90323451405569],[81.62074810666506,23.90675750104119],[81.63217055021862,23.905851126302352],[81.63643755410641,23.907620416807777],[81.63845518460757,23.910858212241017],[81.65776913389605,23.916373605472714],[81.66237079795641,23.924304648664428],[81.66856878175136,23.924992643676386],[81.67170457942265,23.919585098133446],[81.67229659704266,23.913418260902382],[81.68254668345493,23.91142865948207],[81.6875307522469,23.906508808814646],[81.69042338046236,23.884793745755278],[81.70263299613985,23.886223220220593],[81.70729638164677,23.882390038371128],[81.70382171070418,23.87595784162564],[81.70769035128934,23.87422497817262],[81.70972797200052,23.871279663230162],[81.70726875036691,23.86508521823341],[81.70747689181489,23.86116325402095],[81.720183382744,23.862241730848346],[81.72400996690249,23.859727917142834],[81.7282867705117,23.859472463563467],[81.73196389207492,23.85670891430944],[81.72967201669726,23.848972279575754],[81.72503026621567,23.844659683379238],[81.72545994658576,23.839855001838238],[81.72844927844156,23.83905504950034],[81.73221633843268,23.84089020809952],[81.73734131785841,23.839211990966366],[81.74284091272393,23.833800202651616],[81.75449373462202,23.830778595823602],[81.76210874340407,23.823637756658943],[81.77314288927776,23.81643075769835],[81.78244065997923,23.81381575413495],[81.7911042191918,23.809378517342488],[81.79311075280425,23.809943958611875],[81.7958898860701,23.81492033734427],[81.80872716721301,23.81345025244729],[81.81498121845814,23.806481829225742],[81.82280152102867,23.80775385351952],[81.82736941472254,23.81063572233875],[81.82749099001815,23.813841110202116],[81.82914414616076,23.815060448229058],[81.83686242616615,23.81622735505355],[81.8365179276446,23.82001498966877],[81.83818595090518,23.8211349681054],[81.84667038515178,23.821854577516923],[81.85039948144068,23.823728836974404],[81.85632265801382,23.82288548409238],[81.86305573229092,23.824489289453663],[81.86626257681971,23.82871789996699],[81.86769751960344,23.834177555185434],[81.88814262480274,23.835580952188426],[81.89221668583883,23.840551083370666],[81.89873444112885,23.840757881617375],[81.90198430058672,23.844897185437183],[81.90607790447184,23.846097278220284],[81.9062702661135,23.849957146372944],[81.90864127947442,23.85111228538144],[81.9104246823501,23.857256140694094],[81.91613895390728,23.85953909499639],[81.92038277497252,23.86735241134791],[81.92044285250208,23.87064792941551],[81.92891589880583,23.87075362440679],[81.93963089392035,23.867783600498626],[81.94044962565683,23.865625326203585],[81.93821532061078,23.864127475414595],[81.93846974865207,23.86238025106903],[81.94690261331317,23.861925177662943],[81.94606650636248,23.858806102163744],[81.94991358468585,23.856682503519274],[81.95415477728056,23.85714990395924],[81.955541638637,23.853447306547544],[81.95778401414753,23.85231755250949],[81.96025013484251,23.855562058969163],[81.96357190443888,23.85364162985154],[81.96538957355106,23.855942971275155],[81.97031873461792,23.857262700847187],[81.97719474522978,23.856274244286105],[81.98169482330623,23.86092112941376],[81.98597606099966,23.861951925854566],[81.98892901557802,23.860454090912775],[81.99966857332737,23.862879908629996],[82.00751638680346,23.861789002426143],[82.01690653935043,23.853857413386706],[82.0174334084511,23.85099022207222],[82.01994621369307,23.849420754946117],[82.03333222084582,23.847192604596483],[82.04416461408988,23.841683342498012],[82.04403511475513,23.838869376298078],[82.04125126174081,23.8369104042421],[82.04085079638043,23.83295691112943],[82.03874057382797,23.83316798288652],[82.03840009167403,23.826874936694725],[82.04775540216438,23.82510479329635],[82.0524242152922,23.82167978478117],[82.05271074732512,23.819458337028546],[82.06018630882896,23.820076635005123],[82.07073384899137,23.817962209461932],[82.07602032574226,23.81956149331875],[82.08166616543772,23.81637065071854],[82.09248407424614,23.81761421169253],[82.09363620492053,23.81656868502771],[82.10489827763632,23.81959875118929],[82.11478492454926,23.81793737522649],[82.12154110439378,23.822950674032974],[82.12851140038121,23.819828630953847],[82.14360669131388,23.816365325333607],[82.16180776181429,23.821601073365652],[82.17144568229303,23.818275886016472],[82.1785447481832,23.821650505399152],[82.18083511079791,23.836316032823266],[82.18620071475226,23.838702411599346],[82.18885629373392,23.842623575012656],[82.19562869984743,23.84291117355637],[82.19907153269969,23.84942195120918],[82.20285008124499,23.849634383859268],[82.20952558968204,23.85277590000736],[82.20961334250892,23.850847570991377],[82.21184138989067,23.85196854515571],[82.21530250705221,23.84105497449946],[82.2119508136754,23.835882912327868],[82.20808913233878,23.83496481850416],[82.20629550663517,23.82744730633147],[82.22549185926641,23.820120122755096],[82.22702758494017,23.808328540499453],[82.2317961299292,23.805350650248098],[82.23726029613822,23.80535327289395],[82.2432960235316,23.8085550533031],[82.25011206890328,23.815720729432105],[82.25557182079105,23.817571557241113],[82.26059340772082,23.821277257415005],[82.26957226661496,23.81802971115644],[82.28162372580184,23.817020848167846],[82.29610880823002,23.807998114823068],[82.30213719189597,23.808391226940522],[82.30308683961036,23.812702159071794],[82.308801784904,23.81118103099174],[82.314752889201,23.8127397139523],[82.33084474505871,23.806194799214357],[82.33463870689766,23.802584286630452],[82.3394491385317,23.808658493583085],[82.34973434637664,23.804549472611537],[82.36055269176627,23.809034396313287],[82.3610729106389,23.81093615106728],[82.36624907696785,23.810048704540705],[82.37393599948163,23.812029909586418],[82.39059739800923,23.805239230077902],[82.3928492543393,23.803279650038736],[82.39346207065309,23.799938896369536],[82.4201593181775,23.804402870569238],[82.43429536379524,23.80503923307364],[82.43732222546701,23.803831891059318],[82.4380705176071,23.805007373311547],[82.44354805523913,23.805579959374036],[82.45038721965297,23.81254588328117],[82.46578831956623,23.812061329581734],[82.47903913925185,23.805990972056875],[82.47916876974064,23.80249667389743],[82.48269124273442,23.80201128626962],[82.48415695281659,23.800385044253872],[82.48890699700233,23.789989268428716],[82.49738473161354,23.784940123117032],[82.51095029043202,23.786055655276446],[82.52337858569409,23.783716858309532],[82.53546652815959,23.7908392949104],[82.5381085740215,23.79428987760694],[82.5417899751587,23.79152909886641],[82.55145540384808,23.790680790727176],[82.54842287650185,23.80858835375121],[82.53877604024389,23.816406763890136],[82.5394711350512,23.81902552923989],[82.53832208200498,23.820234832124147],[82.53353269610136,23.82027257959061],[82.5330553610038,23.822186505479156],[82.5474725676274,23.822591752579704],[82.54671957101014,23.826234549435096],[82.55423274048337,23.82623822350693],[82.56320006680586,23.82288789518724],[82.56474186778588,23.820784745215835],[82.56935482456768,23.820339564818966],[82.573176057462,23.824101560192293],[82.57774466801149,23.82426558696236],[82.57919780796792,23.822446705173597],[82.58178868938448,23.823052350815182],[82.58359033434866,23.820745976412233],[82.58860036535064,23.821478575492055],[82.5999350030768,23.826573305652378],[82.6022212181698,23.830338763844193],[82.60754055798873,23.833332573391633],[82.62951720989906,23.838832243104722],[82.63531820301716,23.837748508243738],[82.63914673921475,23.841693933673145],[82.63671755634596,23.844520146742614],[82.63811667790938,23.848023319870876],[82.64242101398375,23.84698009810618],[82.64712336211944,23.8487627124497],[82.64715854823079,23.85372857872022],[82.6450776637572,23.855150952741567],[82.64719331393063,23.856012928585404],[82.64680615800947,23.859182162731784],[82.64956004951412,23.860292330544567],[82.65284849969828,23.858833617505194],[82.65055587512572,23.856888212927743],[82.65155196394369,23.855524693945355],[82.66044605421435,23.855184394863493],[82.66154111671536,23.856971881587913],[82.66020269251905,23.862877055477405],[82.6644585519074,23.86259166103391],[82.6684279529247,23.871831676352386],[82.66372178964399,23.8772186627286],[82.65121488640465,23.88679643657912],[82.65103863784422,23.88951866933177],[82.66157040898014,23.907682649530354],[82.67112545628066,23.905833733023467],[82.67464162310115,23.90678522463947],[82.67612550520323,23.909227081361756],[82.68435976852467,23.910350655004166],[82.6888708608448,23.920700205085584],[82.69346273416687,23.9204214967903],[82.69891076304015,23.92496704906827],[82.70989002544327,23.923938417524084],[82.71498105483947,23.92143002826497],[82.75236345993623,23.919831502892063],[82.75523909382316,23.921750757567477],[82.75606992317158,23.925076607421808],[82.75444058765531,23.934229817799757],[82.76198816260387,23.933870514286834],[82.77032357622632,23.93703273808521],[82.77660192600153,23.936709549913072],[82.78104634446296,23.938404021327578],[82.78696141553732,23.9416789500996],[82.78999671957611,23.946040350228103],[82.79834740006679,23.95084991297337],[82.80168855171372,23.961692766675718],[82.8103128213107,23.962879981157148],[82.80219495180228,23.979305136087113],[82.80546013741726,23.980270134512242],[82.80551537212911,23.9831461941739],[82.80860370461744,23.986163741084816],[82.80550991576207,23.9908052124796],[82.8046551130737,23.996395106076463],[82.80634965460146,23.99807134402691],[82.80384090794794,24.00357036731295],[82.79953467373338,24.003570823582756],[82.78837010595517,24.008038308963812],[82.78557304411288,24.004796156463076],[82.7691969056037,24.005545674451263],[82.7506155773452,24.01270605721013],[82.74921274034975,24.023566288851168],[82.74729074000213,24.026939285214855],[82.75867798576625,24.03617731058468],[82.7663061072565,24.046443026611865],[82.77019432033502,24.055669742605858],[82.77409171689074,24.07594056884909],[82.7679420292204,24.07577198508254],[82.76439285829636,24.06996430517071],[82.76132653992241,24.070718517604263],[82.76001831528932,24.077172897246808],[82.75361824109812,24.076868344795052],[82.75126281530406,24.07421979230054],[82.75149355566961,24.071982216045107],[82.74811020566219,24.070520471079483],[82.74012816681466,24.075449163298835],[82.73899135780577,24.0741125023298],[82.73311271341619,24.078587916267704],[82.7282605963597,24.07627549174666],[82.71694874440074,24.07600101103087],[82.71388922357852,24.07458417465951],[82.7143193926321,24.079811803744175],[82.71058811433537,24.08063808275308],[82.70990301508228,24.08475545849665],[82.71225611423976,24.088585781294295],[82.70490500174216,24.09488962530248],[82.70778540658154,24.09597033752832],[82.70711573499511,24.096932577153],[82.69610684795057,24.100045652599377],[82.69252556854335,24.10516345563252],[82.69108003731736,24.10360131646373],[82.68721204890913,24.108433274524273],[82.6832738320086,24.109338856883394],[82.6836227933605,24.11189819927314],[82.68034400276062,24.112657957746933],[82.68091850143594,24.11482694277498],[82.678168803267,24.114840810866315],[82.6773838769313,24.11995384847982],[82.67409509077724,24.11964556639222],[82.67293659104746,24.12088038743649],[82.670500556728,24.11997425295865],[82.67001862045953,24.121659949945474],[82.6655408295853,24.124281819178112],[82.66447267162704,24.12833096012469],[82.66813269196216,24.13551361712322],[82.6671003516309,24.13690403934276],[82.67074674092993,24.136895556295666],[82.67420422260952,24.140760376899397],[82.67239155711346,24.146336400876745],[82.67044905092285,24.14708383129452],[82.67801288986966,24.152908258025597],[82.68302710522424,24.15468723046067],[82.68495135674995,24.152334382601303],[82.69172116583398,24.150074588787767],[82.69596574417899,24.142148674670015],[82.70031195522031,24.13910740569595],[82.70488832721382,24.13921907121322],[82.71079101501198,24.13628729706905],[82.72811553281436,24.135596189158797],[82.72933667656044,24.148120379753593],[82.73443669988929,24.152477039194622],[82.74434310434857,24.165614943256358],[82.73962804774652,24.199905007681984],[82.73465774024642,24.21731595712996],[82.73640646994876,24.222907269941235],[82.7504433262878,24.226688840949027],[82.75883327842776,24.23675225977982],[82.75801396188801,24.24844925922624],[82.75517587757999,24.255891910438578],[82.75562105119376,24.26080541966556],[82.76195428174465,24.269716845057285],[82.77095984216227,24.295098654498265],[82.77278563833285,24.307644460715558],[82.76603477651479,24.31324943166269],[82.76551184742499,24.31608378168253],[82.76803018988237,24.3170793060431],[82.76857576999208,24.324391863730177],[82.77115940200434,24.328419321523032],[82.76662910460172,24.33040397321826],[82.76961576666451,24.33356175771514],[82.76828291831114,24.336175757987505],[82.7687048929327,24.342234462812158],[82.77064383011668,24.341902183650827],[82.77104254915217,24.343857578366485],[82.77244879166086,24.34288064921547],[82.77331223434565,24.343816673332892],[82.7688732219456,24.346968652312587],[82.76897959505165,24.348899658695302],[82.76722302485351,24.35018021936457],[82.7679857637,24.353004955536555],[82.76442218649376,24.354965026008387],[82.76696793475386,24.358291015851933],[82.76560621364897,24.360135235724783],[82.76752141554647,24.36074562025874],[82.76526428071584,24.365466584331948],[82.76866864860595,24.366413574391192],[82.76968305586917,24.369917360341514],[82.76845502563812,24.37118813215337],[82.76400592066582,24.37074624480631],[82.76439819339086,24.376112639655364],[82.76011744527922,24.377362733972213],[82.76036112857139,24.3736398090153],[82.75511917052935,24.374174791480307],[82.75588384075373,24.369838604546253],[82.7525332567963,24.370969055553513],[82.7439456034286,24.370450465889018],[82.73939511638999,24.367505623322632],[82.73200303173225,24.369428331604926],[82.72540488890242,24.368167858258435],[82.71905706971133,24.37407011784975],[82.71961356345341,24.378109975671165],[82.71344800794189,24.38034686320575],[82.72053239086874,24.403991047682737],[82.72181222245065,24.41361540543659],[82.7255481576138,24.419223873296414],[82.73796990775071,24.425490587882695],[82.73978645756205,24.430152727707586],[82.73886916626589,24.432696916090947],[82.73246384232019,24.431379035759868],[82.73506028430836,24.43531810302476],[82.73109223435726,24.437735824989186],[82.73422291073314,24.446617805755807],[82.73118604811734,24.451804766352808],[82.73644501486096,24.461758117189824],[82.73468181240106,24.470572326013027],[82.73116159687362,24.470918439397696],[82.72995548014559,24.47247448536715],[82.73454314575888,24.475978367359236],[82.73386095075907,24.4786730201996],[82.74005060178143,24.48199357913099],[82.7402470696223,24.488915683652454],[82.74330103166953,24.491788800309934],[82.74367923947216,24.496318974006805],[82.74337798854329,24.49870877996905],[82.73559270230254,24.501983315735767],[82.72964894083465,24.50848721489522],[82.72316929028236,24.510407293008747],[82.72067925104463,24.51381257837912],[82.72255545977065,24.525856492627923],[82.72057294531226,24.52875671548381],[82.72984822399562,24.531292256376354],[82.73103941521519,24.53482707227004],[82.72791059745366,24.539765333418373],[82.72163536662909,24.544499253693488],[82.719251306137,24.552476443235147],[82.72210419557922,24.55531444780099],[82.73873554905387,24.54768097684572],[82.74300430824971,24.546996522689167],[82.74303575826781,24.55165168889826],[82.7481184045858,24.549811835145864],[82.74817245531813,24.561312034323244],[82.76809305308767,24.562390353122442],[82.76752718093398,24.56385180555141],[82.77118350739666,24.56639518466526],[82.7754462829144,24.56715769895584],[82.77943721654906,24.571870906255903],[82.78664994806873,24.57460242237788],[82.78805876335241,24.57377762733479],[82.79325547774516,24.576995048384124],[82.79727671245269,24.576579546083433],[82.79743659191199,24.578191567680317],[82.80093174893463,24.58023244602314],[82.8031053260708,24.584796426528314],[82.8026242225406,24.59824250412651],[82.79601860482929,24.597156701654303],[82.79157189027397,24.598268206122874],[82.78064651960138,24.594681607194637],[82.76535131039887,24.59591208780747],[82.76567012788311,24.59770157744628],[82.76973859061836,24.599275106489607],[82.76885927829575,24.603539181401697],[82.77948044168389,24.614057583014077],[82.77512004624424,24.615053117944587],[82.7756967026729,24.620114676749253],[82.7718525618405,24.621619192248],[82.77300541565869,24.629237950497895],[82.77130030096002,24.634496045893037],[82.77380318520798,24.6417831159017],[82.76254292080087,24.64253251673363],[82.7538744181593,24.640917451362764],[82.75315388306316,24.63680087636931],[82.74651079392638,24.641842083262482],[82.7410719090044,24.6410370893028],[82.7323130340486,24.64440971866461],[82.72794513767631,24.63532559483579],[82.72269289212765,24.63839799538084],[82.71820275480813,24.63485740053135],[82.7169064957346,24.637859807933943],[82.7188637360925,24.641297327942905],[82.71786115784494,24.640994919683447],[82.71785341706212,24.642541786490426],[82.70962643638269,24.639265948133833],[82.7067781876372,24.63607711251467],[82.69944646796992,24.64370585932636],[82.69823207326658,24.646971215282967],[82.69881851504363,24.66151552234591],[82.70205312290459,24.672007610049512],[82.70159626670053,24.675086751612692],[82.6863151906924,24.686112176241277],[82.67601139580593,24.69077391426124],[82.6710388074833,24.696983247416235],[82.65842524457535,24.6954653108788],[82.6366047315395,24.68246776624229],[82.60736354047043,24.67571601405137],[82.59406723908192,24.66905741094861],[82.579670571539,24.658767629045233],[82.53910998715415,24.647770396111767],[82.5325737157895,24.650126600281332],[82.52927626897774,24.653334959765804],[82.52351462656068,24.67606075882453],[82.51794647137434,24.673316789036978],[82.50983956939727,24.675034644550767],[82.50334121142919,24.6713510501259],[82.49364843532763,24.67100972657834],[82.48955961586971,24.671366293163288],[82.48426727401834,24.676592173792443],[82.479581016506,24.678483300795765],[82.47321698811392,24.67575310362404],[82.46863541936646,24.67573773378219],[82.46877848775357,24.67399237384629],[82.46667972051762,24.67502658286782],[82.45688449515114,24.673326962602268],[82.44982224042471,24.674674445338926],[82.4536409903756,24.683282569417393],[82.4532560362252,24.688559031000526],[82.43910285075184,24.700688145880275],[82.42951525389529,24.70266350276361],[82.41553439763274,24.692189045085605],[82.41513514769292,24.689265537289167],[82.40635073093866,24.681283407921406],[82.4087649676378,24.679607366539884],[82.40695733001239,24.676899457965213],[82.40955114353004,24.67585815381778],[82.41407642114685,24.67001670122623],[82.41179121306526,24.666315597355776],[82.41211558393454,24.66006357697959],[82.41851276285556,24.65194084984559],[82.41629111956347,24.645502638806054],[82.41795498542092,24.6415136141569],[82.4096669085224,24.63536377589044],[82.40909219425139,24.625248863007695],[82.41331397155787,24.620305908933947],[82.4134510472837,24.616485231783244],[82.41090335686596,24.61372205898838],[82.42231736973062,24.59943582852157],[82.41997645981318,24.5943816460817],[82.41761108966891,24.594412355960188],[82.41610676280926,24.591154411374156],[82.4124558433063,24.59407120772495],[82.40658633747812,24.594712040099164],[82.4043913876247,24.596271284051607],[82.40450573148227,24.59415684549038],[82.40190590284544,24.59137241473876],[82.3637770264937,24.597595072960043],[82.35565180247808,24.604387476847002],[82.34977778890381,24.61499346009635],[82.34731088847113,24.616504267614275],[82.34441212655894,24.615440294229632],[82.33879583694473,24.620321765789342],[82.33717789565952,24.618870569773147],[82.33583920196862,24.61987683801303],[82.32885831664062,24.617735046480774],[82.32207686359388,24.612279387871418],[82.31966129559153,24.60617428644481],[82.31607768146287,24.607632112178454],[82.3016916670409,24.607720261093895],[82.298471339698,24.604983768133337],[82.29525625222814,24.608515512941526],[82.29963719124002,24.6115641823873],[82.30378805733463,24.62535154015603],[82.30022478645391,24.634296280353844],[82.3019557465816,24.639321262738708],[82.30091123317993,24.64258852718513],[82.30386460098333,24.64393224547977],[82.29975406295681,24.646962772943045],[82.3035288664257,24.653764546076687],[82.29610258110847,24.661387041411515],[82.30361270259787,24.6638701886501],[82.30299704311624,24.666943929330348],[82.29916244778207,24.66745296400127],[82.29653974983474,24.665547715024104],[82.29416441198407,24.666776747842427],[82.29219165322964,24.665160660549418],[82.28768446588602,24.666252129600448],[82.28555408154533,24.668018093597865],[82.28553627963136,24.67546432186448],[82.2841787294043,24.6765168009167],[82.28076174108277,24.675430116150345],[82.26867486042593,24.68340040449488],[82.26283210013871,24.67883208577884],[82.26413963576397,24.67690910718778],[82.27180928816641,24.67598145521988],[82.27287922658557,24.674610403901006],[82.26359659339496,24.66610449710588],[82.26093921868105,24.661499068231514],[82.25513286262068,24.6606487479952],[82.25703157863614,24.6642655984986],[82.25648882193138,24.66852633122672],[82.25446399233151,24.67036883068101],[82.25094796205495,24.668238888666934],[82.24919419999037,24.671368849043276],[82.24752727536941,24.66862632624768],[82.24528265407065,24.670889317371543],[82.24012841202452,24.669678672798128],[82.24139582619428,24.661127526321696],[82.23898175927674,24.661079903527682],[82.23511563127946,24.670910185707704],[82.23638047626747,24.676989759509148],[82.23365819288438,24.680758231160322],[82.22975031478596,24.68166445213074],[82.23452139751565,24.685628960524262],[82.23540952231116,24.6904058132831],[82.23941624922686,24.690226806445548],[82.24232065884725,24.694797293980084],[82.24626558795957,24.691936814829663],[82.25012032801402,24.697138130714368],[82.24526832504354,24.703376839035787],[82.24643360615539,24.7093598466411],[82.25001359019198,24.709829111136354],[82.25100060243228,24.71130524497142],[82.24914150301917,24.71456837090364],[82.24963809080995,24.719557544282782],[82.24482957348576,24.730463868468522],[82.24535455612433,24.732765668033824],[82.24791768588682,24.732964620668366],[82.25066915822843,24.73542289281731],[82.25536941508616,24.747688953958708],[82.255786199242,24.75164056147999],[82.25496144789481,24.75256402449508],[82.2533123835783,24.75162574024049],[82.25108067915504,24.756518288915654],[82.24972300585883,24.76772559674933],[82.25082679908606,24.76985087929428],[82.24670845020815,24.770801045498086],[82.24609473468077,24.7696934845297],[82.2465427101399,24.766641793045967],[82.24993650036754,24.763887863837418],[82.25027735981388,24.761457560481517],[82.24885647027448,24.756088494833588],[82.24624748421168,24.75446251024468],[82.2455594025518,24.74410148140888],[82.2424960728728,24.74448062096248],[82.23995636578297,24.750797561515295],[82.23746589265897,24.751751945061635],[82.23772642115935,24.755257318549074],[82.23527404019666,24.760062681489337],[82.23414454437248,24.760595176055887],[82.23326014938199,24.758273084551906],[82.23136680349532,24.759202979317237],[82.23128164230808,24.755997348424074],[82.22647625740927,24.761243356971264],[82.22478128469017,24.757884801761083],[82.22815531287988,24.754376604781594],[82.22690829945023,24.752743427893552],[82.22956933120567,24.74945459147647],[82.22922907273224,24.745087610598816],[82.2259772756083,24.74670386762816],[82.22216910242156,24.746567043028872],[82.22240545635934,24.748212827038937],[82.21875520520294,24.750144180867593],[82.2159921715436,24.754505207618163],[82.20698803495569,24.747348085164948],[82.20697544955854,24.743224241584755],[82.20970774915708,24.742182177622123],[82.21123925903717,24.73945213746759],[82.21756924487325,24.737475803632943],[82.22015685732052,24.731164417407637],[82.21894386578562,24.728579999332297],[82.22141479695895,24.72737629109423],[82.2211988509478,24.721980923111857],[82.21979845287835,24.721623472395528],[82.21933059680366,24.72443859715678],[82.21575726209682,24.72650796180988],[82.2158974918076,24.730427460165004],[82.21380623808068,24.734264663101456],[82.20977308272934,24.733596820922507],[82.20477878751622,24.73560928378773],[82.20298395088358,24.734089160793626],[82.19677427641352,24.737906339255407],[82.19125124719716,24.73750961700393],[82.18816455323594,24.734204691831362],[82.1852845580283,24.735697517724503],[82.18126704683765,24.73249720740873],[82.17746849191265,24.732339997865253],[82.1839904611997,24.738860278404506],[82.18665439271685,24.738642552164713],[82.19751798984062,24.746780862298248],[82.19748514294224,24.74979170425951],[82.20315834352463,24.758114912392845],[82.20372016876794,24.76050312259803],[82.19544202004994,24.764181581075082],[82.19998614162643,24.768759266915712],[82.19492420057743,24.775204826044238],[82.19652458249378,24.778106778951862],[82.2043022267664,24.77614819380343],[82.2092677130084,24.77171226663581],[82.21034487567906,24.7747574813287],[82.21406083410692,24.772888169939318],[82.21786001964927,24.776710385580593],[82.2097824656325,24.777404546916248],[82.20923440347767,24.778452085098852],[82.21194005994315,24.787139326450486],[82.21504616649767,24.79022178815358],[82.21731202307143,24.790197091314514],[82.21617269608477,24.794156481576962],[82.2121720283057,24.793657822218872],[82.20634380545475,24.79613916173461],[82.20332013370057,24.792312973517475],[82.19977528097812,24.793118239103716],[82.19544302616306,24.791883512928575],[82.18427974567061,24.795648329352534],[82.18390057038246,24.798912051222725],[82.18878474920976,24.805802840656376],[82.19164312556175,24.80577445301134],[82.19816219418873,24.816288890457958],[82.20361408222445,24.819220203185083],[82.1994242085853,24.81776433198726],[82.19112646132275,24.810703880354588],[82.18482057189584,24.80972702814885],[82.17820416002809,24.810903079147113],[82.17513891424255,24.80092385142423],[82.1699806684052,24.79939077557199],[82.16667306344425,24.800890308110883],[82.16967363232592,24.79806372253215],[82.17892425135646,24.79508160518297],[82.17825579339399,24.792888013117707],[82.17135203472132,24.790606278721118],[82.16775756085919,24.791198633374897],[82.16704353675225,24.78545714571917],[82.15329455452915,24.791594638584073],[82.15094159730546,24.794637466924204],[82.1497492733103,24.791920257976845],[82.14437532939684,24.797030788986874],[82.13868400979516,24.799477909795417],[82.13558833178277,24.79741073657042],[82.13189903625083,24.791624154900475],[82.13390135406968,24.787994900168083],[82.13011390950811,24.78810336083977],[82.1295995189051,24.78564779554242],[82.12595556134556,24.78832456270573],[82.12312729831851,24.786952286124002],[82.12034346866037,24.788148442727234],[82.11563158311128,24.78445127718449],[82.11220357066456,24.800534040116688],[82.11033939307517,24.800565513056615],[82.10572496305633,24.805390267962228],[82.09767681988195,24.816163686478838],[82.07506799116686,24.821953497805097],[82.07159718387832,24.819194327427176],[82.05131783042535,24.830610217763944],[82.04879527307266,24.83073981937248],[82.04698647123064,24.828283339203356],[82.04534415775349,24.828607454230045],[82.03134701593316,24.84021810517807],[82.02403595302584,24.841215275437463],[82.01693835408454,24.846026573553985],[82.01074414411208,24.846924713618325],[82.00313131015139,24.84146134304849],[81.99227454022376,24.842251936996576],[81.98533170753119,24.83926446084232],[81.971560267426,24.838948913896036],[81.96877333049531,24.83619264531723],[81.9679418417835,24.82903417135567],[81.96528923802202,24.827054200737464],[81.96037383016218,24.836774369193773],[81.9442172003826,24.841338201697972],[81.94241876779388,24.84521187460768],[81.94359685349177,24.846592634305363],[81.93795905012486,24.849741217842972],[81.93652061199636,24.852025794656065],[81.9377033437809,24.85286489914761],[81.93274426162856,24.858752999256218],[81.93465840081912,24.868095938651916],[81.93373937307949,24.8707188512394],[81.92803606905363,24.874047653933204],[81.92552667112153,24.872215958511447],[81.92008483343719,24.874339172913793],[81.92059064333263,24.877403884925897],[81.91652324060942,24.87721546915129],[81.91464912495803,24.880732281803887],[81.90790984601726,24.881361315859554],[81.90658918870064,24.883460539134102],[81.9089353142366,24.88575304203409],[81.90497196157608,24.886792035687545],[81.90357230641338,24.890024251475083],[81.90444357881418,24.891400776981488],[81.90286006546226,24.891689944867164],[81.90576518385345,24.892705088154592],[81.90504064855936,24.895596440353515],[81.90787928712793,24.896559424144215],[81.90354958712152,24.898763113823257],[81.90645503699106,24.900279171835965],[81.90673323086149,24.904413748269974],[81.91837404048759,24.919532307229886],[81.91904809764924,24.92191543749348],[81.91757841072528,24.923292562068276],[81.91966904371634,24.928139822509706],[81.91408304170027,24.93627528307068],[81.91038537117495,24.937391089164702],[81.91090580474491,24.93943567878634],[81.90909475980962,24.942654448991615],[81.91008770093083,24.95244024285767],[81.90878103038317,24.953754024890127],[81.90906946864109,24.958177554866406],[81.9075200203031,24.959522950846967],[81.90941678427941,24.960718744601593],[81.90780028928185,24.970351537527048],[81.90410663692077,24.972216512013475],[81.90788212400759,24.980132910004503],[81.90519832355295,24.981383805676938],[81.90595142078152,24.982737797351298],[81.90301003560567,24.983753936597317],[81.90148033583085,24.986512176108825],[81.90636077407333,24.995046803265396],[81.90790756788968,25.003258943176142],[81.90707741856598,25.00621314566481],[81.89811627085598,25.01103813143995],[81.8957188757718,25.00982800655547],[81.89510968326188,25.008042473147675],[81.89913981757891,25.001440984762045],[81.90213720911943,25.000473221802327],[81.8956961717513,24.989803257931694],[81.89133811013478,24.988883323661852],[81.88993199518683,24.991871557014182],[81.89092802561429,24.995775906823308],[81.87714771105242,24.999414736584857],[81.8771368306577,24.99597196564426],[81.87421725388202,24.995189855941415],[81.8722559190031,24.99775811739389],[81.87257783747167,24.999771302145845],[81.86676299682347,25.00259304202726],[81.86554146859845,25.0011350629135],[81.8596816448124,25.003274423015277],[81.85372459007498,25.00262177928895],[81.84892456272851,25.0083298791173],[81.84883709107434,25.01201283252661],[81.83519345967453,25.017288545801563],[81.83224661274178,25.012262319651885],[81.82336145352166,25.01752474124402],[81.8197964866217,25.014423476825733],[81.81809561646274,25.01546995494561],[81.81426797858043,25.010955011709626],[81.8107024026227,25.01294470610003],[81.80496708802998,25.00598874365092],[81.80584934952167,25.005274829397287],[81.80412799597761,25.001888182418124],[81.79270958945288,25.004456226526734],[81.78028174334847,25.01959727135647],[81.75880780573914,25.026931981808044],[81.75604568836141,25.029759859920752],[81.75497565741578,25.03482801572484],[81.74582809221633,25.033483762988556],[81.74672361553654,25.037251966913878],[81.7421025379846,25.038772317147394],[81.74238270096214,25.041633773813956],[81.74024050377545,25.045029823008694],[81.73153325320243,25.04865629905927],[81.73046194036087,25.04747897318869],[81.72370552066617,25.050002219031317],[81.71901177210269,25.041763137399027],[81.7213162652168,25.042510911231837],[81.72143678499197,25.03826794252173],[81.7133395947014,25.036088269554803],[81.7071261275442,25.035243159401425],[81.68977788523519,25.038961919896522],[81.68875061948695,25.03960490655786],[81.69356874159818,25.048831808960383],[81.69154135629134,25.051461040253376],[81.68864999739537,25.051754377293637],[81.68576449910832,25.05840887534359],[81.6823417058734,25.061208780257516],[81.67799127005529,25.062054424277342],[81.67203894225285,25.05994387932015],[81.66717816633536,25.06138519090034],[81.6685842767917,25.071725791483317],[81.6665684545992,25.075125276906167],[81.66418878417389,25.07260724161657],[81.66244477781332,25.074115193372183],[81.66018400929734,25.07118634868374],[81.65239830354335,25.07077714942195],[81.65109391202157,25.06619592755942],[81.64125072021218,25.05677705869871],[81.63353567234518,25.059350496069833],[81.62748001582722,25.05246723912152],[81.61165808035618,25.056334812675818],[81.61036125444572,25.061277716569585],[81.61675192597082,25.058984777104182],[81.61728198139579,25.06111534286929],[81.60936770247012,25.06545235783968],[81.61036333584224,25.068842318977083],[81.60014702877962,25.074228282882533],[81.605441293924,25.078712878927167],[81.61171987905783,25.078774124745543],[81.61582780747847,25.080528986068504],[81.62126049133006,25.08998990976992],[81.62881432843449,25.091289902566178],[81.62872521465998,25.095090552882592],[81.6408550644318,25.098962592017184],[81.63422298864042,25.102966745781067],[81.63235438954322,25.10646947855899],[81.62867111092706,25.106997725030897],[81.63295986751942,25.11713085029281],[81.62436326782984,25.11997472309963],[81.62042814382882,25.11575538196739],[81.62399415187622,25.11200283935775],[81.61634233462544,25.107746720972926],[81.61479298240712,25.100234665858384],[81.61154671261716,25.094999391543023],[81.60825372863575,25.095973431704305],[81.61023269474877,25.1094508516725],[81.60847882937796,25.11213164057386],[81.61013377137137,25.112433504776156],[81.60631745405828,25.11665584969411],[81.6007945937252,25.11663239844991],[81.59713034861328,25.11896534736795],[81.59806169674704,25.12230110313636],[81.6000248785622,25.123141083922768],[81.59852246331751,25.123971283560333],[81.60081293822162,25.124224432888962],[81.60235440592666,25.12708639526185],[81.59770775962676,25.13125623044525],[81.6027376990921,25.136442055248708],[81.6094389828896,25.13874305148204],[81.61448735129298,25.144441114995132],[81.62064435574129,25.1402998445951],[81.62334673066107,25.14105372794167],[81.62573686735774,25.14486326095873],[81.6242366296293,25.15632882214155],[81.62623301587229,25.160751475315404],[81.62032622906152,25.162168669451287],[81.61962889385592,25.16637120942403],[81.61557957601599,25.1691240569942],[81.61204871724905,25.1641135782716],[81.60876538117382,25.164699934956698],[81.6048525048491,25.163042971949245],[81.5945811678905,25.163740753390687],[81.58849019680207,25.16578402821318],[81.59510172991955,25.177706084690435],[81.59553684599541,25.181858397287797],[81.57865082103602,25.190843424408023],[81.570346145966,25.19209308854205],[81.56350724655518,25.18679996809965],[81.55595644934967,25.18359965414409],[81.55537137480849,25.185718867922304],[81.55308982736167,25.18614300735758],[81.54657136869079,25.186012659215113],[81.54549766543228,25.184904883377765],[81.54035423011904,25.185940006691265],[81.53985116547508,25.180718256783965],[81.53448749828843,25.18064047952369],[81.5328409178137,25.18244883818368],[81.52564891581751,25.181376631218612],[81.52478385257196,25.183872102256935],[81.51860628389014,25.186061364906966],[81.51453086100804,25.183684167883122],[81.51443536021188,25.179540575482285],[81.51250789541241,25.177354490652014],[81.51466387185724,25.17359170893481],[81.51620106268322,25.174084799874088],[81.51794516246858,25.170515806416255],[81.525378887633,25.165650744329614],[81.52499287077563,25.164576243952897],[81.53090323018627,25.164863241102918],[81.5365516130123,25.160557443762517],[81.53562593504462,25.158133026267574],[81.5318338938038,25.155715891637694],[81.52992331194174,25.15088045577493],[81.52305234267527,25.148212808992866],[81.52257250576965,25.146777079059763],[81.52678207586973,25.14737578250173],[81.53105852644103,25.144959244713878],[81.52726547369716,25.138104928980365],[81.51918226837893,25.143159421677467],[81.51550445511299,25.143052697391976],[81.51393022674785,25.145651379570083],[81.51000242760966,25.14602304158746],[81.50882551600985,25.147832029086963],[81.49955148328975,25.148691092398323],[81.49620875060792,25.14048129048793],[81.49661908935161,25.12927791904577],[81.49370650596043,25.13218712962896],[81.48515592157293,25.13487934450718],[81.48000675860142,25.132206428574207],[81.48080609211766,25.12766956928342],[81.48748602116424,25.123796465347805],[81.48416226988435,25.1159630893247],[81.4885035922939,25.114375555470325],[81.49030801754385,25.10968584296703],[81.49611181071067,25.10843832484235],[81.49827380766452,25.10521419494702],[81.50297934931106,25.10705037816092],[81.5092518160195,25.105683389682227],[81.51334991148103,25.101890589864027],[81.5181787927144,25.101045571596373],[81.50667884521306,25.095548056369143],[81.50031835438658,25.09643656544599],[81.50283027029643,25.09265616678443],[81.50158456930541,25.078154648424995],[81.49955501097388,25.076837225446766],[81.49353714029169,25.08022533615994],[81.49119522785442,25.072278441849264],[81.48652799306656,25.07350072516947],[81.48164202479518,25.076864891654022],[81.46966040782499,25.07943155182502],[81.46495185682227,25.083997024498256],[81.46723011284189,25.08841528110317],[81.46484314540152,25.090143850958064],[81.45453364980627,25.09040692486362],[81.43553951153872,25.09455276442829],[81.4295004388192,25.097876577851714],[81.42353683536334,25.098410109308336],[81.41753163272328,25.102446183830533],[81.40971038782004,25.103537265155193],[81.40729231711127,25.105137344081918],[81.41472052841648,25.108061606044956],[81.43048231449272,25.10580324963153],[81.43483430798952,25.107256383954685],[81.4445301464479,25.1059572034583],[81.44763040496996,25.10711695083639],[81.44571194128959,25.109350987637736],[81.44680356234477,25.11092117969483],[81.4451556523634,25.11609472343463],[81.44351310712088,25.116296081801078],[81.44322385049773,25.119162665118623],[81.43758824440998,25.124126232789344],[81.43658997268587,25.128053841755893],[81.43828665220403,25.130572507098147],[81.42828848394014,25.130783958828097],[81.42523186826958,25.13276677004601],[81.42146385336927,25.12880205396354],[81.4146337376853,25.12842972630008],[81.40608250920575,25.131353134141822],[81.40550056349672,25.12961852015634],[81.4085685221944,25.125085660623274],[81.41424048579664,25.12103121497809],[81.39954519759203,25.119394332259237],[81.39525330138771,25.12283497860108],[81.39542736883864,25.126175127160426],[81.39328553367301,25.126247615208392],[81.39417352461957,25.129185968278204],[81.39221449302102,25.13012827412174],[81.39276228029138,25.131080042522296],[81.38534628068416,25.132212343501045],[81.38205338024605,25.13622662028114],[81.37098253549806,25.134860993425537],[81.37561026327805,25.139243552708738],[81.37544863839213,25.141738595341227],[81.36885714129876,25.143846431416165],[81.36251112322982,25.153132702526495],[81.36058063559942,25.16052585304146],[81.35464343003649,25.163771044819576],[81.35290541633717,25.161983774221678],[81.34468247088999,25.162027924921787],[81.33457383410068,25.16925194753799],[81.32235054696288,25.161946733023274],[81.31959043462486,25.15679560565936],[81.31869854049839,25.143980870273218],[81.32516174738942,25.136594230952408],[81.32397688120777,25.134575848247803],[81.32521537501523,25.122532404832413],[81.3264573165568,25.119102138195203],[81.33119999815045,25.114713800253867],[81.3213749406317,25.112805716874583],[81.32138586773883,25.118572054586057],[81.31619400514693,25.123682078037127],[81.31792113755318,25.125098254059814],[81.31557829535961,25.127669323666154],[81.31409304242841,25.135436334508828],[81.31176544913677,25.137652242981225],[81.31307842226445,25.147711414274266],[81.31229075516882,25.156043409995956],[81.31534424739718,25.15891538378313],[81.31345724810797,25.163748792946084],[81.29923278131677,25.164486838624335],[81.29661031782976,25.162697980835688],[81.2889980686723,25.161890323574767],[81.27755320586418,25.166008646403903],[81.27515060773787,25.16360915437921],[81.28170008703215,25.15207304389317],[81.27757354641714,25.14652752192856],[81.26623372361519,25.13963619911261],[81.26854151893632,25.13157639654391],[81.26825194520781,25.128114197518652],[81.26286417712045,25.125354265557974],[81.26506424198111,25.122095089350015],[81.26494460524987,25.11733749793037],[81.26155014757396,25.110216815136006],[81.25714290319561,25.111028085789822],[81.25327722076273,25.107631464533558],[81.25207464699017,25.102111558411426],[81.25502266532605,25.098557171556497],[81.25856778844141,25.097539931392774],[81.26112801844216,25.089127592771668],[81.26701156044666,25.084526738910675],[81.25951999365942,25.075752940829144],[81.26508262959666,25.073613166758914],[81.26890389842359,25.067495328403083],[81.26209856097009,25.058158780585764],[81.2639859204837,25.053092832462294],[81.2586333277279,25.048999282086974],[81.25375760384406,25.038916111616587],[81.2451332947212,25.02753494443704],[81.24160886878998,25.02554058715588],[81.23938377956047,25.019234134763543],[81.22639100543176,25.00159327047896],[81.22083485533088,24.997389027353204],[81.21307062470208,24.999993724105252],[81.21210667670667,24.995697222995844],[81.2089545997658,24.992616041717273],[81.21645816355368,24.986269778403486],[81.22090362945072,24.97760505062801],[81.22030639351722,24.97381833673336],[81.20716769705378,24.964482549062982],[81.21445654462411,24.957955969430692],[81.21465766843306,24.948517395271743],[81.21116558814032,24.946140645438742],[81.21320970726426,24.945322511515112],[81.21526501310846,24.932876646840764],[81.21733386734375,24.93239243553613],[81.21937549094785,24.935113021999275],[81.22063734005444,24.934529902213146],[81.21966757007766,24.928617443117453],[81.21390478051198,24.927560175898094],[81.21018503568519,24.924231152486236],[81.21020366854081,24.922619674174264],[81.20353262562902,24.924758371796777],[81.20165304193252,24.926894331810015],[81.19642442566906,24.924676077658717],[81.19294007268437,24.925350268351092],[81.19165406877813,24.92717441239399],[81.19762425778335,24.927943582294002],[81.2007303957789,24.93177423835562],[81.20722416155927,24.93043024424199],[81.20356738593894,24.93265750529097],[81.20100147768726,24.938003206800406],[81.19740278533659,24.938665175495593],[81.19717683658472,24.94147165332764],[81.19226278607928,24.94501274974491],[81.18884161430346,24.944720832429006],[81.18518169547797,24.952034764867246],[81.17939796528468,24.94987930699264],[81.1722367251971,24.957297906183232],[81.16804234740509,24.955227283633654],[81.1640476444395,24.94264390979135],[81.16608578078365,24.938161096210322],[81.16374409831509,24.937638157733936],[81.16381041644094,24.928312558054458],[81.16135507552937,24.927915915116053],[81.15855204887363,24.923434282279832],[81.16082281833364,24.919114085992057],[81.16022724518173,24.913553138060898],[81.1504272533544,24.91370404729726],[81.14549197835369,24.910305813806172],[81.14514487831107,24.90672188860413],[81.14167995139441,24.90324211092888],[81.13993712721675,24.896755838145083],[81.1412674611856,24.8902512964656],[81.13963412547142,24.887529583602095],[81.12250727476076,24.89967693314083],[81.11801411191539,24.90788115337559],[81.11232651313561,24.907372473548172],[81.1033850699714,24.918627639711037],[81.09632736341521,24.92119152410356],[81.09339019493133,24.928995317399277],[81.09048449982174,24.92887276916524],[81.08706262286843,24.933223187819653],[81.09007751628565,24.945484132593972],[81.08477002883856,24.949682864383266],[81.07973571996773,24.948283806380612],[81.07052634349022,24.949851399580687],[81.06627884023062,24.949032780436546],[81.06087592025933,24.951923829433582],[81.05585047326876,24.95216984914332],[81.04992548838695,24.949819780566536],[81.03350600526701,24.952599934090205],[81.0285989741972,24.94854100736167],[81.02592900510301,24.94873714391536],[81.02849422434686,24.943607548503156],[81.02563649029028,24.94475607897656],[81.02438949752188,24.943627658269776],[81.02560426412776,24.94006452194509],[81.01589955929755,24.951300129125354],[81.01356249866113,24.947770012864527],[81.02122840778377,24.939456605413888],[81.02228532152961,24.936203920037066],[81.0288768779118,24.933273330837714],[81.02469898151031,24.93310359342977],[81.02309453292071,24.927631722340337],[81.01688210511429,24.93100361303228],[81.01314364748183,24.92796004345952],[81.00955716323584,24.935830693825956],[81.00450031383787,24.937171397664827],[81.00101056916485,24.936389540571117],[80.9970010529802,24.932476207089614],[80.99641204022483,24.928064022384724],[80.98761433109931,24.9259950696728],[80.98667142164784,24.923302646715204],[80.98259876467854,24.926755932768543],[80.98588982267198,24.932517218782703],[80.97406302764607,24.934173704736278],[80.97011107011494,24.933193438099785],[80.96822748891542,24.930065294935115],[80.96481517632493,24.930136655006336],[80.9658347983084,24.926120610492664],[80.96216805228673,24.92593035222473],[80.96001508789304,24.919237575924893],[80.95723770544372,24.91786110181401],[80.95773348564899,24.92169487848748],[80.95590552453858,24.921906965773452],[80.95754671332502,24.923155355717086],[80.95656316858171,24.928621552887837],[80.95890335715191,24.938789404194985],[80.95579740870089,24.940407310467588],[80.94769660987785,24.94098187338459],[80.95432536639427,24.953480374599376],[80.95004801750768,24.964451249787956],[80.94665553702373,24.966300207843343],[80.93646476996292,24.96194777796716],[80.92899083890136,24.961181245670776],[80.89915735353114,24.94860292167712],[80.89887580624976,24.9428439744318],[80.905048857304,24.939004147653847],[80.90682475565379,24.9351775619354],[80.9046525646181,24.93804325873143],[80.90035733386745,24.93930631091654],[80.89591272586149,24.944915065028955],[80.89263553875435,24.945302972998213],[80.87933624058608,24.93957589469843],[80.87929043818468,24.93681650135747],[80.88135142138147,24.93522125758148],[80.87805963485437,24.934208389793373],[80.87401820062938,24.93581347697146],[80.8606897808762,24.92862468755504],[80.85680157318757,24.931638625845977],[80.85116738194638,24.931563117056548],[80.84781369520798,24.92984355791315],[80.84338862016953,24.9305318489397],[80.83759763428372,24.92835429126074],[80.83825384910719,24.921599234770877],[80.83582378229616,24.919554684112537],[80.82865371895582,24.918043808929134],[80.82558866720642,24.919712187369004],[80.81471780989851,24.92086484445047],[80.8121656000566,24.922525926080503],[80.8141044321377,24.927471797529215],[80.82054674691013,24.930957160075327],[80.820215549743,24.932987141626008],[80.808299172022,24.938515143134826],[80.80583727790044,24.94355111586539],[80.81004881800592,24.952699995016122],[80.80585458753765,24.953112765124846],[80.7993997493518,24.958594274486742],[80.7953483150811,24.960120645165585],[80.79228550732324,24.964920641980356],[80.79911373474852,24.968206584763124],[80.81130080900058,24.970211154700277],[80.81373236252342,24.96947003932139],[80.81387528179017,24.96745075882515],[80.81586347449948,24.96617487980165],[80.82395921131591,24.967783222349944],[80.82548011927905,24.969486363012447],[80.82620225068142,24.97654076851568],[80.83305317494067,24.981988406295653],[80.84555474398381,24.98370882182405],[80.85223412954964,24.988740901183952],[80.85515226363096,25.003996408718777],[80.84305274098313,25.0196345339412],[80.8365772379525,25.022697792140576],[80.83180807761754,25.0328839917179],[80.84014597418339,25.03342794866805],[80.84643053221555,25.044447392857187],[80.85548240887091,25.047319723429275],[80.86377602298485,25.05652866709728],[80.86968261665785,25.05887169630569],[80.87806722651683,25.065479930600382],[80.87644689211973,25.073410625852443],[80.86918147440862,25.072846221483687],[80.86763019260911,25.075346782791144],[80.8672036734105,25.07951740041615],[80.87961478929107,25.099265221685854],[80.87861359355072,25.10211345461523],[80.8746132455719,25.104158179707937],[80.87425628202745,25.10863581983223],[80.869273978425,25.112260192752373],[80.86846576236726,25.115690583101554],[80.87497018486182,25.120272183154565],[80.87628402127051,25.12377032335782],[80.87888206495484,25.125661517036065],[80.87955192518749,25.13834950439882],[80.88713319863733,25.13465246346259],[80.88865515942595,25.132526406756508],[80.89480863708849,25.13401977167861],[80.89576082344188,25.135301500761777],[80.89457129769885,25.13819045744499],[80.91293932817966,25.159094498508516],[80.90358107480846,25.159602026746406],[80.89893546965598,25.166332771934563],[80.88926024843168,25.17549667823428],[80.88878441082566,25.178132721805962],[80.88227722152006,25.183138362975193],[80.88468317844716,25.18795026010085],[80.88059564897002,25.186885247003502],[80.87951903516999,25.18127478226864],[80.8724010839976,25.178101598215896],[80.86937056708099,25.174481521058667],[80.86421152443796,25.18241627679685],[80.85709859484803,25.180944056311876],[80.856220483573,25.18229354271104],[80.84502826834523,25.185028752921166],[80.84417077520258,25.186913484968006],[80.83817537138566,25.180561302314473],[80.83929659642101,25.17994772211436],[80.83880662562066,25.176165085395947],[80.84304753704268,25.176003645542625],[80.84623783550227,25.171729866809407],[80.84913133598188,25.162612752493814],[80.84005221072898,25.156201399408488],[80.83981010308182,25.14461242646009],[80.83651326622616,25.133871207711394],[80.8380975557225,25.125191712543756],[80.84074302596225,25.123003430603575],[80.8392721164312,25.121555809242654],[80.84060157723762,25.11631184587673],[80.8424847389239,25.116004204054747],[80.84289453418684,25.112393951393862],[80.83756288205865,25.105940626227547],[80.83885009330061,25.104729358116398],[80.83594213263989,25.104687263448334],[80.83475411247328,25.106246938989667],[80.82990616809123,25.10004801164414],[80.8276937657685,25.115289511959002],[80.82440718677506,25.116142106831767],[80.82667081552688,25.12146005190885],[80.82287703963921,25.12386903939311],[80.8172644573722,25.124237113440067],[80.81598616819763,25.122417569002916],[80.81196940710025,25.12409041473091],[80.81528266785423,25.131719993377953],[80.81321353424288,25.134684651304763],[80.80831840495223,25.13693030956018],[80.80378602166155,25.137578157999847],[80.8008022647504,25.13541009010054],[80.79709765384118,25.136577226858677],[80.79445240458698,25.130444589838955],[80.79137886465642,25.13168573090206],[80.78639744948782,25.129453006746544],[80.78202242857705,25.134218320786676],[80.78316131089761,25.133924049325564],[80.784195469419,25.13695342185319],[80.77817051911406,25.142262818491],[80.77720089196941,25.136434508346372],[80.77179488448851,25.13242789940815],[80.76046612893086,25.134713421839855],[80.75894944843944,25.13331148206853],[80.75387228723459,25.13281654205175],[80.74582806340982,25.129289075777542],[80.74203235434764,25.12350759368936],[80.73677986894879,25.135369692682023],[80.73272738364916,25.1332719427635],[80.7348545547161,25.139370276697026],[80.73344634579526,25.140502983045625],[80.7326280308771,25.13872156029232],[80.73191910740428,25.139372379694947],[80.73041819683772,25.146618661912203],[80.7278590232557,25.137671919217365],[80.72337825356799,25.137218834752446],[80.72169548266535,25.135201313033342],[80.72114518280716,25.138847095883467],[80.71943796335576,25.134723482620384],[80.72014913980327,25.132206492822682],[80.71842109830192,25.130533959925074],[80.7143316428368,25.12950422613222],[80.70697341119055,25.130442892515887],[80.70441664599181,25.128385069774133],[80.7041301130606,25.122278128778255],[80.707656967138,25.117663247680262],[80.71098097623437,25.11966817226065],[80.7229931359242,25.12025135240967],[80.72410980021286,25.121595061976656],[80.72740016830014,25.11853975757449],[80.73058217710631,25.11285082809148],[80.72634209482929,25.11117012061981],[80.72326365009728,25.10508312179181],[80.72323538550516,25.094642920587532],[80.72547816705422,25.091441203798293],[80.7348455796481,25.089073049351015],[80.73641982508121,25.090532785878125],[80.73658275881253,25.094872211525416],[80.7396258799909,25.093196398475342],[80.75214052760627,25.092487389856647],[80.75373251925782,25.090218870990192],[80.75733364783959,25.09044948572884],[80.75502491916889,25.086657455899058],[80.75714755913353,25.08202821604356],[80.76870574351643,25.078939118508963],[80.76931823733504,25.077251617434758],[80.78342517843589,25.075895425066218],[80.7837804935718,25.068792154768868],[80.78752378054725,25.06171414359655],[80.78481920924663,25.061584508117473],[80.7762202622592,25.054836897386487],[80.77125724099433,25.054820261149715],[80.7663276469395,25.052769846193023],[80.76188449240769,25.055945498954454],[80.75232874981111,25.05694660178624],[80.75126534483906,25.054171485216667],[80.74254748426416,25.05382486517049],[80.74271298178729,25.05589655338982],[80.73777643387385,25.054672544158613],[80.73693252774986,25.052967043642077],[80.7343337483453,25.05595251047458],[80.73246258006635,25.063717547978626],[80.72906745224726,25.067193077480308],[80.71713636820678,25.06911069592152],[80.71925379345116,25.06719843653708],[80.71946525058085,25.064537414688512],[80.71228494554798,25.058672597646282],[80.70817453148894,25.05684352037867],[80.69757795678677,25.055623386065577],[80.69266899344076,25.053981561751662],[80.69109121044204,25.051770645292073],[80.67958674890637,25.048552389527078],[80.68118669693642,25.053047078289218],[80.680344305372,25.057973837848767],[80.67598331704427,25.055969708878866],[80.674060668113,25.06051617465624],[80.68380660381813,25.06724043425082],[80.68462861889698,25.077057196152957],[80.6775207405339,25.07780396297249],[80.67297598384846,25.082612492622644],[80.66991328388848,25.07433440657186],[80.6617391205545,25.067611538875795],[80.65884062095034,25.071046086819937],[80.65850087900819,25.08090685060472],[80.65749622834724,25.080882348639776],[80.6590952645873,25.08350423447925],[80.65519990720729,25.084961844000098],[80.65150063139255,25.08390114256167],[80.64769468782434,25.087353825311965],[80.6426714102652,25.088790452814454],[80.64260269094255,25.087312854714302],[80.64095864192029,25.087333839140364],[80.64180417758821,25.09214117355794],[80.64043413089726,25.092515916501945],[80.63949769021416,25.090830285018566],[80.6410502359433,25.089248475314896],[80.6393277469287,25.08722993556525],[80.63384761226718,25.087646548398446],[80.63414462943608,25.089852536411758],[80.62885801883621,25.09045886026284],[80.62840122371759,25.08723310849287],[80.625843806342,25.08673365287004],[80.6277846551409,25.085380905304465],[80.62724648343732,25.08329960353143],[80.62525011066903,25.084486023647315],[80.6238071962355,25.088822031987565],[80.62047849164514,25.08955995039792],[80.61580735457567,25.09378312984294],[80.6148410943167,25.092773610286322],[80.60752301466869,25.09817383786365],[80.61258032490241,25.10078977681816],[80.61880594716371,25.10020749871925],[80.62085220158312,25.1050381419285],[80.61875998486221,25.106426823213877],[80.6194907158368,25.108195817481015],[80.6248373599488,25.111088276705132],[80.62455731644718,25.115077148449146],[80.62710600579152,25.11709360271498],[80.63083279520677,25.11624530423642],[80.6323240641554,25.11316192178044],[80.635833373237,25.113216402402095],[80.6382556597394,25.116744354675156],[80.63757071230157,25.118971214947678],[80.63254963830978,25.12256980365969],[80.63474569039604,25.12870995400478],[80.62887075694695,25.13350063588378],[80.62228259799316,25.135016339534264],[80.61599201046882,25.128265984269614],[80.61133019072547,25.127931449862285],[80.61036526087143,25.136358552164292],[80.6127099526962,25.14320155920362],[80.60958563639255,25.145823702560342],[80.60862804128284,25.150003279433943],[80.60657000186524,25.15036863115794],[80.60114490248962,25.150015746701516],[80.59682208447657,25.143655150043852],[80.5977003044478,25.141263058557925],[80.59502600547393,25.127206836069544],[80.59679587972144,25.127920362950356],[80.60067356903645,25.12561457326735],[80.6017995030405,25.123105137882316],[80.60550322012602,25.122112681877407],[80.60721427718029,25.1179151550518],[80.5975624768321,25.114004726853327],[80.59513537985136,25.105197967399732],[80.59235491438396,25.10320680603517],[80.59362463722398,25.100408579008697],[80.59626698581812,25.09924459236129],[80.5937351641399,25.09451367222448],[80.59791240117795,25.09117552795889],[80.59774640508988,25.088908436976304],[80.59236326781776,25.09019823769954],[80.59697969748645,25.08194810595141],[80.59604344994116,25.079844515264895],[80.59810037365116,25.079321326194332],[80.59976506056879,25.082210424549665],[80.59792580673694,25.084430845185196],[80.59819779414708,25.087292604939055],[80.60283740394338,25.085302849265403],[80.60669327048518,25.086738773507864],[80.60625311755553,25.080171224871417],[80.6100148900629,25.079945994827572],[80.60941532389954,25.07887165829208],[80.61125915913934,25.077445512798825],[80.61402528479984,25.069975516863884],[80.61455087110627,25.06655865170967],[80.61320797419816,25.065682873577146],[80.60429228483481,25.069094221919993],[80.60354844294864,25.071924228569117],[80.59993028949562,25.073828434604987],[80.59730771641411,25.07784066599015],[80.59622760906596,25.076441191909964],[80.59538933717543,25.07941106316797],[80.58276013729335,25.082111636643024],[80.57586125647269,25.08150461892384],[80.56838478138219,25.086913867625622],[80.56669514465588,25.078043778061588],[80.5681901083753,25.07736681380856],[80.56766114081016,25.07335889151767],[80.56472756828235,25.07045791690457],[80.55225572449193,25.062830412603525],[80.54537169821282,25.06445325708995],[80.54406075887093,25.06825614587019],[80.54030831267286,25.07190574273259],[80.53344422270483,25.070163722260816],[80.52150563324011,25.076213226040867],[80.51926038671392,25.08220586755038],[80.52094180655035,25.091165775994916],[80.51815920129594,25.094712618244536],[80.50485048429191,25.099581668531947],[80.49975398505394,25.100304122792092],[80.49782532998672,25.09646226096989],[80.49313425840275,25.099634666520238],[80.49237429714712,25.098023865267162],[80.48963853094993,25.09849992339694],[80.48794161876813,25.096718291766646],[80.4876312885667,25.098839975753826],[80.48520654157878,25.097948060112287],[80.48274991697467,25.100220249281108],[80.48068152627005,25.09868705505463],[80.48161598796457,25.09593302124935],[80.47952429585978,25.0960337943593],[80.48079057905059,25.092950031590785],[80.48503275170727,25.09209839850689],[80.4868996700566,25.090187710343052],[80.48861039922579,25.090949243469492],[80.49260774323834,25.088188272318202],[80.50049582549366,25.08724654462025],[80.50674407811363,25.08401084499657],[80.50340931618331,25.07306231573463],[80.49644142588419,25.072957087602926],[80.4988472175213,25.070819657713557],[80.50186047061482,25.070700341209296],[80.50914181365926,25.05876740564203],[80.50647559772635,25.053854322850718],[80.50099265672785,25.051471055798196],[80.50068416268287,25.047814656172616],[80.50321858498384,25.045298099915144],[80.50059629307503,25.04157205772884],[80.51418029520462,25.043370365283167],[80.51513785078846,25.041908626099207],[80.53232850164721,25.037925798721574],[80.54084401939927,25.03246024978914],[80.54609556516034,25.03242706077419],[80.54818285192697,25.029936572210268],[80.54747752710522,25.024934942416],[80.54395860155851,25.019809907096604],[80.54169524230126,25.019050322614518],[80.54139465702404,25.016684934518718],[80.54439826041475,25.014064112736882],[80.5434142916666,25.01134627221664],[80.54950247977429,25.002475439651533],[80.54373187666225,25.002905676825428],[80.53862696110839,25.000442747462145],[80.53086501669198,25.001259486638236],[80.52505822315212,25.003566710245774],[80.52361439782689,25.006589955420772],[80.51764385039385,25.008792955795435],[80.514746380259,25.002968037606983],[80.50964949564379,25.00314017071988],[80.50546690015504,25.005407266327325],[80.50082174505854,25.00447809868903],[80.49932907743296,25.006223666394472],[80.49778877394455,25.005433466151068],[80.49839776523183,25.000406351820146],[80.49664788388931,24.998877602998444],[80.49753125929193,24.99565856415934],[80.49261204616855,24.98938840436306],[80.48831367221271,24.98989265818717],[80.48041602918784,24.98600757865055],[80.4783600819465,24.97934665578265],[80.47893000729874,24.973992884415857],[80.47646604076381,24.97646811859945],[80.47152785611992,24.975162316637658],[80.46526900876951,24.975775541260546],[80.45617110693054,24.981644135950503],[80.45945663669174,24.984833624607592],[80.4559447206992,24.991263167632727],[80.46415403870348,24.99517202942508],[80.46243565229481,25.002498904611773],[80.45629480853846,25.003901595841338],[80.4519034930867,24.999448806483226],[80.44757096698044,25.00156794747888],[80.44478818745284,24.994432893943458],[80.43705212260149,24.994531114169714],[80.43720709995426,24.99741529971942],[80.43567213784851,24.998269006492297],[80.4368130880909,25.001489663032352],[80.44291051087967,25.001938431796226],[80.44341694959581,25.00414093023673],[80.4538674106221,25.003133778990364],[80.4548993476098,25.00573768964169],[80.45127125250153,25.009914813222895],[80.45319542317888,25.01347068741359],[80.45247327470848,25.0151546983257],[80.44749438470414,25.014227331855594],[80.44413962717391,25.020859640123444],[80.43940491902673,25.023001258170908],[80.43555008285256,25.02156295331525],[80.43311878714619,25.023744057281807],[80.44142184614704,25.0334181668749],[80.44587805499657,25.037370203378778],[80.44769608612984,25.03693601745018],[80.44897652227795,25.040559948567868],[80.45054186720321,25.040062658833072],[80.45447720590158,25.042231756551494],[80.45638283445314,25.039346445723396],[80.46320062614973,25.03981655375508],[80.46466916412844,25.035757813978087],[80.47438052008503,25.03053831706116],[80.47842488371616,25.032607407507168],[80.48273874642409,25.031114834843745],[80.48487631010055,25.03368161817713],[80.48809340620338,25.030194605198133],[80.4897491764435,25.031344360282908],[80.49561278123856,25.029105449862023],[80.5019036499356,25.03725800363324],[80.48884390550411,25.043491577839173],[80.48652241895977,25.040541322081765],[80.48359953189228,25.040904564908946],[80.48176382191424,25.03802610110982],[80.4751742840465,25.037949389571985],[80.47416746036089,25.042766240149973],[80.47156101203875,25.04240232162852],[80.47001664906355,25.044330679429063],[80.47273816259042,25.046035135483667],[80.46976617540615,25.04720158689256],[80.4685426475313,25.06061271125403],[80.46359757101253,25.068036305007215],[80.46187788294502,25.067951546047443],[80.45708261936453,25.0633186198936],[80.45145742834418,25.062215708766253],[80.45149139005181,25.068981798151352],[80.44644275035722,25.071132815994243],[80.45273398556687,25.074745212305896],[80.44998369271323,25.07518443913096],[80.44967349097091,25.078502191450713],[80.44403313010034,25.07797676973117],[80.44324297826464,25.07415850358568],[80.43959097269847,25.07515313226736],[80.4372983481259,25.069349418975804],[80.43305947857452,25.065767189005236],[80.42891654101064,25.065655875344614],[80.42838207395928,25.0673442050692],[80.42313950506285,25.068686538904497],[80.41605433611015,25.07318430119849],[80.41620202632937,25.070268383213886],[80.41814425853379,25.06903559378986],[80.41684874596028,25.063028154525718],[80.41408722775887,25.05896199510874],[80.41451285493035,25.05732339410569],[80.40873443917033,25.0552529588181],[80.40414748412445,25.061681478411234],[80.40659600233141,25.063712184700957],[80.40532839322724,25.06772967608175],[80.40232480151465,25.06575772795422],[80.40065061940447,25.069581157676726],[80.39956424630718,25.064363439175462],[80.39229933075433,25.063822755567703],[80.39218954135526,25.058478484584672],[80.38849248797254,25.05503484344743],[80.3880312057691,25.050922847764127],[80.38100009653185,25.051871130855627],[80.37360713601673,25.055915512006504],[80.37267559474519,25.053342652729132],[80.37485583019426,25.048950800884498],[80.37051551389783,25.042672057036278],[80.37828437983352,25.040437836216302],[80.3853893835877,25.04184134814663],[80.3898626469529,25.035566869015035],[80.38764631450076,25.032485990478364],[80.38526499926019,25.03589221211007],[80.38332282903951,25.03527393113717],[80.37787912285937,25.027025330476935],[80.38696315650698,25.023957688676035],[80.38514952801692,25.01827045027278],[80.39093021381971,25.016162055452956],[80.39146478238067,25.013092630457],[80.39646760530081,25.011954559716695],[80.3939110646809,25.008366429532153],[80.38734256715377,25.004322715559272],[80.37852102931701,25.004359226460398],[80.37591084130831,25.01467323827348],[80.37749114138647,25.01955262722246],[80.37177943990932,25.020861563633453],[80.36924057094771,25.019877610651847],[80.36298123042218,25.023618959558096],[80.35743451353012,25.011580116648773],[80.35352099760496,25.013385083186158],[80.35202428666231,25.01751946955986],[80.34521812814863,25.01675537903884],[80.34169201607965,25.013450516612014],[80.3416975550917,25.011247792717548],[80.33101962177086,24.992207534574014],[80.32316238137416,24.997743399732446],[80.32065910905399,25.002841272542668],[80.31340746161786,25.00352448475334],[80.30828470013255,25.005851346967376],[80.30612804456139,25.009488454487073],[80.30023650395762,25.012834786198685],[80.29977911325597,25.01559247067681],[80.29240247333293,25.016707912410876],[80.2736503349147,25.025980991504085],[80.28789944429077,25.03812765600404],[80.28811645031394,25.04661365409823],[80.28552281017112,25.049744641133135],[80.2849251430463,25.05396914898026],[80.29056524071048,25.05954699042515],[80.29694182844855,25.0531951675171],[80.30074224737774,25.053436375989456],[80.30369646049581,25.05175421534605],[80.30292384916433,25.05110836999483],[80.30467310438115,25.050869993078894],[80.30718748257317,25.046862965897795],[80.31142521755235,25.04424237925973],[80.32121828426722,25.049929148686942],[80.33155999704184,25.047946562159442],[80.33421802033935,25.05636549367231],[80.33677904445086,25.059074447602548],[80.34050062812905,25.058619499733233],[80.34064546979052,25.05448493507146],[80.3437327907758,25.053442964479355],[80.34461424288541,25.055736141907893],[80.35064028733835,25.053069671769247],[80.35545128131781,25.05567937094357],[80.356268633242,25.057408252374188],[80.35418709389657,25.059384982249213],[80.35600042324762,25.061574409583734],[80.34911218746306,25.06243092584827],[80.34581126506951,25.06491284998011],[80.35156659861832,25.081231103525198],[80.34841905637302,25.08282389794338],[80.34845789413599,25.086660582467793],[80.35163965321047,25.08816873048934],[80.35214505347416,25.089067046912945],[80.3503705546996,25.089355627336776],[80.35136644498986,25.09135989582252],[80.35260044632263,25.0924930431199],[80.35406282185846,25.091563439417637],[80.35658126941875,25.094920988571463],[80.36002042995814,25.09393391872432],[80.36243896419758,25.09756771575924],[80.37050374866254,25.09972580650882],[80.37011205624921,25.102280560408236],[80.37476180802507,25.108712737639927],[80.376110303234,25.116368015292647],[80.37573849233456,25.117568664241816],[80.37390910829275,25.116544033288513],[80.36976943071502,25.11750984704563],[80.35474619095636,25.126427538316623],[80.35536562515884,25.128499420149577],[80.35232091845397,25.130778384597022],[80.35643604238001,25.132169212430153],[80.35387693078177,25.13596036432789],[80.35458559643806,25.138366275661717],[80.35784775023892,25.14250578113009],[80.36228064241696,25.144374936722937],[80.37350728737458,25.147404257304764],[80.3749056902858,25.14553560348204],[80.37658177682435,25.145838027560696],[80.38510686073589,25.155623455023314],[80.39023010192155,25.158403493673134],[80.4099051353267,25.1629726880205],[80.41991850308517,25.163191239416008],[80.42821859135738,25.16954382645722],[80.43169421810738,25.177626569005557],[80.42211399911429,25.197422316866557],[80.41461082070369,25.20565738521115],[80.41211764275232,25.2132499906476],[80.40776269020499,25.2180309498606],[80.4107762729802,25.22408760024098],[80.40337271414134,25.244043983324854],[80.40015729609144,25.24635101036248],[80.39628624352977,25.246437347674565],[80.3886969148868,25.237514715335905],[80.38360532404354,25.237298403491017],[80.36965521531654,25.247639202837963],[80.36924816350846,25.249679349774997],[80.36643564794835,25.250421470820772],[80.356838802936,25.26180807243767],[80.35499587229968,25.270934375849134],[80.35145542940694,25.277167139731663],[80.3482433396152,25.27845746249374],[80.32554207964725,25.278239279737633],[80.32022947449799,25.280277517034666],[80.31865964608113,25.2827097530679],[80.31323291446661,25.284016487854043],[80.31082887184932,25.286416684756738],[80.31120004045336,25.2982379959355],[80.31853519887153,25.305074643051178],[80.32139204539261,25.312333603131528],[80.31887493183052,25.322235475765993],[80.32269951813583,25.332099107698166],[80.31822147393667,25.33927401376762],[80.31241295742808,25.344078578001636],[80.30958130236253,25.35437279191374],[80.31130173513341,25.360575206822865],[80.32034025384051,25.366062896245843],[80.31658406166768,25.37762517119806],[80.31544085665395,25.3888815117971],[80.28847551591615,25.41704143839248],[80.28570719117982,25.417184193968488],[80.28509218746834,25.41547318572065],[80.2800039428495,25.42076883172041],[80.26803493642926,25.422110058004225],[80.26387319622816,25.424061295244666],[80.26130113182187,25.41608390187964],[80.25554249786269,25.409584314024666],[80.25556747012928,25.40438925359192],[80.25354350291208,25.400848965359657],[80.242945030968,25.403579764206288],[80.2362304889352,25.407904398931393],[80.23206138254879,25.402644673783023],[80.22085096565675,25.396753119442685],[80.22057810418583,25.39794154814315],[80.20620742490408,25.404475462049454],[80.20550334604562,25.406827397966836],[80.20758865831527,25.41136687669821],[80.20240207242732,25.414046185483503],[80.19588456237739,25.401921538776215],[80.19729021379462,25.40084212950086],[80.19590278470294,25.39910959278846],[80.19657787941874,25.381176934959893],[80.19489177396979,25.37804532307226],[80.18903481760613,25.379253061751992],[80.1821326525448,25.376809497837264],[80.1689917138864,25.376868070331636],[80.16724818093795,25.363902699576155],[80.1634094030478,25.363140432115767],[80.15811133623312,25.359055789511167],[80.14876707052917,25.357058006494356],[80.14180680872344,25.35066768722122],[80.13112652720646,25.334238993121065],[80.1266120949501,25.340269225838323],[80.11886384984176,25.343297658083873],[80.11739873085104,25.34152825372921],[80.10681841924877,25.348816674143222],[80.10531840250586,25.348554681274567],[80.10355947153515,25.35142222537445],[80.10115779328372,25.350857203623683],[80.08897202518206,25.35580866240135],[80.08191745644119,25.344409981870683],[80.0726598916369,25.33684434440297],[80.07164110688329,25.338380843736473],[80.06717308967934,25.33941952914809],[80.0649262234907,25.33821347170871],[80.06152794168662,25.34026342332358],[80.04218891862196,25.33810746091513],[80.03929983336198,25.33957722345303],[80.03799161232214,25.3388746398008],[80.03347951299055,25.34206063483671],[80.02762031353362,25.336836890310888],[80.02759471693793,25.334643333468996],[80.02597809707451,25.334764077928178],[80.02653027171675,25.330557808764958],[80.02420185287333,25.329556416625085],[80.02461793813988,25.32781902361023],[80.022616121581,25.32540051962109],[80.01955772185626,25.324558841653808],[80.01854245939688,25.321382768219394],[80.01898068005035,25.317038816997993],[80.0242660842128,25.3118180855126],[80.02094217393109,25.305343240761207],[80.02265682514481,25.30343520129056],[80.02231660440063,25.29760788577287],[80.01915776224735,25.298989074621346],[80.0121849967912,25.2955624912105],[80.0105916639549,25.292480699017805],[80.00800309031031,25.29187612229349],[80.00455153930818,25.287892326475582],[80.00206820419741,25.288957733375327],[79.9987354580866,25.285569677296436],[79.99856990127469,25.277591705158535],[80.00130145976308,25.276350547983476],[80.00146764180244,25.273981023539267],[80.00704605574931,25.272618055670865],[80.00451489972271,25.269634679756884],[80.00481639050173,25.267235037155736],[79.99773865690463,25.26715671242133],[79.99707719951316,25.265934099131144],[79.98666473452846,25.267391134061658],[79.98077780767197,25.26184362823249],[79.96848173992817,25.266545973540925],[79.9604935036035,25.26423077478956],[79.95324683373238,25.264532618171767],[79.94833028591042,25.2686605782976],[79.93879918859368,25.257999255841995],[79.93657337711868,25.25371218739602],[79.93658504892915,25.247472784507078],[79.9276030504231,25.24963371312651],[79.92313839830821,25.24232762114435],[79.92202272306466,25.231847244258567],[79.91753500490823,25.22678881333385],[79.91846673392766,25.237531014663645],[79.91652388907218,25.244631481057088],[79.90748819646498,25.250898638748577],[79.90502606608648,25.249025984959918],[79.9020761783565,25.2407981256466],[79.89630988356458,25.24255483639314],[79.89292008455176,25.241517104472724],[79.8778834140813,25.25103277991365],[79.87235464013868,25.242736657363377],[79.86808673524068,25.240782092460005],[79.86452388836479,25.236353991837163],[79.85731855357315,25.234728318049335],[79.8513684401179,25.235616599426965],[79.85115171616573,25.22702261725306],[79.85274492233955,25.225100062806575],[79.86033220102705,25.22221236597387],[79.86857921862888,25.216494213866042],[79.86575609216865,25.215302367440163],[79.86704126872651,25.213555743103683],[79.86585062637756,25.211781738452665],[79.86348889261353,25.212494750245572],[79.86177794156049,25.204807831405198],[79.85599978092198,25.193996846022134],[79.85892674184927,25.193536852533455],[79.86507355131744,25.188003713980205],[79.86543623443531,25.180050605436808],[79.86314988818826,25.177103006731752],[79.87012886279966,25.172273784604297],[79.86560134298789,25.161057005049937],[79.8664550757828,25.149827050258136],[79.86914293752082,25.147674165450393],[79.87340270458068,25.149010319930028],[79.88152998573828,25.142054696387273],[79.87973491913695,25.141449921440294],[79.87491012523812,25.143386334080404],[79.86881598758832,25.140542475282377],[79.8661433136668,25.141065941587744],[79.85161675512367,25.128556734777472],[79.852767611987,25.125641097934384],[79.85179157266785,25.121718511055636],[79.8468300318266,25.11598514900422],[79.8480062139944,25.110541881884373],[79.85038580177466,25.110235303319833],[79.84983112622271,25.10759920204929],[79.85325197999492,25.10583497815465],[79.85249402737229,25.102882863520964],[79.85426862226659,25.103388624267545],[79.86153151032184,25.09621722017744],[79.84504068659531,25.094039089775173],[79.82870129546947,25.09932932070656],[79.8265670456781,25.106270696454466],[79.82396863009126,25.108255917059545],[79.8083323108124,25.110036951942643],[79.80487529086689,25.113100145757805],[79.7726216345268,25.125110206599523],[79.76733787338298,25.129128150517538],[79.76364819696538,25.130055162959387],[79.76199323880229,25.13427874344351],[79.74850031416442,25.13967515734274],[79.73977407051132,25.135348928758255],[79.73556077150451,25.131294286170423],[79.71717367338344,25.128769947527143],[79.71377313770635,25.129783104566812],[79.71166517801008,25.128773264956752],[79.69280688657308,25.13323799220356],[79.6879771465503,25.132675811653097],[79.68327786526298,25.13515576928514],[79.67825848010392,25.13177685512715],[79.67630567383027,25.12450947128699],[79.67311224114867,25.120462696748056],[79.67061431649934,25.122593929646683],[79.65972255000491,25.124989038243406],[79.64945049259742,25.129752929947983],[79.64146268566746,25.126898185522784],[79.63599535738862,25.130383256033625],[79.6364404321877,25.131555396125087],[79.62902294946194,25.133979595006945],[79.62267613818062,25.14052890920484],[79.62151092354412,25.140388993592822],[79.62142178102351,25.135058248906965],[79.61466865365435,25.132670165127415],[79.6082631266894,25.12811970192761],[79.6001318794698,25.127807038419032],[79.59914444412297,25.131232743779215],[79.6001496831804,25.13770563595932],[79.60253455215626,25.138662937883087],[79.6024596290683,25.14166453479601],[79.60529073436493,25.14380898218009],[79.60758591194953,25.148684091885055],[79.60600402095501,25.14909464378347],[79.60648453788532,25.15240775365967],[79.60299867393432,25.149884072710698],[79.59952871285878,25.143668115635617],[79.59594857071872,25.143297305998352],[79.59340400733649,25.145910219324218],[79.59373066621487,25.148586918149174],[79.58945611917362,25.14848208026966],[79.58150099924191,25.15114749395945],[79.57712913501102,25.158855435972015],[79.57817004976165,25.160264127753774],[79.57604677289146,25.161856713522084],[79.5773598762749,25.164890332884813],[79.5753937668502,25.170035253256433],[79.56919323722974,25.171824951379204],[79.56852535957891,25.169094940091703],[79.56472488405586,25.170694776461442],[79.56039033135028,25.16997519952728],[79.56014195525907,25.16761327383712],[79.55565783305869,25.162651801770696],[79.5516169045852,25.160948188912144],[79.54630816937822,25.148735872417255],[79.54179927254063,25.143154460350193],[79.53887536049538,25.140598033404256],[79.53487754666395,25.142234071691274],[79.5337490434782,25.13949802196243],[79.5319959452686,25.139123287229182],[79.5334876328322,25.13749830387235],[79.53188099414992,25.13697663091741],[79.53318305364522,25.13374722602745],[79.52886129564423,25.1313070383694],[79.52331777855123,25.13155603454698],[79.52222996545453,25.127948859370015],[79.51802148860413,25.12681746799903],[79.52115066659012,25.125111733199677],[79.51877283052465,25.117921401710976],[79.5239121937747,25.107958784858692],[79.52588139160733,25.100390596139448],[79.52498167764634,25.097388366805934],[79.52041835727559,25.097504588764863],[79.51897594949185,25.094987399450762],[79.51015118760155,25.096858450186456],[79.50542869294897,25.09538769682342],[79.50348241563081,25.093652827865665],[79.50005768023824,25.083471528730474],[79.49529424666322,25.083467341150836],[79.49150789265644,25.079616926744006],[79.48270075391535,25.079683749484694],[79.480911246089,25.081507073582955],[79.47729321840015,25.08176383211893],[79.4753940478372,25.086083143816285],[79.47248928248392,25.08772113714342],[79.46878202334125,25.086948538047128],[79.46511883285147,25.088030921456156],[79.4682746036648,25.094319326359624],[79.46993197290611,25.10717931474471],[79.47724026990066,25.12748784816405],[79.47149866620266,25.12814586982576],[79.46972943874215,25.124638338215064],[79.45967626304018,25.119779067530445],[79.45229827115261,25.108835583152477],[79.44633138884596,25.104789214548955],[79.44146887379004,25.10390706639626],[79.44017624930018,25.101437549241627],[79.43737891526834,25.104537300465363],[79.4373563936059,25.109813904784286],[79.42625620808404,25.11905278029536],[79.42235116596696,25.116505008304273],[79.41964284689497,25.111087098070357],[79.41457258834475,25.10936898383099],[79.41195941253945,25.110297226391964],[79.40533943256338,25.106230769334037],[79.39330362921523,25.117208872194535],[79.39615488641863,25.128355294952375],[79.38764981876827,25.130344032148244],[79.3907638251074,25.141228910982814],[79.38397896295417,25.142794530601677],[79.39014618034896,25.166545731702268],[79.39249003674053,25.168921697914858],[79.39027695888466,25.170120733324936],[79.39344856250487,25.173183305312794],[79.40307832358589,25.176340580610173],[79.41180844167279,25.182642661743994],[79.4116540760727,25.190428675514227],[79.40843143287299,25.194737212954305],[79.41112402334268,25.196282556932378],[79.41222007309217,25.20025347062401],[79.41537836008662,25.19936799780229],[79.42123657858326,25.200364272335694],[79.42540516215018,25.19835334676454],[79.43008308150006,25.198825108064455],[79.43824988583522,25.196788588337828],[79.44042166723918,25.198865852677475],[79.44895289562723,25.21494220614256],[79.43556037928191,25.216949962804467],[79.43379358805247,25.21769394238985],[79.43284440566536,25.220573223885804],[79.44696049251418,25.244542073564872],[79.450926051437,25.2438618368623],[79.45340587862658,25.247888896531855],[79.45620018892915,25.247460995091163],[79.45705339081971,25.24864832328287],[79.46220987595909,25.256375829622307],[79.46247889264059,25.264658163838135],[79.47560970908238,25.260980325295023],[79.47634772808888,25.26508269909846],[79.49306739134583,25.262059897190323],[79.4945115454545,25.266865769486657],[79.48802883164707,25.266834668592903],[79.48185055868606,25.268590499952577],[79.48150013487687,25.270865631064837],[79.47844906450656,25.27299369645608],[79.47929243613294,25.278439211838037],[79.46721351095627,25.2833011063605],[79.46650092325544,25.279749319752096],[79.46115636503154,25.282523889181434],[79.45862262814514,25.279803565065336],[79.45988991385578,25.274670839394076],[79.46289598222363,25.271649526444737],[79.45742855782507,25.268524723836038],[79.4553787900946,25.269049428907223],[79.45012834387143,25.263076120861594],[79.4367224246621,25.254668745211205],[79.42589209394991,25.25354443438442],[79.40874002034276,25.256090306673677],[79.40678002485187,25.25805869337994],[79.40850329360411,25.26163768297116],[79.40761321407456,25.2739194297606],[79.3945691227869,25.28275476483458],[79.39205173344203,25.279572922608246],[79.38904337167526,25.279541642206034],[79.38664584903033,25.281518791619146],[79.38765902200836,25.285793107788347],[79.36860993109993,25.292441908265694],[79.36728992775683,25.28114423156186],[79.37002529061046,25.279776788851997],[79.36968782140599,25.277483831504053],[79.37312312727447,25.275051121910284],[79.37238846437387,25.272952235021986],[79.37389254868836,25.272505392127698],[79.37020957729604,25.265531798495257],[79.36992770751945,25.25997657177829],[79.36289841018416,25.26169925698507],[79.35527872746772,25.265905063879693],[79.35477688363423,25.268838776871338],[79.35852850967048,25.27679234772893],[79.35675106262512,25.278678831486832],[79.35830911143367,25.284239789621488],[79.35192993564927,25.283340622950316],[79.33614653161574,25.288099075152836],[79.34096401053318,25.299551281534022],[79.34658321428218,25.30508168897952],[79.34153292438243,25.30721560050522],[79.34153205211828,25.310262249573338],[79.33967472328459,25.311241287284897],[79.3413310621583,25.318928328648994],[79.34467706560606,25.323013862561844],[79.34695175711065,25.32197173637634],[79.35218446879345,25.329839804950417],[79.34444139169298,25.332320796868437],[79.34209315960769,25.329007325650345],[79.33902895137632,25.32923227885949],[79.33097758504674,25.331847869278434],[79.32694877574475,25.33474879600491],[79.30878663283883,25.333969856233278],[79.2998298500428,25.337657564337036],[79.2982732214707,25.33293999925497],[79.2991598568595,25.328779016199768],[79.29568187293016,25.323645129234844],[79.2880631469195,25.32471952881249],[79.28335162069655,25.323024017394747],[79.27895097444394,25.323978095304334],[79.27833321020957,25.32015469838154],[79.27052084605123,25.309718337488004],[79.26753376088195,25.284625093553814],[79.26282283293696,25.27339612670317],[79.26446992994299,25.26894696040823],[79.27354573771755,25.26061243108057],[79.27516675303764,25.26322238823227],[79.28257825028865,25.26206277960397],[79.28929143945862,25.27274613720386],[79.28783625493661,25.273702121844277],[79.29002822956981,25.28031885168649],[79.29379147621259,25.283585922807326],[79.2957232637052,25.282625524201265],[79.29532732136225,25.280860553071495],[79.29834589248225,25.280343100768306],[79.30291666617492,25.27429262873527],[79.30336116874719,25.269634860911953],[79.30991219673702,25.262623751401534],[79.31039016604518,25.25989320292181],[79.3165169314044,25.255959953030075],[79.32005099266534,25.25544674523363],[79.32203568194505,25.256824152032923],[79.32624519275633,25.255512153896298],[79.32850790792153,25.256885073661127],[79.3351776761239,25.269750759475386],[79.33801432133089,25.268081639700892],[79.3433501524218,25.268958554397024],[79.35086134919464,25.263922836086753],[79.34861442820878,25.256741266039374],[79.34515618745274,25.251780132336222],[79.34544821987015,25.23462560119603],[79.34386962299779,25.22727566073676],[79.339027357765,25.226683704669696],[79.33750115782651,25.22880792028161],[79.33451783480166,25.2296035353164],[79.33297179197685,25.22795423578319],[79.33533927675533,25.22387210804928],[79.34467131728657,25.217265272310346],[79.34798605217595,25.212989783002318],[79.35209522206831,25.212195131299783],[79.34934843983078,25.206527647508892],[79.33845972671,25.197980763176282],[79.32831298877623,25.209826596332142],[79.32951624257343,25.211479994053136],[79.32794159289843,25.21281426175534],[79.32869374060773,25.221341411293956],[79.32473339281184,25.21842537101122],[79.3105356940195,25.222957505558462],[79.30699968700766,25.224925361120157],[79.30812991495878,25.23198614151052],[79.30527090978609,25.232388624753224],[79.29946287028294,25.23975158282483],[79.29385370969884,25.240542683223016],[79.28500571468034,25.245941844119873],[79.27936515528212,25.244710334645372],[79.28324656991057,25.23880770376979],[79.2861565221363,25.22638598324749],[79.28199778590152,25.20990959965564],[79.28236804002059,25.19981310601759],[79.28467035921174,25.191069032841465],[79.29221243197921,25.184155957547592],[79.29901091438876,25.19157234082571],[79.30151502304047,25.201374861257044],[79.30847042945207,25.198215536073764],[79.31016220327045,25.182126492752467],[79.30874336458487,25.179073478236926],[79.3044196275953,25.178133416078797],[79.31003277490265,25.172846242820153],[79.31395827794697,25.1615264593201],[79.32319565850513,25.14976411614211],[79.31527437272025,25.147111430918535],[79.31364479555721,25.136091449909525],[79.31124020586593,25.135880815736712],[79.3069863416358,25.12927169004628],[79.29657464920224,25.1320065432404],[79.29241217507754,25.130529281920595],[79.2867631849904,25.131405937808196],[79.28811754080827,25.128085786533983],[79.28297520862621,25.117290587565364],[79.27809641070742,25.11750893851157],[79.2776357339685,25.12003144472552],[79.27286171823941,25.122542813097496],[79.27056007368306,25.120535118237036],[79.2683830838471,25.120811557581796],[79.26004031032754,25.12521718730842],[79.26415455390463,25.12829308173608],[79.2649965780581,25.13393200382654],[79.26886558874914,25.13842930673614],[79.26375385947382,25.140714084975922],[79.26649062459762,25.146130388610796],[79.26467902360515,25.15216681024019],[79.26046188160556,25.153157559173373],[79.26019029214906,25.14750142303739],[79.25464399656687,25.14362407457891],[79.24589070913215,25.133524828026157],[79.24329657671257,25.122323938409377],[79.24811921824795,25.115960213212663],[79.244914322165,25.113678848597132],[79.24038754885325,25.113073051429293],[79.22735156126782,25.12180748817485],[79.22248247323895,25.11495439054724],[79.21832162057336,25.113074888898364],[79.21714489851807,25.110705895756578],[79.21254639742583,25.113457481240626],[79.21359766166685,25.12066523378042],[79.20384381899059,25.12560871983301],[79.20523442632177,25.12914673668875],[79.2024550289512,25.132510828571835],[79.20430432684624,25.139916924004744],[79.19604496190081,25.142836870740844],[79.19224789638258,25.14624756117527],[79.19033771247422,25.1433133398242],[79.1863212666855,25.1440564338203],[79.1849469152677,25.141979551215865],[79.18315252599612,25.14335238145349],[79.18163922856007,25.141443644269003],[79.1773154143154,25.14164381097676],[79.17617914429567,25.140059934458613],[79.17726911604397,25.1377621078217],[79.17462236660322,25.128207477209557],[79.18728937657563,25.126379228480168],[79.18544715021852,25.120656608216112],[79.18599455570485,25.11493293746833],[79.18134013807946,25.116478448305575],[79.17790410277897,25.115581484137696],[79.17545378434815,25.109202574255296],[79.17315671041996,25.108094780264995],[79.16886885753276,25.108845366244857],[79.16579484778332,25.107464967995583],[79.16429330210784,25.109072254540692],[79.16225540112227,25.107641973306702],[79.1612694327243,25.109199373427554],[79.15931077392658,25.10771480422896],[79.15767599551802,25.111709841870667],[79.14386498911612,25.11513350795132],[79.14015593154627,25.108855283551975],[79.13095015192317,25.109420144120893],[79.1239751828996,25.111045125162725],[79.123469429598,25.115418911615965],[79.12871002579408,25.12514149173229],[79.13208648123172,25.127375595979668],[79.12121820119036,25.134516356103497],[79.11595692218319,25.139914438802506],[79.12594660136762,25.16129342889848],[79.11312823065975,25.164780169682828],[79.11019176196349,25.167623520529926],[79.09580191353187,25.174969522352207],[79.09456148654988,25.176892145805354],[79.09540327714137,25.182728508547612],[79.09058448309035,25.191073181778755],[79.08810527663661,25.187217886671917],[79.08857728652117,25.184613597280226],[79.08136093748585,25.1816099736351],[79.07673082198383,25.17455818438834],[79.07470771984423,25.173099545259397],[79.0738344657599,25.173902685266352],[79.07144034503496,25.17046687662309],[79.07024656487074,25.15573830353408],[79.06775983682314,25.14961676179373],[79.06298997131069,25.14825163193999],[79.06124607095131,25.14515903728398],[79.05559007580153,25.14159510706014],[79.05547727974123,25.139266010731014],[79.05280013580285,25.138434152776714],[79.05080438377043,25.13425340963581],[79.03528277216685,25.136916870760068],[79.03100252801008,25.138390143987536],[79.02937931720747,25.140555657520288],[79.0293618629415,25.143918323475766],[79.03340172331811,25.15271359701939],[79.03237704651454,25.15676178442098],[79.036827038124,25.161571541158114],[79.03179117876097,25.164263077846403],[79.03681337385022,25.166866119881938],[79.03999451847704,25.17116958715486],[79.0343428253592,25.17436179761794],[79.03464753570019,25.178252844773525],[79.03152579845974,25.180615992679563],[79.03094709207559,25.184926209537867],[79.04218429852601,25.196966508625028],[79.04445803871471,25.202004987942008],[79.04868214714935,25.206358450917513],[79.05228321105238,25.207709907928933],[79.05397346042972,25.201951293927134],[79.04854120417622,25.19372011807401],[79.0520172702024,25.187696137418456],[79.05962021730511,25.19067429462608],[79.06204449806742,25.193591194046046],[79.06093721758022,25.195445859594113],[79.06200189097348,25.19930542983139],[79.06427382824339,25.19973976026003],[79.06409901788572,25.201955846458745],[79.06237826980616,25.200546853776935],[79.06027437408827,25.20134041595639],[79.06190864944026,25.20692002199345],[79.06052290828295,25.209907461300332],[79.0630001402397,25.21213279992677],[79.06363762608783,25.222023396105943],[79.03347005097524,25.23406806088747],[79.0367883710409,25.236964945100436],[79.03993983443245,25.242941241990604],[79.03794912464369,25.243806709335274],[79.0284228422969,25.240862274622785],[79.02608416020139,25.242485609959637],[79.02479993136615,25.241135217786105],[79.02223408330157,25.241313972714302],[79.02134705175575,25.245646375026013],[79.01794896758105,25.249539249946526],[79.0242867579803,25.257205378453296],[79.02560072194976,25.261241630160185],[79.02093304878402,25.26456230691175],[79.02252073031885,25.26864696800003],[79.01322040301208,25.27404900378575],[79.01213225933539,25.27252986697556],[78.99437343304261,25.27316212282614],[78.99493327300914,25.26707730312027],[78.98682481964153,25.264136147486212],[78.98522195118854,25.25915430251634],[78.9799468219563,25.254522604842432],[78.97484299605885,25.240491595811427],[78.97471638480778,25.237291608773706],[78.97608052327911,25.23666322498088],[78.98061410761734,25.239941562772565],[78.98459881053716,25.239582102545672],[78.98288701596604,25.234252709369112],[78.99466074660981,25.232217135200603],[78.9993978478689,25.234381205155195],[79.0011849715665,25.233696612144126],[78.99923203234222,25.231510411587895],[79.00251073131395,25.227951912464672],[79.00102406353618,25.221049324103873],[79.00741867058053,25.211995625768022],[79.00612854340716,25.212188738298238],[79.00536451188495,25.207078614371902],[79.00587222890378,25.19504564799271],[78.99277074784588,25.196858700766082],[78.98059427461249,25.205506957014144],[78.98059934919553,25.21146043294539],[78.97599549863575,25.211937560366557],[78.97029326719834,25.216436884488516],[78.96497981314114,25.217175801619504],[78.96310982884177,25.211056504470015],[78.95778039645063,25.2171800179344],[78.95384692714636,25.21895601787509],[78.95156558451545,25.2128321378473],[78.94654046630824,25.21429256139694],[78.93528568162435,25.210695505665864],[78.9343187808666,25.211891998138913],[78.92521136856374,25.204452277643828],[78.92104748947395,25.200693686518175],[78.92150285447461,25.19797638362957],[78.91019072313959,25.183243282436916],[78.91189324080878,25.180836083877278],[78.90981409816854,25.17800197730972],[78.90281458267984,25.174581993603244],[78.90296239417165,25.170357147732386],[78.8980617752763,25.16861569925238],[78.89027886148622,25.16065452015219],[78.88770496182178,25.161002289648884],[78.88190711999368,25.156890656339435],[78.88039457354924,25.1576128896397],[78.87868396205933,25.166933620155106],[78.87994384116048,25.171099719294393],[78.8743441811588,25.172354552555788],[78.87285122158082,25.175703757143157],[78.87344132758588,25.18391405906909],[78.87265263820746,25.186486877781014],[78.87063369616595,25.187023978531087],[78.87398197414807,25.191361708969897],[78.88282735956064,25.19793801625766],[78.88679686478253,25.206035301525826],[78.88634573713503,25.209993791167754],[78.89058345774117,25.21442136191291],[78.87721707787905,25.223738223777065],[78.8703544782161,25.226423714290572],[78.8695305793701,25.231104310938935],[78.87175841924103,25.239219988253932],[78.87711329910755,25.245069738265517],[78.88092018321184,25.254008285215736],[78.885808931769,25.25375077116525],[78.8933814250853,25.244703164957638],[78.89975335775353,25.243127037288563],[78.90238927980013,25.245888917822747],[78.90384492246294,25.252471124862158],[78.90841219811591,25.256469290618693],[78.91233215945323,25.269232902357928],[78.91702446622071,25.273582802278998],[78.92014192837874,25.27358194608519],[78.92924921401915,25.269814615336657],[78.93292928205648,25.263300068837115],[78.93759319577276,25.259691782787385],[78.94514247841867,25.259417691113608],[78.94732279112287,25.261786316179165],[78.95459409818898,25.26135385489507],[78.95391431606403,25.26933874758155],[78.9486754796676,25.274175523333874],[78.95551161136903,25.282756981510346],[78.97352781846546,25.277158295364323],[78.97753852042626,25.276726838432733],[78.97992329957057,25.279045152772582],[78.97686855958231,25.282915404273695],[78.97560694044446,25.288134035190005],[78.96889829585152,25.292593352944515],[78.96386400584527,25.29935776615469],[78.95742622756501,25.30223662171263],[78.96028484286887,25.307366990993952],[78.95747543458133,25.31624685424043],[78.95726786266523,25.324940118267456],[78.96150719844229,25.34345245792503],[78.96061431706731,25.345082399987593],[78.95770420314484,25.345900959249107],[78.95318079941372,25.340469017447095],[78.94771339926967,25.34213277994189],[78.94631286285964,25.333896146555087],[78.93773725769657,25.327179247341984],[78.93276744965975,25.326876578222173],[78.93213463954268,25.324880335119627],[78.92793267907135,25.32412728952379],[78.92672223605695,25.32724206936493],[78.93005564871771,25.329502221184338],[78.93221407217337,25.335942363450492],[78.92254190971259,25.342896629831277],[78.92090814729865,25.343587709631453],[78.91619157613702,25.33494098338413],[78.91389209472389,25.33497319131152],[78.91184015935866,25.33255898005027],[78.89601346371491,25.33970238532657],[78.8926607884795,25.338642148234307],[78.88656716286943,25.34339094978782],[78.88200256509434,25.343634918404547],[78.88036799509491,25.332111833169954],[78.88125164178878,25.32492163588655],[78.86757209304895,25.325540011363497],[78.86502935234843,25.31702881595028],[78.86270517445148,25.31445922741447],[78.86405626309667,25.310205442772066],[78.874420951183,25.308664420629057],[78.87103397467679,25.30334745406027],[78.87176691460867,25.299453560667356],[78.8798848326261,25.28575381049186],[78.87497430890645,25.27837737663355],[78.8728049125296,25.280422006709337],[78.86660449430022,25.280385648135645],[78.86499737501924,25.264696140525647],[78.85993027045402,25.257699517484404],[78.85628734416039,25.256647427467012],[78.85563785771842,25.25253093965367],[78.85750934220432,25.24966336407206],[78.8573760861151,25.243971718891764],[78.85392247078447,25.24106889539453],[78.85213665772889,25.23731778330325],[78.85216764691125,25.230813666019948],[78.849652134147,25.228782096600355],[78.84279962076802,25.227688368705966],[78.83513805859303,25.24291100600573],[78.83273782752752,25.252516901814328],[78.8229041713349,25.256196775125858],[78.81808191248179,25.26258628262922],[78.81865114702958,25.26354890006839],[78.80945583367782,25.270530136462348],[78.81087785958609,25.275582475180688],[78.8137411622991,25.277619312838105],[78.81292582799102,25.280056393019436],[78.81807732478565,25.283123262052758],[78.81740333409932,25.291103060917393],[78.82042964151054,25.29609174855281],[78.8184472950371,25.29894812398646],[78.82098832714193,25.301350328567683],[78.82779557082044,25.301406907247717],[78.82856459158575,25.30273410851848],[78.82272883366616,25.306794331992936],[78.81715271132157,25.30667938569373],[78.80458762420133,25.292811786841174],[78.79881167162178,25.289167144330154],[78.79392514549664,25.291163969400355],[78.79117138604431,25.295888197243922],[78.78778032220356,25.296003516821308],[78.79337264656262,25.30995558169689],[78.79823513916065,25.313932952579567],[78.81033467348661,25.307809435430674],[78.81437127028379,25.308510756273606],[78.81929766633617,25.30693755891991],[78.81718647180658,25.308769213078445],[78.82128672771638,25.311506008288834],[78.8218955662901,25.316101108804286],[78.83444659657279,25.32321860903255],[78.8393605213141,25.331795765604003],[78.84207187489511,25.332613427445356],[78.84261226543742,25.336549316754716],[78.84715655769386,25.336776047007913],[78.84615568444868,25.326976787581728],[78.8499382260054,25.33493500361597],[78.84483091015309,25.34201576688077],[78.84129934890358,25.342642414798796],[78.84104049755787,25.344966826753378],[78.84359231483599,25.349462887399866],[78.84731246839625,25.350510901179135],[78.84574159164542,25.355552251858487],[78.85161268659331,25.35745356194757],[78.85700655873308,25.36291576356084],[78.85952513654907,25.363114638656292],[78.85833767243962,25.36440089810196],[78.86153634409595,25.369370686839158],[78.86287246950346,25.37117169456047],[78.86786033277922,25.37244037605323],[78.87177992041737,25.38094868666418],[78.87463677143002,25.379693895255844],[78.88144846715907,25.382257571929955],[78.88024132724998,25.38589102650679],[78.91376389255642,25.38425243134015],[78.91775288313512,25.396207749281242],[78.92968840485315,25.39589243195346],[78.93165791889274,25.399881714271906],[78.93506141990859,25.398973172195735],[78.93474149929322,25.395177430034106],[78.9359737282499,25.3951272712581],[78.94019526840115,25.400374690221966],[78.94423953321758,25.399280639285728],[78.95309733873732,25.400089490479232],[78.95375488755899,25.398085203548995],[78.95648533123811,25.397273712101043],[78.95754811816927,25.393681620139816],[78.95237218180904,25.388543437130625],[78.95103133665302,25.389690550359155],[78.94736649056821,25.38488096068332],[78.94540436786673,25.38560852511819],[78.94211857579751,25.382942574304415],[78.93829355740257,25.37482431046926],[78.92856746638034,25.37833508185411],[78.9286080828076,25.380212779179],[78.92102631438605,25.38001665600346],[78.91593420521488,25.381439919509315],[78.9125841827045,25.377116724319595],[78.899075662415,25.37769271586531],[78.89641692855004,25.374109284428304],[78.89657057459962,25.371856970028464],[78.89967992497064,25.368611309396705],[78.9013376319785,25.36161496063851],[78.90502798033593,25.359479439668736],[78.91452534591375,25.35762220292884],[78.9232486071601,25.358793205950633],[78.923823244176,25.354830074437665],[78.9269462947534,25.351678557000486],[78.93871111410957,25.346975458388716],[78.94492681178357,25.35041654337342],[78.95046668620816,25.36064609972624],[78.95181282064456,25.360672522002478],[78.9591972291982,25.37152817055887],[78.96353737571302,25.368903227983672],[78.96540164043901,25.370675951674194],[78.97523439741806,25.36606590687074],[78.97896328889107,25.36953880307866],[78.98160128065608,25.369536937827345],[78.98933064407547,25.37404025811137],[78.98610017115975,25.378140929505985],[78.98749916336575,25.38129486943456],[78.97503762235336,25.38640857717231],[78.9699278226593,25.39011309895152],[78.97329501916126,25.394182109303877],[78.97379490197248,25.397891890396327],[78.97203920493678,25.402980084689787],[78.96841868082976,25.404643012522133],[78.97633767141906,25.419956850286383],[78.97000348595905,25.423147567584497],[78.96974179054712,25.431660314535137],[78.96723073252836,25.43435864631833],[78.96029676620765,25.43715445998692],[78.95800247975178,25.44028355033502],[78.95348314898216,25.439013183370665],[78.95088444773103,25.4406123141509],[78.95039525577002,25.437340249329264],[78.94677575843735,25.435933857070857],[78.93826377735255,25.4222481765057],[78.93237013648768,25.42398822143158],[78.93151196960852,25.42756327423833],[78.93264152112826,25.430298013734554],[78.92165273927809,25.43242316257228],[78.90887138005822,25.44241948307606],[78.9089665978851,25.44507796898268],[78.91540948218942,25.446258920171726],[78.92351036365748,25.453834714519168],[78.92521697315279,25.457115468946107],[78.92398497057155,25.459489986487732],[78.93612674997034,25.46164303423707],[78.94390478231516,25.482925321962174],[78.92666788528729,25.490063590010767],[78.9269272334014,25.4919411182112],[78.9371901055351,25.489332913991976],[78.94223907041982,25.49213360175469],[78.94005678771022,25.493700745685246],[78.94117651884726,25.495031742350687],[78.93664124118469,25.495503107672622],[78.93300281365406,25.49935904610056],[78.93499006223402,25.505258386677315],[78.9271180265846,25.50739614124229],[78.91995402327917,25.515260993325814],[78.92247690133044,25.515906020232983],[78.92710068909962,25.524827246951144],[78.93642000499483,25.519791150915896],[78.94685146844948,25.529458930316668],[78.95284601257868,25.537530511026585],[78.94754484298302,25.54085953913893],[78.95178854097905,25.54878760821886],[78.94330354259046,25.55377906729043],[78.94412592418193,25.556270114835016],[78.93936476603952,25.557220046177875],[78.93309461518791,25.55533598749573],[78.93086841204742,25.550900185085787],[78.92794742851001,25.549795446977985],[78.92336446557724,25.53593611578878],[78.92099701852803,25.5372954310718],[78.916452855629,25.545547332643718],[78.9171070088189,25.552285752289084],[78.91242055906709,25.55351009155851],[78.91120206085951,25.555162314975792],[78.90564334696681,25.55123234853475],[78.90005116005,25.55219923235847],[78.89523552627213,25.555345840730894],[78.88264721770179,25.553961266039863],[78.87749254715925,25.549434351366603],[78.87429343622674,25.540949040277006],[78.87790509575852,25.53680574993425],[78.88644149484936,25.532427327455526],[78.88705771937136,25.526844153713895],[78.88438057992457,25.51557870826832],[78.87610899160306,25.51747005792725],[78.8710654543393,25.513195699636196],[78.86908089441698,25.513687600397738],[78.86647970393419,25.512049019184165],[78.85215980911038,25.513870836156986],[78.8415360855237,25.512537149114056],[78.83495789876788,25.505819439474045],[78.83281648940368,25.49950347649578],[78.84232053036239,25.49901848332331],[78.84008917179048,25.49331293722267],[78.85306918804555,25.49084213361924],[78.85564551765285,25.488369174157334],[78.85535772258864,25.48447401124191],[78.85743635678246,25.48423505582803],[78.86029616235406,25.479247973283336],[78.86030705173195,25.47125457690616],[78.86616964143074,25.46566733783858],[78.86546413335266,25.458933202721365],[78.86297862521722,25.456134596748925],[78.86387882247188,25.451237536125745],[78.8606979644076,25.44499503589153],[78.85644746077497,25.446759262489106],[78.84845125369877,25.436385896740777],[78.84806999252253,25.42973735741394],[78.84414884451071,25.42775061901631],[78.83755811278193,25.428033385186904],[78.83163220533034,25.43157034906334],[78.82803205321731,25.428187303269542],[78.82348574154815,25.43126969053234],[78.82432946261919,25.43419928208662],[78.82072377059582,25.438688959641865],[78.82339639241505,25.442607670296248],[78.82502711313344,25.442156914574205],[78.82576230963336,25.443348745673184],[78.8404568872706,25.4417011285411],[78.84183825363243,25.44381826288927],[78.84563123990098,25.44330907126571],[78.84825523681221,25.445945462338052],[78.85206814951037,25.44549028685617],[78.85488636577927,25.447648215117496],[78.83517852410336,25.454784423918785],[78.84089373978988,25.461542648695485],[78.83122894890437,25.46112926247238],[78.82060639133088,25.467787534039147],[78.8159257437975,25.46176016330307],[78.81426301161396,25.45614008628715],[78.81247800255052,25.45659975960319],[78.80916878421532,25.45345683780563],[78.80632951592774,25.454471045059798],[78.81046200338993,25.46141479468703],[78.81797139365072,25.467506634926362],[78.81830255937683,25.471650186960474],[78.80509952197947,25.475282278913717],[78.7967462507475,25.482761289486334],[78.79155944926391,25.48341737101358],[78.78680353997771,25.479496824834705],[78.77631749847966,25.478402301041204],[78.77492717411776,25.476108487176894],[78.77280877060804,25.47625150442763],[78.77103747702236,25.471903722326257],[78.76788729822168,25.469364862940957],[78.75820588221521,25.475531835296664],[78.75621389771707,25.478594897903353],[78.75719645880515,25.48068543490484],[78.74764708885724,25.484316854980385],[78.74759768690649,25.494363944279744],[78.74492714378884,25.499421248221434],[78.73804983780636,25.494831923716877],[78.73277875278953,25.484170452841667],[78.73213359892215,25.457590937802646],[78.73572688880473,25.45637862627172],[78.73775364349426,25.449354173807503],[78.74475360364897,25.449808989135267],[78.75231790522817,25.44678499913484],[78.75382779625265,25.4431708990308],[78.75775271000215,25.440249403307412],[78.75610930147865,25.438239570766125],[78.75798425166492,25.432080104650836],[78.76235810566419,25.426897490106647],[78.7706918151825,25.422805469831047],[78.77328778016529,25.426851404262507],[78.77847490144913,25.429170402112767],[78.78211936476018,25.434196345362448],[78.78514024005885,25.435773458970424],[78.80296416905695,25.437142054659223],[78.80513757730985,25.43511652706279],[78.80951214277478,25.434215837259387],[78.8104636535951,25.430348196825495],[78.8214168432954,25.42252625150395],[78.81973819027006,25.419903286858077],[78.79909588600125,25.422886288467335],[78.79812309858347,25.420841214601072],[78.79976909335666,25.419271382974127],[78.79580492772084,25.416443775524854],[78.7877861549647,25.419846844748985],[78.78251201028603,25.415671973442173],[78.7791686838178,25.419245643695948],[78.77494364113525,25.41986567528567],[78.76618588817524,25.414592068126794],[78.7566786761636,25.415067569344817],[78.74826219407838,25.409784718864802],[78.74768534091868,25.40445478468388],[78.74518148020196,25.400155354178516],[78.74688334030435,25.392670590477948],[78.74837291592871,25.391613132480423],[78.75253899948422,25.395172952920507],[78.75359844647917,25.39404092844553],[78.75676268032078,25.395059090379128],[78.76480622412087,25.401898893165153],[78.76798324548056,25.400028187260062],[78.76516896742585,25.390904199072963],[78.76134265096533,25.38593636674537],[78.75692113684867,25.385440841902042],[78.75985612152812,25.38165639863045],[78.7688661339963,25.379063435664655],[78.77371270305761,25.376119503177335],[78.76587418804301,25.36915844624619],[78.77455398250771,25.356052810536486],[78.77463096722924,25.353046797166805],[78.75996507818894,25.350440609568874],[78.75478305035277,25.35146297642014],[78.75277719856157,25.34590312118796],[78.74593760115975,25.346240350701105],[78.74030374499019,25.344863697451082],[78.73852864434438,25.34812833328861],[78.73155044318241,25.348729248807807],[78.72673782235401,25.343415653067623],[78.71664292170372,25.347014974506727],[78.70947361474488,25.351311604538633],[78.70861673515154,25.362063388964856],[78.71527549450012,25.37168698530294],[78.7147150733236,25.37298719849538],[78.70968679484326,25.372082971763664],[78.70518157840337,25.373267954307817],[78.70257968723469,25.3755035744703],[78.69976672431355,25.38192328593873],[78.69702872220961,25.38122948971205],[78.69469917238729,25.373747131204706],[78.67782556753504,25.380637132684914],[78.66272211271308,25.38219431587325],[78.66012420467433,25.38395073612581],[78.65892235853718,25.386108441508153],[78.6599664515273,25.38844177172801],[78.66478272490565,25.39327459634275],[78.6614545961354,25.396665070660873],[78.66289720693837,25.401737962085218],[78.65911677911748,25.405706249032878],[78.65852961329834,25.40874923888328],[78.66568649296354,25.41535426636611],[78.66785899481634,25.4087326201676],[78.67450458126962,25.399802795313985],[78.70565014684209,25.420402665230043],[78.71148549872318,25.428081441204778],[78.70221383396216,25.432739972027075],[78.6976612224079,25.441660987962337],[78.6891184587533,25.445681863223204],[78.68209850389695,25.433498235319608],[78.67647248373159,25.43491746556963],[78.66913251214011,25.439419769685173],[78.65818230933812,25.44102031791889],[78.65615318938447,25.437008210567257],[78.65405139123276,25.438703531577396],[78.65002125871236,25.436387876154253],[78.64333850626083,25.435393865777158],[78.64110794898619,25.433327582950707],[78.64480140371786,25.41461848590203],[78.63948753014742,25.405054872330435],[78.6351814091206,25.400673189372732],[78.63117471813756,25.399322042041437],[78.6253048889159,25.40174254038876],[78.62310333824178,25.41344155659622],[78.6136458650491,25.41431664995995],[78.61058924758186,25.416017954380987],[78.60777151730153,25.414943417816122],[78.60609722469857,25.41159414977651],[78.60199279791091,25.408935060652297],[78.6023274356256,25.39986746142413],[78.59900828641494,25.39671221487933],[78.599476704835,25.392392440964038],[78.5919898658811,25.387732951169532],[78.59137418304323,25.38586868304],[78.58598800677055,25.386657188793095],[78.58403962739463,25.38861551066854],[78.58070649141494,25.386425457042204],[78.57665534819837,25.390757193189653],[78.57285841832574,25.392430355688987],[78.57270518550122,25.39066093452583],[78.56649906296978,25.390753387868948],[78.56537421682552,25.384555800909553],[78.56189443716393,25.378357233547955],[78.56507034101939,25.37602508257452],[78.57778676282399,25.381671730625943],[78.58724940132954,25.372633885797686],[78.58914399677279,25.366667429680152],[78.58811430287837,25.354764912565],[78.58458333631357,25.35223630686096],[78.58498252337132,25.346820201120615],[78.5781887678968,25.343771462384346],[78.57029186598199,25.34292458797217],[78.56711415202123,25.340558242193776],[78.56221185147969,25.340912735743306],[78.55883302359143,25.34339374421062],[78.55238356451751,25.356028619632806],[78.53644067628336,25.35953583613978],[78.52962361132381,25.35337887054569],[78.54202415403347,25.34500539934678],[78.5375179260906,25.33969480719213],[78.53986053562055,25.327888634134155],[78.54364259208701,25.323706784634762],[78.54666800657283,25.32211513617917],[78.54878799830402,25.322856463355315],[78.55308183756426,25.319677208437508],[78.54163393216227,25.31263829410312],[78.53492175898687,25.310928151249836],[78.53299267183002,25.300942857499578],[78.52092329304982,25.2999055426692],[78.51038171770091,25.29534798429808],[78.50334526079281,25.301539421095306],[78.50237424125947,25.31422631135018],[78.50433951165769,25.32038000664922],[78.49828747984188,25.320068585669823],[78.49477472931443,25.313075325564032],[78.48434090957878,25.300896657818562],[78.47803319118199,25.298517943317844],[78.47692934225917,25.296627506660084],[78.47755382319691,25.289482061747165],[78.47294343380021,25.285499597345222],[78.47115510007193,25.290343846142832],[78.46708433764954,25.29075719752188],[78.45379070335913,25.301263434202045],[78.44518498756604,25.299304206113543],[78.44033696682722,25.295465345401595],[78.43892835456282,25.288654947646826],[78.43502884876283,25.284160950332097],[78.43658693170737,25.28269340456917],[78.43828550128087,25.27458176351092],[78.45048937313044,25.26210496536079],[78.46495154043399,25.2665880700035],[78.4728843542989,25.27373265153705],[78.483639684668,25.27735872718765],[78.48697395432156,25.280994252557292],[78.50344161409018,25.289582937195327],[78.50871401513889,25.2843830318254],[78.50808115741111,25.281696998116473],[78.51248915817092,25.276658717532623],[78.53173953368675,25.28398440202497],[78.53333042041051,25.2808890510775],[78.53197361848011,25.2764287741815],[78.53461573710555,25.268125314055357],[78.54506131399165,25.26532400563116],[78.550371192754,25.26738956862557],[78.55692914675468,25.265998073170387],[78.55956607221944,25.26372891534733],[78.56210722829181,25.264140799238778],[78.57800495911495,25.25328711434187],[78.56807444836498,25.240837845395287],[78.56779617634112,25.230808345022346],[78.55914272587046,25.220269863728863],[78.5557533310995,25.209207523825196],[78.5628088484613,25.221476577357294],[78.56818610625987,25.22473765589476],[78.57020100139101,25.223871882129675],[78.57054175214121,25.20518541711536],[78.59510896926116,25.167521478781307],[78.60312259556903,25.146859315411255],[78.60568230364862,25.10886781440025],[78.60216510107061,25.09492886181844],[78.6119803211387,25.087979011874197],[78.62814345112766,25.086192214586042],[78.63601831018202,25.07715990255135],[78.65261511265422,25.050585471604293],[78.6519139632019,25.039156728810127],[78.65335895633702,25.03144696987935],[78.64571735023608,25.018588444605257],[78.64706243544022,25.00611665417606],[78.64470425361483,25.003309380057228],[78.64400788769143,24.98428610337039],[78.64143235758473,24.98196180573865],[78.64139713015085,24.97777750345033],[78.63892578844744,24.975769100063708],[78.6400247379587,24.972076711935525],[78.63479509581921,24.967193199122462],[78.63299764059755,24.967112023769293],[78.6339431659431,24.963383598759844],[78.63163563652333,24.96160969964823],[78.63172952484355,24.957687213432116],[78.63613132363467,24.959266789200584],[78.65216125143333,24.947971330016966],[78.65275445662611,24.943823023964462],[78.65018942962175,24.94113776498423],[78.65186213939316,24.938370498078253],[78.65576362687669,24.940364863728696],[78.66339185257145,24.938435790588613],[78.66723984807473,24.913784751905112],[78.67655844980932,24.898624416771394],[78.68365337985591,24.894979153893576],[78.69668243783725,24.893177084111684],[78.7050320448412,24.887246230033913],[78.71088573672709,24.87965076628831],[78.71461652364535,24.879391347585557],[78.7221691498208,24.88165714732177],[78.72912408551518,24.87893965640824],[78.74675561783727,24.865213394797806],[78.75390255584723,24.868827404045554],[78.7621881201579,24.860009326827786],[78.77003550064606,24.859013107636887],[78.77476760637384,24.84974485745622],[78.77357273655319,24.840928486422875],[78.77593042789846,24.830710657228792],[78.7834149006899,24.816113012408014],[78.78983785137807,24.810971036084073],[78.78703066911582,24.80130059699305],[78.77429262755729,24.794616365713807],[78.77039645181205,24.788393486207237],[78.77289634467012,24.783195137313538],[78.77035353659598,24.774693780116596],[78.77134715504691,24.768826330939145],[78.77000158744744,24.758073217995765],[78.77659575523214,24.751822379309406],[78.77228289773903,24.74310369414259],[78.7732761892032,24.73116497876233],[78.77683838569882,24.71363067803453],[78.78113126016848,24.70892090548002],[78.78098512583132,24.70606794281458],[78.77793651774317,24.699475642624382],[78.77352149575108,24.69661083021357],[78.77115166187814,24.691403698233522],[78.76361759309987,24.690295294629067],[78.76520987760219,24.68086015252441],[78.76113849983386,24.67020000644525],[78.75406923195999,24.66860154893011],[78.75050439262081,24.664182884801143],[78.74677026576632,24.66267068065743],[78.74718413399071,24.656499669002468],[78.74392685085536,24.654051234941793],[78.74540132759641,24.65158988978852],[78.74863179422393,24.65112341955181],[78.74918668447326,24.648166219475034],[78.75063837634542,24.648555585806907],[78.7494794903401,24.646749062347663],[78.75196310752189,24.642399656132095],[78.75000787040705,24.64183827915452],[78.75270224672752,24.633999717221382],[78.75208189983671,24.621915206579175],[78.75481440065784,24.61995385143716],[78.75108909615777,24.617201687211466],[78.75456814548902,24.60380700736441],[78.75202907350814,24.600171165082962],[78.7693237762262,24.59415821202828],[78.7765606041551,24.588728261779885],[78.78377814166153,24.588552346376712],[78.79898940240244,24.594365968905137],[78.80319283700914,24.599279321102358],[78.80321511073659,24.603527011712963],[78.81143542052675,24.60391903926318],[78.8124286473122,24.602095780272883],[78.81677878488962,24.6009871448223],[78.8238235745703,24.60243878274408],[78.82636043939054,24.60459732559344],[78.83460076005194,24.604550194169462],[78.83774741925333,24.61579547270949],[78.84329066415685,24.623285539827958],[78.84872269583154,24.62212649668022],[78.85251956192377,24.624691107439933],[78.85554271535004,24.61784830233495],[78.8570930718848,24.618737804878318],[78.85716232031513,24.61755061155961],[78.85975463903618,24.617636680787765],[78.86622252345487,24.627428154005997],[78.86860225406728,24.636799410679373],[78.8680045249587,24.639986244535663],[78.87445937931423,24.64177405674762],[78.87703739236437,24.640808015652826],[78.87719543027737,24.642207428957956],[78.8832206635516,24.641290879139277],[78.88230196729033,24.640410655145818],[78.88642827164838,24.637190688035567],[78.88559196527171,24.634879947191827],[78.88998056062476,24.631138453990076],[78.88939765102343,24.62962181813908],[78.89146655556439,24.62845694936188],[78.89216793229046,24.62928298541509],[78.89618707841494,24.62572095017334],[78.8947839898912,24.62130192575326],[78.89699495850276,24.61479240732771],[78.8991427306341,24.614250390869046],[78.90059789808811,24.607217319198554],[78.90205948849642,24.60779039533844],[78.90204930699099,24.60616076775711],[78.9100221821243,24.60297232747896],[78.91112729228178,24.60012375346989],[78.91256400384827,24.600168530968794],[78.91260558326952,24.59074326815166],[78.92014322285105,24.574811158538477],[78.92342526265736,24.573501150949646],[78.92492145257715,24.574985766525536],[78.92919766150162,24.56572526829947],[78.93379138355654,24.563959336309516],[78.93500897895727,24.56075843277523],[78.94643775473527,24.557146807644394],[78.94833617700162,24.554252450582254],[78.94710520838127,24.5507094871089],[78.95320271471341,24.54689660771623],[78.94814270683891,24.544136481918542],[78.94367633085695,24.534514625605564],[78.94646927122871,24.525850803653643],[78.95138021086834,24.518744876626577],[78.94804666166367,24.515041495538497],[78.94725018029844,24.50240437748088],[78.9564583844745,24.498915611867183],[78.96561358176062,24.497908323322328],[78.97152068298175,24.49423482392745],[78.9701178747324,24.488629126041772],[78.9634674373766,24.48352775717111],[78.93774629115507,24.47881801628407],[78.92722250155046,24.482059135927685],[78.92823974569335,24.484649911354577],[78.93613891765088,24.489124951465882],[78.93714121292913,24.491043053494554],[78.93180411970522,24.491370124415948],[78.92718822094089,24.494513507179136],[78.92494575649715,24.49961970131373],[78.92057500348226,24.499711353681437],[78.91634156784002,24.482324234815614],[78.9122104125794,24.4734369962361],[78.91270127810179,24.465568774007394],[78.91485053694493,24.462286505358243],[78.91420855592713,24.459609790336426],[78.91511553007227,24.458192171530577],[78.92107844901189,24.46010444794306],[78.92827373524875,24.46018341890983],[78.93992378764084,24.45344389320234],[78.94177667610207,24.45106419860101],[78.9427196861648,24.444075969739963],[78.94743444272954,24.4365849087413],[78.95479628021333,24.437023617453995],[78.9609564655961,24.43953013887998],[78.96521615001093,24.43871971112954],[78.98576040047152,24.44167654684132],[78.99364689091216,24.422742871832604],[78.99245030171603,24.41890682968898],[78.9840469431188,24.410250388336227],[78.98435281498146,24.404770062885763],[78.97693091254452,24.388740914762412],[78.97430257227889,24.376148761483233],[78.96979321909713,24.369112907590498],[78.9724748303574,24.356183147131297],[78.9706427783192,24.35094783361392],[78.97145320513087,24.347597896997335],[78.96301040959433,24.344203701256053],[78.94124693508745,24.31527865617902],[78.92365276369802,24.306482504656483],[78.91888256491058,24.300222677189723],[78.90963697554734,24.297985903620912],[78.91160908571811,24.28799551249055],[78.91865997226462,24.2829739478683],[78.91674452333041,24.26902104706337],[78.91397629022221,24.26626803688387],[78.9105690019091,24.26664800467905],[78.90546208311217,24.26451836852752],[78.88457805657346,24.250463526651984],[78.88401135437645,24.24343937906776],[78.88801712638302,24.22701635170192],[78.88233586072599,24.217450901488174],[78.87582865255574,24.21348757164494],[78.86042300716713,24.20921171432111],[78.85250273198696,24.213878409189224],[78.84707859291034,24.213863895603872],[78.83833868678009,24.207614236365707],[78.82649150179387,24.195399759983577],[78.82405009465066,24.196243121581436],[78.8215910041711,24.204264068671865],[78.81514718921211,24.206997197363968],[78.81300266988045,24.204034970041995],[78.81204333742893,24.193132671935167],[78.8141978397384,24.184840812446538],[78.81233476797509,24.180741143101972],[78.80636707359145,24.17836848994087],[78.78936681886056,24.17707770370989],[78.78713885232717,24.182633487652595],[78.7854848014625,24.183463124646117],[78.78288743420957,24.189149526514036],[78.7818268454559,24.199382696258883],[78.78066512796079,24.19981085032723],[78.78109853813594,24.206013712590103],[78.77697022514486,24.211067017786174],[78.77134648131045,24.214539192177234],[78.76737458477328,24.220156653371667],[78.76735909691945,24.22686485410137],[78.76442655745424,24.23105191374199],[78.7684238870937,24.242864031149622],[78.76820464336717,24.25185184188641],[78.76193024707752,24.25945824663573],[78.75994775777194,24.25740728214976],[78.75972825443228,24.24418929000466],[78.74864693532803,24.233042632980546],[78.744588946949,24.23436840942671],[78.74180024572708,24.233517953982982],[78.74041715729481,24.23497768221218],[78.7389972657837,24.238075478771584],[78.74180967713924,24.24500724013247],[78.7412603995638,24.247332544964777],[78.73428352431523,24.252456875995478],[78.7278941310928,24.248217726382116],[78.72637767158693,24.242025192452715],[78.7236437954451,24.2399910794358],[78.72557081108695,24.236432630418335],[78.70870828425878,24.23430292079219],[78.70305720648686,24.226916080223603],[78.69565529605656,24.230016407627847],[78.69075464931348,24.234753934610033],[78.68252026202451,24.23822414769606],[78.66863295541735,24.240029803873725],[78.66663476266228,24.241948911999383],[78.66711815420153,24.244756593444208],[78.66388572116185,24.251677984602324],[78.66429577603789,24.25608824216585],[78.66020277671899,24.26744173523244],[78.64928137121004,24.271624678375357],[78.64565322579614,24.278518422798037],[78.63852805396553,24.285227237955485],[78.63154269862065,24.286405967178904],[78.62570364927386,24.280636789453798],[78.62457452086066,24.28643125710197],[78.62012770659237,24.290049533541158],[78.62001521416258,24.292879178913708],[78.62816158721492,24.30043614018003],[78.62851148730628,24.3038352536694],[78.62625559215076,24.30715324877247],[78.62341347620372,24.30709004573902],[78.61914271556141,24.31031748716408],[78.61821192797642,24.306963404615743],[78.61581784228574,24.309626700023966],[78.60961851191617,24.30849599694464],[78.60364541236946,24.314491652576756],[78.60104220067726,24.326539570324222],[78.59651848073915,24.331987420141765],[78.59597587405304,24.335327788894297],[78.58926980852328,24.33765561419063],[78.58430077393592,24.346339544451943],[78.58330410750123,24.350650330694112],[78.58610191853845,24.353707249174604],[78.57982344210077,24.35596695956794],[78.57515228437005,24.35542832382844],[78.5731879994237,24.350981191530597],[78.56330518921534,24.357969860967916],[78.5594524703703,24.356686115475608],[78.53837363877237,24.367936912061563],[78.52988317233864,24.36808650412896],[78.52990957023158,24.37237044633289],[78.52723132046708,24.375239753439143],[78.52982576909366,24.378897929926456],[78.52705074921353,24.3793204208246],[78.52582240547042,24.382983178934722],[78.51862086067098,24.387810333204833],[78.50201817423367,24.390307421166675],[78.49361810796192,24.381370656916378],[78.48578595751111,24.36932368923198],[78.47438695729151,24.356271942933677],[78.47421268592304,24.347758376803217],[78.47801443974875,24.33898479308537],[78.46366099105245,24.330114383092397],[78.45639299248151,24.32816372761692],[78.45526719502139,24.32405640264079],[78.44388965375727,24.319330999248756],[78.44589764623377,24.315881275304296],[78.43868909277847,24.312525768091753],[78.43761821112827,24.30856277360063],[78.4401535955249,24.296228896477945],[78.43393566194412,24.291256768993833],[78.43387501398433,24.28790724938267],[78.43108569202656,24.284016979367433],[78.42420146182987,24.28556767043905],[78.41861154226082,24.28504574657555],[78.41408343944245,24.277909876952847],[78.41360910561623,24.272650984421862],[78.4061924709001,24.27057158217211],[78.40001269056606,24.27200814982105],[78.3981262167913,24.26942179093729],[78.39665891309781,24.27015777196286],[78.39498577213503,24.268994423735716],[78.39176324032643,24.263084584230374],[78.38838624679796,24.26331611866979],[78.3877856035546,24.268064927068696],[78.3818665780964,24.27310234295227],[78.37927178002518,24.28296594455222],[78.37633169381324,24.284830387505952],[78.37033331208119,24.28402218057919],[78.36626986374182,24.291055115460917],[78.35816302734176,24.292295737639513],[78.34790263276159,24.29948427829174],[78.34559088664989,24.30622453408562],[78.34586988091925,24.313889725964376],[78.34368689482878,24.317292915851553],[78.33146297527702,24.323912109560844],[78.32908239216339,24.327112022198584],[78.33128204379904,24.33430371022181],[78.34328603510798,24.344603684712173],[78.34680229714986,24.35239594620941],[78.35693165717447,24.36280268277089],[78.35792647038474,24.367560785150946],[78.36232682288822,24.371411847124474],[78.36966970681786,24.37491981084988],[78.3657854328518,24.385961269932917],[78.35619910172153,24.38541401152781],[78.34889921475467,24.387421731977945],[78.3449102259726,24.393853591237995],[78.3438492545366,24.399121358332277],[78.34074796654524,24.40205489497014],[78.32189025003002,24.408779793938205],[78.3069951809978,24.423078999596534],[78.2696883538608,24.446923459223218],[78.26452006665522,24.453085969465487],[78.2641578569495,24.455685868324903],[78.2737895907309,24.46721718354553],[78.2749752079041,24.47391124697036],[78.2680142517007,24.479026570804677],[78.24957257463795,24.483566911569092],[78.24588914330818,24.48612339359325],[78.24405696640417,24.489031860751442],[78.24774270550587,24.50011559457761],[78.24601515717963,24.509523549749307],[78.24442340178494,24.511402650140983],[78.2332066104477,24.514065297908175],[78.22582073225024,24.520096638305937],[78.22573528180547,24.530524137652954],[78.22944188427967,24.53751846078957],[78.24350698544788,24.544184503881365],[78.25610276889971,24.547125134214248],[78.26446816379473,24.552187312130435],[78.26645573037831,24.559379678350126],[78.26481994495829,24.5674811402877],[78.26733009208536,24.575933324706604],[78.27289031245279,24.579399473148015],[78.27329669950754,24.595740554057787],[78.27798208834902,24.614743180049224],[78.27618100303528,24.619468163994505],[78.26531723702823,24.631400128375134],[78.2626720461645,24.645987378376994],[78.26404553430132,24.65108467261821],[78.27522202990991,24.658161576295186],[78.27669510168583,24.662978931418987],[78.26533465176833,24.679325150740322],[78.25752070567677,24.70415499321115],[78.25034378369925,24.71146177112513],[78.22614158172364,24.746897998497644],[78.22556817450139,24.753013165550243],[78.23177489441248,24.762348312036316],[78.23504876044798,24.763799471271472],[78.23574298209282,24.771734443513424],[78.23174305272893,24.777122382415598],[78.21667687709294,24.8085805728599],[78.20403183811575,24.8243908467213],[78.20102568440794,24.83413333860011],[78.19759618974102,24.83976835701101],[78.19346732877766,24.84250565555635],[78.1775047647438,24.843319959020288],[78.1732667225408,24.846679648108985],[78.16896864592736,24.862605870248334],[78.16905512494314,24.869322532497772],[78.17347383362114,24.879017863105393],[78.19017676485763,24.887494817782915],[78.2105865123673,24.894793353693316],[78.22380402252224,24.91529755309564],[78.25060885767498,24.93063959000438],[78.25600963696093,24.936513782968753],[78.26595115925963,24.94100375357659],[78.271874903568,24.94947590157795],[78.27914769734592,24.95606201033571],[78.28665728523607,24.95812505363063],[78.29459098933141,24.9630451448768],[78.31281083192634,24.98608348315771],[78.31864260132608,24.990771123644016],[78.33397455611528,24.994906474682196],[78.33591918861815,25.000416084952477],[78.34536180008276,25.012068400153783],[78.34737079597741,25.02152067784391],[78.34018249144695,25.04026932590359],[78.33548707471198,25.066551689618965],[78.33550220593463,25.08112655282977],[78.33863296854874,25.086570972844953],[78.36083682056413,25.095719749592792],[78.367850693826,25.096573408325643],[78.38345018217815,25.10171010513042],[78.38785746069249,25.105713513302963],[78.39972875825757,25.124105560486733],[78.40681994322773,25.12892494272069],[78.41543706313338,25.12841735442379],[78.4344375291338,25.120132985300742],[78.44569740187545,25.121283686375186],[78.44819387933885,25.125904578583597],[78.44794735647206,25.128102843861107],[78.44202882508725,25.13092663514701],[78.42691782621353,25.146473223676832],[78.4272978701726,25.15397934216175],[78.43205432024459,25.155160263446472],[78.447852844721,25.152702574155967],[78.4518643749285,25.15997215832486],[78.45758946669328,25.16276305071534],[78.45824535902157,25.164599778678006],[78.45155255621866,25.168918385641536],[78.44608161581405,25.168221444418727],[78.44336709926492,25.165469394400088],[78.42340114016682,25.169304660822977],[78.42474146250333,25.172138804567314],[78.41635567495302,25.17643384539261],[78.41663587206658,25.183520210590643],[78.39927503358064,25.18589357304586],[78.39527729341107,25.18790279158614],[78.3947430599217,25.197128738419433],[78.39156330858187,25.198902955810617],[78.39134040781377,25.201177896722413],[78.39828669632524,25.20537477969929],[78.39901165113257,25.208371730510862],[78.41094995762793,25.212657404726354],[78.40489252334403,25.214924532727935],[78.40250158355349,25.217588013976577],[78.39796171100828,25.21820715112523],[78.39672105495589,25.216902833116222],[78.38205460177358,25.222582295974686],[78.37713736314717,25.227831790579465],[78.37853705154757,25.238691639978907],[78.37475553946014,25.239224290748286],[78.37295912897913,25.237184095851273],[78.36738617768751,25.236845295286805],[78.35979790905655,25.24218426187385],[78.37251203386899,25.25990274966535],[78.3687645248117,25.261378604148675],[78.36637179737373,25.26672255778233],[78.36054369579534,25.272720659979637],[78.35708867819456,25.27313552629703],[78.350108401026,25.277323111765547],[78.35458367122756,25.292250326764254],[78.33396985972296,25.29240387203689],[78.32990713991731,25.29648740660415],[78.31969814693774,25.298826418767433],[78.31659361512989,25.301831264373217],[78.31173194988021,25.30329609583989],[78.31125925907266,25.305187109044926],[78.322734272935,25.316322255590837],[78.3249590495508,25.315970972306072],[78.32934744637616,25.31959685666702],[78.33054447664512,25.318996922758416],[78.33369649519548,25.322599769415692],[78.33870187651756,25.3240589930728],[78.34379095746793,25.328451979277744],[78.33754284498518,25.33024232986333],[78.33729764084522,25.336389799019656],[78.32759166400055,25.352599603424082],[78.31909162152587,25.354952668283964],[78.31605037513152,25.35754676723783],[78.30498116441898,25.36049819981206],[78.30079886447598,25.35992736857417],[78.3061104572239,25.37517682297039],[78.30530965316557,25.37674716175745],[78.30794038205153,25.381194266814237],[78.31178205611015,25.379160415365146],[78.31684498440765,25.378666092326164],[78.3223709933358,25.38740189900172],[78.32601196399702,25.389818000850536],[78.3313729604923,25.39074498191583],[78.34052802123448,25.399517351586056],[78.34090971809364,25.40282583337537],[78.338836267179,25.40697329289671],[78.3430916819013,25.420013866776387],[78.33939215725324,25.426377085345447],[78.33889873602385,25.431016894638308],[78.34179155827543,25.43097248726773],[78.34697475302318,25.435274949039893],[78.34991117770198,25.440958033672906],[78.34901023035411,25.44241086981357],[78.35454217085808,25.451976326160715],[78.36019469581586,25.451462443372552],[78.36218370868704,25.445978793335556],[78.36945670548418,25.438324421370645],[78.37642572766057,25.438645066167616],[78.37765839140184,25.436807974290694],[78.380944271506,25.440346552849167],[78.38530866355035,25.440585542708533],[78.39495761354415,25.44420450313167],[78.39712538397033,25.456278254994086],[78.40031053687999,25.463548644461014],[78.40385630049413,25.467100119948565],[78.41410923007425,25.469792419219228],[78.41648321775709,25.476476330050005],[78.4278078338779,25.471196523073427],[78.43130432579703,25.473628038485817],[78.42741109023773,25.484845471122057],[78.42868536663792,25.487850960989995],[78.41679034097294,25.501770849019664],[78.4191145853452,25.506270073395942],[78.41881717112095,25.50901439571334],[78.4205924451416,25.508124737276635],[78.42247821014558,25.510024306079124],[78.42853116632782,25.509931961309064],[78.42885021198414,25.511543234474573],[78.41905925720854,25.51813608426559],[78.42024025883784,25.52380908715899],[78.41935813209345,25.532840828322488],[78.42107216975785,25.539917473258335],[78.42616271406379,25.542669004880505],[78.42858223555173,25.546486597804005],[78.42831531374146,25.55043138361502],[78.44360198894877,25.563202792217588],[78.44937410662038,25.56329030826153],[78.44647699940488,25.561459244935246],[78.44762103536026,25.560718421415533],[78.44656534781475,25.559432655024786],[78.4509591012942,25.551757616250917],[78.4563001156643,25.54805829542929],[78.46469649345347,25.545507901076416],[78.46626798375362,25.551175833522993],[78.46983216552607,25.55347539966106],[78.46657311630281,25.553369137326314],[78.46567488007044,25.556366595195524],[78.4668562949248,25.559322206556928],[78.47537423992473,25.564656111529217],[78.47833005923054,25.564681168953403],[78.47864583322259,25.567407028188136],[78.4822718496293,25.571263508118108],[78.48332645380653,25.570797832351207],[78.48266580400049,25.572224581548994],[78.4863502486299,25.574356671316124],[78.487105558409,25.57315106397593],[78.49334131725995,25.578697714636146],[78.494031977983,25.577627470520895],[78.49766009195586,25.577786970265212],[78.49984700907402,25.574271185068085],[78.50180190572735,25.575026689215054],[78.50566002165063,25.573612649066234],[78.50672200099636,25.571537349681957],[78.50897516617175,25.572635967141732],[78.51281000225444,25.569285459656964],[78.51939759257465,25.57029242262606],[78.52405805406528,25.566919694494082],[78.52741602486928,25.568036834268838],[78.52870083850776,25.566832642193763],[78.53269292108766,25.57166012241583],[78.53673643670916,25.567776575859153],[78.54218688115226,25.565342570090742],[78.54248212145355,25.562950590644206],[78.54465747994891,25.561575165617874],[78.56063126304234,25.55904669679927],[78.56316200404726,25.562739822577928],[78.56675470194006,25.562560734463286],[78.56921677213143,25.564615327259933],[78.5822697818932,25.561374711414807],[78.58774466410527,25.55659648264715],[78.59113760362834,25.55833957798608],[78.59243491642566,25.563187327753038],[78.5979415828291,25.57050478590564],[78.60288817390744,25.569056847720486],[78.61169590643489,25.569865892754258],[78.61078434998349,25.57796746737255],[78.61596440871257,25.58352396778639],[78.6181392120491,25.583659491137897],[78.63079979547393,25.578929557357654],[78.62419601481739,25.567375247043326],[78.64629854764847,25.560748145921742],[78.65827982236054,25.55985079225363],[78.66677354428887,25.574036028087495],[78.67419938044846,25.576926912100088],[78.67886611307809,25.585302216767342],[78.68731368944856,25.58889163673509],[78.69508208017547,25.587832007628396],[78.69941880590571,25.59090353590646],[78.7001878868581,25.595069041391422],[78.70420143558002,25.597910493535526],[78.71634738765333,25.599523831153025],[78.71598207247169,25.603599688292444],[78.71733233197187,25.605327455163664],[78.72065754121749,25.6055419945552],[78.72457713514385,25.60215430542802],[78.73177823527723,25.60625206354299],[78.73531760378488,25.601004883135303],[78.74215266020292,25.596991678040872],[78.74425456794911,25.59849744311378],[78.74912994148998,25.59872103266659],[78.75032258618371,25.603035837294875],[78.75608797367718,25.606687533430904],[78.76101577110144,25.6068495332358],[78.76620943571379,25.61020243168458],[78.77396332673369,25.61204958045265],[78.77880780361869,25.61090651178798],[78.78235561359506,25.612709686985024],[78.7939394664389,25.61241877721374],[78.79672123895506,25.613819489659264],[78.79798395044426,25.616424346028538],[78.81176103915597,25.620782074519923],[78.8116854028057,25.632079016395096],[78.81612461642838,25.635813573853376],[78.81987294295257,25.648569869617155],[78.81569839726707,25.662329531266895],[78.81878279333785,25.66920467359998],[78.81670253499,25.67632148970938],[78.8125014925969,25.68104518039301],[78.80692233933654,25.68438610220245],[78.80453063418138,25.692279729541355],[78.79556642591123,25.696720760744086],[78.79511107708021,25.699780554130957],[78.7999810373732,25.702937986702207],[78.7999100246517,25.705068294455145],[78.79284536423692,25.70571429391379],[78.78363171896518,25.708719156632004],[78.77478190216328,25.717004315905655],[78.76332997769872,25.719929559562583],[78.75570135854181,25.730471089846784],[78.75292235643002,25.750938677750003],[78.7546249037436,25.750523337740884],[78.7587674478454,25.754507507662794],[78.7703796928421,25.748901460306737],[78.77353883593099,25.7553221168404],[78.77214660893738,25.75734308015484],[78.77410853490778,25.759546955541598],[78.77899422470142,25.757740450594877],[78.78294694759714,25.758161253187986],[78.78639003557093,25.765056796329464],[78.78602305670938,25.76920430934166],[78.7909137303562,25.775011392362035],[78.79786377831715,25.78835210561096],[78.80292662666459,25.79198801233364],[78.80831079610093,25.80094049427905],[78.8134071884394,25.79918710588129],[78.81420921151158,25.800496353584833],[78.82873459326167,25.795582327437998],[78.83284386646031,25.809624348249148],[78.82801011186652,25.814387295943785],[78.82332261917064,25.816315205036474],[78.81974083760521,25.815960849434124],[78.81412902339775,25.807110371673446],[78.8055432528989,25.813561887308516],[78.8145592382654,25.822411395428848],[78.81817498603007,25.829146475844187],[78.8398496719526,25.82269759460065],[78.84368493473505,25.82336695383074],[78.84237202179446,25.821966480515503],[78.84537533952096,25.821524879285427],[78.84521115623308,25.81864968441337],[78.84688660945939,25.81863203173955],[78.84557543565721,25.81755760241332],[78.84758547090266,25.815545066669543],[78.84629469963721,25.812611173056936],[78.85057321453706,25.811217374467045],[78.85087003946649,25.822672153138928],[78.84913328969677,25.829049123032913],[78.8514850674325,25.839804658826658],[78.85059476781565,25.85215730997592],[78.85236471662333,25.8565355280874],[78.86197087447023,25.865527200307316],[78.86455929540129,25.87160679910666],[78.87651242320054,25.875921956364305],[78.88731269448667,25.868601013337702],[78.89009204604311,25.874472575027763],[78.89188895149582,25.880317005482308],[78.88697490458364,25.883237560107606],[78.89503955879289,25.895079464967093],[78.89166182325603,25.896989007643146],[78.88733658069005,25.906173825201805],[78.88329482307158,25.9091753480589],[78.88463755558797,25.913936741417253],[78.88606504594811,25.9153447535374],[78.88728763688013,25.91460005009451],[78.89858689445879,25.917947555236825],[78.90566067457033,25.925623319419504],[78.90575660116795,25.929536222452956],[78.90968524202754,25.93153927815767],[78.90824859873298,25.934509298639945],[78.91569188556531,25.937982601835255],[78.91671097844106,25.940053857280674],[78.92154303971054,25.940661722931715],[78.92671714799918,25.94681606580146],[78.93159945653404,25.94745064233605],[78.936258924488,25.94167635912335],[78.9389600031388,25.942695271920744],[78.93885603841603,25.9442794533132],[78.93714390697667,25.944338797077542],[78.93329711072428,25.94819014383427],[78.93710336690623,25.95276041800127],[78.93429800912229,25.953149738304116],[78.93483855058157,25.955870991470473],[78.93050163800174,25.958941628463812],[78.93484136679997,25.961377127591092],[78.93473307399418,25.964432591459353],[78.93761386421083,25.9645351776405],[78.93781349591809,25.97378266858719],[78.9349481198934,25.974988853385813],[78.9331827300358,25.979340305710156],[78.93611511948235,25.9818484199644],[78.94068714003666,25.978515684963906],[78.94354348350116,25.978880017770763],[78.95315727433307,25.989065937276774],[78.95298383839778,25.991006760636058],[78.94932349736412,25.99123427824088],[78.94830598192998,25.99319800617488],[78.9555432302704,25.99492282664061],[78.95681783096244,25.996546838339526],[78.9560647759547,25.998014006081597],[78.9512957422822,25.998531114904857],[78.94663295954486,26.001164562199204],[78.94452842602307,26.006283539044002],[78.94824543637814,26.008222413242642],[78.94826688365558,26.010519644265372],[78.95354428921871,26.01522406729777],[78.9482976249029,26.027755324969675],[78.95305423936661,26.029341530294467],[78.9545805336282,26.03338900477541],[78.9605313567525,26.03491113339469],[78.96965723931595,26.045809256139663],[78.973983023566,26.04483613399277],[78.97343832739854,26.050739671396254],[78.97658631161498,26.051044386160495],[78.97693333709745,26.047948163657487],[78.9801860522996,26.048126354218045],[78.98191783887738,26.05161374593835],[78.98617672648655,26.053682134097453],[78.98633304412579,26.06043817464424],[78.98946327853055,26.062845753719944],[78.99072343521108,26.068833733361252],[79.0027482593498,26.066651002790895],[79.0081413643283,26.075429070748765],[79.00841154432808,26.080145501157592],[79.01206186285813,26.083190296715255],[79.01256519879331,26.089915229511522],[79.00865847503003,26.09321116766497],[79.00209916726821,26.090172918448495],[78.99361686292717,26.093716749352897],[78.98703986823573,26.09950770643168],[78.97562846587532,26.10521155348913],[78.97749822829083,26.111149541974488],[78.97686259387054,26.11604219372835],[78.96347469576406,26.12216612635619],[78.96240216480702,26.125325941211905],[78.95851147686986,26.127977713251198],[78.9489057816553,26.128686616948396],[78.95160926599443,26.13432207286579],[78.9629355718463,26.136536204018963],[78.96375849512188,26.140407915039674],[78.96568429624146,26.141417712338356],[78.96441969739185,26.148463407388743],[78.9669912362837,26.15014964953998],[78.97957931488536,26.151186598936267],[78.99430013231205,26.14620353401784],[78.9985044113351,26.149991015531974],[79.00489402554311,26.14805578697021],[79.00427719375999,26.14982432972493],[79.00822605659495,26.156407705078852],[79.00475917584257,26.162632848842147],[79.0061431284541,26.163929262312088],[79.0041301215817,26.166382662614378],[79.00528433634754,26.167444233187286],[79.00446733656293,26.16922168437921],[78.99977529749343,26.169917172674275],[78.9947425175552,26.17292054595816],[78.98664411723394,26.18242696939219],[78.98303303442054,26.184317373567886],[78.99370153273595,26.19689925408481],[78.99771528357883,26.19849808779732],[79.00687539195458,26.19167620729728],[79.00914051280812,26.192594213454214],[79.02653978032359,26.191325645640728],[79.02008565989168,26.198230462528155],[79.02082922060515,26.20021221520423],[79.02783758809265,26.203327407224595],[79.02480937715137,26.20840181329536],[79.02582009144045,26.220104802414546],[79.01363144423833,26.225520463208916],[78.99659040240026,26.228045858748455],[78.98939172681985,26.234983708224423],[78.99172759179861,26.23897135912705],[78.9939393419445,26.238748502702986],[78.99683506126284,26.241900686211633],[79.00371951424174,26.244417425516087],[79.0090268902977,26.241826836139904],[79.0114812206046,26.24480291030007],[79.01944089229985,26.247616149912236],[79.0306681606883,26.239292974981247],[79.0349425415412,26.225327966217634],[79.03786321515985,26.22733813206759],[79.04710233934797,26.22417987971464],[79.0533246180798,26.228050787990114],[79.06344347949366,26.225911874763142],[79.06534799323596,26.22978040867651],[79.06243217680806,26.236503531282892],[79.06419736274809,26.23883755846383],[79.07093694172616,26.241530018099038],[79.06893442897288,26.24318105283991],[79.06969392130796,26.24570409403056],[79.06437212010513,26.249307816419485],[79.05859189064654,26.248835844503546],[79.05432077337308,26.25026831349048],[79.05241440999963,26.251535679578186],[79.05210219692935,26.254635910018983],[79.0459732953764,26.256491735832178],[79.04564689431453,26.260341424818794],[79.05152424063849,26.2584311009905],[79.05565821930405,26.25889797064679],[79.05693371022652,26.260284135169538],[79.05351362361556,26.262728459285817],[79.06191271701185,26.271853291462104],[79.0646882291688,26.27709863248474],[79.07447954416882,26.277856165083524],[79.0770114565769,26.280655147988895],[79.08069671238499,26.27844048144407],[79.08443081229002,26.279723311129192],[79.08361627658425,26.275525944097513],[79.08544820555325,26.276257548501466],[79.08570018388878,26.274059937619313],[79.08775178687738,26.27334281214468],[79.08690142096816,26.27142453338921],[79.09065114077937,26.270062572066024],[79.09107586065242,26.27255838767395],[79.09652073464241,26.278521321521456],[79.08989502431312,26.287757949404966],[79.0970875949429,26.29456062377664],[79.09790226539599,26.300960201542537],[79.10193168914562,26.30685040653219],[79.10952774617009,26.306553612203686],[79.11331341655894,26.30467212737009],[79.11368412253061,26.301986885978028],[79.11741962021422,26.298940922602288],[79.11860117520575,26.300371622488946],[79.11752937907058,26.305204942337028],[79.12489991224635,26.31162717592148],[79.11983236750662,26.31261089812524],[79.11625167020767,26.31668138486444],[79.11553027183055,26.320512858645536],[79.12492499590402,26.322444820928553],[79.12515040746334,26.32707511094013],[79.12742394103948,26.321894255437545],[79.13497103269444,26.32477330272271],[79.1321470770892,26.33288322640331],[79.13262802610916,26.335351786275854],[79.13722585077,26.33555009142255],[79.13883375158524,26.337549243244567],[79.1341309084778,26.33917870397093],[79.13221243311938,26.337211167978086],[79.12844109085927,26.338912685279652],[79.12779503418504,26.342243203890963],[79.12284631948941,26.34696831523911],[79.11629948393698,26.348330891210697],[79.1162844308678,26.349833682929557],[79.11427583023185,26.348831634244],[79.1108545677262,26.34964364366931],[79.11094953671972,26.351593322542712],[79.1092664118809,26.352161699908063],[79.10541981056292,26.349295465761166],[79.10309487987776,26.35323043704404],[79.09818027690841,26.3554635144487],[79.093877635955,26.35396424509497],[79.08906859042142,26.354662587344027],[79.08446884606084,26.358140845439625],[79.08561500024365,26.361124226471084],[79.08424702147445,26.362355841305416],[79.08731093955001,26.36846274261462],[79.09135310680026,26.37116256704752],[79.09479036380955,26.36971012420188],[79.09637788274932,26.37235960592427],[79.0954005453646,26.373762888001913],[79.09691316906418,26.375509756613237],[79.09430770978716,26.376181614818893],[79.09684170808332,26.381033611540758],[79.09639529479446,26.383082389066768],[79.08900071821016,26.39647950596967],[79.09186430479078,26.40595284769857],[79.09437447168078,26.408331804493702],[79.09609350038488,26.407984639368145],[79.09435378168317,26.410859035423538],[79.09520534324999,26.41264175649943],[79.09950055962757,26.4120153340767],[79.10025312505348,26.408179536449744],[79.10469367626763,26.406384123257293],[79.12598266243808,26.411259664117466],[79.12528111143884,26.41238338433289],[79.12372742305267,26.41155301424753],[79.1243188361065,26.422618734994437],[79.1293865712891,26.433007360110228],[79.13517684481087,26.440137533094095],[79.12935174360553,26.44043562137438],[79.12707596244451,26.44286816327632],[79.12316068582139,26.44401441342107],[79.12179203062081,26.447083131888572],[79.11812745223394,26.445530498004974],[79.11650809700048,26.446933969767045],[79.10787504906655,26.44814707998086],[79.09971734466522,26.452595464759764],[79.09607321193418,26.449995300328748],[79.09721746079026,26.44488696143363],[79.09517769041061,26.442363799046632],[79.09341753413784,26.44449801009388],[79.09093615465946,26.444077740283895],[79.08718059310395,26.446261046770687],[79.08373807466205,26.441720038069704],[79.0816620958882,26.443326026226234],[79.0809960624787,26.441385265432352],[79.07976767112488,26.44200764896449],[79.07866533316839,26.44071663580432],[79.07702534992107,26.44240385899494],[79.06991706731611,26.441877774766265],[79.06753975586675,26.444092633147033],[79.06802009762559,26.44601532614704],[79.0638627906104,26.44866710097586],[79.06204519066847,26.453761399595596],[79.05729308934076,26.45247754584096],[79.05261460674721,26.453743323931008],[79.05778869886616,26.462356481664763],[79.06159767874003,26.465323238898343],[79.07169479014425,26.478875158523284],[79.06780068052417,26.484609436225313],[79.06812575746928,26.496627393708017],[79.06601389818638,26.497307919424244],[79.05632037378821,26.49509214914247],[79.05380305541021,26.502549879958575],[79.04492997493743,26.510307157868382],[79.04861676866129,26.518008196859835],[79.04620373121307,26.518223493199937],[79.04183200172946,26.51458357989958],[79.03965963462396,26.51512377246487],[79.03829768534699,26.518462540743663],[79.03980431548702,26.52987187934574],[79.02659492879721,26.535720945965966],[79.02915251864935,26.543177886819084],[79.02833673967524,26.546697358568885],[79.02637475082277,26.546804336995912],[79.01886872654931,26.540963784297336],[79.017117142001,26.541503995768203],[79.0145639035881,26.54619535106476],[79.0099154831155,26.543231192449632],[79.0077423569336,26.54387925677975],[79.00701500272615,26.548603573131334],[79.0126895130522,26.549127246111713],[79.01440401514562,26.550676445606644],[79.00628139085443,26.55937512640972],[79.00723863202792,26.565468197671784],[79.00020388371546,26.578422965938724],[78.99108636985724,26.577441315056532],[78.98985446609068,26.579002840496305],[78.99050880613014,26.583908968410512],[78.9875900647877,26.593070373937852],[78.98912523350596,26.59561932423846],[78.99166400994113,26.59381194855973],[78.99688450812934,26.59710760216537],[79.01653987292133,26.60066203262563],[79.00836918516919,26.623774595601493],[78.99362803168107,26.641036506920287],[79.00838885557896,26.66386600643162],[79.00913818796816,26.66782889071867],[79.00732633724407,26.671401494115734],[78.99857559024494,26.676493243156592],[78.99332638459519,26.677346533329846],[78.97986312142969,26.67584056380471],[78.97233507855034,26.672050739925737],[78.95668670028714,26.657457660468033],[78.95028236628488,26.654111821430856],[78.94549151073748,26.654831692555973],[78.94250516488171,26.65818318083401],[78.94263372278202,26.664135270960625],[78.94777134869032,26.67358593899869],[78.95749504210903,26.68284056027195],[78.95837817496654,26.687372318889622],[78.95556571420364,26.691782055860596],[78.93702393427552,26.697042380551714],[78.92270777554499,26.703845879346865],[78.90966866900887,26.707016539380334],[78.90621741534915,26.706100970518225],[78.89780671392273,26.69897398005648],[78.89320824157659,26.697472626798053],[78.8823528775124,26.696875381008585],[78.87174219926027,26.69811648514395],[78.85913444036738,26.70869632331915],[78.8437223181256,26.72783170875893],[78.83722292080674,26.733037998358306],[78.82912915399571,26.74286518035429],[78.82038033478122,26.757897298294015],[78.81586386784072,26.762358462754015],[78.80333727083544,26.765878933396174],[78.79368521446742,26.764197814521054],[78.78643062774368,26.76457182935692],[78.77189864966444,26.770102292578624],[78.75164980838841,26.786901797247122],[78.74615310340316,26.786170318339412],[78.73755132312934,26.774958116824344],[78.72996580334315,26.77508597326498],[78.72551730922525,26.780493132238423],[78.72927794805875,26.7926257072355],[78.72653995314131,26.795507488076872],[78.72150442435832,26.796357953403486],[78.71082739294602,26.792529160569565],[78.69690764907227,26.792360040724898],[78.68246317229159,26.787660548435813],[78.68064596221849,26.785862364935355],[78.67481679972974,26.766228076369085],[78.67287885787911,26.764496318096224],[78.66146554210714,26.76380496884435],[78.62997558491256,26.773231001377095],[78.62568935348446,26.771619996807164],[78.62032482930505,26.766791336704202],[78.61503497129542,26.753804729196705],[78.6082793798474,26.749706174468155],[78.59221313406013,26.7522236625301],[78.58181297958808,26.74852341116229],[78.57624323528202,26.74879711865969],[78.57230317144526,26.75130068999811],[78.5646181120374,26.76163118110045],[78.54450470077362,26.763890605202995],[78.52101678880629,26.78058178902914],[78.49158366279526,26.782239647836942],[78.47976092276456,26.786758420179382],[78.4606670140083,26.78763923204377],[78.45108843354228,26.799255456315546],[78.4405523981037,26.818789932562886],[78.43354157641889,26.825743542698895],[78.4281503300547,26.825878643246558],[78.40601959461523,26.818767014631057],[78.39523211983035,26.817103716940082],[78.38232446376976,26.839986348251188],[78.37931705421717,26.842035299983483],[78.37425678044136,26.860864733769095],[78.36974572944372,26.866193386948602],[78.36145596640738,26.86906487719031],[78.35237936452212,26.86872677595683],[78.32997920007448,26.861223722701116],[78.31691673195107,26.862839963782555],[78.30562766396268,26.86244838138546],[78.2835090647627,26.854455397510268],[78.27951607488436,26.851332153069087],[78.27328918869345,26.841998388096812],[78.27481702985393,26.82272771231652],[78.2729935450486,26.81625134439697],[78.26814798479536,26.81283474049077],[78.26228832899426,26.813121062940045],[78.25187621525085,26.817138570952622],[78.24540115329303,26.82324558527307],[78.23573252390628,26.827824062047487],[78.22295373746142,26.830628482261844],[78.20224623077436,26.821744018142965],[78.17779927381645,26.825838254187936],[78.17296821327018,26.82468798045264],[78.16920499717018,26.821537532688172],[78.16704542566758,26.81681192810659],[78.16762370445363,26.814306388335666],[78.18181663229352,26.80296344472415],[78.18680662547477,26.79507901431725],[78.18710005656908,26.78826113144522],[78.18364206913795,26.783817748186053],[78.15509561355006,26.784070023116932],[78.13531283620974,26.794506560643082],[78.12578105168183,26.796630861657942],[78.11647939666504,26.79662757007473],[78.10681264655388,26.790838077478025],[78.1014709979732,26.779724341432967],[78.1027308411417,26.763962598951913],[78.10546457265478,26.76026748787956],[78.12022628857973,26.75517713260888],[78.12377293883107,26.750327457772194],[78.12353433820678,26.74699205303821],[78.11728269534494,26.74162646375698],[78.11163695715908,26.740641683062226],[78.10820406865703,26.737576647992316],[78.10136196495559,26.737093595618056],[78.09592599596498,26.72780228559889],[78.09213855140344,26.714949277617837],[78.0955945077437,26.695162513640152],[78.09573703983655,26.681226311297458],[78.09443907845561,26.678154710355372],[78.08972728004309,26.674467341728946],[78.07877348487827,26.67043345316818],[78.07437262841992,26.670551518111363],[78.05529490550843,26.68387648457552],[78.04102987349398,26.685035301344648],[78.03516047905688,26.687036824025515],[78.03122815330799,26.686433262265663],[78.02024711134231,26.692064942566883],[78.00060882352386,26.694931483536497],[77.9948375062512,26.691251040554086],[77.98319988833933,26.673628515003138],[77.97348510171665,26.667860288094534],[77.95970485183345,26.663101733045597],[77.95357087659575,26.659219032859543],[77.94311309070667,26.658268355563372],[77.9354392458668,26.660364009282407],[77.91486103998679,26.661218340926432],[77.90360060040817,26.658965925485994],[77.89755492866458,26.65368799417409],[77.89794505980596,26.623867045261235],[77.89670291165189,26.617478109631683],[77.89457290819688,26.615183733162468],[77.88854997011818,26.6128316506715],[77.85898840208955,26.613818020834177],[77.84720153448308,26.611865384462288],[77.83583468766243,26.606343703893433],[77.83227592183285,26.599335246877114],[77.82732099618532,26.596033955082568],[77.82810791318772,26.58926489438161],[77.83309967605005,26.583522062980272],[77.83577230236087,26.577144080991864],[77.83250133339216,26.5614557379193],[77.82363825745665,26.550447771078513],[77.81193751403143,26.54723534920097],[77.78344193273298,26.552090654479287],[77.76792847513727,26.54749903257403],[77.75509112482408,26.538851143106132],[77.75112024787475,26.53975089860833],[77.74474902846883,26.53823406221982],[77.7400625652423,26.53330740860323],[77.73521591892586,26.51400980538739],[77.72625902743368,26.502094828386234],[77.72254402930484,26.49999568299082],[77.71040910494995,26.498271676214944],[77.6914723241133,26.49955144309153],[77.68290132820594,26.50459826139206],[77.67553719372994,26.503015345214713],[77.65985888988969,26.49114084203003],[77.64940353304512,26.487439851938486],[77.63331611845815,26.478682669424916],[77.62746321798802,26.47241081419058],[77.62296270782194,26.46141708718693],[77.61347749106002,26.452716122075856],[77.60622757018587,26.44987503586948],[77.58864390459371,26.446412784352727],[77.57290345350546,26.436928042828292],[77.56644350929555,26.435962994342695],[77.56214366839086,26.436832747801102],[77.55871916566198,26.43526054503791],[77.54658439581735,26.41645782382171],[77.5383590788178,26.411336411212403],[77.52353515635606,26.40730663333909],[77.48584380176848,26.41078533888876],[77.46133665768654,26.404053659183717],[77.44758988352241,26.404582174526933],[77.4376072354517,26.403408796800104],[77.4349682878792,26.400137416275136],[77.43527006342417,26.393369149579872],[77.44616531089032,26.37538659042092],[77.44854470643115,26.36776957603968],[77.44744714841028,26.36440451375179],[77.44434900811568,26.361576778735365],[77.43645119441088,26.361115165684502],[77.41782907365533,26.3637672824138],[77.41041792584892,26.363147277808515],[77.39678370250508,26.360741748295556],[77.39039747584403,26.356507071701756],[77.37417044689224,26.365747969847433],[77.36669048184687,26.363456987145806],[77.35559446091473,26.354953926408513],[77.34250395547299,26.352205647756605],[77.33521951952902,26.341462535838538],[77.33052099372483,26.343888616860053],[77.3209011347732,26.33341519508382],[77.31443592014752,26.318256516906523],[77.3176301927539,26.317393908734992],[77.31672993980375,26.311797286572478],[77.31088746338413,26.30445537315891],[77.2974552019774,26.29017107864146],[77.27849098569365,26.275492500646003],[77.27019686492989,26.267065790556845],[77.25176832303323,26.25976721633222],[77.23128511399452,26.246200410029434],[77.21714519573958,26.24029186463523],[77.21313274655554,26.234057477351293],[77.20385448277048,26.23003545034622],[77.19440316213918,26.231308445624236],[77.17539111775308,26.239055683351054],[77.17193854446819,26.238425534897367],[77.17007185159599,26.23350278651769],[77.16678607659472,26.232550685873516],[77.15498082316937,26.231951878389435],[77.14125087085725,26.23467011730574],[77.13510162785298,26.233363211717005],[77.12264068242361,26.225939299962253],[77.11631476595579,26.220312447316896],[77.11285253129002,26.212999162052427],[77.11223762818983,26.20243680518444],[77.10797462539833,26.198722963059573],[77.10195368517282,26.187782571793957],[77.09836598640457,26.18427986355311],[77.08209781371447,26.179167076143344],[77.05552809462104,26.179822361541916],[77.03142538645305,26.172478755890626],[77.02315919431149,26.166436357470854],[77.01528804979081,26.157105930638625],[77.00643883306351,26.151167314870918],[77.00154940897328,26.142608336197235],[77.00290024878515,26.136401341295],[76.99898642653446,26.130063487795688],[76.97767414704867,26.12501254627219],[76.95352756156898,26.10851959278677],[76.94813346664704,26.102843813000348],[76.94066421760469,26.10047356733557],[76.93662117629366,26.101761426203993],[76.91604458738121,26.09846833063729],[76.90114892456255,26.09316869342429],[76.89940252509005,26.09034205322949],[76.8978037340901,26.074383046940238],[76.89560402226735,26.06952507953179],[76.88997676512186,26.063497470563732],[76.8853407764345,26.047955656500697],[76.87806545569569,26.04406401879668],[76.86686390876879,26.032945248062198],[76.85671053587834,26.034917424402185],[76.83995581496909,26.026082627903033],[76.83250046915244,26.018094202771344],[76.8268882767542,26.007463220100735],[76.81453413382563,25.99875655339592],[76.80712291864562,25.98995060175328],[76.80219220169668,25.97598059477176],[76.80318347195146,25.973983852878497],[76.8077878165846,25.97266294315155],[76.8082224475702,25.96673255783253],[76.79096963598876,25.943127335841957],[76.77947149499944,25.938567437472926],[76.76796050810154,25.9382877101267],[76.74871862615676,25.940923777923537],[76.74622232386487,25.938455811741647],[76.74674643423927,25.93435393201364],[76.75084576847759,25.929553738995114],[76.75723250807668,25.9267958072681],[76.75811147185293,25.922538638724333],[76.7509568891799,25.91641892030557],[76.74458952174992,25.914303865307566],[76.73279886415128,25.906250506148865],[76.71572473646299,25.900693505676806],[76.7065458011955,25.9000745732293],[76.68729808289629,25.907433034993144],[76.67249124908619,25.91004420299838],[76.64189326506987,25.90794099496885],[76.63626740300799,25.904996642737228],[76.63176832116321,25.899950699238442],[76.62500636335477,25.874008864134446],[76.62145196872738,25.869249401045884],[76.61521351762549,25.86803307757527],[76.5914248479044,25.8754767981751],[76.58225453826029,25.87021146290822],[76.55590677041569,25.833589569986326],[76.5368927281764,25.81902426657724],[76.53013147913875,25.811389867058804],[76.52071159594911,25.79249964951904],[76.51538456385641,25.77587436700589],[76.51784039614644,25.765071682083235],[76.51723329221956,25.75353344867155],[76.52342174488935,25.739868139257727],[76.52122853507262,25.736025278096655],[76.52218384756321,25.728339836927788],[76.5188665893062,25.72719040028831],[76.50051415986692,25.728070150426003],[76.49105634621274,25.720783487351706],[76.47997355926134,25.716882696981372],[76.47311164231797,25.70919227929138],[76.47260572462473,25.69844900095421],[76.47916398854414,25.684447290963078],[76.4816236710135,25.682323301347598],[76.49789473717713,25.676514912380327],[76.50411383407621,25.67085351642569],[76.50392291872215,25.664250228755535],[76.49770833406073,25.651317555442894],[76.49690164603727,25.642649489918547],[76.49891074433988,25.63752632714334],[76.50336225230555,25.634944154386048],[76.50657298923447,25.635489087260243],[76.5108783107607,25.62832608289867],[76.5137809569882,25.602778479041383],[76.51280219487545,25.597045544923574],[76.50741946364185,25.586641184800875],[76.5055619003479,25.57955772361614],[76.50716739098327,25.573051008260997],[76.51414965792016,25.563232299736168],[76.52004885396678,25.547325869176266],[76.5198686339545,25.540395362209363],[76.51636456833918,25.527573550137678],[76.52793457634789,25.515226124168887],[76.53707560271039,25.511248434683193],[76.54028313624698,25.506606650177428],[76.5407527970371,25.500313007061425],[76.5491868672373,25.488770798163937],[76.55540937054793,25.483008701679513],[76.55821747717663,25.470555255992387],[76.5558278552146,25.452559020279455],[76.56199861736151,25.44804497026494],[76.56834435156284,25.439959463875564],[76.57389526807887,25.437778302248315],[76.58143752500098,25.437215376844357],[76.58763081420024,25.43179805215483],[76.59849294707008,25.404707937324435],[76.5985045604901,25.392314839905065],[76.60935233558675,25.390436278198568],[76.61654538591688,25.381031180093988],[76.62341965649202,25.376739427675744],[76.62887075221367,25.377601969120143],[76.63125754717747,25.381698375553366],[76.6363018147716,25.38384463882912],[76.64020355827495,25.38351029473878],[76.64090123663698,25.37963264011503],[76.64379529227546,25.378337507802833],[76.64661204518873,25.37362456291442],[76.64621319410091,25.370654816414916],[76.64949605317075,25.372098028195744],[76.64973329644066,25.366375909109856],[76.65447721411611,25.366622846833728],[76.65425688073314,25.363201898550397],[76.65662791834855,25.361230809144118],[76.6585314771817,25.361344046882543],[76.65875219594196,25.365061074789534],[76.66038252409656,25.365446519343188],[76.66350273779435,25.35791451741052],[76.66909195847408,25.35281443025412],[76.66949032267503,25.349075320113904],[76.6738493194378,25.347940215451548],[76.67546885972416,25.349123379158037],[76.6769540569598,25.34766739653535],[76.67844256897888,25.350629681454443],[76.6823760077404,25.348234884908543],[76.68910703745192,25.35223918144768],[76.70046012387904,25.351520772936254],[76.70343389511748,25.347698724297153],[76.71111913508673,25.3460372254565],[76.71694779631558,25.338428896474863],[76.72369003071361,25.335472764242567],[76.72558880332292,25.331260297801133],[76.72932116319126,25.32854058361571],[76.74057786308336,25.327620118083264],[76.75573908945954,25.322817103371737],[76.75905234931523,25.320172140485642],[76.76672454844149,25.320124131656435],[76.77069183123136,25.317334314454975],[76.7777008553873,25.315465462411822],[76.79000393268528,25.319597693859453],[76.80014965372612,25.3196670460158],[76.81341925269281,25.32265994913322],[76.82022285819446,25.326143294734553],[76.83277040301384,25.32729767783022],[76.83873993624888,25.326216448870845],[76.85240080003082,25.332024242307035],[76.85721592266727,25.33271193187043],[76.87066873393445,25.32737769889147],[76.87230383663483,25.328965093338663],[76.88122735481588,25.32415230610383],[76.89909421430139,25.324188039310407],[76.90707006285828,25.31977230560211],[76.91773550510511,25.309109902417777],[76.92947311269465,25.302924924666762],[76.92748191961229,25.291648645221883],[76.92328580986842,25.28540180748346],[76.93001741450172,25.282771668103113],[76.94305761608418,25.282145560042117],[76.95779235649945,25.28432597165557],[76.95984335132859,25.296722504964155],[76.97363316737123,25.300329001941584],[76.98000139987886,25.29801763236652],[77.02460899343333,25.296585103060224],[77.03143850994104,25.294535971421496],[77.04143700519167,25.3084304547544],[77.04566801628096,25.31936486481856],[77.05247970572182,25.316363582013796],[77.05732776418989,25.315958621114227],[77.07002301090661,25.318747126914587],[77.07437114524095,25.324396855913655],[77.0753724999831,25.32887473791889],[77.08352262619673,25.336712560111646],[77.09064248628907,25.3359932336725],[77.1061088892319,25.331222561997574],[77.11218916048696,25.332006394318167],[77.11793483085829,25.329797575365053],[77.12515481357893,25.33054557516929],[77.13443069593019,25.321083870199235],[77.13911726695457,25.32210952523878],[77.14387657007592,25.320671811040715],[77.15319310658369,25.312861603244272],[77.16483312389572,25.308278631123216],[77.17948427607381,25.311636195060004],[77.18546615575411,25.308900219754577],[77.20917624175247,25.30616024636944],[77.20912048242447,25.30871883004299],[77.21145119466676,25.30937023468077],[77.20889891565457,25.312737131485132],[77.20558330850106,25.326511504954286],[77.21737086601368,25.3295615895777],[77.21976901478436,25.325360641608526],[77.21877523104344,25.323358184488264],[77.21622167732187,25.323309140004653],[77.21501149212389,25.31977358371946],[77.21740333022971,25.317622653119766],[77.2232079246938,25.318762835547165],[77.22694520553323,25.325500319340392],[77.22557314751435,25.330201531072007],[77.23441080831385,25.33365049385402],[77.22895233113547,25.338046664529074],[77.22548291354072,25.334835404099586],[77.22432221922672,25.335359250585736],[77.22557968635132,25.342268336762306],[77.22817661881967,25.346053498837197],[77.23002248425199,25.35985942839456],[77.2278836656291,25.368485043510677],[77.23135706186227,25.372142710480443],[77.2342275070801,25.378897468867944],[77.23694859660216,25.38016480635286],[77.24495411741125,25.378844771878697],[77.24873569417736,25.380679206543654],[77.25077460127605,25.38765873620187],[77.26728827634678,25.39583505511198],[77.27556235030667,25.40320562487774],[77.27880679741493,25.410072925500856],[77.29123993998626,25.422721282510764],[77.30654089032176,25.430010070434296],[77.31414923989257,25.431394226013282],[77.31994278058706,25.427766706959016],[77.33155747888281,25.42721186640663],[77.33478343327266,25.425475684414064],[77.33490609373312,25.42353856110313],[77.34292524108672,25.421048712113578],[77.34391765669349,25.41871538445899],[77.34916700248043,25.416207740667648],[77.35382048765457,25.419188319340684],[77.36026380854015,25.419158343169865],[77.3709224882695,25.408367282915506],[77.37027094827879,25.40485673087288],[77.36770840601444,25.40194637940073],[77.35771472124215,25.39878539887171],[77.35093178417857,25.385260927958157],[77.35025145857287,25.37688332582961],[77.3515196461921,25.370131272971825],[77.35291081497031,25.369044359498666],[77.3598753824012,25.369105365138704],[77.36078054913598,25.364553708194048],[77.3643191711436,25.363372444750638],[77.36668750662665,25.360599922827344],[77.36159084389531,25.358961534160724],[77.34967023061775,25.32893541711892],[77.342156276017,25.321736003296337],[77.34855002157698,25.320063469964786],[77.35333584925372,25.320524127781063],[77.35691200377225,25.322549843604907],[77.35791759946086,25.325781762728983],[77.3674314158865,25.328577617910273],[77.369481978626,25.327791261722712],[77.37189926869875,25.32112106105658],[77.37633575593455,25.318147573698596],[77.38138001274883,25.30566026419825],[77.37976708945286,25.297552412303936],[77.3810154440672,25.29244989870681],[77.37669717961438,25.28705805952548],[77.37405157103404,25.27449008731962],[77.36274070093371,25.278921820863367],[77.35788630574964,25.27592976196484],[77.35689490164587,25.27364821579321],[77.3542945519862,25.273373475709747],[77.3552079167463,25.263514905384653],[77.35772533843051,25.261905806572198],[77.36260801707128,25.26272598801694],[77.36632888299556,25.260024534557925],[77.3664242122135,25.257760776646013],[77.36936774615948,25.255452185395015],[77.37096880899882,25.245925502856927],[77.38226966198543,25.24563195694656],[77.38655469865421,25.24283699557631],[77.38768503979307,25.239181715142735],[77.3929818624411,25.2338380108852],[77.39420188778465,25.22980708726584],[77.39958522897432,25.22602855681251],[77.41150478852802,25.2239249651046],[77.41448819779117,25.220397850109457],[77.41835635328607,25.19834639868526],[77.42653977375905,25.187960327871814],[77.4219874577505,25.183212245509853],[77.42152299551095,25.185776701140405],[77.41702491798264,25.18596174969486],[77.40944723330236,25.182944970245302],[77.40027060401025,25.18387967955485],[77.40014820765445,25.166113774115203],[77.39324981911058,25.1595496092976],[77.39620763626957,25.137772306601015],[77.39066040823609,25.123088843576788],[77.40223850826885,25.12063847378865],[77.40601281496937,25.115613495620387],[77.40658330715856,25.111691096872732],[77.40245899077217,25.109287708921105],[77.4028141837372,25.111470561288694],[77.3996455059299,25.115604075838238],[77.39456593993502,25.119783841922438],[77.39308182966086,25.11939277956024],[77.37602110483661,25.11048177610877],[77.37579893439883,25.104793887844636],[77.35760694856091,25.093658205288968],[77.35034897788351,25.09576061161875],[77.3409048922835,25.095695694772544],[77.33854676076376,25.094749461812178],[77.33853303989612,25.09235034146301],[77.3348137819562,25.090590679655932],[77.32078133814184,25.085190639706685],[77.31448142430823,25.084462178965577],[77.31161611565719,25.08211548418207],[77.31120134282925,25.079722160543167],[77.29825730769461,25.086428119465364],[77.29780305031666,25.09155099303192],[77.29184002357921,25.096951067944506],[77.29220037287398,25.101554827312338],[77.2887418931661,25.10636445485456],[77.27412421580877,25.11079207542663],[77.26951303319966,25.11601267052499],[77.25939580222801,25.110592617893815],[77.24937490479081,25.11039056360802],[77.23868011727862,25.106847141785824],[77.22399088102405,25.10918640417709],[77.21489172334034,25.109093763147637],[77.20549767929154,25.11384352849741],[77.19859897903227,25.11017097656429],[77.18505715639853,25.108008933828042],[77.1745831532236,25.11170961086268],[77.16831536494118,25.10283668135698],[77.17141171040181,25.097857127868732],[77.16691549238615,25.084872959666583],[77.15712577099745,25.08552113366187],[77.15199064150731,25.08727140979105],[77.14979828688672,25.086561571978685],[77.15078724487798,25.093558266530177],[77.147982801579,25.09529076217094],[77.14161949722902,25.088989129089303],[77.13374831677577,25.08525232731486],[77.12276175196769,25.0668830435239],[77.10572494119464,25.067167126004644],[77.09554412746718,25.065510647551733],[77.08940010726799,25.062652007137057],[77.08530878600199,25.055086600982552],[77.08213280039982,25.058153327550702],[77.0788668215725,25.058763667227105],[77.07701896277855,25.05738983107628],[77.06875645013639,25.059094673562793],[77.0627316076293,25.063494100661444],[77.0595911845326,25.062399693843474],[77.05634488150491,25.063803682625167],[77.05390690682442,25.062177196195925],[77.05132180606668,25.063859214588852],[77.04311309173026,25.063375090307517],[77.03989566145414,25.067895634313672],[77.03661065271584,25.06589559867547],[77.02433333371032,25.065985028953232],[77.01081266640153,25.073418872327153],[77.0002632855911,25.07484416319164],[76.98850877260622,25.072386033461395],[76.97866928904234,25.06620491662429],[76.97479683331217,25.06638301991287],[76.97135969038894,25.061837736919664],[76.97353270967132,25.060644927535435],[76.97332813902663,25.058252219414676],[76.96850618470243,25.054232190742443],[76.96789344294879,25.05077212473239],[76.96186397950787,25.05627506275173],[76.95900938685986,25.052199011268463],[76.95317812770323,25.052447029157353],[76.9454775256443,25.04673998657211],[76.93556218743953,25.045512702950276],[76.92506388393784,25.046968996097668],[76.91091900428758,25.042883152022647],[76.88880954095404,25.043998651711124],[76.87616198130418,25.04151853814623],[76.87838189713602,25.027807704675148],[76.87533814893354,25.00730213694947],[76.86757453454902,25.00610567183704],[76.86242260386813,25.00252072746042],[76.8568659444225,25.002453065626216],[76.86210527399402,24.99808410129656],[76.86671816789372,24.990349460812784],[76.86786639359157,24.983500443241308],[76.86193272020435,24.96135122943132],[76.86354519613934,24.959148203100657],[76.86676832263268,24.95812180406533],[76.87731268006402,24.942018569261368],[76.88589248485107,24.938935374854182],[76.88954395142807,24.933807157701942],[76.89020146791039,24.919370637451873],[76.89479651857363,24.91880762382031],[76.90966092361363,24.92101138705632],[76.92012685452741,24.916559198345595],[76.92296705346965,24.913593974365494],[76.92194855887188,24.906709793385577],[76.92032107568174,24.903984096486507],[76.91737349123214,24.904391371899916],[76.91457016364075,24.89880339116762],[76.91245312557024,24.888216494792655],[76.9222328469132,24.88006838291758],[76.93253066351146,24.881401009682623],[76.93493893988867,24.88003074884297],[76.93358874416886,24.874299632483368],[76.94396287085385,24.873460660409023],[76.94962582794706,24.869356696245433],[76.94509782663832,24.866002500291096],[76.94044473402798,24.857233159007244],[76.93496085518834,24.85505222565254],[76.92956420815268,24.848242784453625],[76.91791716062524,24.847114805876764],[76.90325704415893,24.841943039055117],[76.89774382274884,24.838583712136142],[76.88177422310973,24.836994887456893],[76.86755787708871,24.839964802575793],[76.86179540103508,24.837576477127822],[76.84581474942301,24.837382118823104],[76.84097301329793,24.835315145829075],[76.83205212628233,24.83784139337013],[76.82437579041417,24.83619137110928],[76.8152089204193,24.8283924233769],[76.7999672508077,24.824665856154297],[76.8029424773169,24.81643441884758],[76.80261732401497,24.809274809456053],[76.80785260937111,24.803355087124608],[76.82567940938482,24.791905918626107],[76.83568641707107,24.77935582316949],[76.8463728960652,24.76997390407274],[76.84927728502437,24.762310901580015],[76.8493845789036,24.74782639570939],[76.85613114857122,24.74245568049536],[76.87437986032444,24.74372991903738],[76.88175012310727,24.746606496962585],[76.89057745777255,24.74686576465894],[76.89549759795733,24.74355019097725],[76.90184494912616,24.733714620635634],[76.90689991835022,24.731458065115817],[76.92195983093205,24.74154316294121],[76.93063984368736,24.743291985935805],[76.94670802175081,24.7587542081423],[76.95438916091078,24.759482755274018],[76.96353677372092,24.756511680475292],[76.96906727242887,24.742284207806474],[76.97413475159159,24.736078729157047],[76.97617119281482,24.734909889901616],[76.99161746720708,24.735323797489297],[76.99641998558182,24.73213260031585],[76.99885474249699,24.71782619618335],[77.01194960656446,24.712485799148133],[77.02484828306547,24.714387376659612],[77.03066649688753,24.712196553307848],[77.04136959561274,24.70008291302893],[77.04150643597997,24.686053302441472],[77.04316261675018,24.68044816082398],[77.05710094407223,24.654489298174937],[77.06511122505398,24.6438168030121],[77.06825932335646,24.627578596425487],[77.06731181632738,24.615553035204268],[77.06879663088073,24.608970071091115],[77.06583615291183,24.600704351937186],[77.06529790215654,24.593852884782184],[77.06996156614117,24.584342161246123],[77.07132775366965,24.572426225809508],[77.06866186831675,24.557291899468535],[77.0597437463156,24.54584741643419],[77.0572296987036,24.53619967504119],[77.0543472501969,24.531689504820488],[77.054748660585,24.526432127882103],[77.04218917176559,24.524965256621556],[77.03690139694912,24.5280598062036],[77.03547347629596,24.52646141439704],[77.03557225773956,24.520952093329267],[77.03036983814644,24.519171505287222],[77.02933257325081,24.516809069044314],[77.03067418916132,24.50180583264447],[77.02898338013355,24.496051296103722],[77.01163240155618,24.49217056218755],[77.01097078695952,24.487312878852624],[77.01387421921291,24.48388883918389],[77.01261285339997,24.482474947062688],[77.00883488965792,24.482097450342856],[77.00713092031125,24.479234143081595],[77.00929231898712,24.478048699571332],[77.00885443879513,24.476865629782953],[77.00154663767063,24.47326971746622],[76.9834747655693,24.47278389024282],[76.9823409946627,24.46778304012802],[76.97782534698574,24.461228482289567],[76.96214058156363,24.461598034855584],[76.96079539844312,24.4633908511811],[76.95532079291216,24.46443293536463],[76.95220172187146,24.463680375521694],[76.950945708221,24.461761849083913],[76.95076561487113,24.465680247430956],[76.9431011529344,24.465105968507334],[76.94117038502965,24.47036949639184],[76.93862424240916,24.472304833425557],[76.92603164617994,24.47416937008946],[76.9184459691886,24.48068819081257],[76.91692429047096,24.483161808114783],[76.91789524532557,24.48596606377766],[76.9161583167911,24.4903799935039],[76.9170767552359,24.495882528560013],[76.91553378734434,24.501844997700847],[76.91947319451262,24.517827624840002],[76.92176348616039,24.52055655748252],[76.91878726791111,24.53450721434997],[76.91621594820815,24.538912453206343],[76.91760755985581,24.543377615124],[76.9017105638546,24.545843090527974],[76.89413432546193,24.53824707657491],[76.88979546533459,24.524953525531416],[76.8841353559008,24.521514127620936],[76.87274257831118,24.527734676930272],[76.87182908778696,24.53223486058014],[76.87508637182066,24.533779067998893],[76.87672469947289,24.539019957134244],[76.87378854428866,24.5399452740493],[76.86294593450489,24.54958221779857],[76.86214738162464,24.548369957366436],[76.85221123214967,24.546803286883147],[76.83831032325247,24.545849143037824],[76.8242778560819,24.537788729904662],[76.82150848301164,24.534590268766355],[76.81640457896077,24.53361081448681],[76.81630597897686,24.524373266721025],[76.82315676848879,24.52008534646925],[76.82826223291329,24.513103693778916],[76.8281509190732,24.503089135213614],[76.8366073420526,24.493129414607957],[76.83540235899846,24.488886248593847],[76.84646880020495,24.486358963245696],[76.84826481991878,24.481883894236375],[76.84793789154587,24.473635037934898],[76.85325302814758,24.46693918716474],[76.8514839534007,24.459217696207606],[76.85271073048193,24.455362947014404],[76.8518204371533,24.450265514374312],[76.84953387890383,24.449619248163785],[76.84666738267997,24.451099042923264],[76.84392817773188,24.450162246573235],[76.84090393554752,24.44246427537842],[76.84630609823901,24.433702413494423],[76.84629505614753,24.431113938421177],[76.85013382595284,24.426515457661544],[76.85042531219455,24.42338133943585],[76.84547834472214,24.41548651911278],[76.83844060232485,24.412125337607215],[76.83751512647812,24.408522663319047],[76.84511142874264,24.40060465950911],[76.85101355778868,24.383008915137278],[76.84537356522739,24.375387951588095],[76.8517936017808,24.37070135202838],[76.8364982910687,24.359139676523817],[76.83241172817876,24.358080656921256],[76.83797246956904,24.346972454711267],[76.83805645935317,24.334020929172148],[76.84149821871866,24.322509949861647],[76.85200615575344,24.312718610807867],[76.856560363614,24.304437293492786],[76.86005757328701,24.29627634395594],[76.86305128173487,24.27311304762499],[76.87355783626244,24.266181353984113],[76.87318998873002,24.26283943240433],[76.87740997210086,24.26269753481309],[76.87997431099575,24.260849843599882],[76.87961332928704,24.25558348822609],[76.88762357343785,24.251969793111137],[76.88595710426273,24.248035370453447],[76.88889175297224,24.24476216894575],[76.89541025116898,24.243334594220585],[76.89965856740392,24.239808042498137],[76.9035585439211,24.238987764589794],[76.90471072939273,24.2368818567109],[76.91229083503268,24.23793437513489],[76.91553920867706,24.229337416682476],[76.917387648681,24.229800866859637],[76.92280431916436,24.22531665746767],[76.92243812902362,24.211570380967075],[76.93194192833549,24.209818068652172],[76.93327013329716,24.207241802948484],[76.94604280401157,24.205977920032275],[76.94714447002825,24.20101277831509],[76.94705854706963,24.198495758623956],[76.94013264582352,24.193818289850515],[76.9354956995321,24.183860024936127],[76.93152558165917,24.183489759307218],[76.9161148931286,24.187703793027747],[76.9160198082524,24.173564410661243],[76.90857987213612,24.160374841310375],[76.91066831323789,24.157428071012887],[76.9098311741229,24.152650191658463],[76.90528449863606,24.14509963119714],[76.90075575531888,24.127207208165853],[76.8908705448121,24.127208883915994],[76.8858091104129,24.128250993743244],[76.88442107585671,24.129931323347066],[76.87903304546126,24.130469827481193],[76.8793979842488,24.135648349598636],[76.85463846387766,24.13569819494664],[76.85448379824028,24.133764120858835],[76.83661402731494,24.1268233115976],[76.83335317696958,24.12216725263962],[76.81224089300876,24.1228509592073],[76.80197816191058,24.116543684470514],[76.7969956274411,24.120899874322937],[76.79240767706187,24.121885292161846],[76.79071025373865,24.12378986773862],[76.78837837638142,24.13228886542846],[76.78038395515604,24.141036960836114],[76.77822951662698,24.14728501531123],[76.77426067705673,24.14974303687806],[76.76978944747731,24.16090161216127],[76.75996667257769,24.160299679952487],[76.7609081851489,24.16501262346442],[76.75635225521798,24.16907959232754],[76.72619249993994,24.16853235603836],[76.72604904887055,24.161327695504376],[76.72453269716254,24.1596433804594],[76.71928017672936,24.15888746487651],[76.71143521540428,24.163887067107833],[76.69885480212697,24.168376189479204],[76.69852942155127,24.171925747891162],[76.69299622430422,24.17607457282326],[76.69218524413034,24.180263437984802],[76.68652246759851,24.185841352115723],[76.6759803568537,24.19089209803444],[76.67793573410569,24.20410550747715],[76.69012103957496,24.230041540838275],[76.69464805902507,24.236203032628755],[76.6999811161184,24.238520728972794],[76.7022101229009,24.24139724586513],[76.70239372147695,24.247712544777663],[76.6973585304605,24.259813767565607],[76.69543910648112,24.284279220235742],[76.66652280910085,24.262373946224493],[76.64518981176968,24.266419372913987],[76.6434315895697,24.269344615453328],[76.63808352162799,24.266090455909563],[76.63364526111783,24.257696749913055],[76.62902662518682,24.260304168407988],[76.61644293485534,24.25781789063322],[76.61119701344627,24.238320993697116],[76.59570955489147,24.244132188147272],[76.58476727612862,24.243744048990134],[76.58352695694448,24.24266472780267],[76.5874691578733,24.235470504359075],[76.59497153229174,24.22751648075573],[76.59498145957393,24.222818955089494],[76.58974607450482,24.21703053723681],[76.58337432778781,24.21621033295308],[76.58169911890327,24.211462642538645],[76.5777527991989,24.21177879194462],[76.57036649340337,24.209169318183584],[76.56642385679166,24.20328845888765],[76.56412955686106,24.19116938873687],[76.57442392123367,24.186824098463937],[76.57751460371477,24.179950107365187],[76.57679412970408,24.17779389302183],[76.57131937505281,24.174568850404427],[76.56989722697368,24.17539539693327],[76.5698839624502,24.17803980028289],[76.56624089691775,24.174530646964143],[76.56179115683653,24.17337301075519],[76.55782272599974,24.168026042158598],[76.55055956036506,24.16304326133442],[76.54457381164082,24.162717573793085],[76.52764252147259,24.15701073341491],[76.52265101283346,24.157365136208778],[76.51349372247275,24.165528954883072],[76.51058625947869,24.176285410242475],[76.50869386850115,24.194160160022086],[76.50483483899123,24.203103099591413],[76.50006981449984,24.20604147240121],[76.4961714648316,24.205230985188887],[76.48057795117438,24.20792323855505],[76.47420707312826,24.22210750312975],[76.47059046657418,24.222900972565032],[76.47054876947365,24.225948987490476],[76.46573829292382,24.22526809886562],[76.46287690272406,24.22325646785287],[76.46097512525013,24.218906414546595],[76.45212250660285,24.209097623403807],[76.43037305928911,24.221348366136937],[76.41636859440261,24.220680064271694],[76.41638549620467,24.21099792453471],[76.42078515251382,24.2085225930403],[76.41488566990463,24.20045092707199],[76.41257919600531,24.200251050152865],[76.40828020311025,24.203180564335767],[76.4018507890436,24.215454957320517],[76.39252467110504,24.216967183694486],[76.38194909631925,24.221237787497987],[76.35844417205705,24.235604471082045],[76.35757299757262,24.239718135541256],[76.34871641106676,24.2406540597473],[76.34729468339917,24.24233242872272],[76.33984907981178,24.24398456718694],[76.32175234773327,24.24541492030766],[76.31891605915747,24.244856294710956],[76.31099185294961,24.23767678304352],[76.30201317551516,24.236124216726466],[76.29447551617069,24.23142142683716],[76.28733843267939,24.229917684303093],[76.28689563780452,24.21608559454144],[76.28479174837479,24.212971517893052],[76.28555369939878,24.209597766283906],[76.28120887984782,24.20678649837695],[76.27563780603516,24.210843968819837],[76.26729829340006,24.210399351018616],[76.25787298258953,24.21469816395637],[76.25165437347566,24.214243226027687],[76.24586028750379,24.217639573475864],[76.23994315389754,24.218841404593874],[76.2276504144119,24.215364713649407],[76.2248340980798,24.216515018888835],[76.21747633894738,24.21124491233575],[76.2124604069123,24.209804427987102],[76.21140623123145,24.212224680571538],[76.20452755621645,24.217183100105757],[76.2032046117891,24.220542716409255],[76.20636991013434,24.22894201210394],[76.20279541031259,24.24466948306077],[76.20214179701017,24.268785944297854],[76.2009314806582,24.271026046042042],[76.19458751254471,24.273148513398084],[76.19711174615375,24.28761369662818],[76.20423936679184,24.297974564064663],[76.20472484960904,24.3008605352326],[76.20285603401784,24.3048758852702],[76.19558254135065,24.310505229713463],[76.18991830146321,24.323377689042562],[76.1854232620372,24.329312066701792],[76.17872108082273,24.315579691040988],[76.17383602074811,24.31223529309592],[76.17421169799657,24.307349422679525],[76.17183265459532,24.306070818078418],[76.16588744055164,24.307859335716678],[76.16466864320508,24.306978376681485],[76.16543230192642,24.300813128767185],[76.16864960643842,24.29667589897958],[76.16458768703168,24.29459583961172],[76.1652570945134,24.292494677415874],[76.16250667050572,24.284704896729064],[76.15967714175245,24.28265685600008],[76.1492838117816,24.28478542579866],[76.1432937565339,24.28301344775509],[76.14125217065906,24.275924942778815],[76.13666396425994,24.27087773811407],[76.14132912483784,24.267297888792232],[76.13911222285384,24.256289665370716],[76.14312424982968,24.255785315184703],[76.14827789898771,24.23157493580833],[76.14472548155227,24.222481723245153],[76.13794410396402,24.218099300110698],[76.13225024123176,24.208538549231186],[76.11744142843312,24.194140359822185],[76.11541878084107,24.183783463809227],[76.1153204467585,24.179960332269435],[76.11668966250782,24.18012550652254],[76.11365929740647,24.163765387913006],[76.11410358258641,24.162645677506262],[76.12124333587074,24.162862606315162],[76.12442683318531,24.159136760037157],[76.12492880278293,24.150558261072362],[76.12235933899933,24.137777051567518],[76.12668712828913,24.132463399557736],[76.13104189129196,24.116739305099333],[76.13047596254444,24.114550050446628],[76.12049331716867,24.108157424475838],[76.12707980435769,24.088023497969342],[76.12132958222284,24.084499528830133],[76.11796556935025,24.086930319678455],[76.11360894773308,24.08431134166946],[76.10650230185858,24.08418192526476],[76.10479194459191,24.08724872914721],[76.1005224981849,24.086980778568726],[76.09581942780369,24.083040215516764],[76.09286224395694,24.0827038488301],[76.08884873206594,24.076852021951435],[76.08460689448084,24.076983180394468],[76.07597768145486,24.070868081852325],[76.07459340095822,24.07123869410783],[76.07278047674735,24.076622728509783],[76.06742187066905,24.070402395635433],[76.05779293064819,24.06761027533415],[76.05507203516223,24.065234648977526],[76.04891163777708,24.066707397632577],[76.04528940956592,24.06439541345135],[76.0421021689716,24.065922712186293],[76.03989082755916,24.063146727925],[76.03660226418728,24.06282980969955],[76.03414401093757,24.058336209926992],[76.03140511770488,24.057852109636592],[76.03026694415506,24.051746764173288],[76.02774147805746,24.05176840261256],[76.02608466307667,24.049352517002177],[76.02300837070811,24.04865855447544],[76.02136138060158,24.045773665715956],[76.02179864724421,24.041304289710883],[76.01913794966207,24.03752302119931],[76.02130822728621,24.034679168838508],[76.0070359638337,24.02321500214327],[75.99871205403683,24.020714079965003],[75.99259896552776,24.02349923745156],[75.97829327845851,24.026472041538298],[75.96345367320853,24.018657575303312],[75.96221441134149,24.014641852856897],[75.96719170953114,23.99981710640412],[75.96729146654513,23.991233416635705],[75.97255542612513,23.988292781466633],[75.97504418526356,23.98334560323417],[75.98490245439666,23.973686366193423],[75.98412317397253,23.966682852248706],[75.98672835746676,23.96047484028723],[75.98387587406302,23.951178426616615],[75.98738071402609,23.940934705896915],[75.97995517970044,23.935856451292757],[75.98222746102508,23.930987552707425],[75.981361909096,23.928920369720046],[75.97453367717917,23.928972744680678],[75.96814459746875,23.9243292022063],[75.96038162268475,23.92319563367178],[75.95531390367181,23.92079308937788],[75.95132726667919,23.915520611464597],[75.95301695371117,23.911781846622137],[75.94931340371231,23.912532720954434],[75.94500491023481,23.909301938067884],[75.94389335017361,23.902944312198784],[75.94108259531144,23.901707617991132],[75.94119406186515,23.899350011975656],[75.93943473024582,23.899418059320794],[75.93751392645417,23.896638993335078],[75.93389233155534,23.897279274075565],[75.93221070151313,23.89612466192791],[75.92888633578559,23.898980737839402],[75.92716499661458,23.897696702785566],[75.92380355921188,23.898641663382726],[75.92199248463221,23.89617824437142],[75.90522656622295,23.889175921599062],[75.89493581217944,23.889339514463064],[75.88619890552393,23.878994147467342],[75.88013579658238,23.878734760313325],[75.87675705942395,23.880046899384357],[75.87671848396904,23.885283391237653],[75.87516066153592,23.88527892456359],[75.87063049798229,23.890370216042104],[75.85320389922428,23.887545563593477],[75.8487547125053,23.884086662877532],[75.84473224530922,23.883925918524284],[75.84475783112515,23.87616261519134],[75.84080002106998,23.87457042618281],[75.83912590274018,23.878688741706313],[75.83744795938388,23.876897335011943],[75.83505801133344,23.876875175158478],[75.83552711426975,23.878178560243715],[75.83376986225032,23.877951299984044],[75.83289463007571,23.87994918381969],[75.82116859727861,23.873572663184625],[75.81806806387212,23.86805224890662],[75.80356135719845,23.865555915457538],[75.79849874870118,23.868582109586654],[75.79382043858418,23.86703449875299],[75.79200531978907,23.858555120113753],[75.78209193542,23.84879777972796],[75.77363654460486,23.848114624617317],[75.76561259934932,23.850612344992495],[75.76180688395321,23.865856969471086],[75.7646407030603,23.87527538915309],[75.75276929140915,23.88724810833558],[75.74005564719542,23.889439001170683],[75.73989510028787,23.89185249773851],[75.73530043859515,23.898501752911226],[75.72756366137976,23.893679904010718],[75.71940103421062,23.89740911010346],[75.71576943477446,23.893419275700236],[75.71033904881337,23.895650765971027],[75.70817454376323,23.899610496926936],[75.70602758820051,23.89926886990068],[75.70429187778156,23.88949658145484],[75.7055873975416,23.883014125179177],[75.70217140365509,23.881726464474283],[75.70170339307015,23.87281964616937],[75.70358514529978,23.87220041845633],[75.70509497074725,23.86867038580824],[75.7090418465088,23.869148636691776],[75.7109809193384,23.862454414405537],[75.72748293517506,23.858970103108113],[75.73521166348553,23.862172269818736],[75.73657278271918,23.856489666056472],[75.73132734190875,23.85316742060064],[75.72600956875168,23.842112191551525],[75.71924794960812,23.84123976457296],[75.72233995351101,23.835243985325178],[75.7239600570411,23.824089529483455],[75.72651938154006,23.82050239570541],[75.7209302839295,23.81856573194295],[75.72163874836313,23.81185714344515],[75.71250531366313,23.813146442737594],[75.70711845107755,23.811292493731155],[75.7063413140337,23.813266572540293],[75.69813103842529,23.8133490259065],[75.69274295862249,23.81646550334804],[75.69015588157116,23.813397405021632],[75.70183220878697,23.78640977032231],[75.69970259520076,23.78038243701883],[75.69645437606663,23.77966934604549],[75.69295428010655,23.776041439603816],[75.68692551106335,23.755335365883223],[75.67941069228331,23.767186384339375],[75.67547417948688,23.781912155121873],[75.65976937624404,23.78420337550613],[75.65442959526081,23.79831389829634],[75.64965022557264,23.79546423875686],[75.64556033083134,23.796978160019613],[75.6273183465613,23.79545659790062],[75.62068545240469,23.800838153886545],[75.61475998782251,23.80095348686571],[75.60795905211393,23.797064599455247],[75.5988868672449,23.79759648285005],[75.58354172518733,23.79472778177053],[75.58913713975096,23.809595631972062],[75.58085986060213,23.81223440857418],[75.5714495974709,23.809015850104487],[75.56635754579192,23.809505919180083],[75.55919620329637,23.81855128543654],[75.5592478690016,23.828518044317644],[75.56160031688053,23.832204778056948],[75.5668474546085,23.833138925494236],[75.57477220609373,23.828531216014966],[75.57758537383077,23.830530896545163],[75.57949833802493,23.834853674374063],[75.5791364157801,23.839604718482523],[75.57667696687272,23.84232502071546],[75.5661426373349,23.844064989246633],[75.56592838285144,23.85342665357394],[75.56433615584126,23.856430396740823],[75.5601435270691,23.85941040892862],[75.55287184091395,23.861571430481252],[75.54605239002905,23.870097835148055],[75.53155989110991,23.87600395895502],[75.52290587290398,23.88410354324901],[75.51313946728844,23.887263793202408],[75.50508911066522,23.88776294650513],[75.49991413550237,23.899707105324794],[75.49151362725948,23.90693188909329],[75.47620269933613,23.911765405106724],[75.46545454740449,23.912218921957493],[75.46224618202791,23.9144868099932],[75.45943434379751,23.920507377626755],[75.46016521670595,23.932312409642282],[75.46554961161944,23.94809193538535],[75.46893276040424,23.974380420618726],[75.47390181385623,23.981961094383674],[75.48324980667024,23.987452745468875],[75.49300979382309,23.997841708042714],[75.50361384071181,24.004785159317112],[75.51630980787736,24.01752900211996],[75.5210945521859,24.024591741785418],[75.5394190009007,24.008953173601242],[75.54639364114087,24.00686225412459],[75.56741669005461,24.006723029682338],[75.57234799629833,23.998722776550014],[75.57628323079213,23.99710943670413],[75.57569976872688,23.99414005817123],[75.57750353820668,23.994083601306567],[75.57958034432889,23.998333485225455],[75.58106488759101,23.99683227553555],[75.58174215173823,23.991223301412397],[75.58823784170991,23.990698689961196],[75.59546477918751,23.994468240699877],[75.59571610534611,23.99001862720798],[75.59817685501402,23.99423404756894],[75.60398921092211,23.99549589280216],[75.60718368115789,23.99259536900615],[75.61137380632535,23.99573767738054],[75.61597461429123,23.996818712287915],[75.61943261789202,23.995163451909193],[75.62597396563632,23.99663691276519],[75.63094057207748,23.99524554805496],[75.63504531237719,23.99811105349682],[75.6399160739674,23.99797048108117],[75.64045373093631,24.000849276130687],[75.6479304350972,24.003591235908722],[75.65122479080604,24.003011326490228],[75.65225128759634,24.00429969277338],[75.65058162311374,24.004860059045267],[75.65087744193005,24.006253630648615],[75.65468778993811,24.007259644462355],[75.65770259891369,24.01101889842161],[75.67085386909618,24.018048517782315],[75.67457288449096,24.017343199722838],[75.6781779881178,24.007254117683882],[75.68311598142056,24.006312269924862],[75.68295198857552,24.005326394052723],[75.68772464245863,24.005332275420894],[75.68699160640702,23.988720476922797],[75.69242061435249,23.986955823388197],[75.69878280568979,23.98804886132343],[75.70177097153235,23.966533482791945],[75.7175237016922,23.966859808279725],[75.7180659769,23.96829302390678],[75.72953172823344,23.970199021119246],[75.72893936386372,23.972992992596687],[75.73066931428504,23.97672363036744],[75.73620492261034,23.97527925931338],[75.7412806447141,23.97695730130607],[75.74144453964273,23.982719695752124],[75.74369097643668,23.985574342498975],[75.74230008613618,23.992665657757968],[75.75352181551257,23.990924405847718],[75.76547694655491,23.992737564067458],[75.76854901145175,23.997662040415893],[75.76849861776095,24.000871090552266],[75.76373827888206,24.005726866442117],[75.76263943806696,24.009942563339102],[75.77346341499513,24.007620673468598],[75.77697673595277,24.014451504490424],[75.77554446835197,24.01396865427624],[75.77527114784196,24.017013470558055],[75.77686098263851,24.016811780852947],[75.78307376977104,24.02176116468399],[75.78060825633719,24.040006894951425],[75.78291759137069,24.04334238946358],[75.78844995318454,24.043270068445686],[75.79862472933495,24.04709312873533],[75.80258340177282,24.046651236747522],[75.81084602490775,24.048551798501638],[75.81464436872866,24.05128815030283],[75.83681101072833,24.056979082459538],[75.8352209324883,24.06992780111864],[75.83613409602577,24.089101634001437],[75.8349544077334,24.091723278563332],[75.81664340769673,24.085446165966953],[75.80560147702275,24.099553530111663],[75.79294219525676,24.091843848691525],[75.78770844422314,24.098626222602608],[75.78901381221362,24.103962926550913],[75.79086853503466,24.10528057739843],[75.78419855213492,24.106942184532],[75.7826347577018,24.115895440620182],[75.77703674521038,24.119037293186416],[75.77367618636005,24.11879034752702],[75.77035128164334,24.11540485817282],[75.76431932807246,24.121198310764267],[75.76251488305957,24.13006579280253],[75.75811570555246,24.13451272576313],[75.7567672283098,24.139190322169977],[75.75101578087289,24.143434020873208],[75.75200807341047,24.14801342384128],[75.75928549980027,24.156053115976626],[75.75890255787613,24.158651360467474],[75.76158695930368,24.162442833373017],[75.76063340661274,24.166125868689335],[75.7639051759804,24.170395677352687],[75.76386834774868,24.17445334593603],[75.77401028149232,24.18074235021836],[75.77120471260429,24.189200167148403],[75.77306111886816,24.193325442580406],[75.77235787364631,24.20084350478204],[75.77645687820291,24.20833872432132],[75.77935751130588,24.210314761888046],[75.79262240310044,24.210017774081475],[75.79554849176363,24.214670223332202],[75.80762075233922,24.21786911790024],[75.80988011139851,24.224945093372934],[75.80942104444053,24.22944733212321],[75.81537563420086,24.225532264810017],[75.81786299106915,24.22922993002589],[75.82351947490243,24.229728604531413],[75.83025953447918,24.233418699283618],[75.82549292176635,24.236909462350628],[75.81806807105863,24.238651583094807],[75.81798153904225,24.242097862264647],[75.81442516452799,24.244311530518598],[75.81298955339768,24.250423863485736],[75.8186344498621,24.254869316816244],[75.81921893510847,24.256916313209967],[75.81155207826319,24.25773869909685],[75.81419933884531,24.267654407371335],[75.81418769578093,24.27123097591152],[75.8125705926239,24.271329568904687],[75.8117107629632,24.275099780610443],[75.81314985326858,24.278233616777783],[75.8167384099279,24.278140945467158],[75.81843499512296,24.280641492122893],[75.81178371784237,24.285322349917443],[75.81209327100106,24.288416500346223],[75.81367873369715,24.289553875391917],[75.81217995842597,24.293260212570623],[75.80892835443983,24.294045251845333],[75.8108148937916,24.295841483811774],[75.80635497310328,24.29977216337131],[75.80345528412967,24.29842582604106],[75.80188722000402,24.302433142966397],[75.7872133386526,24.29869073651849],[75.78567208833987,24.296528858953728],[75.77239177247188,24.296680621523365],[75.76643891017184,24.298078516236135],[75.76085380108117,24.31482443175982],[75.75598735948911,24.32111798002938],[75.73985569209466,24.332100003560576],[75.7382420492481,24.334769106979344],[75.74319833853824,24.340006340040503],[75.74213819534893,24.349807445879225],[75.74321410037821,24.35163480850892],[75.74076973328614,24.351239424556226],[75.73754419930786,24.353507987249973],[75.73999002256899,24.360913870662895],[75.73875392905994,24.36735204466622],[75.7400593248982,24.376911995308976],[75.73788505785588,24.382289957967664],[75.73412612492314,24.378351828181138],[75.7295026560559,24.37770050360465],[75.72776832634756,24.390467644714004],[75.72792591150962,24.396363092318477],[75.73028736230434,24.39678131406357],[75.73147687547096,24.398671854045325],[75.73518854264672,24.39870992384163],[75.73766211846025,24.39700631724608],[75.74280335200275,24.39768405519373],[75.74323368993961,24.39929527445502],[75.7496833187951,24.401000159098945],[75.74989323980563,24.404333799257518],[75.75530391942435,24.406477930636147],[75.75470661881215,24.416718586738863],[75.75588723686083,24.4206075511813],[75.74741953193977,24.42307218213724],[75.74756609746827,24.424222877346743],[75.75807711213122,24.431170823557043],[75.76180430039847,24.430782092410873],[75.7630229189803,24.432900213660286],[75.76678874648285,24.434364446196593],[75.77142695490727,24.44177202704566],[75.77399213552357,24.441631000490585],[75.77339474148658,24.449720014068184],[75.77644659608617,24.45056461615136],[75.7811885123152,24.449569875114587],[75.7860601713224,24.453211373440585],[75.78427412560313,24.458434237767335],[75.78528587564976,24.467973621577904],[75.7867431128222,24.46789084937843],[75.78938569048674,24.471554215049697],[75.80226943698774,24.46870653987224],[75.81379794911852,24.461803909746827],[75.81437449146112,24.450527082090208],[75.80977788222086,24.433936660582273],[75.81680795300562,24.429392068865617],[75.82483742559513,24.427261871234258],[75.82770560616011,24.42162429839299],[75.8355664380213,24.414825853171966],[75.83878701958744,24.41413082412865],[75.84201135700978,24.41622620545622],[75.84448667824991,24.415444857712032],[75.85547593620718,24.417921030374252],[75.86126062220791,24.4215796936121],[75.875286808358,24.426464173106808],[75.87584436121382,24.430487652251436],[75.87690537666727,24.42999336995046],[75.8862962155271,24.43682246682563],[75.88971876442025,24.43765833414262],[75.89047583310065,24.43942766865911],[75.90043599633984,24.442245532584774],[75.90327082245832,24.450024585479444],[75.90264507399772,24.4538615561535],[75.90919065550197,24.455028373941417],[75.90886386187634,24.46221305094577],[75.90539845256437,24.47253142868918],[75.90982151357991,24.482448681758868],[75.91161712635694,24.491833390048416],[75.90784543375389,24.49246290113141],[75.90388215116198,24.496981895599554],[75.90313804606943,24.504418442048873],[75.89761076602517,24.50456629306924],[75.88806480787869,24.507692555265407],[75.8900805995285,24.510002542478176],[75.89070799819427,24.518573314925643],[75.9016135592182,24.51848041928724],[75.90496760707937,24.514075616016022],[75.90794931403505,24.512642688848647],[75.91155878167756,24.513572219033417],[75.92062845126378,24.521432068190116],[75.92333525577618,24.535129579327503],[75.92062638424028,24.535830832000407],[75.91618736285707,24.54262117314092],[75.90620837811609,24.545287721864455],[75.90386580811203,24.548422734146886],[75.90612200599986,24.562691613934497],[75.91228478841208,24.561303921185196],[75.91474567642054,24.57229927906008],[75.9065882244458,24.575830727093066],[75.89868219115613,24.576484562825193],[75.89434339840243,24.57993274601707],[75.87859672288755,24.583372264305655],[75.8723895583104,24.589921192486777],[75.87153525598363,24.606484537148827],[75.86310802825096,24.606096509866635],[75.86301986848727,24.60998709428372],[75.84923567230507,24.6108284080573],[75.84586767989576,24.609433994540815],[75.84579109133125,24.607592078474784],[75.84165297682212,24.60696956282113],[75.83837031807658,24.597600087272966],[75.83545845603257,24.594902357079988],[75.83281223749617,24.595467318250243],[75.83673954795084,24.606101140787455],[75.83284592970924,24.605051743614236],[75.82516288881583,24.612992416038136],[75.82836630806845,24.620277811335846],[75.83751064921432,24.620728049146756],[75.83835236075407,24.622982281961495],[75.8422134312363,24.623781237334768],[75.8424535760646,24.62613295348624],[75.8449677988481,24.62699375223866],[75.84293802761586,24.627999410422422],[75.84672177561002,24.630941514977795],[75.84176852981206,24.63490202678008],[75.84133147696845,24.638022230205937],[75.84908209722238,24.64742766905504],[75.84729985946164,24.652294339060656],[75.84824364207554,24.66317890414914],[75.8415425073984,24.665506222276303],[75.83882531386968,24.6687155170399],[75.82517577964013,24.6675442952577],[75.82855260248868,24.67225515746761],[75.82865838180832,24.67602009075515],[75.83394238819221,24.689053785383653],[75.8381171584565,24.718076748523163],[75.83627522405185,24.727788675087638],[75.83419963963844,24.728507284420314],[75.83283042748236,24.732637894519982],[75.82868525580837,24.733441664776393],[75.825013119895,24.736053155074575],[75.80216265694486,24.756416700319477],[75.7979683034074,24.756262932520645],[75.78472998377892,24.761669955981898],[75.7775623899073,24.76132794436997],[75.76980511852702,24.75838313007856],[75.75682849790375,24.761506083794536],[75.74015842973529,24.75494981170637],[75.68324857095983,24.724148066199103],[75.65773024007497,24.693412932187723],[75.64603480030314,24.685128110860347],[75.61083554299363,24.680981145519194],[75.60870478854704,24.68182070290542],[75.59904329178364,24.69773989294806],[75.58757463619689,24.70699459720415],[75.583096230875,24.71325172924793],[75.57514179186626,24.712394362908796],[75.57565863127677,24.707991333269458],[75.56444974601231,24.708040442986093],[75.54962154307822,24.702974463697615],[75.54202923382513,24.70582553943427],[75.53388735594245,24.71227226448011],[75.53104386826799,24.70996232590302],[75.52125332312417,24.707161001711277],[75.50899670579436,24.701161300846824],[75.48992252044849,24.68699873737545],[75.45543604397753,24.680649919264347],[75.43567743670826,24.682071934144126],[75.3918833646616,24.690504922333886],[75.38259963013644,24.69036352893992],[75.3709923088058,24.692336571610895],[75.34920426447756,24.70083933978471],[75.3300930460841,24.702981741742217],[75.31929938639847,24.70260177876742],[75.28459706003612,24.708851152020323],[75.26971915691063,24.714269667996543],[75.26474139788522,24.71751995706343],[75.26177925264318,24.715641073711815],[75.25022054184751,24.713388567646152],[75.24111675694176,24.713633257528905],[75.22837782874605,24.71756400538128],[75.22450260171323,24.715099691019674],[75.21943808609262,24.702499166799825],[75.20806721571782,24.719286633268133],[75.20508417027237,24.728895475387976],[75.19754963706511,24.743260371202844],[75.18793607260864,24.743523506439594],[75.18713694211168,24.747080347835976],[75.18443119311972,24.748448538163167],[75.19046415190539,24.753918571016783],[75.1928213123463,24.773735380424053],[75.20170718932035,24.77128432447137],[75.20753119098781,24.78169101602603],[75.20493134797792,24.785422299025917],[75.20734672104587,24.792059023302254],[75.21562671849674,24.80246881476821],[75.21883570191424,24.80514872693045],[75.22108471148314,24.80326468322937],[75.23212710209454,24.802642187537728],[75.24423904305287,24.804638075882185],[75.25036381145723,24.809506362671655],[75.25235616785788,24.81304415322303],[75.25409779727623,24.82415749176152],[75.24931045863318,24.82726604612654],[75.24909279234825,24.830011766505688],[75.23215778405307,24.831464474832586],[75.22527849279382,24.834126929952994],[75.22634684838141,24.840186395303014],[75.22423800025135,24.843956999391295],[75.23694972476532,24.84215444322036],[75.240527911273,24.84580364625514],[75.24980622266881,24.84549297684576],[75.25749749033358,24.844577908207594],[75.2617680524482,24.84212049532099],[75.27295471518917,24.842661044650097],[75.27839672804498,24.840019751615763],[75.29056726521098,24.83336113621933],[75.29025627923941,24.82874475989683],[75.29576150205021,24.82041200117801],[75.29485393681362,24.81565159602769],[75.2974077142157,24.81216610893654],[75.2978335012873,24.807053678011826],[75.3051647583222,24.801657869877133],[75.31105358062393,24.800933760130658],[75.3164973002788,24.80317113897209],[75.32867575250079,24.818966327652376],[75.3353105052717,24.821960841445698],[75.34638274959494,24.8219172410702],[75.36274173118048,24.829877280645267],[75.37257842008552,24.832840345544433],[75.38029063197115,24.837637270744388],[75.39611979438865,24.84134817890972],[75.40490908360502,24.84564319482623],[75.41375667797487,24.852769818346452],[75.41801383003897,24.853422143262513],[75.4197390391522,24.855957154385827],[75.41882773961898,24.86072902480413],[75.42000035008522,24.86351546530571],[75.42566122308696,24.868766615160798],[75.4243046466337,24.880352559743283],[75.4259189461487,24.884002720135037],[75.42034828556106,24.886234700783596],[75.40734384052018,24.884712685256215],[75.4017730784229,24.88264599147863],[75.39596981705873,24.87746397521619],[75.3801814147989,24.871625464017857],[75.3736260434547,24.867690758775115],[75.35052816471237,24.873598660384047],[75.33828477148188,24.872705568121468],[75.32663355307658,24.87482207336629],[75.32258007154532,24.873092232939605],[75.32276285534942,24.869136227516385],[75.31820391875726,24.860423901953375],[75.31529011365727,24.857858455657723],[75.3092473039462,24.85595185459255],[75.29462143754671,24.85757073363162],[75.29018718082777,24.866159073456153],[75.28109978568436,24.86832569802505],[75.27811998944532,24.872684323733985],[75.27435760518522,24.87472776982403],[75.26342841757099,24.874801500069346],[75.26234315029984,24.882628455084312],[75.26333099527844,24.89112390643856],[75.26513024174079,24.892292448242234],[75.26415965339879,24.8953504788534],[75.26698004808226,24.899007447851012],[75.27255267059051,24.904141643252135],[75.2773137676475,24.89915540894302],[75.28445173418271,24.90795904109714],[75.29406137120473,24.907491952755617],[75.29428258314007,24.90890796357397],[75.28826815929362,24.91923089632678],[75.28793142221612,24.92349777172172],[75.27732811194595,24.92490661890486],[75.2794746453005,24.934513594252124],[75.2727970303141,24.93597783445989],[75.27298363016155,24.93813151222354],[75.26906126583084,24.94215680454786],[75.26661716553839,24.95075313793263],[75.26303866821361,24.95076277644301],[75.25782871984012,24.953199578443375],[75.25897797770222,24.960337301951032],[75.2610533357402,24.963401314240645],[75.26895772421454,24.963867023696746],[75.27303762340169,24.962194665342953],[75.27406086379914,24.964046572809863],[75.27793999670676,24.964965825537597],[75.27830494986736,24.9637048925062],[75.28518982146117,24.965677794606044],[75.28186593633231,24.95303238517333],[75.28887714608936,24.951437730110175],[75.28668533315293,24.947620135757987],[75.29008164944312,24.937605091364457],[75.29765584955842,24.932951840392228],[75.30075192642282,24.933078986206763],[75.30500783072692,24.928437826873918],[75.30153349305934,24.926330718742975],[75.30092490152235,24.923581558280944],[75.30152541271335,24.920797810635083],[75.30858592650478,24.916561677484218],[75.31164813867959,24.907528697703306],[75.3152637957144,24.894376284724164],[75.31511720952467,24.88928299200245],[75.31273038132319,24.885083934334695],[75.31844139558912,24.89410315612766],[75.32099456393344,24.91273362683576],[75.32582018068909,24.91925414497639],[75.32886811234583,24.933573421174085],[75.33548315607942,24.94369496556718],[75.33706223534712,24.95531767169355],[75.33160061765852,24.957757056509955],[75.32705479736782,24.967565831899194],[75.3277864149796,24.970581498171658],[75.31753490114437,24.974800065795367],[75.31407458887328,24.979026397942963],[75.31155705310303,24.988709418366685],[75.31187991929426,24.995671415158444],[75.31776486267057,25.007901715723495],[75.32111827542283,25.0105430894148],[75.33834565390197,25.01864758853139],[75.33905449472972,25.01683961088975],[75.35137261521544,25.019537343986006],[75.35084979841501,25.022674123469677],[75.34453920810424,25.02952411209217],[75.34895222505664,25.029845448659632],[75.3499531638788,25.033537306425195],[75.33433439408735,25.041055426221877],[75.33090869659915,25.041610092518276],[75.32417367207957,25.039363425893313],[75.30016470311145,25.04189206379818],[75.29201992007717,25.038576721401288],[75.28345853973659,25.03798580013007],[75.27470284481693,25.03911095397248],[75.26756680337137,25.042534844652643],[75.25236813341749,25.038966852080627],[75.25030115127122,25.03551542148056],[75.24043062372775,25.03514241685016],[75.23011291932744,25.036995162301068],[75.2259113765727,25.03358069446558],[75.221018059184,25.035784942510833],[75.21521292303585,25.034940296643043],[75.20568169815833,25.038932305626442],[75.19826840966665,25.035497118980366],[75.19823492496444,25.033033991989107],[75.19252333218341,25.033476641931095],[75.18907942764103,25.03736935529251],[75.18327686516614,25.03871543903273],[75.17805053781002,25.044242306012602],[75.16997562214529,25.048922882597875],[75.1658127545585,25.047563103379797],[75.16544050528117,25.039869877120047],[75.1582815352363,25.03933580086564],[75.15523802329076,25.037190020730858],[75.15530101046355,25.034252770459744],[75.15320730792916,25.03251449609797],[75.15227211231104,25.020678786089807],[75.15759634435501,25.020740465472315],[75.1617468340555,25.018153873933382],[75.16640044140053,25.010355619612103],[75.16763085665866,25.005730692347857],[75.16641127598116,25.005698893936845],[75.16650069608116,25.002846896561625],[75.15923278374852,25.001509606210703],[75.1559761671631,24.993821099265993],[75.15349165346268,24.994836037985845],[75.15195769387677,24.98918695059189],[75.14185117531491,24.989873409279276],[75.13945712465853,24.985751069093546],[75.13721953537184,24.98613430163918],[75.13218812266943,24.983555825898232],[75.13021897514248,24.979563615830614],[75.13844455175511,24.979797963716486],[75.14148497439437,24.978298784548695],[75.13624111821214,24.9765742959119],[75.13053053154425,24.97184071659404],[75.12958196450313,24.969215141082444],[75.12680417421865,24.96744263471289],[75.11355121654262,24.96675288699237],[75.11507324470493,24.94380936850275],[75.11411355292734,24.93638409190475],[75.1183615260058,24.92554663407664],[75.11660637963739,24.9109508909551],[75.11953461347747,24.91004167858307],[75.11345777378678,24.900605149046367],[75.11367918424979,24.897399890994354],[75.1163320440311,24.897165139447733],[75.11744232848459,24.895515328652227],[75.11448428674677,24.893281379185282],[75.11658072824446,24.891936085595965],[75.1191899855985,24.882395050238866],[75.11681861470811,24.8778572083731],[75.11166141271312,24.878377054069926],[75.09840216862672,24.872400694878],[75.08743984844989,24.870822556467264],[75.08843074859875,24.878823499833132],[75.07652689518947,24.880625560652476],[75.06574805680772,24.86814805522154],[75.06418711452561,24.867691636556682],[75.06289460412178,24.871475663089466],[75.05530416875438,24.871837462930056],[75.05547843742792,24.869770260384442],[75.05934913156179,24.866824390238477],[75.05991988246576,24.86354768186899],[75.05682323786614,24.862218855569257],[75.05212817686399,24.855996445556297],[75.05183827345382,24.85316359875123],[75.0482752208637,24.849861505170225],[75.04186601709432,24.849245847139414],[75.04180609227835,24.846921380422856],[75.03403866544376,24.844593955780486],[75.02159918795306,24.848391856252842],[75.01520103795322,24.85392344350986],[75.0086697863744,24.856444681416807],[75.00156639689276,24.85606209138761],[74.99398675658011,24.853078800115973],[74.99246625645213,24.85417623988124],[74.98547401731723,24.853364259224495],[74.98464628356331,24.85684883037186],[74.98150330565792,24.858410838925842],[74.97085143605675,24.857436142412105],[74.96823875432486,24.85601202459487],[74.9585337647287,24.858078789631133],[74.95670939148953,24.86070147297136],[74.94818205190832,24.864500973569914],[74.95021724626993,24.867731117159284],[74.95316525831761,24.880512845524603],[74.9491899787251,24.881233038583698],[74.9451912315441,24.87891816371758],[74.94135333490122,24.87919651386047],[74.94077493484262,24.880630198472225],[74.93247519601509,24.881173589851066],[74.93289372110596,24.878709353635443],[74.93127296719561,24.87882488932498],[74.93197271617439,24.87533255310877],[74.92729612453448,24.879743445962383],[74.92399834444778,24.877906501074335],[74.92074560678773,24.88455378294279],[74.91659617799763,24.885973501488294],[74.91058835407358,24.893944551094798],[74.91639621211706,24.9070726119467],[74.91313012818684,24.9084430403717],[74.91336060534601,24.916066352253242],[74.90785954442997,24.918074525270967],[74.90281290348688,24.929897952962197],[74.89206202696496,24.92971866687445],[74.88836077216168,24.937383385013415],[74.88117041498077,24.93724382070238],[74.87972277361222,24.929912002609527],[74.86980050580331,24.924861104568],[74.86748126504716,24.929278083078934],[74.86281268009142,24.953458227852455],[74.8596598126331,24.955804631225895],[74.85917035656736,24.96267591806584],[74.85231357619082,24.96687491869213],[74.84851108484824,24.966215227960934],[74.84309762853701,24.968950053911005],[74.83364071050316,24.95960887518808],[74.83410171602551,24.943689851992797],[74.82655166352339,24.933791612099952],[74.82662482321844,24.924237377237993],[74.82521146245942,24.92289370665508],[74.8257807859404,24.90070811296879],[74.83139751842404,24.886241284379462],[74.8373017001205,24.886634384475567],[74.8406704920304,24.88518376239162],[74.84328218920876,24.878822911438352],[74.84465427417709,24.866922193843557],[74.84929019818576,24.85735319696666],[74.85058863208054,24.851026916586285],[74.85914401167503,24.838397933133642],[74.85960137363057,24.80968890626283],[74.86103363134991,24.804531805265263],[74.83804356391643,24.797297911389325],[74.83976053278356,24.78931492577318],[74.84932090260216,24.775922680026156],[74.86098346942445,24.778986903594244],[74.8616888831794,24.785119848369092],[74.85961945492062,24.795517538738515],[74.8609022159087,24.79854424176582],[74.87984078169781,24.79731072433854],[74.88011043618316,24.790120202666014],[74.89503938607466,24.782681919759877],[74.90699155087994,24.781559887722867],[74.91054019808614,24.77006824824551],[74.91455132674672,24.769001531338876],[74.92192483963424,24.77078180157593],[74.93053603155732,24.778648003110845],[74.9351501094366,24.77834231101108],[74.9487830077654,24.771734401914948],[74.952573170629,24.7733151465606],[74.96479767049244,24.769185044014417],[74.96913905129247,24.77027008001521],[74.97248552276253,24.763465349365063],[74.98152443313509,24.76360331448121],[74.98447939005823,24.768369912475666],[74.99038839930103,24.769006129293835],[75.00096323028174,24.7746363266522],[75.00700664366074,24.771526681031272],[75.01539237641379,24.740065853977892],[75.01463491157634,24.73460454625884],[75.0162896397707,24.731925090639933],[74.99235283067274,24.731675584451267],[74.99370286739078,24.725065463547466],[74.99221426284524,24.71859231129785],[74.99342701632658,24.709984264898477],[74.99228910688146,24.69335595208707],[74.99998277664132,24.69223583002915],[75.00162675290007,24.686310099908784],[74.99890554839362,24.684399785359833],[74.98261022861564,24.682075625200326],[74.97569378573117,24.67896768044973],[74.96007095196138,24.678700173953967],[74.96407059476273,24.671066893217354],[74.9599075582927,24.666109223764796],[74.96137248594226,24.65643778009383],[74.96021845982264,24.656340054729267],[74.95777132412285,24.66149074443262],[74.9554474857891,24.656554787382678],[74.95205210284847,24.654109104129915],[74.95089196728658,24.64747415889763],[74.94894545910137,24.649780272591627],[74.94715712177984,24.6457781804395],[74.94216406444514,24.64740053364278],[74.94412189858944,24.640933546474475],[74.94279286807604,24.640055254296612],[74.94326426980118,24.637777161660324],[74.94068518775585,24.640842347618396],[74.93916877316578,24.637978076211066],[74.93697891855663,24.637974371602382],[74.93613431444167,24.6398746221852],[74.92911702129348,24.635624001036334],[74.92403641145629,24.637504708477955],[74.9136636969229,24.636786172110025],[74.91154560423024,24.639118139198036],[74.90959701734349,24.637992909342167],[74.90519028680147,24.641078831055435],[74.90195119365227,24.638937214231607],[74.90168555643288,24.632838634841914],[74.89812971372123,24.6415182919399],[74.89439818299792,24.64426219015688],[74.89127130829233,24.64310227440441],[74.8934856806205,24.642041159035607],[74.89368251138073,24.638131542610548],[74.88883687297403,24.63362636400426],[74.88325218249827,24.63811529444641],[74.8838935652381,24.641796546637273],[74.88020497847693,24.644962929012486],[74.87764708140095,24.646458053880195],[74.87596570468364,24.643192686138818],[74.87292806772008,24.646515336275012],[74.87386140202892,24.65098933688724],[74.87160854317904,24.652719423040736],[74.87526406654784,24.65285810201125],[74.86836862896966,24.65913235863924],[74.869247655628,24.663032452569404],[74.86733587721001,24.66632753480214],[74.86480660584888,24.66717151744752],[74.86495456825764,24.671374031006074],[74.86364553873403,24.670782606683204],[74.86102678618745,24.675512961159203],[74.85819619562551,24.675472136184037],[74.8600872561981,24.683240812395194],[74.85277516741473,24.685162793853735],[74.85304245304268,24.679188525517898],[74.8516400625099,24.67872555248605],[74.85070394342371,24.68479304711592],[74.85362617022946,24.68619153217003],[74.85455819569292,24.68861620265319],[74.84968668490778,24.688556719517223],[74.84649161190244,24.696880209688455],[74.84779747666128,24.699218016164675],[74.84338649708798,24.698512276342935],[74.83621884752081,24.706414585088055],[74.82985347974065,24.720646120008762],[74.82996927168246,24.727913128611473],[74.82658790156194,24.72973053797257],[74.81762491410225,24.745398912606053],[74.80901651414308,24.78071752879889],[74.79989786122103,24.779140524995007],[74.79925680546799,24.764572518875067],[74.80409530226818,24.735199289371636],[74.78911258191869,24.731486390610737],[74.78389532664868,24.727750962937225],[74.7794184754122,24.73138194459987],[74.78339765279475,24.71293101289766],[74.78723370609463,24.703728381333264],[74.78369619260806,24.701887820257795],[74.78368539485835,24.69155142402079],[74.78081998649431,24.684829492434787],[74.77765330115025,24.681755414648325],[74.77176276665959,24.661445139050194],[74.77422725421738,24.659106956527374],[74.77980869548679,24.660703474311514],[74.7835872206759,24.657471887267043],[74.78542996625923,24.658859648349683],[74.78852017263324,24.65828661534289],[74.79014259830831,24.65990861088612],[74.79031559496741,24.665031211904875],[74.79760892782598,24.664151962664725],[74.80076078467961,24.66720243312118],[74.803501218523,24.665285112156457],[74.80894265106714,24.66654812714404],[74.81424160451903,24.665915310598642],[74.813764043046,24.659008213575138],[74.81558920859925,24.657817624585903],[74.8136403818623,24.649539029357577],[74.81136421712065,24.651157082461236],[74.80624500398075,24.64840715755434],[74.80296415803545,24.63401783583982],[74.79679761078386,24.634371433760816],[74.79140040050451,24.631341726055677],[74.79017556558092,24.621869405450973],[74.79130455655189,24.62058359184984],[74.78209275372484,24.61777703284973],[74.78148951794354,24.61555504913503],[74.7795665159744,24.615328722639983],[74.78092769629349,24.60529630949551],[74.78299825822616,24.605434653961055],[74.7833893352935,24.594456951718634],[74.7861698878975,24.594147510884504],[74.78651513741066,24.58581395413033],[74.78076392623066,24.58558656826735],[74.7783530662987,24.581432139919393],[74.76709590646918,24.578408939257454],[74.76690243540814,24.579483255932036],[74.7603028417991,24.579238963116776],[74.75834522504712,24.576984916808275],[74.75275491740588,24.579557977449593],[74.75274401904484,24.57513985593379],[74.74350819706369,24.571395489385935],[74.74914613966949,24.559392563158642],[74.75371441424907,24.55380174653756],[74.75249089535735,24.547283611508234],[74.75577299624909,24.53457549856491],[74.74421733523383,24.532248670003547],[74.74354211744881,24.52755966807821],[74.74560181156318,24.524925787391446],[74.74614868255195,24.518635302252395],[74.74467480588552,24.513413288055776],[74.72466756920012,24.51311668959393],[74.72464094762667,24.511681235668448],[74.71665755142473,24.506693853419414],[74.71215889807634,24.50040041350069],[74.70872383205801,24.486418956176717],[74.72745613118316,24.488762565845658],[74.73169307654324,24.480731263011496],[74.74367433688225,24.47406527076418],[74.74443731468058,24.46853030087853],[74.75326681159076,24.466780815394817],[74.76489963968558,24.4666995542433],[74.76941352666456,24.46314554667879],[74.77670193495872,24.460297141659495],[74.78689562334081,24.472153355160078],[74.8062977054435,24.46725672731079],[74.81510865393967,24.468636941905064],[74.81811536460297,24.46459261752929],[74.82206286559193,24.453117523474088],[74.81915168447092,24.45296161942943],[74.81374865849845,24.436675789979418],[74.83008994057795,24.43507492181564],[74.83282441499776,24.438728465182432],[74.83209602323613,24.44212206980544],[74.83441843774017,24.443101263517214],[74.84178399874084,24.441159959171017],[74.8514936658647,24.44553987458707],[74.8542251479963,24.444498056921514],[74.856152086383,24.428934176085587],[74.85516952170167,24.424263835706828],[74.8488046479949,24.421486172631685],[74.84098137020415,24.408986560831767],[74.83497958295882,24.406431362116322],[74.8302392136287,24.40145363910893],[74.82518767686733,24.399952319026564],[74.82438296603583,24.38704773789165],[74.82145436298818,24.379452937209983],[74.81150887283086,24.38254811481705],[74.80725288767837,24.380763905740157],[74.80840195150437,24.376918901174406],[74.80106797257416,24.36430425754223],[74.80188247863555,24.358703086814586],[74.79822965290752,24.3566318949323],[74.79097160228005,24.34558755970786],[74.78090929071162,24.338496018052428],[74.77885784223326,24.323791323306136],[74.78309717441705,24.31934099684342],[74.78358776146167,24.31461147597402],[74.78046590294866,24.305864180159425],[74.78131219499802,24.28909718435834],[74.77594923029395,24.284113229590673],[74.77376762671072,24.27798399694538],[74.76895010826738,24.275591220595818],[74.7491475796689,24.258655934769465],[74.74710440018272,24.253402061422005],[74.75424717899293,24.2441982975062],[74.75432024077162,24.24210197742629],[74.75854154197101,24.243219189741076],[74.76221456901312,24.241116324427775],[74.7748223916864,24.23864316251171],[74.78687143350685,24.23968641690937],[74.79503700086187,24.243097218478727],[74.81127987250201,24.244211366859837],[74.82358953984091,24.239770995541566],[74.83292807519166,24.23981689713527],[74.83911535017012,24.237139421741553],[74.85032078320894,24.236445049355652],[74.86779686476605,24.243048037594765],[74.87993574260649,24.236244506428477],[74.88665987864651,24.229694124410187],[74.89684529354486,24.227115060892444],[74.8979789611452,24.214227822745837],[74.90540970839443,24.21285319871546],[74.91016928819693,24.210099214814285],[74.90707954715022,24.200973703614864],[74.90209259656282,24.1969580840141],[74.899029788805,24.19060975247406],[74.89420173581833,24.190257002173535],[74.89056640118719,24.18794552576481],[74.8823448876546,24.179612523623916],[74.87954056203492,24.173651506558922],[74.88170831898637,24.173025968461992],[74.88209426308019,24.170212588799302],[74.88460758754842,24.169865010114428],[74.8864990047522,24.165651257746223],[74.88958664733434,24.165413802856936],[74.8903597437561,24.16277625218148],[74.89597304737026,24.15769691505222],[74.8954002285445,24.152997779490523],[74.90186843995001,24.138828656686602],[74.90109123822741,24.12574806746634],[74.90494949788113,24.12436658010386],[74.90806649920341,24.121045474918528],[74.90334826166698,24.10919256978814],[74.9063947299681,24.10565613218777],[74.91498136374796,24.102462739935543],[74.91800640094135,24.097791788775723],[74.91750745327634,24.09118216597551],[74.92053782197094,24.086990570517248],[74.91904837121244,24.085987853883527],[74.91839920457069,24.081908080444233],[74.92083571769221,24.080175013815154],[74.92071535332562,24.077627382612544],[74.92747129511659,24.07432828210074],[74.93225851697866,24.07427544709725],[74.94041982362428,24.069809415091125],[74.93781528691709,24.062557858577556],[74.93930793298306,24.05381874754275],[74.94578463975616,24.049434042869773],[74.95530789478047,24.048539787054466],[74.95534689693514,24.04689182832548],[74.9601819235434,24.045952163553896],[74.96031298145513,24.039252100860846],[74.967107683754,24.03905049199516],[74.96936778841497,24.040298893431068],[74.97188249179713,24.038656294489805],[74.97390519867798,24.03979797588494],[74.97691357391952,24.036033230632725],[74.97846972279123,24.036535602694343],[74.97852993327146,24.03299762307711],[74.98244480924596,24.025701971680185],[74.97606956987913,24.020182735745973],[74.97279305111857,24.013926427289924],[74.9653599628597,24.006684291188915],[74.96311105300379,23.999795698847834],[74.96456686724483,23.996362069806764],[74.96243887062613,23.989273888945107],[74.96265697349229,23.97897076968732],[74.95890748544643,23.97196168387833],[74.94602414049238,23.962043876530107],[74.93110788649079,23.957499458534674],[74.92875092278092,23.954093893121268],[74.92804758503262,23.93921756269827],[74.9201574600083,23.93532214596619],[74.91607142981934,23.93092284412432],[74.92090051407197,23.92420291014113],[74.92076441930642,23.91934579598543],[74.9110327371699,23.90805450459568],[74.90824281783244,23.881874178352767],[74.90249829820303,23.873155886913292],[74.90395488319855,23.868949091465737],[74.90278800039057,23.860612500845846],[74.90366825235095,23.85267107848261],[74.90579786593712,23.848133124156604],[74.91170815438089,23.84641464897937],[74.91378483923054,23.842449432254003],[74.9088080539789,23.835612887437396],[74.91143428859347,23.825937521214477],[74.90801177383632,23.822148683787237],[74.90618130462963,23.81547149993601],[74.9066041434305,23.803877506390748],[74.90386272593186,23.798812473630562],[74.90370670653333,23.79423959840321],[74.92431048116123,23.79655506829722],[74.92824562851844,23.788036414941654],[74.9317769041037,23.78430468312272],[74.93520138796795,23.773270059652106],[74.93882094548776,23.77006428669223],[74.94038858201534,23.764670669349822],[74.93418697172156,23.7579781603393],[74.92428051515999,23.75630076945386],[74.92611654853154,23.751685205644534],[74.93012017536117,23.749985547220657],[74.92987791320377,23.740283627243866],[74.93175226241712,23.73440047996858],[74.93480779741442,23.733083654764865],[74.9362782083805,23.72958802209619],[74.92877665053065,23.728235105191494],[74.92791512395237,23.724090543911455],[74.92503301321226,23.72340419104677],[74.9265156718089,23.72039501090271],[74.92448066519519,23.71849808260837],[74.92019734880019,23.719356321668386],[74.9201469757706,23.711134537947142],[74.91832826012113,23.70614521887076],[74.92156096804526,23.694805326737296],[74.91760919916038,23.69065713923652],[74.90337356271696,23.684424999451092],[74.89969482149128,23.68413082376296],[74.89967598831136,23.682243659869176],[74.90444222822333,23.68011590855608],[74.90393260857276,23.674824016867493],[74.9071955034837,23.674646940269646],[74.90800366743919,23.67122431640257],[74.91768750440538,23.669402924869583],[74.9218041132466,23.666424139208996],[74.92462343085003,23.655244714940412],[74.92385553118223,23.651182266104424],[74.9280151423761,23.642160134468124],[74.93613989028462,23.639714154717556],[74.93651696531165,23.628550816697626],[74.92725965113733,23.62509958493533],[74.92752440980436,23.62188799741715],[74.92431454334297,23.6199520013857],[74.91490264168465,23.618095556845564],[74.91113882191675,23.619227896565775],[74.91005934698255,23.622250434744863],[74.9057782503246,23.625015142541113],[74.90272367832128,23.624656006619848],[74.90386766127604,23.623150679289758],[74.90104215158534,23.618615301678524],[74.9017601785852,23.617695994087978],[74.89764420305626,23.615957974018013],[74.89366988376275,23.609263305573297],[74.88505158886073,23.608040483412957],[74.88476967327007,23.606544678280034],[74.88215338929388,23.606085439391055],[74.88010129762179,23.595259748344],[74.87004534522725,23.591814271090932],[74.87336108712806,23.577033411250003],[74.87129890917197,23.57825041508438],[74.8689058646287,23.57451128528728],[74.85697915179037,23.57414597921457],[74.8534303015649,23.570653588818566],[74.85268079130928,23.564559711015335],[74.8501395678633,23.560672351354636],[74.85088820226152,23.558982605087262],[74.84845871127057,23.556283586772956],[74.84904809592848,23.554702736997015],[74.84656015515523,23.55416148438639],[74.8473246618862,23.552072108371735],[74.83996791515513,23.549859910026857],[74.83669473183922,23.55114986736502],[74.82927869001115,23.550670227807675],[74.8223609948752,23.540906291546634],[74.81810534389597,23.542472967693687],[74.81534607777095,23.540978696671022],[74.81072637374307,23.541079033349924],[74.80638811189368,23.53801596465473],[74.80294599050715,23.53247387485026],[74.79831370108212,23.539832806245595],[74.7941011494736,23.55090612510819],[74.77287866199039,23.54400688395053],[74.76728400740149,23.535486713555457],[74.76701008861347,23.530807075322606],[74.76223708618403,23.525879717950502],[74.76174313405033,23.521232045943517],[74.74911136408822,23.520312217063697],[74.73339374817449,23.521672166747063],[74.73604831116157,23.51099569679367],[74.73225054136414,23.5059190661006],[74.73188864247554,23.500398946064166],[74.72723455812508,23.495382553878354],[74.72172649304474,23.497575017215443],[74.71842301943575,23.503777727335873],[74.70090265632506,23.504227079296786],[74.68666153476848,23.49465193693778],[74.68025829940584,23.494920972321854],[74.68226090288893,23.487964633518597],[74.6813195403364,23.485184431333764],[74.6787261193825,23.483426423529696],[74.66592887166024,23.48278830657287],[74.66663829818954,23.478493539808714],[74.65998442837106,23.46836196732736],[74.65192910496266,23.46243538407282],[74.63884259163403,23.463835287719554],[74.63686587490247,23.46768272610272],[74.6331067883578,23.469792380085835],[74.63397960406428,23.468018696380668],[74.63232601852694,23.4616357716213],[74.61620110915834,23.45989215290047],[74.61302535801644,23.462213290910363],[74.60406044995867,23.45745702765649],[74.60982423845095,23.454133976630875],[74.61009907082561,23.451792478697605],[74.60611642864103,23.444395019083117],[74.59910234247842,23.436749166411303],[74.59919693058626,23.42884170041347],[74.596699037378,23.42839782607075],[74.59424540146884,23.424045911492986],[74.59028903859958,23.42450712846632],[74.58727293784662,23.426559963744403],[74.58474950104325,23.42568611609987],[74.5852906937811,23.424064955730874],[74.58189837679056,23.421647932853805],[74.57504977647298,23.423318318825373],[74.57238946426808,23.420610847133947],[74.57003849950767,23.412407218744335],[74.57313639905377,23.396352761377308],[74.56646721745126,23.385972275763095],[74.56951204812363,23.37837868356258],[74.56886116569966,23.376250414678953],[74.56521377208416,23.37289436207423],[74.55912853404388,23.371228288411686],[74.55753732392661,23.36766331970029],[74.55856889080842,23.36422798260619],[74.55761886310664,23.36182920933621],[74.55462819994757,23.361175610995712],[74.54672993259354,23.36493554510956],[74.54242098277189,23.36467199539887],[74.53981866490344,23.36189215971944],[74.54161435493559,23.357882815294257],[74.53826448693545,23.346740917172642],[74.53901262456532,23.339495327731797],[74.54040751506375,23.337897165155304],[74.53971114464876,23.33475548891822],[74.53514562250726,23.330764298282993],[74.51415541240704,23.328243267920623],[74.51497456635165,23.315747398393725],[74.52316500266704,23.3210707120197],[74.52989584013909,23.320683564042024],[74.53113289304885,23.313072766068995],[74.52785850419383,23.310813741386937],[74.53258130696855,23.30525327065549],[74.53434499901027,23.30058669284164],[74.53943476896845,23.29981224511882],[74.54124514825213,23.287590543051916],[74.54375495851096,23.280378683950495],[74.54667463499962,23.277038427578017],[74.54968033775314,23.2785598308425],[74.55371775740714,23.277473887319132],[74.55829485883267,23.279742583915375],[74.56345536303466,23.288331614568076],[74.56246209941825,23.29157690914887],[74.56397566185731,23.293571957518505],[74.56895000189476,23.295251633425504],[74.5743959358968,23.295144834526976],[74.57340975729305,23.28973203462933],[74.57693549476457,23.284608410650577],[74.57941576572189,23.2846966570966],[74.58520991637243,23.27945559507963],[74.58513840239101,23.276910463430706],[74.58726879661315,23.27687686385798],[74.5889858346506,23.278960894384877],[74.59262657354648,23.27887146247202],[74.59496359735198,23.27671256605846],[74.59870435467158,23.27691754692629],[74.60222283375559,23.28048694205408],[74.60936170130105,23.282325349158477],[74.61858213873467,23.278167652561077],[74.62173192317493,23.273427231809173],[74.62491162600574,23.2737581896548],[74.62393219644473,23.271700515613606],[74.62694576035533,23.258751870461673],[74.63886900210339,23.255420815738855],[74.64885074018073,23.255959617723786],[74.6573837867589,23.261302042449806],[74.6634741568744,23.267118783961838],[74.66735593082899,23.267690545549783],[74.66700828820393,23.269042344613563],[74.67317118021064,23.269818267797838],[74.67677617154811,23.273866590951062],[74.67808305140322,23.271546360943017],[74.69362249546349,23.265302156282484],[74.69975878476139,23.268379652040814],[74.7011040981376,23.26483724157611],[74.69837748577315,23.257395913878923],[74.7075699541604,23.25485159801625],[74.71300027993438,23.250433473110153],[74.71317619611814,23.24112867581362],[74.71510516200246,23.236729751864996],[74.70933923192656,23.233226078438765],[74.7088506768711,23.231582362660053],[74.70570780856018,23.2314731634153],[74.70404788630682,23.229046752896743],[74.69784987017252,23.22615465765801],[74.69142221949876,23.225645406777485],[74.69184009870091,23.21918161770257],[74.70207252692964,23.21447029891495],[74.71553523224135,23.219160384431333],[74.71727950989316,23.215710691719984],[74.72250087405733,23.21683268972108],[74.72643162595784,23.214999686218796],[74.73304620166918,23.217739893209888],[74.73384206589176,23.220564206801342],[74.74127348957242,23.224726530473117],[74.74112692045065,23.226456379364947],[74.7471242277977,23.22670054100937],[74.748991462354,23.225537180086622],[74.74865657490766,23.223498260902982],[74.74337518801116,23.22093082148414],[74.7404365346121,23.21763728468197],[74.74435245532727,23.21189415502931],[74.74153757629966,23.2083593413509],[74.72552293603052,23.201199852887303],[74.72412862314877,23.196310792506196],[74.72156818563717,23.195871270442783],[74.71496925408648,23.190711235273373],[74.70849564380617,23.194204689370828],[74.698773798222,23.192305805851465],[74.68177822461205,23.193925094064173],[74.67141545712383,23.200062868109956],[74.66422312724254,23.195145650128882],[74.64933085736072,23.17522893856686],[74.63200987353068,23.163683232893767],[74.62485103194487,23.16171183416828],[74.61839620184386,23.150466190476138],[74.606628964223,23.14264817486047],[74.59654145401252,23.137881070133627],[74.58494664801046,23.139643915183004],[74.57670727866495,23.134243267814874],[74.53941281593954,23.129308079925213],[74.53930877396165,23.127269785915125],[74.54400970096259,23.122374781606247],[74.54640795663278,23.113971614041898],[74.54481275889398,23.109024751926796],[74.53943932342693,23.103429906258214],[74.5279951532199,23.097557153050946],[74.51062971895296,23.094663356429017],[74.50701301538083,23.091480944086744],[74.5092551339732,23.086826215582036],[74.50576569382905,23.085121737479206],[74.49917063222063,23.086954422806787],[74.49155225655295,23.085905399100014],[74.4894074246075,23.087487171705465],[74.4750184637114,23.083582912665616],[74.47481064386031,23.081747567463907],[74.46730265227642,23.08301392744221],[74.46413587620252,23.081744373420378],[74.45423498380583,23.08834866527756],[74.4409541963223,23.090717314221067],[74.44068954904633,23.095100494385537],[74.43224587944901,23.10496991173678],[74.42765884624971,23.10653363853278],[74.42300102400937,23.104103357279065],[74.40554203649378,23.112263336880208],[74.39753848569012,23.110483364615508],[74.39276240293759,23.111203693086438],[74.38992137934194,23.109607865437134],[74.38934017743796,23.111464880223025],[74.38614457981649,23.11146729278297],[74.37739450565556,23.106203845591768],[74.35640406917987,23.088665609193853],[74.35453209690878,23.08571010555906],[74.35600121699576,23.07989296987592],[74.34989612259447,23.076045116116987],[74.34153714167054,23.06785524313943],[74.3311271308832,23.061647466972488],[74.32916007912578,23.061220269181163],[74.32756034669141,23.062772027830768],[74.32444904787452,23.061411061478427],[74.32082947059182,23.061374052905133],[74.3188922186473,23.05875247757871],[74.3221443310799,23.04099909781419],[74.32723314612896,23.036835831957188],[74.339940320676,23.032681128588383],[74.34455008394696,23.0287640641014],[74.34647018525605,23.024602508627062],[74.3465705800739,23.0155629371211],[74.34921119851283,23.00728792971924],[74.36425907277153,22.98140269237348],[74.36554834474876,22.975908959220153],[74.36157356372122,22.976574924755457],[74.35632020066832,22.97461409701872],[74.35389827708534,22.975755222740837],[74.35065489088738,22.974315766578254],[74.34994852581656,22.97163692884124],[74.34642652533662,22.96842111671325],[74.33937931289961,22.964651751966805],[74.3374340327114,22.956627728143573],[74.33951956147502,22.952825875095293],[74.355568950376,22.93962767045708],[74.35773121772276,22.939266929326536],[74.35827320636797,22.93167500995527],[74.36243805024837,22.926224035104955],[74.36816195354203,22.92438453065109],[74.37064347225929,22.922021771756732],[74.37786554446132,22.90724573411106],[74.38557440293599,22.904621782529237],[74.39323849207187,22.896778677076323],[74.4037239281054,22.898682196003417],[74.40457863467407,22.903630377811922],[74.40858825596158,22.90634257660431],[74.41364299881022,22.906242578547616],[74.41055092843199,22.912005559185317],[74.4183633779303,22.917297423602772],[74.42387446314663,22.916525180387485],[74.42648037158129,22.918437952964055],[74.43326832573571,22.918122531909493],[74.43373786255833,22.912490380386476],[74.44053309935477,22.918209157804917],[74.44693723842258,22.92126000699379],[74.45118922786871,22.916067038784238],[74.45860227291699,22.911266918201054],[74.46057743466477,22.9079390501931],[74.46386988684353,22.898151252089853],[74.46384204805287,22.887262928742413],[74.47040496165224,22.877857835469506],[74.46883714815654,22.87122076650288],[74.47024058253163,22.864209424592158],[74.47362236587722,22.857869801163798],[74.47656899990925,22.855455217568473],[74.47083958634963,22.841867126931415],[74.46476351022694,22.816366552861776],[74.45009756818601,22.808328065380294],[74.43376324894824,22.807979216760657],[74.43783544418349,22.79211096718788],[74.43520651462308,22.78226928234304],[74.42142377640656,22.756645487564846],[74.4182441131016,22.756411381075807],[74.41596168081422,22.7540266406102],[74.41407876167307,22.74372468220388],[74.40893883607761,22.740669044445298],[74.4073955223347,22.737031866055016],[74.40178560177584,22.731518087504014],[74.39684868375652,22.71380423985909],[74.39957140911072,22.709628917222382],[74.39787262394154,22.704184475059815],[74.39450758609121,22.70005381683208],[74.39496029297693,22.68574913176254],[74.38212047948322,22.66760415764968],[74.38084194057703,22.658408822726514],[74.38416527593692,22.6462428268743],[74.37971969415717,22.640337673927604],[74.37906625512794,22.634572992163744],[74.3750044812483,22.636216330413948],[74.35923542241153,22.63392629190887],[74.33910218083781,22.640261977934898],[74.33208660167521,22.638744182398742],[74.3293038248426,22.642048594534213],[74.32280695807789,22.64063669507633],[74.32371911101063,22.635950401318237],[74.3154294396025,22.63393490075802],[74.31212476404767,22.636651274582025],[74.29250864844708,22.638083608477913],[74.27739220039285,22.645937435021988],[74.27185461038405,22.639098420813706],[74.26587026931983,22.638512240587993],[74.26660244298881,22.642366965135903],[74.2636650104002,22.64401994259096],[74.25849496339498,22.636596285319612],[74.25327943648355,22.634185161583005],[74.25511747219987,22.625613646273887],[74.25335152538679,22.621436812795885],[74.2495388058264,22.619646497764457],[74.24346118729638,22.62056755732288],[74.24047673598749,22.611808795580618],[74.23134380344572,22.61176200774297],[74.22159098574718,22.583172314954062],[74.21118256857113,22.574822473676782],[74.21015414938613,22.56451818189101],[74.2044648662652,22.566025534412756],[74.2033982049002,22.569067318645445],[74.20080489084582,22.565929493740878],[74.19210636111754,22.569130430179502],[74.1857796146064,22.56604384232417],[74.18338132480022,22.566700423639706],[74.19006908895271,22.559350672918907],[74.18940638380131,22.55355892824755],[74.18110796639554,22.548396383131568],[74.17080551898198,22.54732814292763],[74.1629927065643,22.538339350631862],[74.15619326385571,22.534741567301534],[74.150402802586,22.52889194788709],[74.15115596808653,22.52134857626366],[74.13313174262787,22.52017623661745],[74.13058022179376,22.523857659864547],[74.12687400110357,22.52439878186148],[74.12714085823514,22.526791417681984],[74.12162322070714,22.52812885132925],[74.11187773056636,22.539596629908488],[74.10723508266783,22.53910709351116],[74.10139569375784,22.53422585480749],[74.09929985233478,22.538275265041303],[74.08559505285065,22.543994751372676],[74.07466869942112,22.551332139992276],[74.05681000202831,22.550047667665694],[74.0411722490383,22.541720602226633],[74.03715111494208,22.525898941958125],[74.03945103203814,22.52033641303111],[74.03883897120753,22.515576960814563],[74.02969576014225,22.507656883243705],[74.0325187904828,22.491830813192795],[74.0368767748442,22.48694595592616],[74.04090066137843,22.486529029604007],[74.04391014514101,22.496593732814926],[74.04639637731857,22.499204547460387],[74.0498987100837,22.499523776826305],[74.0530462568206,22.50378908758335],[74.0532586742493,22.50858713606563],[74.07236056094358,22.508052111580454],[74.07798133674432,22.5057252338589],[74.08288702662941,22.506564453507202],[74.08275258566232,22.49610804944964],[74.08632855333127,22.49155344218479],[74.08542097012835,22.48768162639376],[74.08784278232027,22.482544429435144],[74.0863883874174,22.47708304249985],[74.0824811120885,22.484564100741597],[74.0790104467338,22.485351974062162],[74.07662266541979,22.483616088840932],[74.07405430746232,22.47760439430842],[74.07642667997429,22.46931444966523],[74.07512666594286,22.46818887083723],[74.07566100633174,22.464115786906543],[74.0853651362402,22.47017223812633],[74.09080175830599,22.466478541218102],[74.09558440684494,22.468254781153078],[74.10438784542534,22.464616006315918],[74.10369701851397,22.455748441704678],[74.10185197144686,22.455507657654024],[74.10097712105626,22.451638318633748],[74.09736226082711,22.450256764257404],[74.09867438235192,22.448930914443487],[74.09860792498722,22.442100975547923],[74.10156870928158,22.435442176060096],[74.10379842124155,22.437239601303965],[74.10516709620507,22.43582732948169],[74.10515916947101,22.429500699477316],[74.10679815828331,22.42995814431276],[74.1105233469007,22.426000804089337],[74.11710500654341,22.424553751742284],[74.11944611678516,22.418801734112193],[74.12385651065688,22.418776245984162],[74.12544659159184,22.41724091250958],[74.12801465220696,22.42219170563215],[74.12815388299114,22.426518311552535],[74.12656302321685,22.426805483269334],[74.12825824387097,22.42709813567673],[74.12822000438597,22.434302209959093],[74.12869128573685,22.43558443172045],[74.1306445645243,22.435024418885003],[74.12923481948434,22.436252636803896],[74.13138962542433,22.438005112043133],[74.13089189138329,22.439942302585074],[74.13410260046444,22.44591329115037],[74.13611517255225,22.44730052205206],[74.14310867651507,22.446880639435488],[74.14941732915977,22.455629585188536],[74.15530654761852,22.454029154997937],[74.15257406566201,22.442991297439733],[74.15556069269051,22.436260866906448],[74.16048226748478,22.43114327632782],[74.16530923800154,22.430140709305142],[74.16977627514353,22.431764021246725],[74.16958821104215,22.439179890418206],[74.17171786145927,22.440177484272034],[74.18407430048174,22.441500200406846],[74.18541472971778,22.45033718145666],[74.18041398819415,22.45465680279805],[74.17976734581835,22.46256157754409],[74.18218327224852,22.467781480170814],[74.1870040273218,22.472272472773554],[74.18778308047217,22.475617071853055],[74.19063664634585,22.47586273586356],[74.19890781425576,22.47300493153383],[74.20294793783876,22.46773972886257],[74.20391428972587,22.463189452358463],[74.20233167828248,22.457785662047797],[74.20416160221178,22.451361745511804],[74.2007718238602,22.435515170471195],[74.20165674167018,22.434444079024896],[74.21341074441197,22.431442999118882],[74.21524655679798,22.44132859436828],[74.22081024735733,22.43802977297679],[74.22626378469994,22.43755430382401],[74.22743066301634,22.438851922537342],[74.23631196037904,22.435131392029714],[74.24401432493256,22.433839217050522],[74.23775211069646,22.4220098293851],[74.24764003142046,22.41473829959179],[74.25141697198139,22.415047627832347],[74.2544482569576,22.421612131729585],[74.25313256103628,22.426874502244146],[74.25575555003775,22.42892105478195],[74.26246069479434,22.423616276466323],[74.26321882258848,22.417139780950652],[74.27039502052388,22.413044096887003],[74.26749389873743,22.4054846823942],[74.29105778302493,22.393876633196545],[74.2891516020095,22.392125686718447],[74.27952248322389,22.394588010782748],[74.27496398321297,22.39184038688004],[74.2704924931221,22.392547543086557],[74.25670366971784,22.399489342001097],[74.25407815465381,22.385336095473228],[74.25067190209822,22.382271003890242],[74.24288537528408,22.382375092975572],[74.2433390388756,22.37593817222201],[74.23126779519288,22.37860929814244],[74.2286269315139,22.37792980119255],[74.22373952234481,22.37987785961474],[74.22232728447993,22.375046015891094],[74.22509556340218,22.370251519353697],[74.22216570361145,22.36468151669171],[74.22451292688868,22.360419732883447],[74.2241843087847,22.35644252536014],[74.21121153834073,22.359919175545162],[74.20613058534705,22.365989616090083],[74.20373541898311,22.366472949601903],[74.20265818534554,22.348567688279303],[74.19797146160758,22.342575434348074],[74.19617575001588,22.34311183638729],[74.19420585958215,22.348491493511528],[74.19216360176746,22.346521679633295],[74.19198137671546,22.324049424068562],[74.19018631370739,22.320182446169856],[74.17894732679608,22.3216494227425],[74.17483966427675,22.32374597641457],[74.16434270285812,22.324415812350775],[74.1561115207581,22.32748766221713],[74.1541785403028,22.3298265105621],[74.15056664271742,22.326993469003057],[74.14551230141572,22.32843217947391],[74.14226423499518,22.327371974195664],[74.13426059615661,22.332927302377247],[74.12806096125814,22.33298573447471],[74.12568049672214,22.337770732549153],[74.1277399905122,22.34168596907077],[74.12552904795179,22.356186561699076],[74.12159137722692,22.357713221224483],[74.1180445967199,22.356145453107832],[74.1140623300311,22.357216293016975],[74.11243716000283,22.3667863934956],[74.10542048040399,22.371688475785437],[74.09589170163899,22.370967278442286],[74.09210858965209,22.360770599890753],[74.08736841974795,22.359802444399023],[74.08291681835749,22.36171678994336],[74.07117724615243,22.361299069533036],[74.06806584133436,22.359728365110897],[74.06718607715916,22.35600158997429],[74.0649235156059,22.354460346838607],[74.06651908614555,22.350202180143633],[74.06952991917767,22.34927198525016],[74.07064813755177,22.344834974724467],[74.07244700402676,22.34353842603258],[74.07200318237747,22.33680363621026],[74.06461247304044,22.331786785959512],[74.0631350821646,22.327015719867447],[74.06147668525061,22.311604554012607],[74.06247105199814,22.304847862327296],[74.05986285375783,22.30366961684076],[74.05934423208981,22.305933174034596],[74.05390170000776,22.303864247285098],[74.0543522482419,22.297406398810853],[74.05241681089426,22.294019001155178],[74.05600222524671,22.28984651992483],[74.05475411138087,22.282768261363014],[74.05883476155958,22.27454376764622],[74.06606504077001,22.26866688873393],[74.06789979044902,22.26515564553916],[74.07451106844495,22.265571564573804],[74.07505226297945,22.247482867951117],[74.08386325549309,22.246964418761237],[74.08721563338612,22.242785563568894],[74.08270647064721,22.23887717016787],[74.08068152157142,22.23976113112409],[74.07410204034326,22.23804217555906],[74.06933906311241,22.232616669821514],[74.07220858935372,22.2190845493218],[74.09207704980247,22.22054456967404],[74.09864619052334,22.218318852587995],[74.10624508802074,22.220238383485473],[74.11110462965307,22.218082394267924],[74.11290129076403,22.214088654517173],[74.11646266260625,22.216232204092062],[74.12248982007183,22.212368406174342],[74.12228231193616,22.21038658339551],[74.11746986807583,22.206447396912246],[74.12171419489259,22.194745964229885],[74.11813296040111,22.185707108562042],[74.11886306884324,22.182930186290637],[74.12084756318853,22.182376539261494],[74.12042466509885,22.17889819137923],[74.12268468621654,22.171991539238356],[74.12140000912196,22.16752395616702],[74.12489468015603,22.164062905291],[74.13181529391836,22.163032698836105],[74.1340259085937,22.160505779690112],[74.13148882099127,22.158991902641876],[74.13020324647974,22.154631113042573],[74.13066931131378,22.144466894665094],[74.12697448036305,22.142966099815162],[74.12459350019407,22.13600891071271],[74.12281634420287,22.135612717145044],[74.12338258825908,22.12744202429988],[74.1284998897841,22.124407844959407],[74.12898852748457,22.1208480213872],[74.12451991829086,22.097782272965542],[74.12630561546375,22.09832517361558],[74.12852469316739,22.094578752965493],[74.14112577039121,22.099456478142578],[74.1525954455658,22.105937205318583],[74.15368810597172,22.100399725206362],[74.16923080103503,22.100577144150694],[74.16702045854919,22.097341539666385],[74.16935466433964,22.09688296226477],[74.17031690823097,22.091598800922785],[74.17360161333872,22.091584397688862],[74.17863314731365,22.08549382724319],[74.16453563852326,22.08289981245581],[74.16391544254941,22.072832813052397],[74.16221947359867,22.073348329739662],[74.16201701579152,22.071497900639137],[74.15843921106779,22.0699154242937],[74.16075751667772,22.061598388795645],[74.16003206779699,22.05890484604899],[74.15427841499609,22.059047422199754],[74.15504986031429,22.057890380836238],[74.13562972387105,22.052821420846808],[74.13414751712698,22.04955182761587],[74.13141372273184,22.048009757520322],[74.13143526612896,22.04633520241362],[74.13870276793153,22.043778881372468],[74.14015443285426,22.040555517728933],[74.12324486035632,22.035914338314484],[74.1215481988045,22.034869088250222],[74.12137737786502,22.032322469391183],[74.11536167930917,22.02998000541202],[74.11583650810712,22.02554147139154],[74.11469654152,22.02467957156815],[74.09479805757785,22.018939330720354],[74.09211643284281,22.014979057242552],[74.09632751121426,22.00985262831721],[74.09944497516895,22.00262925313468],[74.09972002044432,22.00072520094916],[74.09690454763029,22.000560487546878],[74.098047752644,21.99824097413084],[74.0993064190195,21.999419682963456],[74.10449242998564,21.998445199439903],[74.11282539120738,21.99938079120633],[74.1148398695202,21.997845721019196],[74.11847612133124,21.998866448505687],[74.12048564363866,21.995628956686403],[74.12727400742489,21.995525179513365],[74.14019651084047,21.990453802171732],[74.14378918178382,21.990778600190367],[74.14554625144525,21.98767621244589],[74.14800115218236,21.98841648859381],[74.15063952842632,21.986524123952222],[74.14869265193185,21.983357816159742],[74.14993069658169,21.975098766132724],[74.14758737828099,21.97408305677694],[74.14425191656306,21.975334279889324],[74.14038835864582,21.972602752649376],[74.14182590744215,21.970128127912638],[74.13988438850006,21.967572433382585],[74.14134110644626,21.963771482266967],[74.1428078253365,21.96355462032951],[74.14339808046195,21.961170280221932],[74.14584281316833,21.962005465230074],[74.14759496724851,21.960649356426828],[74.14305403918284,21.958328859198463],[74.14197425073661,21.95551699369439],[74.14421029581932,21.95306038461899],[74.1467272665493,21.952820768848575],[74.1553356745933,21.951342251158042],[74.16378623337053,21.946978435597845],[74.16983061333673,21.942831509980397],[74.17885832441264,21.931264217242568],[74.19289645995266,21.925817706517332],[74.20524750549018,21.92595230144255],[74.24134567815845,21.930099275772914],[74.26230191577125,21.933869747091673],[74.28099466836265,21.93296055507582],[74.28558630902106,21.935360996509456],[74.28933461757896,21.939811024824778],[74.29223475211694,21.946658394222194],[74.2945268583616,21.95932162816775],[74.30071428335872,21.966978809523752],[74.31218499968071,21.973377979292685],[74.33204912036834,21.97309562425755],[74.3444715523265,21.975117083226184],[74.35355327191395,21.980167280155168],[74.36066930069161,21.9901658561156],[74.37562149898267,22.000442097406342],[74.38416395721008,22.01743849807727],[74.390116277826,22.021547404349807],[74.39808101512116,22.02282650045787],[74.39714686693867,22.026109328081557],[74.39571815037819,22.025992091823436],[74.39595122546517,22.030304409755626],[74.38714176547741,22.031763699239924],[74.38664791126007,22.03380925230759],[74.38945679223657,22.032314408724677],[74.39522524927337,22.033763367772472],[74.40180657025122,22.023215538925747],[74.41608245750756,22.02507638288825],[74.43172335010948,22.030224518898144],[74.43928666533849,22.024671423026966],[74.44353799631952,22.023224861752098],[74.44309384498851,22.021873368642833],[74.4394471026516,22.021942509761875],[74.43877642135881,22.020847029822377],[74.44390769527975,22.01663656260797],[74.44366786037024,22.01117744453028],[74.44805405362821,22.009193253801822],[74.44919523114436,22.005964228999137],[74.45222091332813,22.004657827261315],[74.44723355849885,22.00048541657197],[74.4451144273537,22.000442916980756],[74.44216485672904,22.00303429764345],[74.43779566318948,21.99991399398521],[74.43237059435654,21.99940796313089],[74.4331300103348,21.997646728898975],[74.43818976488438,21.997342338963893],[74.43982031402459,21.994727258096347],[74.43885510479454,21.990898501051042],[74.4415031729621,21.990043988012747],[74.43887280519888,21.987177627247252],[74.43942980738746,21.976728559177257],[74.44473034456914,21.975484678335242],[74.44454876450752,21.970391218940087],[74.4499915391347,21.963854978798366],[74.45341785556212,21.961943304822853],[74.46113376401519,21.96145189998187],[74.46388609514618,21.96607438712491],[74.46764234481121,21.96558923403279],[74.46975881963803,21.967100706592312],[74.47141215364711,21.963640927924512],[74.46875767689829,21.96108210157834],[74.46913918421293,21.959641370262965],[74.47388403433968,21.961047539100914],[74.48162775283727,21.95917785775584],[74.48207465840294,21.95475693906962],[74.4887702037624,21.95617490713574],[74.49051376815187,21.951238224152014],[74.48452807961473,21.94741302544297],[74.48471073136653,21.945818907099905],[74.48911835752888,21.943418293016997],[74.49525843951389,21.946814148937047],[74.49715641441921,21.94174635981253],[74.49997236334032,21.93939286278045],[74.50851173495646,21.937362784575015],[74.5126832299632,21.931915438142017],[74.50934811140174,21.920660402428204],[74.51277831933099,21.915623402603433],[74.51693506579741,21.915838464152483],[74.52417296900965,21.911187643019876],[74.52291862173406,21.899112300363466],[74.51376127118624,21.889989274161454],[74.51400988173772,21.86268375676964],[74.51013086561109,21.82923007205198],[74.5067319361217,21.816331022054285],[74.50028435093346,21.806816391730813],[74.49825402364405,21.790027149571994],[74.50176646604938,21.7814804012454],[74.51006502449063,21.772572629435523],[74.51415551930656,21.76561691796191],[74.51174788342813,21.75974035678176],[74.5132777556795,21.756697885617157],[74.5102026652568,21.753689544666123],[74.50879436470778,21.74969335366766],[74.51187237016357,21.745057798910278],[74.5098484685234,21.737271119436514],[74.51089416949787,21.73514935637909],[74.50754757406033,21.73152532658617],[74.50784581653127,21.72737997985225],[74.50541575421181,21.726149872798004],[74.51299514389447,21.718514472163417],[74.53004619476144,21.716831938732266],[74.54725578749625,21.719492133525435],[74.55613090983971,21.70417900699761],[74.55759501103921,21.70421127878836],[74.5552647973619,21.696592278795933],[74.5565617481382,21.692343611585756],[74.55494399190592,21.690726315155764],[74.55764600210968,21.688198705292745],[74.55375340076098,21.68485996070373],[74.55418998109074,21.681301015426115],[74.56203909712403,21.680929920512938],[74.56273086726641,21.68345023112394],[74.58061199738852,21.683185278759204],[74.5806033268494,21.680150804321958],[74.58390018167135,21.673238183542285],[74.58211038279084,21.664856539832357],[74.61666051837442,21.660735034610955],[74.62340555731278,21.65669558382736],[74.66417640047472,21.652296972014756],[74.66489342495473,21.6472860770859],[74.66840752385342,21.648217294085903],[74.67107779298492,21.645461981077247],[74.67486981985273,21.646440840378965],[74.67746319050099,21.64538344630388],[74.67544887478321,21.64467953045182],[74.68395734704848,21.639456701816783],[74.68515768132102,21.633603944016517],[74.68745577124378,21.63154401418198],[74.69296622584278,21.6326626949258],[74.69967360740446,21.629968477056362],[74.70053207881246,21.627434674350678],[74.73395838604294,21.620566023405054],[74.77503922613136,21.615348824662647],[74.78295954173572,21.610634039467737],[74.78976064003939,21.61260253005337],[74.79796229361773,21.60976615802293],[74.79950523815309,21.61419251499632],[74.80205464255636,21.615245900667713],[74.80272656891417,21.613954623019254],[74.80674907833107,21.614475724271283],[74.80798644475284,21.61207825344423],[74.81220173352806,21.61369211701263],[74.81273428177794,21.610626026836563],[74.81946716830714,21.608546105155327],[74.82657472597167,21.611353004690528],[74.82894144538552,21.60974159799878],[74.83048144254845,21.6115571544104],[74.83121345272401,21.618141540306656],[74.83941158849967,21.61876152022883],[74.83819540614888,21.622053911892486],[74.84996678051165,21.623826590264123],[74.85660923094626,21.62648821258888],[74.86285798302951,21.634403827527134],[74.86547127022592,21.628506499531277],[74.86793521879451,21.6284382168566],[74.86786814249058,21.630859858405618],[74.87189931256513,21.6317716570486],[74.87208290305637,21.62977125093532],[74.87556992493577,21.630692541005],[74.87812476145157,21.62846624925795],[74.87893611262969,21.630024208071312],[74.88411353570172,21.631008492965385],[74.88597771508776,21.629360136712407],[74.88583518838477,21.631126308087293],[74.8874267434551,21.631541147454485],[74.89020361566138,21.629237931891442],[74.89148357570238,21.630597059096203],[74.89313515170842,21.62899840790452],[74.89801296597196,21.62821211695703],[74.90177538077475,21.62918697379833],[74.91042645160823,21.614522958612373],[74.93541844699175,21.605927198657362],[74.96566656774765,21.598630001438227],[74.9709715866243,21.596215730806673],[74.9793096610566,21.595185699095943],[75.02136454081433,21.573607271195968],[75.02003897150972,21.568598482142814],[75.05165974407088,21.5664957176398],[75.0871643558135,21.518076555513986],[75.0867935716884,21.515310537303456],[75.08890453085938,21.51638128329773],[75.08989173623749,21.515345109377304],[75.08881940201147,21.50952183285828],[75.08996433628214,21.504462094222045],[75.08867054038913,21.500728340956837],[75.09895772273104,21.4849216053299],[75.10356265486242,21.471022691552655],[75.10779414744866,21.46662030104429],[75.10769820737633,21.462239986523063],[75.12992226699401,21.44711310123658],[75.16788477715181,21.433443349520253],[75.17016070114495,21.431519049941517],[75.1800332148635,21.430500151073453],[75.20709022687943,21.412760334514726],[75.21708450364149,21.408560087064423],[75.22150654057764,21.408498980403632],[75.22716173802343,21.413440481849282],[75.23334519156866,21.414809535592887],[75.24144435815285,21.411498667983235],[75.24911217709378,21.403427956816373],[75.2548807410301,21.401838187826762],[75.26441324331194,21.407447190806206],[75.28021259783168,21.407183439337114],[75.28740951361246,21.411834208397924],[75.29536556689379,21.413522692256414],[75.30113993843841,21.40988565665795],[75.29840732532789,21.39978497004563],[75.30018845905914,21.391216270587055],[75.29622478210685,21.389749716220347],[75.29618790536612,21.38664881599873],[75.29963807745425,21.38456389772893],[75.3074965979502,21.392356541143513],[75.31608507237807,21.38778737899443],[75.32662267717342,21.39084183299924],[75.35160887303347,21.390574872281864],[75.35438286164766,21.392905929399646],[75.35535427194814,21.39994861663223],[75.35720095574572,21.400815937137647],[75.36601123230206,21.3964409115487],[75.37044509196565,21.391838022561096],[75.37540895495191,21.39023799997455],[75.37590620300439,21.386348096482564],[75.3824258851807,21.379280988597685],[75.39016920752128,21.380612158757675],[75.39790987174692,21.379611772167504],[75.40777699018386,21.387117506937088],[75.41360175002944,21.38822706911048],[75.42038853367906,21.387560442830498],[75.42586901958185,21.390711785848108],[75.43116148989232,21.386444821309652],[75.4401346211282,21.384195556051925],[75.44655356173698,21.38950098543104],[75.44931674631326,21.390145535961498],[75.45752711534647,21.387186694324665],[75.46792517404894,21.390180622023426],[75.47570960509353,21.38630874355563],[75.49412808765567,21.385338728661825],[75.49703821325622,21.38729736563732],[75.51204887210935,21.38204605803444],[75.52009232338298,21.38696910044495],[75.52555029031822,21.379999993001093],[75.53030486470793,21.37899132336843],[75.53506201097427,21.373525254221367],[75.54104989589227,21.373564639864437],[75.54109074049161,21.369680975580877],[75.54376229151902,21.368481115723203],[75.54666904933559,21.36893864072548],[75.5461246810532,21.37214709051025],[75.55192907519296,21.37477957994286],[75.55588293984742,21.378766376150868],[75.55823037063546,21.378252531480193],[75.55643380654259,21.374533668736383],[75.55720587439328,21.373174728892625],[75.5621847617027,21.37624298847247],[75.56581121738554,21.37409480579429],[75.57899162801755,21.37643832521789],[75.5798887215929,21.377476043542888],[75.5785925766054,21.378695336109185],[75.57171370845265,21.37898160907272],[75.57146850970257,21.38169244974629],[75.58204103830124,21.384838661118582],[75.58784023299212,21.389125674387227],[75.59173203034867,21.386191165676234],[75.59650992679977,21.387565001498253],[75.59924419011548,21.38560556259097],[75.60367437566954,21.3911878511373],[75.60697718722017,21.391797921671007],[75.60722345316879,21.388957498050832],[75.61002468588892,21.390560906316352],[75.61649856925712,21.388091753347048],[75.61670323691985,21.38171943897621],[75.61984214366036,21.37892431119398],[75.62005916136165,21.375916696090563],[75.62355457440412,21.377036779530663],[75.62306286356706,21.374977545328775],[75.63655280939145,21.377366245648396],[75.63894895402072,21.376598322274184],[75.63874622761729,21.375081014200397],[75.64156181900893,21.374868553643676],[75.64664398023666,21.378693035724552],[75.64820577501997,21.376940624006284],[75.65776192724829,21.37872748795379],[75.65926082828359,21.37636086461626],[75.66588559178857,21.37740265144285],[75.67012739164443,21.37453401087607],[75.67378274433335,21.37703941036393],[75.68483917112106,21.38020155076411],[75.6876517253087,21.38403898847551],[75.69226623976921,21.38482758376749],[75.6928346164259,21.38364867462177],[75.70327554722529,21.388029165142754],[75.70952809109735,21.386147668879936],[75.7157924882396,21.38793275168632],[75.71621051296886,21.385557134663777],[75.7188036608349,21.384313936038133],[75.72850759131735,21.38863897951451],[75.73257115374274,21.387069546252587],[75.73659802088706,21.38822295629067],[75.75116641846458,21.384616932423256],[75.75517256147529,21.379336298813175],[75.7736510577866,21.381963424232758],[75.77707249726039,21.384521457747166],[75.7865278342593,21.384075278849775],[75.78778220848439,21.382766315284048],[75.79008585179223,21.384488051633447],[75.79920821295975,21.38449258530283],[75.8009879111832,21.383319248577713],[75.80312325961415,21.384494327670566],[75.81305802388695,21.378943948081393],[75.81464378123046,21.379874791240216],[75.83083931345175,21.378105308019425],[75.83083975452456,21.376831826181093],[75.83319257071274,21.37662476536247],[75.834628349828,21.379971373959524],[75.84141581709554,21.384470723312035],[75.84332577103518,21.381883580899302],[75.84796405312146,21.381333504644207],[75.84943431227224,21.3828510440141],[75.85337344006449,21.383303307833508],[75.85558660236197,21.38240043084948],[75.85617517314624,21.3801244836339],[75.86245260574155,21.37996110094936],[75.86257779765448,21.382094080592434],[75.86416711771642,21.381057738413247],[75.8696918366638,21.38639465717039],[75.87029178281452,21.391117175955888],[75.87529669880927,21.392842355440123],[75.88309842152479,21.392910027868616],[75.88552285679732,21.39455830985246],[75.89026009460036,21.39452447527809],[75.89408686201516,21.39114710016107],[75.90313576434862,21.39156226107359],[75.9105416102982,21.38243040619007],[75.92874631538227,21.38643932075391],[75.93866284295648,21.386857800704927],[75.94159801268884,21.385720071120552],[75.95210947740777,21.389472210160232],[75.96294676108022,21.389605111514122],[75.98656092317589,21.368737320096088],[76.01444974819545,21.367331927867568],[76.02930945594484,21.36485338723388],[76.04779361882898,21.348961528869626],[76.09562065219089,21.371118382500566],[76.1158705220379,21.333772636580527],[76.1178153737297,21.325441946560755],[76.12034033317747,21.32283005886603],[76.12474584380732,21.297972758879755],[76.12842118760459,21.286592880335906],[76.14277621643748,21.28565379714485],[76.14638116016421,21.268183021717977],[76.15099598993335,21.26745121868079],[76.1516577105312,21.26404197690648],[76.15383302321251,21.264592158032873],[76.15396169789383,21.25742086727019],[76.15702113786766,21.259068676640712],[76.15917849861634,21.255329164899194],[76.15928399406836,21.253224664403916],[76.15716385860675,21.25084518874892],[76.15368859387779,21.251358386859405],[76.15497191002468,21.24962632947872],[76.15222594076249,21.248411928507103],[76.15355506020911,21.24617182229721],[76.15057812779918,21.246352986541428],[76.15139650649775,21.243480742043836],[76.14414963001411,21.243686733898993],[76.1404170653299,21.240950640869904],[76.13933655373984,21.237255351468047],[76.14089403930471,21.227578930127944],[76.15278538906357,21.225904496072427],[76.16526330995686,21.221169508570103],[76.15828282887071,21.213286113086053],[76.16306012434892,21.212648398735038],[76.1633137519913,21.20646151505684],[76.16943941691429,21.206541349042663],[76.16960757255232,21.205200133860227],[76.17188529407434,21.204942074111024],[76.17130542077867,21.198732864024894],[76.16615363652315,21.199218260899798],[76.16525499604892,21.190343664957727],[76.17301646615485,21.18838639813042],[76.17636622096725,21.18395072616421],[76.17156441675316,21.179661941374736],[76.17170472192245,21.166479805748953],[76.16688538259403,21.166256838007012],[76.16519622826301,21.169373091749314],[76.13262318670343,21.169392840389904],[76.13218288465346,21.175845578214602],[76.12872970141248,21.17567096335982],[76.12576800981968,21.17503954753593],[76.12591556708823,21.173521282103838],[76.12264872048834,21.17172424291516],[76.11887092832451,21.171570411108288],[76.11384976719614,21.166132927800856],[76.1104716381972,21.1667538901716],[76.11017589573765,21.161177983460615],[76.11226670839176,21.15530295597121],[76.12331088126066,21.145095173827507],[76.12955288789445,21.135611969363254],[76.13144618078053,21.12676315349419],[76.1354159393273,21.12068783242457],[76.15286017201433,21.10776804874041],[76.15717949827585,21.109211134265063],[76.1623189720187,21.10472581912778],[76.16984243977832,21.10360509687812],[76.16919417684171,21.09378750546576],[76.17268865114471,21.09026481564985],[76.1672105781168,21.085351163390385],[76.16564343745922,21.079746031667064],[76.16662075238608,21.078945563782973],[76.1788944233332,21.08025744552427],[76.18472378524795,21.08469143737167],[76.19173770162895,21.08656426316964],[76.20305091992547,21.085279192309105],[76.21036632439056,21.087207640972423],[76.22235010450393,21.08483863301414],[76.22891949405818,21.08809373122255],[76.24386311882816,21.09049546191409],[76.25436121571731,21.0890349043332],[76.25899381056952,21.090456068488177],[76.27189312038283,21.088753939158313],[76.27901079667069,21.069906850278162],[76.28801484252878,21.070285743254875],[76.29373213512027,21.073270123951996],[76.29843757525718,21.073449444574713],[76.33706480908084,21.071031831051336],[76.34854867584026,21.07563785862474],[76.36423864699942,21.0758244999446],[76.36973672730541,21.07258063789029],[76.37620084059654,21.073037042695777],[76.38390534044545,21.07567563988349],[76.38130419937004,21.078743663483138],[76.38951328560898,21.085674355166592],[76.403594937338,21.087033207492627],[76.40708198437022,21.089422844117117],[76.41243686872832,21.088328654595866],[76.41027833837315,21.102150114863583],[76.42996196955386,21.10188877373942],[76.43220212892058,21.100230023142405],[76.43725925589798,21.100134017108363],[76.44041768123297,21.106101407369017],[76.45564880462311,21.107623679915164],[76.45123089814064,21.12030270277322],[76.45615749811063,21.124308471349853],[76.45754549942916,21.133095303493853],[76.46886721758487,21.133483986120332],[76.47382280349414,21.136797976115275],[76.46765244648742,21.138174063753418],[76.46597423094161,21.14248023130536],[76.47574644865702,21.145254451400028],[76.478169386438,21.147218613556603],[76.48012282063402,21.18200812103637],[76.4854132535654,21.18560648923925],[76.49238838069246,21.193545779236675],[76.49740067455063,21.191129989593854],[76.49943966519265,21.193624399045248],[76.50187525484604,21.193215287128588],[76.50045816877356,21.189621877519244],[76.50204057809601,21.18730523578313],[76.5067134201679,21.18857432814265],[76.50784604931577,21.192881324265816],[76.5105424693035,21.189643827127245],[76.52980025322546,21.181782725812926],[76.53533644186241,21.18608389330181],[76.55135259309789,21.19193203033184],[76.56029451955575,21.198489030974706],[76.56687303509494,21.1992609319626],[76.59921084561086,21.19062141644447],[76.60569786504344,21.190217865258322],[76.61355987998589,21.19309430081765],[76.62318526088158,21.18491704210026],[76.63694014593439,21.202602799458244],[76.63399106129825,21.21357005368996],[76.63453385393562,21.21899662633325],[76.64157035755613,21.23703914548483],[76.64943252611049,21.24459486897901],[76.66141324835863,21.240620844351213],[76.66268375902118,21.275894225216565],[76.66262859797115,21.280434539652116],[76.65459533808442,21.289694811914924],[76.65252311067523,21.294392732272893],[76.63607734464672,21.31293849347157],[76.62149647306319,21.332228399623503],[76.68265532540327,21.37837004630838],[76.71406781637928,21.39633157787101],[76.7260735629963,21.40471528631793],[76.74020758920132,21.41125938945319],[76.74045406625406,21.41774916746598],[76.73784113748543,21.422397066338092],[76.7407647620698,21.42597736895798],[76.74088260306874,21.428325726407884],[76.73872083159205,21.429749024469906],[76.74428110406174,21.43979068869357],[76.74886940568224,21.442498201600266],[76.75320424854364,21.44303634759082],[76.75726410452016,21.448441791485187],[76.76374487347498,21.452921705516502],[76.78133419306356,21.45999295606786],[76.7857965257284,21.46502279245195],[76.78797823531285,21.478087064252488],[76.79174339267222,21.48033497839519],[76.79396265093723,21.479716045087347],[76.79555015460565,21.489410322854066],[76.78784678034576,21.49801127931355],[76.78768045188102,21.501143872091074],[76.78413553447987,21.5012849185826],[76.78064570895843,21.505593902542863],[76.7728119334553,21.50571262533573],[76.76334362927523,21.520762017509966],[76.768719847723,21.52656516394855],[76.78128599844857,21.52930478480144],[76.78925112381594,21.53637874898503],[76.7890309242819,21.5406679194859],[76.784336980784,21.545851415643792],[76.78166172330774,21.55156962888262],[76.78132891276631,21.564712622598133],[76.78392154949097,21.574088147052258],[76.79097535556215,21.58157598189729],[76.79518548800762,21.593905201940988],[76.80057222572736,21.594943921132092],[76.82732459567426,21.588301841130793],[76.83285185326064,21.58896512455525],[76.83935835266014,21.593331037018483],[76.84216660571423,21.603626646931033],[76.84466824130396,21.607515496403863],[76.84985631120875,21.612132913162146],[76.85445142026248,21.613332175480615],[76.86862705643145,21.608789150748038],[76.88585271194185,21.600102807471426],[76.8974943875439,21.596118899746997],[76.90193087028814,21.596857492824295],[76.90898880411804,21.602756400708362],[76.9110888236055,21.60967843778557],[76.9288340547948,21.624304389820384],[76.94123297963864,21.630876067641676],[76.95433635704006,21.642436296123982],[76.97315486478811,21.651335819665558],[76.97720460034463,21.657360746767033],[76.99176305447024,21.665408512367662],[76.99742005932639,21.67236164307332],[77.00517613864227,21.678273643691206],[77.01493660819041,21.682221093389384],[77.02612679053065,21.690105515796223],[77.03645115234556,21.69427194138212],[77.04351763993363,21.699683825404044],[77.06235697332488,21.70708406347781],[77.06981783479738,21.717255078222724],[77.07324859069897,21.71942737146451],[77.07924569412842,21.719912418579767],[77.08656376479327,21.71439617853011],[77.10799029381349,21.718265401510163],[77.11733150704212,21.72145879843365],[77.12960170959393,21.722213239526422],[77.13920886277421,21.71978337717094],[77.14774213393122,21.71249418227526],[77.16514786572348,21.71071191234352],[77.16954916774624,21.71417227811099],[77.16951441911442,21.72213397547085],[77.17213029435716,21.72482164441421],[77.17605974639547,21.725728143919795],[77.18108486011106,21.723116518372198],[77.1866906663859,21.72283015424786],[77.19147896981957,21.720724018339023],[77.19133025192767,21.71258683164596],[77.18816027605473,21.701682762143886],[77.19891431913801,21.697754298546236],[77.20315399447823,21.692744469075986],[77.21039535530602,21.68964038300406],[77.21290580875856,21.694979507315335],[77.21885790210071,21.693919630338446],[77.22080193902055,21.69648801715687],[77.22766777441517,21.699411252428625],[77.22693816094478,21.716764271216114],[77.23232507922592,21.714959130288065],[77.2355686855111,21.71632084548404],[77.24249795184623,21.71469144343074],[77.24441220691945,21.716405059173514],[77.24884930590797,21.71418604353771],[77.25995143628238,21.713978636457302],[77.26756673522023,21.725308525942392],[77.27156113096201,21.72807215855001],[77.27919827513092,21.723942918535872],[77.286902302466,21.721841112595044],[77.29107582586869,21.732756302218867],[77.2840226369401,21.736713776522148],[77.28717646290083,21.74467334619802],[77.27990562116206,21.74914622656202],[77.27964153263818,21.75410443583337],[77.28054099147768,21.758661824603116],[77.28979480491734,21.760236371587865],[77.29926573577131,21.755852961472094],[77.31570578581966,21.756468773977026],[77.32433901162004,21.752639278980443],[77.34559392559007,21.757681658929418],[77.35894432801653,21.754056281059615],[77.3729587695926,21.753636853432102],[77.37572292973928,21.75489183701427],[77.3812720289635,21.7530674150883],[77.40419828367249,21.752396977301814],[77.41709491650622,21.753450982619874],[77.42948546456003,21.757687696062874],[77.4562273080484,21.760169158346475],[77.46039323529703,21.76336844436212],[77.47911897672064,21.769965028182533],[77.48338944002059,21.76592536506436],[77.48219876173901,21.763821893172732],[77.47797786837478,21.762808531324616],[77.47976879464099,21.759411600984134],[77.47949423265922,21.7541240111164],[77.49333627046427,21.74742637028442],[77.49515464026237,21.748095145838885],[77.50259553218612,21.74582532617648],[77.50346522714528,21.741377105307574],[77.5059377034209,21.73870272711185],[77.50821375856808,21.73859441813023],[77.5118243482064,21.732320234055795],[77.52306231103827,21.723829196612282],[77.5254927937693,21.724354505809984],[77.52312320872971,21.71969738955867],[77.52606222235319,21.71152132814965],[77.53307371867281,21.7118460756711],[77.54380608271336,21.70383652711769],[77.54857172614399,21.692387065141524],[77.55059162129801,21.68243994063528],[77.55413945283392,21.6792354688508],[77.56183673651617,21.665727724426034],[77.56342763312142,21.64422766336344],[77.57229753265977,21.62929538842879],[77.57556451400697,21.62076549434406],[77.57259303616745,21.616940490600093],[77.57683457730849,21.577123874687082],[77.57408533009385,21.563972741100613],[77.5769749893773,21.55490435234038],[77.58195004806697,21.553527058226667],[77.59535536091347,21.55939670309106],[77.6086075065125,21.54815897340838],[77.61177491320367,21.538540759525908],[77.6079619987089,21.537194703377207],[77.60310729719933,21.531689343676103],[77.59504023281012,21.526623135036075],[77.58890330391176,21.52788786617356],[77.57511625288359,21.526410497388255],[77.54734164146588,21.53666828629594],[77.53717646201763,21.53654873982675],[77.52996642544379,21.53976249824208],[77.52039799324555,21.541435220438782],[77.50818884648864,21.55086125781458],[77.5029673017631,21.552295453585938],[77.49266701300118,21.54985274504357],[77.47435633366305,21.549382994855655],[77.46693245403416,21.55298148798542],[77.45461279922593,21.553739536679046],[77.4540869838491,21.549237970333156],[77.45636184333863,21.546207052226308],[77.44972121738238,21.54136895554422],[77.4402977337451,21.544688855979217],[77.42561451889787,21.537783525514637],[77.42244295031196,21.532231197724997],[77.42236507176673,21.516941534960417],[77.42821284105996,21.50671887214449],[77.43548776204845,21.499272479041565],[77.44323181292272,21.487157793513056],[77.44219613984174,21.48056482647042],[77.43872623625839,21.478561066581232],[77.4413878528171,21.474942806845515],[77.44172921801496,21.471417692418452],[77.45289546025286,21.466917521308456],[77.45987117577643,21.46642195991239],[77.46572393431275,21.459798541987997],[77.47342952202148,21.454551303822555],[77.47171861947744,21.449679506467373],[77.47432127780739,21.44648976596745],[77.47167571593947,21.43593739427398],[77.47652517128779,21.43170305590637],[77.47947520723983,21.420230349280942],[77.48757044818619,21.40634785075905],[77.4869230593104,21.385773288581213],[77.48987712420644,21.377543206952204],[77.48864016022988,21.374165997807456],[77.50214055705429,21.377118267582365],[77.51442416516512,21.375929985036667],[77.51673159307526,21.3842026142029],[77.51848648881372,21.38397721409893],[77.52316864551679,21.388875707107147],[77.52550077979221,21.397098323738284],[77.52445578040196,21.40216666135549],[77.52779922724444,21.405524063321742],[77.52921487062261,21.415015430076995],[77.53205747345653,21.41906710716522],[77.53584902601388,21.417587948464757],[77.54275864978702,21.411120422732655],[77.54830421593721,21.411348911332222],[77.54768523628225,21.405428405751863],[77.55857631107392,21.40005484713962],[77.56187630371119,21.395951216578126],[77.56326131274152,21.393246735938387],[77.56241883404051,21.390238889107604],[77.55969966870978,21.39046916435187],[77.55644940051842,21.383755738386437],[77.56262909551253,21.375362739367656],[77.5634760100944,21.36906508492703],[77.57104883848227,21.368573434477547],[77.57344807151951,21.370892375826653],[77.58511617465889,21.366849489777408],[77.58735892836016,21.362668332692696],[77.59181770189984,21.364900193185015],[77.59490344274857,21.362927387469423],[77.6051284778425,21.362355458356166],[77.6077178797338,21.36464281339176],[77.60816939994506,21.37038484624681],[77.60593637589662,21.374076028209057],[77.60334286331458,21.38969363539709],[77.60561648762058,21.390791891186414],[77.6129116216013,21.392346052368755],[77.61771923791524,21.386895792569245],[77.63267108676165,21.388833252483685],[77.63959980422617,21.388683792973197],[77.64310016608755,21.38686814265682],[77.64927045392399,21.392007712864963],[77.65365262542446,21.391193401700445],[77.65598618981777,21.38597035161052],[77.65926906415898,21.386335337125036],[77.66635076291975,21.384069550684355],[77.66424411566211,21.374506504183714],[77.66955857223917,21.368815706620325],[77.67830547085559,21.376443780141184],[77.69182975568003,21.397530388881062],[77.69528637767189,21.39647618178159],[77.69695377121346,21.392594697186933],[77.69543771684782,21.3778591121316],[77.69740868525987,21.374140159085876],[77.70044538887386,21.37358302016221],[77.70459175890045,21.37691045848916],[77.7069002629923,21.375440897320352],[77.70665773942515,21.368081650200274],[77.70988958586497,21.357327707819298],[77.72318449576308,21.361548557641242],[77.73705408040632,21.362179080210545],[77.73827245554469,21.36465165942841],[77.74046109203832,21.365305229806314],[77.74593282475696,21.378380127034],[77.75006266308738,21.38280656419733],[77.76133358510705,21.38500487732785],[77.7640074591778,21.38138043498252],[77.79663910862311,21.388952346387057],[77.79814251291297,21.404811041371595],[77.80118102842889,21.4095169957238],[77.82247277422388,21.407235122666105],[77.82886969173516,21.40266156029017],[77.83618771209434,21.400952003903242],[77.84730518749045,21.392479670436714],[77.85639448616391,21.390168925276328],[77.85681908656106,21.388498073317415],[77.86685291165352,21.387862257278513],[77.88386833623461,21.38415494281878],[77.88314473159515,21.375942979526815],[77.8884529646439,21.378085355656395],[77.90702944918641,21.37782569947801],[77.91211192751945,21.381116722656376],[77.9274853925596,21.38591927556477],[77.94109557878308,21.38570323394911],[77.94041769479833,21.390298354783038],[77.942500616651,21.396547066819256],[77.96504141505135,21.402153620685176],[77.98466574664353,21.403149816822193],[77.98947318059949,21.405299677954446],[78.00136390692751,21.414478377526777],[78.00904950532458,21.41449927914158],[78.01420272059632,21.417947708587498],[78.01896289957507,21.417937989353174],[78.02979870282392,21.421423570384576],[78.04028060219022,21.427856101423295],[78.04601275650975,21.433384734247383],[78.06606668852194,21.437400351962804],[78.08208365542768,21.444775845502157],[78.09877079068823,21.458084236194715],[78.113405368051,21.462910923560212],[78.11818509257371,21.466423308382197],[78.12518184484459,21.469026769832617],[78.13613270700999,21.47722853642339],[78.1763372917427,21.49913486495538],[78.17457481152832,21.507417530481916],[78.1774050948664,21.50725204460183],[78.18273780251509,21.51119138984349],[78.17134400443928,21.524959234790302],[78.17559970931742,21.527474321787093],[78.17295314313299,21.538085859581205],[78.17429645057122,21.54656269127944],[78.18197846828352,21.55663138181001],[78.19124965963236,21.555870230192735],[78.20558307410118,21.552332393873154],[78.22340991723405,21.552552857335392],[78.23204930008738,21.55615880958131],[78.23971408990917,21.562472098102692],[78.2487594627619,21.561892333038738],[78.27028929444654,21.568722074840274],[78.27401926120294,21.568715293794213],[78.27331636542573,21.570711244298998],[78.2602801972789,21.579073731544653],[78.26253522017034,21.588948056113693],[78.26649712654323,21.591718882510317],[78.27184291995061,21.590647597424315],[78.27524612721741,21.59180117429371],[78.28116512123458,21.585225298576432],[78.28679472118634,21.58510652303689],[78.29119425801956,21.583252909662647],[78.30299382690583,21.583728145121956],[78.30413780267406,21.569982235313248],[78.3064624917124,21.569358634626788],[78.3079393822266,21.571005587645832],[78.31458624338927,21.572441770398232],[78.32084522997853,21.571757224016157],[78.32680851363415,21.57457278302485],[78.34295930436443,21.58861632870646],[78.34563242025705,21.58135122966305],[78.34873498744938,21.580270459374184],[78.3491522288477,21.57824212507099],[78.35565007657269,21.572962345277606],[78.36329234922357,21.574863289158284],[78.37803843266596,21.5833969996756],[78.38185072013671,21.591686775170544],[78.38077564694737,21.595783491089218],[78.37835351675186,21.597703457181026],[78.37814737585205,21.602841920172807],[78.37303943926388,21.609962812617617],[78.37265794632225,21.613430889151598],[78.38744463990369,21.614825960221417],[78.3924523918798,21.613719148419467],[78.39306562321522,21.609025369168485],[78.39464883652988,21.60777625972734],[78.40693853072673,21.608772509751898],[78.41267924868586,21.60552001473434],[78.41658933484328,21.601093682201324],[78.42745389136776,21.5989460568711],[78.42186103251112,21.590792656528297],[78.41933331433711,21.57963557394865],[78.41899395417894,21.570603075654684],[78.42564296950168,21.569754177768402],[78.42566552979171,21.5650977755974],[78.42815698387601,21.559252609265236],[78.42666658539487,21.549095702065657],[78.42449369457157,21.544259190646013],[78.42964121811767,21.540490364825434],[78.43488097349065,21.53390748034163],[78.43422568842347,21.53103970309499],[78.43002867587275,21.527491323928157],[78.43098466748971,21.52470422225385],[78.43868356724116,21.51766373533524],[78.4372674827902,21.51576272898347],[78.43227248868777,21.51425645114851],[78.43465486394037,21.51030315757324],[78.43412311069952,21.506012324924708],[78.43601466804044,21.50063526076358],[78.43956875095243,21.50229099878116],[78.44451442844412,21.501702081277088],[78.449412712618,21.49967441319631],[78.45138120437484,21.49652712165902],[78.45706778177014,21.495946133756586],[78.46088074926553,21.503289013338637],[78.46385265380484,21.503644084668153],[78.46985824721202,21.50068657247491],[78.4754151977118,21.50077797684865],[78.47593046237562,21.505727930055723],[78.48702461121873,21.505472287029328],[78.49488217950051,21.5169759102543],[78.50079758744306,21.516906784424133],[78.5049179180045,21.526616274306328],[78.50945262883009,21.525847247120435],[78.51184098147262,21.528513709168855],[78.53094385990698,21.523083810321555],[78.54084813895231,21.523541348682752],[78.54974627074344,21.518270987864497],[78.5561435583606,21.51744088642942],[78.5565875686561,21.515530964219266],[78.56002769578272,21.51327196214412],[78.57015657251368,21.514251141778747],[78.5671776629118,21.50952593724414],[78.5679916165093,21.50567298031986],[78.57330048107369,21.50138472070262],[78.57191583136947,21.49879795324164],[78.5763921454134,21.49788771250518],[78.58250736382794,21.49229438724907],[78.58206970731649,21.48982701389914],[78.58462629105551,21.489626066374953],[78.58543024909885,21.486719279074872],[78.595125733621,21.488422715852487],[78.60080993227741,21.48518770555261],[78.60294331429621,21.48777195240715],[78.60868844567834,21.488889359781822],[78.61865370416179,21.481958077682012],[78.62024249511597,21.4777710649079],[78.62835808200524,21.47549618108921],[78.64329816651468,21.48541297280065],[78.65891465278867,21.48146822827382],[78.66696426021694,21.47698602610724],[78.6716852672594,21.480237004209535],[78.68838417494175,21.48192060625209],[78.69011719670301,21.48017346744888],[78.68851712380715,21.477766035080965],[78.69353906736814,21.478921829908742],[78.70179334425578,21.476145957820222],[78.69988030909471,21.473563762531757],[78.7072256301537,21.473580534399083],[78.70758864115665,21.470377848481853],[78.72816716953182,21.462183494622888],[78.73108674630751,21.463668829210604],[78.73365980604716,21.46954027594574],[78.74571779598614,21.47022297420044],[78.74466901738352,21.47962788759265],[78.75086344384997,21.492975469274004],[78.75664609516657,21.490229593524035],[78.76689050692119,21.48902643021183],[78.76666245970482,21.482714785847005],[78.76882401917915,21.47748982985488],[78.77161316506717,21.476710373631317],[78.77196721627345,21.471534075621577],[78.77619358576766,21.46444200570409],[78.77883542232212,21.469219291470424],[78.78021779300045,21.47873811424818],[78.78669970101905,21.4792050583916],[78.78704664475484,21.480759272188482],[78.78875893429765,21.480760836192623],[78.79005066316722,21.48626386836389],[78.79606046068993,21.48541105944358],[78.79992367455243,21.488269341099045],[78.80027380281588,21.490146911460617],[78.81517327808459,21.49063168890691],[78.81563301788073,21.48757816553449],[78.81984851057346,21.487143440580905],[78.82430050183274,21.4894054112868],[78.82980872860983,21.49006000572231],[78.84109994267345,21.486897382572238],[78.84848951025178,21.489933306857512],[78.85195748784716,21.489619506483365],[78.85624107283844,21.492743395702902],[78.85591343120318,21.494522856005457],[78.86335567688806,21.492607771452395],[78.86807801703041,21.49398821344423],[78.86767699381623,21.491219088170684],[78.87155938042184,21.489599770803714],[78.88145097974693,21.48632579171246],[78.89087039132103,21.48518319925119],[78.89519713676847,21.498269239805616],[78.89927491682985,21.50045437831151],[78.9174205693621,21.4922412161484],[78.91946074039036,21.4892918726233],[78.92307879592698,21.48743943033835],[78.93671033779975,21.48571502628249],[78.93925696371385,21.493493930241275],[78.94004632682872,21.507790273145208],[78.94109065517746,21.51122848266465],[78.94445920544054,21.51258907887901],[78.94418621012065,21.51580552608135],[78.93416920328693,21.523153197286508],[78.92722531687056,21.522170817642788],[78.92571530996338,21.532651090145986],[78.92963387262381,21.540289099627994],[78.92534896441411,21.540750820978804],[78.91840345923357,21.547054689270105],[78.91235760782693,21.548782697015074],[78.91314346032566,21.5507205568969],[78.90657936005182,21.553228781778024],[78.91252314038431,21.555269163809776],[78.91757500682742,21.560990571548352],[78.92770420515527,21.559547046057343],[78.93164963822248,21.561731810001945],[78.93172819589404,21.56446862747951],[78.9227629886973,21.56886123450093],[78.91871349927914,21.568227432743388],[78.9137486571292,21.57093598714125],[78.91486458569767,21.58292492485738],[78.91633286226661,21.584867753769412],[78.91611217764233,21.58753265816049],[78.9141349866003,21.588962691337667],[78.91557889367222,21.588736588196625],[78.91654533898412,21.590895219535213],[78.92745921211939,21.59017874122301],[78.92975404654759,21.592815645548242],[78.94328050978659,21.591934639405526],[78.94721388656434,21.596693588172222],[78.95179241361623,21.597147701177168],[78.96491396573252,21.60486927092692],[78.9697279241524,21.61049880934528],[78.97405223696204,21.612781741845023],[78.97532137499879,21.617624449201085],[78.99120243398859,21.616202603021183],[78.9957458162516,21.616957037121317],[78.99841820361056,21.619018857644775],[79.0028307085232,21.60630906079913],[79.00917846662885,21.60288172238699],[79.01227300467916,21.59940367079916],[79.01922732323095,21.602581472855082],[79.02632323603449,21.601678682577642],[79.0418969795689,21.60456789130971],[79.04610402540305,21.60240697242218],[79.05025325566551,21.602527089325964],[79.05300339580556,21.60418487616079],[79.05538524464541,21.601476490045286],[79.06336695291293,21.601737148992793],[79.07648044264953,21.60539029048929],[79.08827936564708,21.603763834530028],[79.08932703662698,21.597498024183444],[79.09363880805695,21.597998600129603],[79.09329037671107,21.601519977641882],[79.10275329728762,21.601397979812052],[79.10691115766502,21.604816800876343],[79.10664248054668,21.606999762073897],[79.10377213234689,21.60713647626168],[79.10177702171157,21.609016429397993],[79.10023813576466,21.617395887954324],[79.11203341878871,21.623830401636905],[79.1185531072532,21.62373603422183],[79.12266384650236,21.624768085643154],[79.1238268602664,21.626508819843156],[79.13015921855316,21.6257395218318],[79.13426130792442,21.632984968855485],[79.1381663724994,21.634433562239447],[79.14190447529735,21.632992730569864],[79.1407643649798,21.63037823425098],[79.1421893813796,21.629876340754052],[79.14491849285716,21.63451894439353],[79.15145415965563,21.640257310261607],[79.1607607814576,21.637410786021906],[79.16363014151058,21.639040359623305],[79.1683544543533,21.637164418419406],[79.16910104688085,21.63992283314121],[79.1630218347395,21.641151219111183],[79.16265726426123,21.645433270638726],[79.15389051557199,21.646378671442616],[79.15953422626022,21.651835463586867],[79.15921817019719,21.65643800044099],[79.15501507156043,21.66002256592267],[79.20886603743604,21.649885811106216],[79.22390582416224,21.64862521354716],[79.22399921212086,21.655250998444266],[79.2301959733087,21.655533910157523],[79.23119773049612,21.656797534850313],[79.23107577072155,21.67017102410548],[79.22895737529666,21.67379978770781],[79.22170944149593,21.67686449414015],[79.22075282644819,21.692695100135293],[79.22660320444899,21.703429259634106],[79.23347100895073,21.708120184111248],[79.23727853355383,21.713231953803632],[79.2367339335061,21.71580244716506],[79.2307664484299,21.71857667007472],[79.2311990644943,21.72228070920034],[79.24194535332008,21.720178355712182],[79.2449716158155,21.721472222675104],[79.24811140919319,21.719695266489516],[79.26808366637975,21.71540997365515],[79.27792183211511,21.70936513097087],[79.2805217128542,21.701721563914493],[79.28581182418876,21.695465865480358],[79.28861435407616,21.69527316939442],[79.29060185777767,21.692542231264124],[79.29670385119462,21.693303931360067],[79.31142356549013,21.688266427973414],[79.31826976371264,21.688508271773504],[79.32224737173838,21.685231248338038],[79.3245025644114,21.68776236686051],[79.34285378651492,21.68375249541368],[79.35423785853114,21.684623598380828],[79.35233343282376,21.67784469892475],[79.35696789976504,21.6790411841819],[79.37462177857815,21.678194423058844],[79.39245054141075,21.67390017223406],[79.39605264735951,21.676292908626706],[79.40040615272093,21.676553672999923],[79.40271968109019,21.682212628953003],[79.41013651343566,21.684744566795636],[79.41567510686264,21.69116013214769],[79.4222125424439,21.691822262215453],[79.42796769543135,21.68953324324466],[79.43522566521042,21.682606625401434],[79.44946843068394,21.681836357541005],[79.46071492840933,21.687331411098594],[79.48068894449722,21.677618021943406],[79.49617793378127,21.67399874933836],[79.49622643562009,21.665409378111644],[79.50113680752445,21.66016695012077],[79.50166150539707,21.65091012034074],[79.50669431767467,21.64554924374197],[79.50416724179608,21.640772995240813],[79.50649079985546,21.638516318358192],[79.50764049789207,21.63400056079444],[79.51594398449096,21.631020692259064],[79.51702569173867,21.625316785100413],[79.51618510668628,21.620438050528982],[79.5069886147449,21.621118103474103],[79.50367216676828,21.614772456529867],[79.50466051660005,21.61080391566252],[79.51066701101746,21.605628647560582],[79.51002753540101,21.5960458249543],[79.51204076415729,21.583972218910848],[79.51824744184756,21.580359278372427],[79.52865243284911,21.57934970940859],[79.53206856238123,21.575016517346665],[79.54251974026312,21.568225927324328],[79.54393909458169,21.559520299455933],[79.53753003723769,21.548751507598084],[79.53801462353624,21.54551388114181],[79.54062279842037,21.542679401408243],[79.56582596347263,21.547635244736796],[79.57599330247083,21.54200299416207],[79.58138981925076,21.541295558187056],[79.59165469642416,21.547882022092264],[79.5999807873306,21.54948212893809],[79.61851601943859,21.557260186297288],[79.62227152440025,21.557567389883477],[79.63037565237971,21.554301746313307],[79.63950510305145,21.552726472034323],[79.65196954921551,21.555745266365882],[79.6551917863767,21.557873159143245],[79.65829615648776,21.563510882288227],[79.66094727174078,21.57689579580219],[79.67544236050288,21.582297549864883],[79.68304102354,21.58059721304513],[79.68955895130657,21.580956130837734],[79.69501677810464,21.585388507028366],[79.6969459838391,21.59104585975953],[79.69908103133446,21.59290093032808],[79.71202531620077,21.59186968225126],[79.71816779399263,21.593058573060674],[79.72495361913985,21.59580928298046],[79.73281972051848,21.603025176475107],[79.73763943354608,21.603857435728003],[79.74186881149816,21.60300109221432],[79.75431281020971,21.595495485083294],[79.79208138577575,21.58659138903569],[79.82151831974525,21.561545863918862],[79.82851666113586,21.548695108619466],[79.8312109646928,21.546745691241487],[79.8512448193584,21.540502453930504],[79.86314226688138,21.530797648504826],[79.87319556744919,21.52954276981366],[79.88221662290718,21.526055904515665],[79.89121814899089,21.51802797099437],[79.8969793368604,21.524224260706447],[79.9096852744273,21.522621306590526],[79.91844828073508,21.524404391565422],[79.9221732914861,21.54167177679982],[79.92976363522534,21.552452701020187],[79.93589277752682,21.55612708536854],[79.9482042657508,21.55406559737753],[79.96389925669577,21.55835308880584],[79.97149217590494,21.557721186098508],[79.97953401380433,21.550522855166637],[79.98870619284253,21.536836257997567],[79.99849625648937,21.53343687217548],[80.00411095428889,21.535369002491347],[80.03289088291747,21.55613236480072],[80.0445441252271,21.55615523788195],[80.05704391650433,21.553282119386605],[80.06672138531346,21.554116335447326],[80.07225933195339,21.556706384725413],[80.09017418752622,21.574472446441412],[80.09623688683598,21.584836000756763],[80.10111831142865,21.589850747045006],[80.110778449041,21.590768858405504],[80.1161152413293,21.59317675070475],[80.11825859464773,21.598448326528427],[80.11798127483804,21.607597405875765],[80.1197146990446,21.609886921088506],[80.12787089697122,21.611589446924015],[80.1344235805561,21.608234139713186],[80.14411970108546,21.60578585966498],[80.15462737311725,21.606475316491586],[80.16021054005031,21.610664839737144],[80.16255378289252,21.615306585587994],[80.16909457368138,21.622146322085626],[80.18763726450116,21.628548377340028],[80.19278397058038,21.635459904995727],[80.2036803849581,21.63600161811871],[80.20990532629642,21.634774834198236],[80.2215595756175,21.62090263896267],[80.23537010591228,21.622327379318325],[80.24592395404461,21.62041243172183],[80.25042353355607,21.624299441064622],[80.25328247764334,21.62477528411357],[80.27030155746932,21.615856019136015],[80.28082523119126,21.59626987782495],[80.29278605036598,21.594206313091977],[80.29448290056402,21.592825030685336],[80.29537474528315,21.580992584335625],[80.29838670120938,21.575451662664758],[80.30225417667963,21.57461183782802],[80.31773579169347,21.577205544064128],[80.32790258451597,21.5712668511376],[80.33176384005115,21.560973232464768],[80.33588123132499,21.55628740156099],[80.33932503345945,21.554830680268736],[80.3308577543398,21.55110633609549],[80.33111888201648,21.547543372697017],[80.34488126440867,21.5382600221876],[80.36055367080913,21.534152911469583],[80.366002995053,21.52902343128627],[80.36996062005525,21.52822882518817],[80.3764967557743,21.523277132881415],[80.37853597997827,21.513934189686495],[80.3848624264521,21.499669229501396],[80.38406011502073,21.490022697700045],[80.39005020440445,21.48852895132527],[80.39219130923972,21.48663255434865],[80.39050651443279,21.479334148150404],[80.39730028068712,21.47151307182885],[80.40373581677245,21.467522577988372],[80.40913895413601,21.467295988942922],[80.41115038805836,21.459838436097336],[80.41401140096573,21.457188838390564],[80.41806404975873,21.44842713206867],[80.41877563224473,21.442524167037295],[80.42222754257293,21.440469245184925],[80.40467585969982,21.424944993890232],[80.40863818828089,21.421467484013316],[80.4089508747633,21.418956282612903],[80.39819248922393,21.412216317233753],[80.39611358643386,21.408024518700138],[80.3964546623742,21.40289346110255],[80.40683309917593,21.381620063544748],[80.41230289512687,21.376633782997374],[80.41694836283708,21.375205711455596],[80.43061207517678,21.376267650679484],[80.43246737920782,21.373832953334936],[80.43705662855092,21.372684350395218],[80.44612924371296,21.371100340694877],[80.44863671026721,21.372061087387102],[80.45174945447336,21.37807034286491],[80.44973880657689,21.387324222510074],[80.45235485429617,21.392344633791204],[80.45376774164303,21.39252911567357],[80.4542031011623,21.395270083700346],[80.45632524974849,21.39611805415435],[80.45581046478502,21.398267834686447],[80.45826127728927,21.400371002295874],[80.4570171896725,21.40046642564366],[80.45756336177196,21.402692502499804],[80.4623564945486,21.40263592816555],[80.47093542617321,21.395871082282273],[80.4736460431357,21.39691269004319],[80.47647037154178,21.394906019621175],[80.47979877339992,21.396741969130627],[80.48109408025921,21.400949918817314],[80.48346752715624,21.39875470661404],[80.48419531255502,21.395343803074002],[80.48751958126451,21.39796983726359],[80.49521433798587,21.396591753231156],[80.5009745969974,21.39851391760962],[80.50170082292085,21.39550213675303],[80.5084410001769,21.390724505511475],[80.51124098244216,21.392740588702146],[80.51503187024619,21.39166384378055],[80.51715103822225,21.395101924465784],[80.52395769619922,21.391127627179298],[80.52521909524982,21.393919275697165],[80.52764884495558,21.394774314970448],[80.53180710867655,21.38207402588562],[80.53920772553283,21.382714765508354],[80.54318925919637,21.37060847706639],[80.54851176827161,21.371044516237127],[80.5508344558635,21.36874386032509],[80.5533318100826,21.368573319868677],[80.55430662859126,21.366505560741704],[80.55841371529044,21.36734715592173],[80.56074861098706,21.36365411191945],[80.56388160321971,21.364978483882958],[80.57019496662978,21.357525086897173],[80.56958157269929,21.355834003162652],[80.56544131930146,21.353895126822636],[80.56505749972328,21.349297693782372],[80.56758881475167,21.348137961401157],[80.56672691716915,21.345554495295577],[80.57280172936227,21.34270696204849],[80.5765988236266,21.34677254086334],[80.58139998913852,21.346891293305568],[80.5846015318105,21.344128318774217],[80.58949919974012,21.343619156108257],[80.59145202038682,21.34082411287852],[80.58937986124958,21.333519846988803],[80.59779791269165,21.331556801599387],[80.59989048155211,21.326806415078618],[80.60786725447545,21.323867672272197],[80.60891761141804,21.327146352851432],[80.611240661031,21.32760713314672],[80.62136721651528,21.320270668860022],[80.63028359129322,21.322140390081074],[80.64494101011873,21.32794247506994],[80.6518766787469,21.327006813409685],[80.66004059410011,21.334107258188677]],[[79.39525978620489,25.032085651947433],[79.3941964108772,25.035741063646473],[79.38414134332324,25.038545519129936],[79.38428631793538,25.042364279759926],[79.38141318136493,25.041824863154442],[79.37726277251282,25.045202258491305],[79.37402274062417,25.044820384652958],[79.37532982349855,25.05075259890594],[79.36903812296157,25.054317427122186],[79.36202349511487,25.04820399002146],[79.36747610898935,25.04607396157347],[79.36417686015716,25.040979438488847],[79.35980388021869,25.039278163653215],[79.35610641450924,25.04047070320837],[79.35976800240456,25.053446814546586],[79.3560368274141,25.057672524495818],[79.35842896825214,25.05878076595814],[79.34919758215185,25.062499972140788],[79.35113246703561,25.068884299853327],[79.35740211572897,25.06827214885377],[79.36001459713655,25.063255388167068],[79.36534171007764,25.059027601971003],[79.36908261022938,25.059083997869305],[79.37102103447535,25.06293592610415],[79.37980538205933,25.064794018395393],[79.37983298189813,25.06694713672013],[79.3746634828652,25.067728143069456],[79.37956704284476,25.085611205354322],[79.37251240583194,25.091987701854286],[79.37945482979103,25.098976285547337],[79.37969052346708,25.10122428230135],[79.37393750487676,25.10406760512263],[79.36192888904073,25.106227928784595],[79.35638794831591,25.10939576581229],[79.35520928769625,25.112567687010802],[79.3505835317183,25.116986496954663],[79.35256941485902,25.122978263630664],[79.35506144117016,25.12446572181038],[79.35051768790292,25.12636140233359],[79.35413738196662,25.13021523304863],[79.35819804912184,25.143290896370797],[79.36030437568091,25.144263387207697],[79.36874917625718,25.14423508081586],[79.3741956321804,25.142605891303145],[79.36381591977093,25.12564768741783],[79.3713147979463,25.123456230270012],[79.37770378513021,25.125181439515206],[79.38089451837439,25.122435169617262],[79.38260919653759,25.112727640917896],[79.38040443887789,25.1114213621757],[79.38036848291033,25.107602697382653],[79.38685762146866,25.10210567049914],[79.3893602865277,25.091771108140687],[79.38718989571582,25.08569854578783],[79.39821008805824,25.083097640031603],[79.4023719252774,25.07869055541879],[79.40503350680179,25.078534318409627],[79.40468949786205,25.068301440321502],[79.4073881115357,25.064782460311854],[79.41848127852022,25.060776301358377],[79.41938254027845,25.061733724638533],[79.42591071422916,25.05859109295065],[79.42245428627336,25.054851913372445],[79.42465545606183,25.053002424354816],[79.4238576559698,25.04500365605195],[79.4220414026025,25.04157672692654],[79.41638352638053,25.041068098300023],[79.4169456363898,25.03777334075747],[79.41393805975055,25.03816881966805],[79.41355825115012,25.035622841075625],[79.40960104116955,25.03386462460269],[79.40705849809841,25.035072739826738],[79.40409189182263,25.033766302350042],[79.40180683825128,25.035127951100186],[79.39525978620489,25.032085651947433]],[[79.36252561473113,25.17112643163983],[79.35446513768791,25.175894063907098],[79.35951991646918,25.188555376772474],[79.37255518989396,25.180018400295662],[79.36625989519753,25.171585742252084],[79.36252561473113,25.17112643163983]]]}}]}