{"type":"FeatureCollection","features":[{"type":"Feature","properties":{"shapeName":"Odisha","shapeISO":"IN-OR","shapeID":"1811400B82358585030651","shapeGroup":"IND","shapeType":"ADM1","displayName":"Odisha","coverage":"context"},"geometry":{"type":"Polygon","coordinates":[[[81.39607140430347,17.819951703982543],[81.39974564766453,17.821643517288653],[81.40675974730182,17.820930681543516],[81.41171524787113,17.819128580801497],[81.41524137341484,17.81421559968436],[81.41688954121271,17.814034816357687],[81.42732010096219,17.822556151654563],[81.43211401347651,17.830783636831626],[81.43582191132131,17.832653407052646],[81.4384540523589,17.83232075286795],[81.44261886928986,17.82591179086884],[81.44597246080684,17.825516956068736],[81.45329949845488,17.828546429777628],[81.46214594387948,17.830062336425513],[81.47126412608428,17.83673834426955],[81.47406622208543,17.8366370080441],[81.47655948807166,17.838476701827684],[81.47964049120557,17.836324522037803],[81.4824927212844,17.830775127942477],[81.48379385461666,17.82382113273636],[81.48765841146049,17.82076298123096],[81.48853066571992,17.814418131665054],[81.49234777804205,17.812725617756946],[81.49729497638148,17.813310897810343],[81.50045525763586,17.817490905254864],[81.52049146409087,17.818801734836565],[81.52954024874502,17.824650078641987],[81.53726842189666,17.823259280355384],[81.54644933884765,17.82635637952085],[81.56353093872248,17.82722508472146],[81.5704120796129,17.836910450593845],[81.57440410559896,17.838759992608765],[81.59451869275743,17.835437189181828],[81.6075644090974,17.826840380771905],[81.6172208213963,17.823140620344567],[81.61932883319483,17.824867104553185],[81.62306216144705,17.834607514432832],[81.63095606658203,17.8331045627073],[81.64075499210917,17.840224104113695],[81.65199608017994,17.856130461766284],[81.65426387441973,17.863308257968797],[81.65382842147567,17.86812707235559],[81.66190458130711,17.881227824306443],[81.67156063787313,17.88806559646563],[81.67642846826057,17.889682683146987],[81.68742637968897,17.88649017897505],[81.6947270032744,17.898747176540173],[81.70089081964751,17.902841327230014],[81.70360897886512,17.90092207496467],[81.70480131364003,17.896807305517825],[81.70340859077638,17.889226398107816],[81.70647380871411,17.88374749815037],[81.70658817233463,17.878793082341716],[81.71042139683969,17.873910099396824],[81.71172263617315,17.872845858875547],[81.72586691125721,17.87907717666042],[81.74841129034228,17.8925971759458],[81.74727474813304,17.89587604110308],[81.74827607592572,17.899622116293102],[81.7656322144261,17.911461253077505],[81.76876772104325,17.917696705843596],[81.77590885413986,17.918023160574602],[81.78785683189757,17.9260075887184],[81.79130375298271,17.930717601839163],[81.79259617714827,17.938272003965544],[81.79504336135707,17.942650513259274],[81.80816898733315,17.95644373876537],[81.81151198232303,17.957584967522283],[81.81752380734335,17.95708472294341],[81.82962145520719,17.963309361996366],[81.84202263931398,17.962229100862054],[81.86566690485316,17.968457228811808],[81.88119586108247,17.973946875137962],[81.89304649919266,17.981356634064127],[81.9035390642563,17.981698029062887],[81.90606810385208,17.983425128770566],[81.90899622540276,17.989317423976104],[81.92009199211168,17.996317968113154],[81.9341429250512,17.994887599103336],[81.93960586685652,17.99609441017642],[81.94554942800008,18.00008396065682],[81.95686703636338,17.998681347720513],[81.96220349178341,18.000978481455434],[81.98086422033326,18.01886682854445],[81.98962343485223,18.020248740392024],[81.99262395163164,18.028050602623676],[82.00011536390865,18.03074277484165],[82.00768806473572,18.030799375802104],[82.00999807440401,18.03596513920598],[82.00507392683475,18.045821302914028],[82.00457605445314,18.053689626453476],[82.00573318874369,18.05704531000713],[82.01806015673661,18.064026045063905],[82.02138205658872,18.063611347698377],[82.02661479791594,18.065341783687753],[82.03065173786955,18.07004227499658],[82.03590793151389,18.067705851581778],[82.03877309912943,18.05803986526334],[82.04874126725609,18.05886775825166],[82.05988541632792,18.056178739292008],[82.06526759869088,18.058115076946546],[82.06913320566528,18.0698131947221],[82.07495141589412,18.07594396290617],[82.08556799697598,18.069578955069204],[82.09440836619602,18.06815656004649],[82.09471981030842,18.06413403043289],[82.10035112963563,18.06097178949908],[82.10618954387348,18.06399282127959],[82.11197377532669,18.06196332994803],[82.11894620121967,18.06496375820635],[82.1233020916082,18.06040745361734],[82.13181168227598,18.060624702986456],[82.13480474483517,18.051978446624716],[82.13550068765207,18.04467390087853],[82.1431507810358,18.049584724326362],[82.14509995542076,18.053047264760792],[82.15152916017999,18.04860438406092],[82.15658988580842,18.051076887462465],[82.16715808901894,18.05268919860622],[82.18264109372657,18.029527790544027],[82.1769892649631,18.021258875835485],[82.18229516688368,18.019338568358684],[82.18590387185654,18.01585594529825],[82.20415072230045,18.019433584538593],[82.2034182656622,18.015573845746307],[82.20743131042929,18.010670044778447],[82.22057420292344,18.00241931026237],[82.23556357529756,18.003293404935825],[82.24211602262554,17.998198468180295],[82.24448078910194,17.993740420559078],[82.25111774903357,17.993225543726258],[82.2645422418097,17.99562388457612],[82.26763709516867,17.999311381286915],[82.26633314382138,18.000744944696915],[82.27187370276218,18.022083528386798],[82.26733741000336,18.034752358015293],[82.25993648502491,18.042587525275167],[82.26727185095393,18.04592475893533],[82.26793467558129,18.052674405715393],[82.27093922130472,18.057954619110614],[82.27531092922875,18.058938601904433],[82.28181902313788,18.065230616937956],[82.28599595385043,18.06345519583046],[82.28971206589024,18.06964297427427],[82.29447397771915,18.067782209491334],[82.29903027955261,18.0699887269402],[82.30273010962789,18.068852923060362],[82.30212309014263,18.066019779176248],[82.29845139530205,18.063952217744806],[82.29697732819277,18.05630881331226],[82.29960594154626,18.05536096046273],[82.30449346210642,18.05644905841211],[82.30866035324733,18.05466858463957],[82.30558932949793,18.050794732474216],[82.3065047100775,18.045647571824468],[82.31490747578667,18.048180292623208],[82.31868152017914,18.045724589308968],[82.32055597629203,18.04936222733042],[82.31729977652486,18.057814118991807],[82.3205806197752,18.06064725087529],[82.32834189764166,18.058828531136328],[82.33046338596608,18.055855042477496],[82.33031546577817,18.053204114274322],[82.3324701675136,18.052073678349796],[82.33906238864907,18.05553891647837],[82.34220960480597,18.0587384633233],[82.3454062777108,18.070688596067594],[82.35011153279477,18.07732898646756],[82.34565474902345,18.08072566092874],[82.34791473241187,18.086370983568678],[82.34533441158977,18.09898946029929],[82.33683607501581,18.099851952534934],[82.33412410788546,18.106597856072955],[82.33400080782452,18.114487279564038],[82.33210578029164,18.119989852353935],[82.33450173717303,18.124889288936128],[82.33253780077301,18.127600001346142],[82.34042576175578,18.137359953709275],[82.33702459815632,18.144910733486153],[82.33809893652372,18.150574045859052],[82.34134156993345,18.150146090862222],[82.35490763450342,18.14250116985178],[82.36159015698621,18.135550726147457],[82.36587001217248,18.137896888134673],[82.36708698953227,18.143910564855627],[82.37065397404838,18.14890461313267],[82.36294719068198,18.158876567277243],[82.35745765425268,18.163438088987284],[82.35170285609978,18.172433355454825],[82.34451038877627,18.17366298320552],[82.33571062161043,18.17291533064174],[82.31379284079223,18.184767213878214],[82.31082070179268,18.1920888339565],[82.31187819135862,18.19789212938323],[82.3091767830261,18.20483256154162],[82.32321793960038,18.211153511088284],[82.326752116744,18.216817992870443],[82.33537770596615,18.22504555579189],[82.32976747009866,18.22587046050034],[82.3227344609246,18.231950875086948],[82.32505529080045,18.237117863258923],[82.32825405767825,18.23750262533484],[82.33484554668678,18.241510399241594],[82.33417059120983,18.250746786905697],[82.33185693977141,18.25181065768571],[82.33167660567308,18.253650451459166],[82.33443307713924,18.261911548660702],[82.33835709886164,18.263076984397802],[82.3387475533965,18.27296721003523],[82.34297139682813,18.28128594218252],[82.35724198671926,18.28220242525842],[82.36420261503764,18.27835398044857],[82.3748008929456,18.281417987857626],[82.37661686154695,18.285082182396366],[82.37919829358505,18.286184019996956],[82.39063778356947,18.298686835370855],[82.38987433325725,18.310537550675175],[82.39335913180636,18.316376023848463],[82.39112686234274,18.32669721519083],[82.38725789297425,18.32924170580266],[82.38256372220256,18.330332872750635],[82.37636526858871,18.327793391875257],[82.37338785468177,18.32942754574782],[82.36582261436313,18.324448770972637],[82.36229601720389,18.31919714318339],[82.35416843600895,18.31665684219018],[82.35261710749704,18.317950730634326],[82.3473182564531,18.317251503835458],[82.33877605424556,18.323138673920894],[82.3365136121682,18.327441676227068],[82.33642407977874,18.328761421867455],[82.34238686756436,18.331525607255575],[82.34523921262753,18.32956315668797],[82.34728563143862,18.331170787586203],[82.35409262808045,18.339169254520176],[82.3613994509396,18.34495478391524],[82.36277525762817,18.353497434365238],[82.36647465381715,18.35459164036625],[82.36816646716143,18.359246658039776],[82.37510916869996,18.360570446740727],[82.38383817736748,18.368237917298472],[82.38230461663358,18.385232552744046],[82.38435826688269,18.387006929749344],[82.37976825397159,18.390374574753064],[82.37791559458076,18.404534624896673],[82.37351679616272,18.40707389127684],[82.36922278442589,18.414980133318164],[82.36250511086604,18.422271010876628],[82.3740311768843,18.430769457211145],[82.3802896550271,18.43331809269139],[82.3849446188282,18.445751183364273],[82.39432241954002,18.449912396371225],[82.39509788931072,18.45495411882853],[82.40181778081102,18.46495902756438],[82.41326969988572,18.475172690282655],[82.4187827910401,18.477146984792405],[82.43022551046795,18.48765786586739],[82.43245922801579,18.49251241568134],[82.43621211798161,18.495597555892424],[82.43244696511384,18.49770479092866],[82.43234234821416,18.499314466477607],[82.43544972588482,18.501673324181287],[82.43660859841542,18.507229122680307],[82.44173442854571,18.510333382261376],[82.442170104272,18.51458263960365],[82.43796629237286,18.515897721899126],[82.44353419513261,18.51742752110976],[82.44422916866735,18.52010136890311],[82.45353718285799,18.52159070475286],[82.45593628474121,18.526801962117016],[82.46016614329199,18.52910055615358],[82.46242238519724,18.533597010697022],[82.46734416301076,18.53674808720569],[82.47070909755485,18.542245044017136],[82.48105439191252,18.549439932056053],[82.48728399730376,18.55005864337324],[82.49020125822263,18.548350315618865],[82.4918053034687,18.544353392450287],[82.49063840808428,18.54251075790891],[82.48230558699977,18.54403656734744],[82.47963916355602,18.541329535738818],[82.48224705277588,18.53617292518998],[82.48589312227466,18.533325171796715],[82.48457493173179,18.528773593343914],[82.49235426393882,18.525273738202166],[82.50289489426005,18.5143631839516],[82.51126850155342,18.518860066910438],[82.5189196540509,18.51821291678038],[82.52594621421952,18.516356096302857],[82.53213553825515,18.51102034903489],[82.52695216564099,18.505912017887415],[82.52963435541632,18.50133646710169],[82.52646930141283,18.496320131233055],[82.52741286124457,18.4942973174311],[82.53196557520675,18.492462822222056],[82.53324029088311,18.48831423205249],[82.52780868680651,18.480949372631976],[82.53186888504116,18.480523132548804],[82.53416429169619,18.477766814691517],[82.53081776542886,18.47306375615181],[82.52474116558838,18.471730267367327],[82.52365221791952,18.469588612436347],[82.51942746539281,18.467250691209312],[82.51939428072791,18.465629028468385],[82.52226436482297,18.46421153412231],[82.52831083427056,18.4642382405976],[82.5273388679129,18.45977301833025],[82.53322770458769,18.45869133243599],[82.53851472571765,18.444469524378594],[82.54275930406267,18.450108600362714],[82.5396310019341,18.454882351776092],[82.54066556379904,18.45835321669601],[82.54519885259154,18.456430215122417],[82.5471353562394,18.453775166805375],[82.55087042273169,18.455763333683706],[82.55418357478953,18.45481176487736],[82.55634041092206,18.45015558232655],[82.5613695625649,18.44852286590551],[82.56092784387171,18.44521047051845],[82.5564914033483,18.44300157605473],[82.5581277780631,18.439694765155068],[82.55055386181546,18.433327966567525],[82.55197866351791,18.428599820041082],[82.54571197567172,18.427553127401524],[82.54559527104159,18.422435393362477],[82.54138790540722,18.421940991728015],[82.5432237950483,18.414435846234323],[82.54716500783033,18.414322333586032],[82.54706006663883,18.412638017020292],[82.53550225056516,18.406203489916038],[82.54068551538151,18.399597342223217],[82.55046350926419,18.39863076895828],[82.5524872024952,18.39771229468236],[82.55396996439812,18.394446014257877],[82.55539988110782,18.39727156863057],[82.56071068962649,18.400680007696007],[82.56961458231355,18.395308089000288],[82.57274608513949,18.397016792759736],[82.5757996932505,18.396260150757257],[82.58285485308281,18.38755341334025],[82.58690994888666,18.392354561606936],[82.59476853585794,18.389262324421473],[82.59641437971418,18.383000572248598],[82.59923385362447,18.380028675089306],[82.60287563815933,18.383207419805238],[82.6052637823927,18.382063260138832],[82.60609444016289,18.375704403948152],[82.60318959935111,18.37268398066461],[82.60570172726338,18.370087680056624],[82.60595811632695,18.366091901932094],[82.62120006261964,18.35974202224911],[82.6211991023206,18.358115657880845],[82.61449454506217,18.350944351585976],[82.60201734641439,18.352309971506443],[82.60285258289755,18.344388016952003],[82.60680638017837,18.340769148389292],[82.60946942775334,18.3344412416441],[82.60721485312122,18.32785627509564],[82.59952587885535,18.326072982621525],[82.59315707771417,18.32960377428847],[82.58674888275283,18.318608325583124],[82.58216767782307,18.320484213400015],[82.5795822518752,18.315898254937878],[82.58344425570702,18.309195356656552],[82.59007872640697,18.309556335373454],[82.59150585115275,18.311536472772925],[82.59433921391567,18.311016267376157],[82.5947442714638,18.307119457723257],[82.59693345233646,18.304919750818726],[82.59294503218798,18.298950083897463],[82.59348401596857,18.2925771047215],[82.58930386479574,18.29051139875444],[82.59247116279077,18.287707494549586],[82.59234685032851,18.28544125040771],[82.59043540428713,18.281085009186395],[82.5863301609309,18.2810374455049],[82.58607040228674,18.27680308089274],[82.59506832882106,18.2751120229309],[82.59520023653909,18.265535940526583],[82.60250454142052,18.265430179845385],[82.60549643796647,18.262148904341046],[82.61213623657434,18.25917114819395],[82.61548787245897,18.256500892225354],[82.61828344579283,18.250407251980047],[82.62182292299661,18.247069954232124],[82.62584002275885,18.245332534763552],[82.63015540272133,18.24000954653352],[82.63597050657587,18.237452308413005],[82.6469196655355,18.24574396604997],[82.65079129212066,18.250750108123516],[82.64923477763459,18.251746331546343],[82.64794154947684,18.25856821879922],[82.64540101234373,18.262971121556895],[82.64056422593585,18.26451221683971],[82.64107126742157,18.272294162580053],[82.6468193497694,18.273608724953956],[82.65052362291206,18.28188262822585],[82.64210357721011,18.288748190471363],[82.63899703856592,18.29696353379582],[82.64092846763074,18.302768957062817],[82.64946867198512,18.302596032510298],[82.65570000304005,18.296805887401963],[82.66053093961881,18.299035672098817],[82.66504511136374,18.29876590762669],[82.67459965021783,18.307295421572228],[82.67963474511453,18.30383744694451],[82.68269707317201,18.30432408308262],[82.69022799066028,18.308376316262155],[82.6927938360299,18.313014725400457],[82.69994395407596,18.311369796260642],[82.70765419146461,18.31391281942647],[82.70683907454887,18.316574313169674],[82.71329981197117,18.32324590282229],[82.72318735450442,18.325256231593194],[82.7325536262379,18.320969620793722],[82.73432769741439,18.323839598665383],[82.73926120183565,18.323333244244658],[82.73658940017827,18.327680654488553],[82.74115158238357,18.330714488688997],[82.74554207857176,18.32980645539261],[82.74891961108938,18.331643856724806],[82.7534561212405,18.33092117035838],[82.75457983191423,18.334036802468738],[82.75747135789686,18.33475610418981],[82.75637782971833,18.33835682199753],[82.75796779477062,18.34034363712959],[82.76289520412267,18.339199056046734],[82.76381619018963,18.337263813545377],[82.76672318965299,18.338787484146327],[82.76938982689582,18.33831159508073],[82.77253979728734,18.341164831838533],[82.77239641628653,18.345159145522114],[82.77466348109435,18.3499671819191],[82.78220752296892,18.356072994196705],[82.78882449538544,18.363921664848224],[82.7872805474319,18.371926785984165],[82.78304822390396,18.381140044709763],[82.78092081119024,18.382623132189646],[82.79213145535603,18.38675727730236],[82.78973421208713,18.39687563791197],[82.79210152169411,18.402084908736555],[82.79780635644926,18.407484706200666],[82.78515452980177,18.411445737461843],[82.78570577109443,18.419906422592916],[82.78116609168698,18.4233406976379],[82.78043674142296,18.431519639272675],[82.79364588646594,18.440447022544774],[82.80141166668864,18.449984251567216],[82.81390364082624,18.451643256061793],[82.82245671534369,18.447780756378176],[82.82348127985782,18.443860361016092],[82.8311931620618,18.442325617030768],[82.83566500698714,18.439572162636082],[82.83626295258972,18.43764765883566],[82.8458074051598,18.433786660583046],[82.84859666333719,18.42375846662303],[82.8510944658156,18.421016186607186],[82.85466620780944,18.426182545119737],[82.86954591475201,18.419203225469676],[82.87464801768073,18.42237435314917],[82.87932591187779,18.42138436343374],[82.88941232794024,18.424713832949404],[82.89496930269456,18.424137212550118],[82.8977483838581,18.40353409270264],[82.89068837941146,18.39053186558666],[82.89338039945093,18.38704501227976],[82.89416304855737,18.381603083078765],[82.90177730365285,18.37421027057552],[82.90913142820163,18.373691306666657],[82.911330295608,18.369224118546068],[82.91610767642614,18.376028781987173],[82.92044345623039,18.37617017726428],[82.92427649927575,18.368885525187395],[82.9379780477569,18.361563317200115],[82.95198605649722,18.362318115576684],[82.95836707113301,18.367148844046923],[82.96524605516846,18.359668811281868],[82.96872618247804,18.360748203750134],[82.98143186312677,18.3671830671964],[82.98044320157959,18.36886031802655],[82.98636738606247,18.378406311731172],[82.98553855546557,18.379580546820076],[82.98853021305966,18.381342342244036],[82.99099119898447,18.379820748729838],[82.99508394677513,18.3862645846912],[83.00353365933935,18.383486118542727],[83.00858507303151,18.386771382027828],[83.01004831723827,18.38937144390393],[83.01423443232628,18.38777370369055],[83.02017247691569,18.392431542626237],[83.0240421972758,18.38765693074505],[83.02775469000329,18.38682273904028],[83.03046710269805,18.384223868829597],[83.03747566511997,18.384180982870838],[83.04131972779892,18.380101822006388],[83.05272953654804,18.38071589462449],[83.07528774519692,18.40408646574016],[83.07505839811834,18.40584973409535],[83.06237684621816,18.410362577989996],[83.05556146649806,18.42032832925977],[83.06362802693239,18.423949712130725],[83.06543546692843,18.431049054777127],[83.06152301281193,18.433024687637637],[83.05853232629669,18.436716972734676],[83.050764557204,18.43416778257058],[83.04544625673583,18.426243992213983],[83.0424984054866,18.424261280901312],[83.04269500448147,18.42653544608774],[83.04066097164153,18.425181260947326],[83.04125865493603,18.42691393704046],[83.03589125704603,18.435499432574304],[83.03906883715781,18.441748867371448],[83.0348095480017,18.443659851524192],[83.03385136629211,18.446660381926307],[83.03102489630236,18.44891739698204],[83.02538248817129,18.448308568097254],[83.02275049894898,18.44941140828967],[83.01908458566558,18.457197059706576],[83.02886505530519,18.46723065680557],[83.03578764536114,18.469574047581787],[83.05323992156325,18.486571691345695],[83.05423636701236,18.490739673812943],[83.05333635391236,18.496622165269823],[83.05610059580572,18.497807594539914],[83.05860479159405,18.503011701477],[83.06213404776652,18.50324913607772],[83.07319033711198,18.515537616083495],[83.07513126136935,18.527116520278035],[83.08176107250793,18.532026556375587],[83.08738956663356,18.539879105253597],[83.09164307602916,18.540812636260814],[83.0931547043954,18.54761711508343],[83.08794335824328,18.553727634812017],[83.08604582530906,18.554227336690108],[83.0835477497428,18.5528227202059],[83.08074307737346,18.553256691813598],[83.07881523707819,18.550428659414482],[83.07120710310303,18.54978958574102],[83.0618993602036,18.542082162075232],[83.05417665958868,18.544113025539442],[83.04568529933125,18.544038027117235],[83.04532473264419,18.54554530086435],[83.04313656417284,18.545431137449036],[83.04331308492283,18.547060225390865],[83.04129421474656,18.548115027636214],[83.03618287444175,18.557634112555732],[83.031334933653,18.57064159232778],[83.02793979056254,18.574538058898447],[83.0291708597942,18.5785268857442],[83.03579774422157,18.58199913233085],[83.03821124340385,18.587448004001278],[83.04608545567122,18.587506028272358],[83.0512082863268,18.589078414039413],[83.05098697917003,18.60021506323978],[83.04668942088448,18.598787611307266],[83.04440531054416,18.59950801415024],[83.02755485887003,18.59260788491982],[83.02375936091197,18.58968115744453],[83.01876932461158,18.593501677372327],[83.01423872537504,18.59371729695257],[83.0117008795945,18.595313150072823],[83.01083180896445,18.600312815987767],[83.01314619342818,18.603035222156088],[83.01337955867099,18.60598884118818],[82.99901562933026,18.608616912811367],[82.99895316587529,18.62147179850001],[83.00389664069789,18.62263213248383],[83.00704515671698,18.6277988548826],[83.01777061271298,18.63607244293416],[83.01126875131528,18.647001822368388],[83.01515473387698,18.651171836537046],[83.02077974074268,18.652175634099727],[83.02313399962524,18.65536751670623],[83.04292810382297,18.659580251253722],[83.05615005524864,18.666285122878023],[83.0609113274771,18.684605819715056],[83.07313824740191,18.702238073339164],[83.06949414072203,18.702615513209143],[83.07091621334267,18.706521361075897],[83.09073386957053,18.724519305369572],[83.09289302066155,18.732378989769703],[83.09981578948226,18.73374555785086],[83.10572983468052,18.748060723596893],[83.11053790194876,18.753753829356473],[83.12032500025687,18.758443522919872],[83.12175249870181,18.761466455807046],[83.11926017325166,18.766778104255437],[83.11326788479215,18.76903600724017],[83.13715228258316,18.786304298858674],[83.14993375139747,18.777012935556883],[83.15039721291382,18.773634193442554],[83.15459681081593,18.769173833031573],[83.162269334234,18.767838576507103],[83.16316834481417,18.76987835084913],[83.17602282959307,18.771801261288815],[83.19129563301577,18.75406439148723],[83.2046555306348,18.752379713087723],[83.20611780915259,18.750160113540154],[83.20547598174673,18.746797451083566],[83.21079954274919,18.73861806537387],[83.20939121075914,18.73357922597422],[83.21055831724765,18.73152381196543],[83.21274374406073,18.734407811768623],[83.21614710763436,18.74650706087982],[83.22347269180823,18.751852151652155],[83.22582556189533,18.756176987334385],[83.22624029340075,18.761956750427046],[83.2204632520631,18.773704080021755],[83.22272297673673,18.776025240536658],[83.2327099501955,18.774995764950837],[83.2380522689194,18.772752609975907],[83.24135382821854,18.76920961376033],[83.25171898253048,18.768473212886377],[83.26086986790321,18.770651470105555],[83.26251383248386,18.768550592383903],[83.2694531482721,18.76534844930679],[83.27947781054864,18.7749946499247],[83.2790139968927,18.77756431912112],[83.27346835618236,18.783564470377854],[83.27803685534074,18.793015191533055],[83.28266012837526,18.798766471891156],[83.29643455987035,18.802657329247022],[83.30704171762488,18.810199295256982],[83.31838657278904,18.805470999455114],[83.32879342509986,18.807150441274715],[83.3262494177748,18.812915014656987],[83.32636312562516,18.81886394435295],[83.33626127456698,18.8252353879536],[83.34597117974441,18.82782974233715],[83.34743639844814,18.83093140342039],[83.35687867843441,18.835745155248414],[83.3638708780434,18.844083166277223],[83.36703569668826,18.84485655586898],[83.3704115080338,18.842944775858044],[83.3717038675207,18.83905830605241],[83.37515211272255,18.83638617314475],[83.37749443389326,18.83178655548235],[83.4021656561602,18.843738338386586],[83.40393298458218,18.843273500597466],[83.40248238236641,18.8483666755862],[83.40305544194068,18.862748549072204],[83.41282106422526,18.874488968695275],[83.39507363755342,18.879740390599046],[83.38978087708712,18.883590712211703],[83.38973396975791,18.887730949433664],[83.3815667099769,18.89144892725995],[83.37638954112809,18.897911492089953],[83.38290469579536,18.90505004699935],[83.39145998915158,18.908548386755236],[83.3849511056233,18.913348013454574],[83.38177843121127,18.913923123152614],[83.37508510558888,18.909005314244098],[83.36968431731972,18.907909250979323],[83.36674762943454,18.909327351240158],[83.36057805036887,18.915815730899403],[83.35779586013611,18.915652460798533],[83.35990084461216,18.91690395225503],[83.3572247130751,18.917863996672015],[83.35565395400359,18.924880894389382],[83.35171615392134,18.93092502402002],[83.35050260632931,18.944460092807372],[83.35909579152253,18.941803159735887],[83.36937472822845,18.943596150950487],[83.36644062659293,18.954635750997443],[83.36392801808199,18.95799439808102],[83.36600185976376,18.963013661969782],[83.36461187676171,18.964377633930393],[83.35964485440059,18.964151882255813],[83.35394581916894,18.967293079720907],[83.35088528684369,18.966826709314034],[83.3481479908156,18.959812269405102],[83.35083163586168,18.947431980922413],[83.35013783013683,18.94329978968044],[83.34381500477188,18.941158019889386],[83.34840533119505,18.926319655110902],[83.33518969941738,18.924960072981655],[83.33212637961985,18.926474642491886],[83.33198484106367,18.929727917583506],[83.32388908178935,18.933538577319744],[83.32296192788968,18.938518974561784],[83.32527102846288,18.94557749323366],[83.3347762866388,18.946691405181877],[83.33633597846601,18.947950153687497],[83.33706639413197,18.954072604612133],[83.33178904336602,18.956020868304726],[83.33042546095186,18.959638152404505],[83.33283179606974,18.969353489237808],[83.32827177970259,18.967067160386538],[83.3172551267224,18.97353988021608],[83.31573570277611,18.980800172697208],[83.3133626250867,18.984122710674338],[83.31433037744732,18.987178044994113],[83.30849763517217,18.996511195539085],[83.30881325285733,18.999777944784782],[83.31520620969653,19.002212758710055],[83.31991184386953,19.000221797798602],[83.3252984306723,19.003265287929366],[83.33089023850007,18.999332667880267],[83.33687994250654,18.997860441822862],[83.33437154619595,19.003738488738787],[83.3349417967383,19.006792540618623],[83.33861171650787,19.01084141147887],[83.34100597467508,19.01897895861187],[83.34610755208938,19.01784903266878],[83.34855636494375,19.01945251216903],[83.3517655810249,19.018790733273864],[83.35614074027626,19.020308993897864],[83.3656978159727,19.017049274873862],[83.36412712247818,19.0138003935875],[83.36502683194765,19.012651136992964],[83.36337427947286,19.011295130356096],[83.36510195985149,19.010288769247868],[83.36399624961942,19.00932316036907],[83.36468958911864,19.007034266600343],[83.37068181379776,19.003196580020397],[83.37403824219443,19.003880510976796],[83.3756658170127,19.002532179005282],[83.38265304175168,19.00219401837498],[83.39276118177264,19.00689890841737],[83.39404775790571,19.010480672425544],[83.39653377538589,19.009410010743643],[83.39869707849019,19.010284920123887],[83.4000761388767,19.00721480006249],[83.40213036943751,19.00777501837632],[83.40210803372628,19.006109875264205],[83.40761895904248,19.005265338653217],[83.41010099518934,19.003666709757322],[83.41057930585734,19.001527841578834],[83.4121757747123,19.004609808020877],[83.4197057256133,19.00009571007884],[83.42008966915901,18.997760543109177],[83.41562445200377,18.99002375842216],[83.42645828794218,18.98483878509053],[83.42929686183203,18.9802541797849],[83.43454953048723,18.976653225986006],[83.43898309191016,18.976216148578686],[83.44042781105908,18.971446578088926],[83.44598803232482,18.965737512652584],[83.44365737847299,18.962146657493363],[83.44561613249216,18.95795915801769],[83.4598989843869,18.955696592565207],[83.45936668856359,18.95695897396618],[83.46123534515301,18.956514545198647],[83.46280583832322,18.963628836618838],[83.46405796855669,18.965500019493668],[83.46589946278688,18.965471348886666],[83.46788241652145,18.970241076772258],[83.46662849864053,18.98128925193826],[83.46343556452388,18.98010349567748],[83.4622581363928,18.981027243984986],[83.46591085881455,18.992009823837368],[83.46407282489487,18.99447846927587],[83.45334939549818,18.992191847333228],[83.45338949000423,18.99776142392166],[83.44873502297148,19.005463192199],[83.44807517176775,19.010831364041497],[83.44964451419605,19.010706588917476],[83.4503277386652,19.013519380963363],[83.45960002955191,19.013268970911398],[83.46966715429366,19.00815354746547],[83.47775605313412,19.009394238763814],[83.47949941630095,19.01071169077738],[83.48058677125684,19.016020202006924],[83.47766433065203,19.01863788782397],[83.47747930105969,19.02304242102173],[83.48142738595364,19.03446840462814],[83.46880804328516,19.04383247027002],[83.4690114928324,19.049558588535035],[83.46591315580673,19.05606568145609],[83.46760217628878,19.05856626006448],[83.46728288898565,19.06201529770049],[83.46590817285187,19.064074627876913],[83.46038182795381,19.064686974991456],[83.4632898209539,19.071929608273503],[83.46303777165146,19.0754409450994],[83.4611837989237,19.076883723403142],[83.46435643919973,19.080818009731747],[83.46844327248257,19.08106034870004],[83.47183602335943,19.078296339555333],[83.47645426493003,19.080187964448907],[83.47432303527464,19.086506784718726],[83.47277884208104,19.08550700300629],[83.47034903308648,19.086837941432577],[83.46981564311517,19.085551245319667],[83.46534526244369,19.088606005214128],[83.46606179374861,19.09403203523366],[83.47173956585749,19.096185002327974],[83.48349733972684,19.09209102653372],[83.48643350748748,19.087382337837067],[83.4819328868286,19.084968503959217],[83.48275018305728,19.081177890451286],[83.4809411503482,19.07833941221194],[83.48893809494123,19.073187628265263],[83.49889665019604,19.06274887006087],[83.49985975916498,19.066806762142452],[83.50362270038053,19.066959623527232],[83.50929687114342,19.07135304477724],[83.50921272864572,19.068595571639566],[83.51181680811045,19.07014992940828],[83.51109095319119,19.06610035226285],[83.51314372758293,19.060518311368643],[83.51689784913901,19.05691372805191],[83.5148881507618,19.049607631180578],[83.51323364804456,19.048212309311783],[83.51940364392851,19.038898507143088],[83.51492291735993,19.028289417739167],[83.51210596502062,19.029510891996722],[83.50755458595492,19.03569438681123],[83.49656783250066,19.035302716336773],[83.49757477296725,19.034372427428035],[83.49555942688185,19.031685835620955],[83.50103719987248,19.020494433612406],[83.51431208632292,19.01753173018123],[83.52074627403701,19.01322863566434],[83.52280512912488,19.015444443894726],[83.52397576778905,19.013767391355813],[83.53263228510811,19.014020227113505],[83.53529086356451,19.01165681208011],[83.53688025908491,19.023302656666342],[83.5395544107351,19.03053435037031],[83.53790936907443,19.03439398941769],[83.53980304823605,19.042408507881063],[83.5449504208652,19.044640585485347],[83.54974625757085,19.05547314489706],[83.55563546165656,19.05712597400676],[83.55348016074483,19.05898392772482],[83.55368072849663,19.06428586449155],[83.54660603300182,19.07878898531509],[83.54711698844721,19.081436713945596],[83.55251436940647,19.087453213019444],[83.55766782003681,19.08811383179352],[83.5602772920882,19.08690374449597],[83.56479237292822,19.079092580394903],[83.56710322521623,19.071573924486632],[83.56348480316696,19.070355390080135],[83.56172713073596,19.067539717284415],[83.56036268324418,19.06373859627984],[83.56163911470271,19.06088978172289],[83.5629750442775,19.059218362353047],[83.56527102585432,19.060911915931722],[83.57303236660285,19.062321589541156],[83.5825269959123,19.058880399463007],[83.58212099692976,19.06600121032083],[83.58508943936197,19.070284983879326],[83.5827833813826,19.08463326689287],[83.58365902318894,19.087478895587797],[83.59102130713546,19.093597626576518],[83.59926353671682,19.095838977444465],[83.60196321309748,19.093773541273556],[83.60868549321813,19.096988740170143],[83.60702856055802,19.10302141242944],[83.60148772044452,19.113054646634563],[83.59588347274672,19.119729590663994],[83.59720277091233,19.131084419628205],[83.59972930870006,19.13644905114642],[83.60278200502107,19.13691637161265],[83.6060473550277,19.140613562549426],[83.61403829977299,19.13797642973098],[83.61683566883906,19.14224768595361],[83.61887869291671,19.14260210436765],[83.62036605419387,19.14874292377014],[83.62554464866903,19.15157142492832],[83.62585700097817,19.1575755943497],[83.62410001306341,19.163592843438774],[83.63402862657146,19.159294044046522],[83.63778641055897,19.152995656681366],[83.63451561855834,19.151670013216165],[83.63504163336117,19.14949519678913],[83.63180879877457,19.140678288488818],[83.6366542287721,19.132731320224853],[83.6409493283687,19.132673372237708],[83.6449352574889,19.13075456260343],[83.65078163169851,19.13248555438757],[83.65506937499124,19.12945775115404],[83.65446984925211,19.121966882628612],[83.6497424587812,19.12309608792891],[83.64722251193271,19.118488355690303],[83.65056072069879,19.11722366572259],[83.65081458459807,19.110202882859213],[83.65567705563657,19.10863893681381],[83.6576906634819,19.102383516599904],[83.66292889351551,19.098786054491914],[83.66399851303274,19.092029554937053],[83.66048804153115,19.084260209600775],[83.66112407390514,19.08097301709613],[83.66403108325,19.076492135744044],[83.67473629301611,19.071917408057423],[83.67669621304849,19.065039597480336],[83.6853590949313,19.058366904918095],[83.69130763633481,19.047132572392105],[83.6931281845475,19.0384417038428],[83.6986407088649,19.031715136826456],[83.69794492864307,19.03037984530918],[83.70024572069822,19.02528487851423],[83.70301162806814,19.024329665779437],[83.70828142669744,19.025520508066492],[83.7231366590401,19.021613830239325],[83.72801831000822,19.02290394805833],[83.72718886496367,19.021296850016007],[83.73012450810818,19.021789103675395],[83.72399974239879,19.01008202733929],[83.72132157977086,19.009141704278175],[83.7181785012542,19.010267013882473],[83.71041209670241,19.0070083906706],[83.7089338614102,19.005418230369166],[83.70958377994184,19.002469455392564],[83.71372785117964,18.997225429561272],[83.71405981640635,18.99389495882998],[83.71621140547933,18.994352110492315],[83.73312009762826,18.987544400929245],[83.73256554245056,18.979741780208492],[83.73450690778074,18.969008222007613],[83.73889472519276,18.960188954340694],[83.74064835520497,18.949900607845134],[83.74691935765951,18.94341020757239],[83.74777131718,18.936909667889164],[83.75337432430442,18.926302204660757],[83.7611884177197,18.92822060714658],[83.76740379559348,18.915242506630907],[83.76985340345692,18.915585318667105],[83.77501377380992,18.91265948757281],[83.7782319478911,18.91271519912312],[83.78591294601556,18.916808117214668],[83.783072729107,18.924729360643276],[83.78248523270784,18.934535824082023],[83.77687566069534,18.93760419379918],[83.77424975845742,18.946190547736137],[83.7706127089424,18.945264959792212],[83.7676805512612,18.955698008847875],[83.7619300524452,18.953868930523107],[83.75965766781431,18.951405787141407],[83.7569831379734,18.951553735920687],[83.7521022451834,18.968115501805823],[83.75333979216656,18.972260294236733],[83.74586519455504,18.97499122308598],[83.74311516670441,18.987074265575067],[83.7455828756208,18.9966860257192],[83.7495935129029,18.99962463763711],[83.75304879281175,18.999542085093232],[83.75734593338068,19.003176801881192],[83.75881890993521,19.00329543840566],[83.760816269952,18.99927408462612],[83.76214368709113,19.005478632457365],[83.76494477158927,19.007267279735224],[83.76973272288335,19.008963730234232],[83.78001668925656,19.009278769480634],[83.77931717294143,19.014822414883916],[83.77609673600405,19.01635567200075],[83.7759415331741,19.018422322938886],[83.77856052018099,19.019513290483566],[83.7927209532621,19.018880704893114],[83.79151253864357,19.009128022467134],[83.79315358639448,19.00456866294139],[83.79491915861011,19.001778242977554],[83.80668548983087,18.993574365064333],[83.80762215958433,18.990966456626946],[83.80915321312031,18.991771811760206],[83.81063173587339,18.98505731899667],[83.81784256835456,18.971365788771408],[83.82187118721373,18.96006106154954],[83.81911542361998,18.9450289226811],[83.81983994184608,18.939088136512446],[83.82904863290904,18.93043557616713],[83.82668669882072,18.916114320668047],[83.82945316494272,18.91587323873],[83.83835594910869,18.919448115649573],[83.84350650177397,18.91699259711154],[83.84589757092189,18.913413405016122],[83.84900901436752,18.899726896498578],[83.84378497412213,18.87610432959963],[83.84611459760636,18.86892658642015],[83.85148442993075,18.859390110723137],[83.86671164475109,18.851698660144105],[83.88573717734121,18.831903676153896],[83.88916730442209,18.826033023561255],[83.89116658413862,18.81541834118213],[83.89413711156058,18.81658649260109],[83.89764521959466,18.825346597073146],[83.90277322274967,18.828340465599872],[83.910014140708,18.826905344214588],[83.91382998910055,18.828903836087232],[83.91507864824376,18.82674288280611],[83.91672903038881,18.827649645093857],[83.91738374861902,18.82499906089039],[83.92436997712635,18.82338143519841],[83.92967356229182,18.81682598186928],[83.93265434218613,18.817225899131824],[83.932678503274,18.819098505480437],[83.93556693995033,18.819102577533336],[83.93789658679074,18.816612701570325],[83.94243257412234,18.815285380461138],[83.94196768518304,18.808703885988173],[83.94819015166273,18.806125906061617],[83.95342089873006,18.80743292502355],[83.95899832991998,18.81503028744687],[83.96084515205811,18.813836433663976],[83.96362840409951,18.81562440130889],[83.97589791584689,18.815116618056468],[83.98509482101333,18.811038885392872],[83.98650406479338,18.811840879968745],[83.98526305390648,18.812443131669816],[83.99190349301315,18.81454753825536],[83.99453488575409,18.8122066080555],[83.99907856985106,18.81228257122237],[84.00363344426154,18.809552791423386],[84.00790125214148,18.812584174434814],[84.01378680457556,18.809881048324343],[84.01543959779883,18.813699811913917],[84.01346873538797,18.817961980520572],[84.0171757214428,18.817349191237493],[84.01711668865391,18.818815725865957],[84.02054772752481,18.816805755676192],[84.02322139138977,18.817948175070303],[84.02282726993192,18.81637948045952],[84.02533572553128,18.81687572807325],[84.02497726000368,18.81544975168838],[84.03110319442128,18.812544269486143],[84.03577817089028,18.81394655001139],[84.03648167123366,18.817339839618054],[84.04359980835731,18.813783004676047],[84.04225012737217,18.806956868424322],[84.04397803053294,18.805964064045323],[84.04467804181981,18.802507615370782],[84.04908687801284,18.799977810330297],[84.05648682382761,18.80099587413467],[84.05786819468105,18.80007924562292],[84.05675667055243,18.799398665095396],[84.0599914643647,18.799002732069045],[84.05739169142343,18.79258748004949],[84.05935933696723,18.793241890816148],[84.059620097233,18.791634528888483],[84.058513917182,18.79156234252454],[84.0598421131605,18.791502026465892],[84.05991464313654,18.792239071675695],[84.06148011562262,18.79216442527961],[84.06174027401708,18.790556829401552],[84.05883262866502,18.790678046424304],[84.05737954530247,18.789197059871622],[84.06067081889157,18.784721019718006],[84.06000861230515,18.78228773281023],[84.06598736315334,18.78321914926993],[84.06810463927741,18.782138362275084],[84.0689947134171,18.77898707076016],[84.07384271079972,18.775646474588335],[84.07598928727342,18.76569145862573],[84.07834275114693,18.7662599227399],[84.07771777613576,18.765419383813303],[84.07917806668185,18.7651086750246],[84.08276731145071,18.767418539450453],[84.0829082535255,18.765682897711994],[84.0853447639521,18.766314471684563],[84.08512559029414,18.765024534499272],[84.08759284106974,18.764904526390048],[84.0869671725592,18.763940180067316],[84.0897051369339,18.763813786791932],[84.08924055881165,18.758482556064166],[84.09488419943128,18.76146369311019],[84.10127648612726,18.7611905422917],[84.11149196404489,18.76779792607687],[84.1157088051089,18.766465115070403],[84.12038227061159,18.768872343431912],[84.12267867529488,18.764868562726484],[84.12779014046552,18.766054610230608],[84.1298298659294,18.761807461394085],[84.1355760645101,18.76245252305207],[84.13999215998896,18.765234255039953],[84.13690583613361,18.769736130031102],[84.13838131180124,18.778204656354962],[84.14421227900543,18.778096932045994],[84.14975246155211,18.78447546089601],[84.15449779946405,18.78551503564036],[84.15514120341327,18.783913541353996],[84.15661070708089,18.784175477635088],[84.156331141483,18.787791389023916],[84.1614839758691,18.79024088147986],[84.1635766507308,18.78869329857476],[84.16770647019656,18.789154164317814],[84.17027517759867,18.783835645019494],[84.17278105862646,18.783066164191354],[84.1737634454414,18.781022908521525],[84.18119102612927,18.78319973464262],[84.18792609556462,18.778648810454897],[84.19222249143016,18.784424454925958],[84.19140232508417,18.788686660838817],[84.19332701768269,18.792620560803982],[84.19608567385163,18.79175528590264],[84.19809562914703,18.793153547084437],[84.19843712100734,18.791434445989054],[84.20556407419717,18.7900935097268],[84.21606511217058,18.791055693423655],[84.2168956729227,18.7921334968719],[84.21175392195062,18.794944919323004],[84.21237950781615,18.796371759185643],[84.21717507323059,18.795866240295577],[84.21983321600406,18.798781749249784],[84.2218835766226,18.798040664372657],[84.22428743059369,18.79971534502565],[84.23022931907418,18.798102710351714],[84.2318088951102,18.79572041781275],[84.23471862365543,18.799501550655474],[84.23877994568247,18.79809516050846],[84.2392584827259,18.792328872670794],[84.2415596942943,18.792466986414283],[84.24111412991338,18.789575950136808],[84.24700421794132,18.78674303035693],[84.25290917218892,18.78849347071681],[84.25456759425576,18.785331096625466],[84.25769377097038,18.78402325289484],[84.2655289963544,18.785217909238927],[84.27392922881447,18.789900797465346],[84.28446663598044,18.793490560457688],[84.28694744053708,18.804938609166648],[84.30258279502527,18.79929767669934],[84.30325562149501,18.795447886340554],[84.3084769829642,18.794426474052614],[84.310201700699,18.791490173988734],[84.31897995411211,18.787960366782166],[84.32297400400246,18.791701235891928],[84.32219390341648,18.796086823848338],[84.32539044157404,18.800218033318547],[84.33461906894807,18.799420169820536],[84.33467107780977,18.80184955762908],[84.34245589962153,18.80304390126136],[84.34010199647183,18.80896465274058],[84.33501017296491,18.812286729323397],[84.33207292363262,18.816370756312516],[84.32888113756295,18.81672686015013],[84.32884188747325,18.81892476843264],[84.33163103964944,18.818847259030196],[84.33259702322728,18.821348464213212],[84.33647510959763,18.82047390397561],[84.34066742575607,18.822845018592254],[84.34763020643781,18.821490433967032],[84.35008041796914,18.83284705097158],[84.35760583417459,18.83254727468865],[84.36290633362708,18.839975999038625],[84.35983137615501,18.843169427780136],[84.34511085337574,18.84887912169532],[84.34175656566441,18.85408686930695],[84.33318278587795,18.860344137351728],[84.33106302142056,18.86751991119792],[84.32572679686754,18.875922677649417],[84.33065589325571,18.88304619065548],[84.33662606339628,18.88950369206004],[84.35405991694854,18.8706671146099],[84.35595135840681,18.870436536526576],[84.3601354558787,18.862125546340113],[84.36262845865856,18.862548983514166],[84.36454483465415,18.865298236321706],[84.36801516493726,18.86201977146209],[84.37231564005253,18.86272573313972],[84.37533835060935,18.865725143067138],[84.3769722244144,18.872966948257858],[84.38219184764354,18.875429049186845],[84.37671859317878,18.879438177884403],[84.37359218559716,18.88044605240277],[84.37039468175067,18.879339694076066],[84.36402523112751,18.886609198164813],[84.36046501092551,18.88833311924568],[84.35812168992989,18.89555134147566],[84.36289455761204,18.890932314876302],[84.36880158786622,18.88773356811489],[84.3718847155158,18.887980424321068],[84.37983568702754,18.882642855229538],[84.38129497415547,18.883927660588895],[84.3793199911724,18.887697147108526],[84.38621327099726,18.885378553105166],[84.39011526333397,18.877531662506286],[84.39333826945303,18.880954290835074],[84.39316437986855,18.883286188580826],[84.39557837581916,18.883261338070906],[84.39638463354959,18.885074174667828],[84.39535283849573,18.891936526750353],[84.39393981729991,18.89435952235993],[84.38803831348133,18.897220689542774],[84.38307947656907,18.897119430227693],[84.38301059375306,18.89908711510413],[84.37847796881556,18.901429976980136],[84.37603913265069,18.904515643135493],[84.37681653469758,18.90544321091519],[84.38346984306901,18.90155447437167],[84.38670142720075,18.904151079142974],[84.3916877175264,18.90555310141745],[84.39220470605726,18.901907430504327],[84.39801229640278,18.896556710403555],[84.40762788835683,18.896370200501625],[84.41081073978272,18.898459938543883],[84.41603662965927,18.89847370252415],[84.41875641482754,18.901392124363177],[84.42015064955584,18.906622201656702],[84.41836514013083,18.912300418422483],[84.4143293518174,18.915337567546462],[84.41692386871595,18.91901299247194],[84.41845722732891,18.918930407666387],[84.42228853932073,18.9116141190153],[84.4262699166774,18.910242161022538],[84.42837391839652,18.913133977180276],[84.42902712655875,18.917852547421663],[84.43604308301376,18.921814217413676],[84.43740099705849,18.928240255672225],[84.43621778377693,18.93333561572685],[84.42561287989544,18.93321694469765],[84.42886141164331,18.937285028869073],[84.4222003526076,18.948423481024],[84.42411732238962,18.95394553549973],[84.4301887775785,18.959904083351528],[84.42961757122869,18.963418489858416],[84.42721492998326,18.965697532044558],[84.4287668774344,18.969995251074128],[84.43497889560904,18.971485083402232],[84.44101746796694,18.97004148146822],[84.44369786470497,18.97256177759365],[84.44256148059921,18.973959695024014],[84.4499928952967,18.978590426342784],[84.44161003625423,18.986238741804303],[84.44124625270015,18.9926554490056],[84.42982366811107,18.995727673267666],[84.43045597427326,19.00747809515907],[84.42619588292158,19.00859557415674],[84.42201618539796,19.014115624955434],[84.41997253070298,19.013666557768573],[84.41904914074435,19.022907913238306],[84.42369565768686,19.02012571452186],[84.42254114557863,19.014872585462946],[84.42956356451378,19.01440392696525],[84.43058185968557,19.011718794174605],[84.4334814732007,19.011114516391412],[84.43507967760077,19.008053925869238],[84.43851637945122,19.008337515257544],[84.43956191423739,19.00445643992534],[84.44278975778427,19.00537343669774],[84.44658307014126,19.004348198593892],[84.45266631661654,19.000646313710394],[84.45331530090031,18.998230039277],[84.45544946355507,18.99957774784477],[84.45850748239414,18.998214782662053],[84.45892102093686,18.99441342800626],[84.46305353804344,18.99290689493771],[84.46328638944992,18.995714390418836],[84.46758936457664,18.992661115428106],[84.47212406372412,18.993440309115403],[84.47230685471474,18.991067337949428],[84.47395560102768,18.99029928438464],[84.47621056912185,18.99214500980931],[84.48076126097635,19.005228940736856],[84.48058540767464,19.0175009223919],[84.48293835322023,19.02017454504966],[84.48672699254114,19.02044380867241],[84.49018625019006,19.025055729222743],[84.49072674763188,19.028345257102817],[84.49450221944731,19.031805770626274],[84.50460297172337,19.036051102023283],[84.50962870168327,19.041174287438224],[84.5142703425704,19.0493576440467],[84.52201191858605,19.049627132924233],[84.5244088887671,19.047193880626388],[84.54116335814805,19.05597809044674],[84.55449538823035,19.0575017117931],[84.56023070192474,19.062668646421507],[84.56410143378785,19.06899411955457],[84.57075204092524,19.074633038538536],[84.57176581667284,19.074181092255603],[84.56946522045041,19.070489947710932],[84.57259221912351,19.06848054680758],[84.57451995521419,19.068523447116853],[84.58083954394917,19.074094439617134],[84.58126611345341,19.069056942851255],[84.57835231194669,19.060938301392344],[84.57971775117856,19.05982267738846],[84.57941617056804,19.05393626153486],[84.58094956241865,19.050154566463974],[84.57657695797597,19.046577134941888],[84.57519187528378,19.04139016756079],[84.58118805255016,19.043399297163514],[84.57916789598643,19.03843454188067],[84.57957319518137,19.031008912983925],[84.5841359621899,19.028801106467775],[84.58569244433663,19.025999465387557],[84.59205891434965,19.023177896847432],[84.59359130727367,19.026465843255504],[84.59918388046607,19.02619833372912],[84.59988543865182,19.03335359283841],[84.60227954769869,19.0365079271857],[84.60375670680916,19.042607749733797],[84.61216854190944,19.052844571670235],[84.610710874444,19.05443343829328],[84.6113264198396,19.057470500464127],[84.6155071378494,19.05543740668541],[84.61864191683115,19.057043293799715],[84.6203223027067,19.061001159157055],[84.61494321234494,19.061831967570352],[84.61620547647318,19.06677340281496],[84.62571892009795,19.06710482226942],[84.62853507473328,19.0655011730191],[84.62776994007993,19.062597764033047],[84.62890941798354,19.061316332344017],[84.63501422133069,19.060873239437374],[84.63951079238429,19.06816610466611],[84.65184208037542,19.068422459996988],[84.65257329644028,19.066783677804395],[84.65586018355586,19.066444914412493],[84.65547917750114,19.065194140745664],[84.65903103887945,19.063924075786897],[84.6609790220983,19.075487449257814],[84.66737575006503,19.075254289895597],[84.66874910974278,19.077207862171615],[84.6613662912072,19.083275559554764],[84.66149733205093,19.08873168360016],[84.65656912229997,19.092837875789655],[84.6568618095892,19.09530797625995],[84.65108011228345,19.09397105756464],[84.644929766148,19.09714571961587],[84.64213255967697,19.093792750045633],[84.63472960360765,19.090626136716743],[84.63467535075438,19.086837561961058],[84.6322178754457,19.08955652941832],[84.62908785843324,19.082993643270974],[84.62982100318101,19.087454279270975],[84.62830877563846,19.085281931992174],[84.62338454542422,19.08580720870935],[84.62389065625528,19.088558535271442],[84.6220000071111,19.089207579740442],[84.62289935366115,19.09255880602022],[84.62056501222511,19.094756387816048],[84.6227861560539,19.096526915362848],[84.62336283583876,19.0999835359059],[84.61753665935,19.10528768137497],[84.61654986719692,19.100977160854725],[84.60742737128209,19.10167488761155],[84.60916253732195,19.107742220424814],[84.60629225110594,19.108428427338715],[84.60339375689168,19.118433073778696],[84.59973726963055,19.124071151281196],[84.60072230557724,19.12751502370965],[84.59387600943838,19.129685673133807],[84.59339876417232,19.133345877919794],[84.60114757252431,19.132821132393264],[84.60507051896334,19.130071367082007],[84.61203202852897,19.128777603943064],[84.62765546596664,19.127567954173404],[84.62873388268544,19.12759545441339],[84.6289000898776,19.130565414347778],[84.63200787268848,19.12992819767636],[84.6354156442952,19.13155784469817],[84.64150782810924,19.130597505582664],[84.64195873566946,19.13461464377421],[84.65214865741557,19.13026451670665],[84.65783073245468,19.132392597619024],[84.66520619019481,19.13074747677233],[84.6645793026704,19.132731682617177],[84.66762949628503,19.13883720245308],[84.66954207869522,19.14911575070602],[84.6689010202472,19.15713048766125],[84.66581669424507,19.15507199520862],[84.66662341011629,19.163891289996304],[84.66879067748589,19.166945533448175],[84.67040892958819,19.16545727957927],[84.67115263043887,19.16698907514463],[84.67564453115128,19.16768745387382],[84.67861309216109,19.1661845289715],[84.6822384474077,19.16089068616251],[84.69078726121577,19.162109585223114],[84.69411544119001,19.160353372913026],[84.69481509494734,19.161658623930894],[84.70129317524454,19.162069431319132],[84.70262162005638,19.160202261864267],[84.70787389704608,19.160565862912293],[84.71044072068105,19.158506154073294],[84.7127527326941,19.153217937841944],[84.70841342879899,19.147354733490868],[84.69907010183452,19.147956495633917],[84.6979427547805,19.145290706503577],[84.69915634189842,19.14551817128201],[84.69825266367205,19.14386256052636],[84.70402113418358,19.141919923624133],[84.69573128401068,19.1273339710962],[84.70042049787862,19.12674669790535],[84.69934058276993,19.12307420562277],[84.70069331982369,19.11875010678612],[84.70609748485995,19.11660871279175],[84.74425156075208,19.089963161196163],[84.74991688760102,19.083387955113757],[84.76474238480944,19.07727724241187],[84.77894558398627,19.10123033906322],[84.79301111275252,19.120656289701106],[84.80324430365091,19.145124144224006],[84.816611962714,19.16498131877616],[84.84791680946786,19.200939666781913],[84.86413015078966,19.217107435702175],[84.93016157392698,19.276244772179115],[84.98354803803717,19.3178662081627],[85.03655836765643,19.350610348956135],[85.07937634648506,19.374985614910663],[85.09106348582363,19.387413639296913],[85.09283270340265,19.39118556742048],[85.09195626928222,19.39483118190855],[85.09331351677702,19.398679467940298],[85.0984845186914,19.40656711527992],[85.10483134254916,19.41284200315925],[85.10156424711592,19.41078134083765],[85.14292369519809,19.4456027531197],[85.17254671338208,19.46744999200059],[85.3072929064621,19.561521571994135],[85.37282571341277,19.59949807406904],[85.42524997136087,19.625959768142376],[85.49780643512513,19.657063417535053],[85.61347131113423,19.715501169236376],[85.65645274202208,19.735010542089384],[85.67064684575666,19.739456365694178],[85.6790662249087,19.745131753254913],[85.74994399612174,19.76915971051173],[85.7808179973906,19.78146483125906],[85.88563418651304,19.81274964548573],[85.91948325439101,19.820472921337313],[85.91910608414254,19.82160199720087],[85.92070842618281,19.822251515599206],[85.94583157919104,19.82889669610023],[86.05774138412482,19.850423376627145],[86.16907564115095,19.881898416259276],[86.23003481776635,19.90218497886811],[86.2757174818152,19.927480400241617],[86.30721648684131,19.941343136947648],[86.32394506408083,19.946158951155606],[86.35503883638732,19.94800341561099],[86.386191824739,19.954490896441868],[86.39134607217505,19.95686982576753],[86.40873113552927,19.970779183269624],[86.41070905241004,19.975001907693052],[86.39703752562569,19.968811155610034],[86.39263269951206,19.964110493794113],[86.3849019967046,19.959319177555503],[86.37272760576606,19.957990975443384],[86.3730232736654,19.960479741067935],[86.37947063157986,19.962556791856105],[86.38862514255308,19.9732967533031],[86.38929464974781,19.97738014182251],[86.39300612109083,19.982501393460563],[86.40867946443412,19.994915810735254],[86.40885733625026,19.998524143123273],[86.41141756175945,20.000933304114717],[86.41227135563979,20.009523734387084],[86.41615735976104,20.018018674948983],[86.4265007847246,20.037387339103002],[86.43338549372335,20.046685014629276],[86.4339594821556,20.04967485755191],[86.43240307546738,20.052100476542005],[86.4761316001427,20.097440657426937],[86.49259898862012,20.119972612974358],[86.50201821154799,20.13585233349442],[86.5125979374487,20.158816048564557],[86.52376595116439,20.173483477510413],[86.54819850992493,20.193047544427863],[86.57569709061538,20.210188462448624],[86.59550957434382,20.2245012504904],[86.6564405276896,20.254310142232935],[86.67412202879936,20.259901702522587],[86.68012150917104,20.259981597423167],[86.67205819165493,20.262536007120588],[86.67270144109388,20.265791516088314],[86.67111953662464,20.269314441776444],[86.66820486824366,20.270210452848904],[86.66781589682734,20.271624172522262],[86.66919171878725,20.27575593116463],[86.67187223589954,20.274920116953105],[86.67317960892976,20.276685476077898],[86.67536657904849,20.275190135819074],[86.6735829632721,20.270000772386012],[86.67562204733889,20.267145302026293],[86.67939370311102,20.26761463805361],[86.67957764484352,20.264119361175304],[86.68109312518571,20.271100316473497],[86.72227248710459,20.29031770318379],[86.74465788324898,20.30612496112327],[86.76071227307112,20.314166336157843],[86.77413631489303,20.326157175739517],[86.78313428634314,20.33000180079714],[86.78443063165493,20.333163780770395],[86.78025681899473,20.33642047751516],[86.77510939067002,20.334710887754493],[86.77461804095572,20.338744220900033],[86.77648511920516,20.345439997969805],[86.7784283916587,20.345099562829496],[86.80389644563375,20.36734243531148],[86.80982579722614,20.375040004996052],[86.80872494867641,20.391042151587655],[86.80521008980297,20.399061071699045],[86.80001183030794,20.401352124825824],[86.79762066863351,20.400592925208194],[86.80028280801172,20.399671402330892],[86.79821939936363,20.396708751437124],[86.80215638647056,20.395293169088404],[86.80128356986575,20.3915954376199],[86.80444432812556,20.39117988470788],[86.80078479288068,20.390078609930463],[86.8007181145304,20.387155334741625],[86.7989606424237,20.390694938521204],[86.80012826095191,20.392293775976057],[86.79717000002513,20.39628937870923],[86.79729054315648,20.37815922442722],[86.79344592082712,20.38009376840139],[86.7932624686764,20.386902586333367],[86.7916930678576,20.387548597001935],[86.79563757027017,20.389520634229704],[86.79239239911978,20.401449547994734],[86.79362584349704,20.41014036211471],[86.80796814499898,20.43992372037719],[86.81022044419848,20.45130517389841],[86.80921642595149,20.46164613600153],[86.80317638574641,20.470818537525194],[86.80022917140272,20.487444865551932],[86.79673811249441,20.49269645367139],[86.79434989190426,20.493887458967347],[86.79785965822832,20.48368212618911],[86.79837747859912,20.4743778877419],[86.80133923307403,20.46908238745734],[86.79713475193003,20.460054107585044],[86.80111774894917,20.4539220380519],[86.8008882374789,20.445756391118586],[86.80233430769405,20.443976890411268],[86.80032677246002,20.439273546401587],[86.79902653205318,20.439686754840668],[86.79144164557925,20.433367222065318],[86.79286282796944,20.42650691100413],[86.7901449616026,20.415894823543276],[86.79233804835013,20.411972149569923],[86.78941174678624,20.405242196390695],[86.7877633624944,20.404854602655455],[86.79011834272411,20.395754396882637],[86.78560139967652,20.383791595549074],[86.78263226015167,20.382345799795655],[86.7817762752804,20.38776632468798],[86.77911793308088,20.39170364060475],[86.77509239993475,20.393373270628814],[86.76480666477877,20.393041637524494],[86.75886996317072,20.390258330799778],[86.74906494257439,20.38044539763953],[86.74383967612863,20.378845180073583],[86.74265052318643,20.38099071269133],[86.74468275759921,20.391108629343016],[86.73629982040329,20.3971345802481],[86.7330235163401,20.395001824866814],[86.7293516903455,20.382036749258482],[86.7247498232659,20.378210626680808],[86.72144450811057,20.38196491200553],[86.71962424466385,20.388803410759937],[86.70969325690847,20.39625431550689],[86.71088777638619,20.401184285279523],[86.71353605475954,20.401505526148245],[86.72050590069104,20.39713655639956],[86.72247461073846,20.397966671641715],[86.72726388255602,20.40203771120988],[86.73082965434648,20.411401405576264],[86.73042927971593,20.441515195608016],[86.73622043179007,20.461165459327795],[86.73504590881058,20.46620744388802],[86.72823733742204,20.473958926233145],[86.72495265387388,20.475478449642146],[86.72329642369634,20.48030561596311],[86.7251004842303,20.482714218422423],[86.73299637913367,20.482574814379383],[86.737180702981,20.479452232269885],[86.73751537573001,20.477409558584682],[86.74335230235775,20.473756019402316],[86.74641975171068,20.47272023646459],[86.74914321637834,20.474417387551078],[86.75418080589662,20.48865660470568],[86.75783515786232,20.49438248264937],[86.75629474208449,20.50146051904783],[86.75345411913743,20.506527098228496],[86.75217704268849,20.51796814097646],[86.75593517791727,20.518465072379904],[86.75865410609278,20.515378061464336],[86.76090404990958,20.505893269429333],[86.76549765967509,20.50403564403937],[86.77525925211731,20.52144307407802],[86.78873384842842,20.534082719754363],[86.80946863784897,20.547527745415938],[86.87514068995685,20.59609956953035],[86.92291685801246,20.62758012348016],[86.93062356592033,20.631380876463215],[86.96084487735489,20.65268050132712],[86.99602614679921,20.673849512785644],[87.01803342137924,20.690557538324004],[87.02628739912791,20.694948559485734],[87.03443196387161,20.702557998251823],[87.05564963997816,20.715043005856153],[87.05276239177294,20.718264828393572],[87.04994085622906,20.726357275627574],[87.04394396390371,20.732379092886788],[87.03964543903095,20.742235213049902],[87.03923568149725,20.751971951379907],[87.04112049877861,20.758949990446734],[87.032760954611,20.76522354145943],[87.02212846795871,20.77034770870425],[87.01458202488739,20.766156653664797],[87.0061566818202,20.769827580032192],[86.97649867874749,20.771918144590668],[86.96416061656078,20.767309709591114],[86.94034896613809,20.767294194032758],[86.93644881714435,20.766087237966115],[86.92907516861119,20.76757251041801],[86.91939858643923,20.766859976980093],[86.90234521342727,20.762661356972412],[86.88906409536374,20.76619918485474],[86.88314511751625,20.77258463744198],[86.87889062177048,20.773898959846033],[86.86086761442738,20.774791014142153],[86.84693067410409,20.769894774902323],[86.8283961840045,20.755806107796083],[86.8194806446598,20.732206047469106],[86.81081612694483,20.730514253885964],[86.80543917098022,20.73295742681144],[86.8105871221244,20.74541793797779],[86.8093453368897,20.748079622939287],[86.81166041395448,20.75266570973945],[86.81599541941098,20.74808808063209],[86.82435330978012,20.75827941805251],[86.8262258147522,20.76477016979414],[86.86394942604502,20.781727305249515],[86.86571065490622,20.783784208173607],[86.86869737985108,20.780101311756493],[86.8758488759128,20.784390632622564],[86.88181736171224,20.78588455270645],[86.90420286655277,20.784081060047342],[86.90244424819578,20.791187331756117],[86.90953546370868,20.793469676593094],[86.92595162485867,20.79125329938655],[86.93954259072835,20.79289479989332],[86.94725516912663,20.789575612232046],[86.95637101211844,20.78806862054311],[86.96563976004971,20.792796878278438],[86.96812496904616,20.79173777888973],[86.97182777164669,20.793915705365876],[86.97769547635271,20.823283013134805],[86.97885472168417,20.849941640504092],[86.9767865591516,20.860882187502682],[86.97294348461948,20.865381544753287],[86.96715224720539,20.87877183594264],[86.95131603840281,20.898244335058166],[86.94569194153046,20.91456460325923],[86.9379369644474,20.923308706696194],[86.932236257451,20.936004783246826],[86.92761272300673,20.942072808546484],[86.91289886932014,20.973981426323824],[86.90909835516952,20.9791130892901],[86.90276868194717,20.996594669509225],[86.89598851259298,21.009566790859466],[86.87277208587756,21.044561957342108],[86.86670344600877,21.062489812595572],[86.86159211199221,21.07062698853108],[86.8572442866783,21.088680777037354],[86.85185797026844,21.09665173369899],[86.84257621024027,21.13619349326736],[86.84080567752767,21.157761450051293],[86.84309153239627,21.17393560688354],[86.8469658395542,21.188042621220035],[86.85882626660603,21.209670550008457],[86.86325891264568,21.222601878757445],[86.87474347200622,21.23927931765482],[86.89066858347924,21.255323762404725],[86.90688296145684,21.28624195642818],[86.92106285204699,21.307784435816473],[86.94495671897944,21.352813717976833],[86.95499587197982,21.365299474135814],[86.96441877261049,21.374159013623537],[86.98418017184368,21.38959966795518],[87.0386135236028,21.42006516911366],[87.05024193378307,21.42951133872026],[87.06297058435362,21.441569256496148],[87.06541737060874,21.44644072360817],[87.06775023970604,21.46286278126749],[87.07115469203781,21.463144018643753],[87.07895588115402,21.460291134570383],[87.0859481678996,21.45974416515728],[87.08892542639798,21.46119044182762],[87.09475049077244,21.46581832990183],[87.1102462650318,21.484406668061304],[87.14782031132137,21.508681513619223],[87.20223515239577,21.531247899284423],[87.23552512770551,21.538282641560713],[87.26487805392459,21.54005609639778],[87.27302467940355,21.538990497477972],[87.31745965359137,21.541838550356783],[87.32634974007081,21.540907251199975],[87.3589848022159,21.54193845580833],[87.36862474031079,21.53984752763658],[87.38526518293949,21.533000101697194],[87.3941124691872,21.532968799422626],[87.39602298277728,21.535156576523157],[87.3956873937467,21.539699539809504],[87.37843312419952,21.55520834177092],[87.37359437137951,21.55701117244018],[87.3711123855383,21.563258448830616],[87.35691725413103,21.56867273702103],[87.3412843780947,21.57034475325736],[87.3360142946994,21.573190791241306],[87.33603575814648,21.577122392750642],[87.34482831004397,21.581251738126685],[87.3547170203871,21.577152201055586],[87.37139010419996,21.576344220316745],[87.37777417759926,21.573788669851098],[87.38202593617838,21.57368970442555],[87.39230073704073,21.56541351907254],[87.40032648162178,21.548714819564097],[87.40762629492677,21.545671568738697],[87.41413912116084,21.54965303771182],[87.4249962522112,21.572637988665473],[87.43098741957323,21.57824932502095],[87.4451023071711,21.587962196922618],[87.46627100263683,21.598700452272844],[87.48415849013618,21.60269413029223],[87.48621588276677,21.609766410246106],[87.48320109265583,21.621370282402342],[87.48573988526067,21.63085308444583],[87.48057678672416,21.633093724673106],[87.47956972678163,21.63905756744458],[87.47551144555177,21.644010428926734],[87.47678215114874,21.64658754433404],[87.4721777256672,21.64768748651481],[87.47285358754426,21.65170393487585],[87.46176092451465,21.651143499590365],[87.46229117038243,21.662849524948367],[87.46831417044487,21.664126618678676],[87.46684522732598,21.678524842929384],[87.46896195637603,21.6789232712688],[87.46920368852741,21.681791343141708],[87.47194518328118,21.68370596737934],[87.47072082895629,21.6882780473031],[87.47260771146448,21.692764925805207],[87.47135349174961,21.695895703477323],[87.47324978141548,21.697956286985796],[87.47183399161194,21.69874698379424],[87.47063630647119,21.70516278924755],[87.47273122891771,21.708044051248937],[87.47348434860413,21.713140206192378],[87.47088277903231,21.717172388092617],[87.46691813998436,21.718654635868393],[87.46669948645092,21.72166541027241],[87.46356583575314,21.72623534583719],[87.46395522937767,21.728838127593836],[87.46684903079291,21.72725236378721],[87.46919241826387,21.73221446872666],[87.46433979545584,21.731616263880888],[87.45806612590326,21.73389278340221],[87.44434270883485,21.73401115363396],[87.44527918994211,21.738702295711807],[87.45371619404003,21.73780230149939],[87.4543610820061,21.739165490084382],[87.45013589289815,21.743109903858016],[87.4450960063877,21.743047492105912],[87.4471642075478,21.746455343691117],[87.44524092710091,21.748532046391638],[87.44342599335877,21.758332570752042],[87.44438053689146,21.768220846583294],[87.43989074991491,21.77074209617794],[87.44019004970298,21.768533779723192],[87.43306227904623,21.76794081429251],[87.42625504884239,21.770400816033018],[87.42024126818973,21.768042686523504],[87.40728818073197,21.769126902045546],[87.40439766445571,21.770536205629096],[87.40145993901636,21.76663911155326],[87.39592148842152,21.76605389617447],[87.39502132081128,21.77022240673786],[87.39237685129474,21.769780728548735],[87.39169106483044,21.770832777556873],[87.39393930723809,21.771948273375276],[87.39407363411915,21.77512595497334],[87.38574606728073,21.77583381535956],[87.38097153951193,21.774800465357888],[87.37892478922254,21.77261503013591],[87.37404285708172,21.772038329983477],[87.3746638884888,21.764376825774963],[87.36925979891099,21.764599708580242],[87.37253429107228,21.773253670294693],[87.3711061027212,21.778085063354414],[87.36689917815963,21.780576409179396],[87.35879497741658,21.781668145189254],[87.35822703195127,21.784566764399163],[87.35531605205284,21.78641848049716],[87.35544292471371,21.791066551516728],[87.34728881447178,21.79207251943587],[87.33777858052754,21.78372500487017],[87.33545179841458,21.79361675094806],[87.33238926284628,21.793722781325524],[87.32950937992806,21.790269994947604],[87.319971380855,21.79052612673985],[87.31802255232142,21.796288752924756],[87.31652088537336,21.795992998516347],[87.31646796561999,21.79424447753257],[87.31471700360416,21.795675029796165],[87.31057386302102,21.792332381517255],[87.30969851226881,21.799305447048123],[87.2991847002521,21.800878179110967],[87.29722525003861,21.806250549884748],[87.29765700911021,21.81091611804541],[87.29125652708392,21.810824908242495],[87.2885384900372,21.805859766501914],[87.28362484018034,21.802815552263034],[87.2825339431673,21.804541548630347],[87.276530395224,21.805178446021213],[87.27368495551043,21.810693960277785],[87.27566827036775,21.81125666037289],[87.27507322991681,21.81692100014762],[87.26373736329535,21.8192342439379],[87.26392804688409,21.82341096809053],[87.26876448115236,21.823487354997496],[87.27071730449401,21.827763358923217],[87.26501122018232,21.830320819306873],[87.26392791752667,21.83635520377664],[87.26527816534879,21.838943244417454],[87.26077734256897,21.840970489115133],[87.25825822756042,21.844959758300167],[87.26005725932544,21.84893294243516],[87.25046364734975,21.851961538603955],[87.24661466010639,21.861344166729687],[87.25004425358799,21.866598556906496],[87.25151875099031,21.875066671238248],[87.23893380930562,21.89987822157104],[87.23873395301955,21.904943070650084],[87.24155453724752,21.911766198151568],[87.25160407117936,21.91766598500902],[87.25394553356065,21.92044745075374],[87.25520936794402,21.92598119825547],[87.23597727943243,21.94355466524715],[87.23585723396775,21.9570629294005],[87.22749894025503,21.959044125748008],[87.22478409043092,21.957469022914115],[87.22192213519082,21.96022355748569],[87.21649380727007,21.96140950534053],[87.21126671993923,21.966170937011285],[87.21035581117314,21.963168336630762],[87.20784864016463,21.96186411943456],[87.20405849886059,21.962954583812767],[87.20072388964385,21.95977563741739],[87.19615602559438,21.959499872150342],[87.17732137691733,21.969891816594753],[87.17541898140249,21.97345240982487],[87.17681789455679,21.97426070076569],[87.17418142453784,21.977868772320786],[87.1731296958678,21.977102443715264],[87.1701418049097,21.979415026240474],[87.16823490973363,21.97230382889026],[87.16261499901051,21.96791165375719],[87.16510746998773,21.958724261502816],[87.1611454019181,21.95337780457249],[87.16294403752606,21.949674972052065],[87.16118693462694,21.94435751612648],[87.16324091096449,21.939633372766743],[87.1614937461274,21.935582736987325],[87.15383591735075,21.934365379545962],[87.14429999787755,21.92740263737483],[87.14286149507038,21.924927042456932],[87.13729551201038,21.92360717251733],[87.12279091188609,21.927120051848075],[87.11572966506938,21.926139913120846],[87.11349320945656,21.924148681537464],[87.10844057854719,21.924962818728158],[87.10875982901935,21.922740501960412],[87.10470724939665,21.920678033173484],[87.10262720484785,21.916186329400055],[87.0963589629162,21.91396528994116],[87.09068231459976,21.899647796350997],[87.09681790680497,21.895589930000014],[87.09939502782805,21.89147352704773],[87.095752040449,21.88207415100993],[87.0986015953449,21.865816676923544],[87.09169619634854,21.865373361147864],[87.08701187560396,21.866752349136746],[87.0812517261869,21.86444256703089],[87.07360238918463,21.86736462019596],[87.05753228333654,21.867584987547257],[87.05736278292052,21.86595181705181],[87.03772648217551,21.868135077847846],[87.02928870642475,21.875810713738808],[87.02730293737008,21.87593382262539],[87.02859251567286,21.879379492885267],[87.02642173768709,21.881425963300245],[87.02680687150051,21.887057263042983],[87.02537270216627,21.890062893103345],[87.02291823890874,21.892934366442912],[87.01009483224537,21.90056634358472],[87.00540564712352,21.910686497591026],[87.0016816622486,21.91391439788504],[87.00424821189738,21.920928306851128],[87.00265532193053,21.9247669095534],[87.00563160575683,21.926402803055534],[87.00686982467985,21.93905862890077],[87.00936439052829,21.947578119626435],[87.01357443943044,21.951124207953036],[87.0183201420584,21.96089837090108],[87.02167755141534,21.97315167761272],[87.03087833460884,21.985547687616208],[87.03195970588658,21.99568125462895],[87.02699613395448,22.006893561328344],[87.02336197791301,22.020615246712644],[87.02816239243333,22.03790301845277],[87.02016857577412,22.041758654456206],[87.0195503614838,22.04470899891745],[87.0166112185029,22.047334022221182],[87.00973656973702,22.047320101560825],[86.9925522439162,22.055016588947534],[86.98744306855126,22.060907306344284],[86.97159418721496,22.073192422642055],[86.97099746601613,22.079454861512424],[86.96873848694419,22.080116686511357],[86.96497931955113,22.08587415961668],[86.960088961213,22.087946626792416],[86.95379130304904,22.085751018745864],[86.9464518848198,22.085604187673574],[86.93754853471515,22.089991017545316],[86.92995734476293,22.090738691220665],[86.9278669498254,22.089598106572524],[86.90695494885045,22.091768708031363],[86.8752170764004,22.098841048359695],[86.86622977154599,22.099230137394244],[86.86227022325072,22.101715366217807],[86.85190962249895,22.102878828524602],[86.85155866778545,22.099087102405452],[86.84932323804868,22.100206659376248],[86.84637067783073,22.096157390565747],[86.8378106072338,22.097698544082153],[86.836071141857,22.100271497423996],[86.83671969584773,22.10354639390629],[86.83328653156289,22.107614764317304],[86.83339334933498,22.10965940861441],[86.831096962618,22.111151009016115],[86.8283199008672,22.11775038971976],[86.82023287142084,22.115457706355024],[86.80885760289442,22.119165563359264],[86.8109403864065,22.12383097217491],[86.81399215746275,22.125919539152953],[86.80959776528118,22.12896743212905],[86.80194556894136,22.13051807956624],[86.80522614000213,22.132492205446482],[86.80585181030935,22.135538247923982],[86.80578324280202,22.14111525331565],[86.80423452209935,22.14399729522112],[86.80518055409473,22.146970780652133],[86.80437187540463,22.150337269733484],[86.80114468493294,22.151187931095876],[86.79569746364511,22.15692329778445],[86.79057819750459,22.1574706912477],[86.78876231783642,22.15316777258953],[86.77021539774825,22.14915083843872],[86.73855381023212,22.14925001906425],[86.73024544039133,22.146081943816977],[86.72179973521159,22.146751420454276],[86.71974002941914,22.16507710201929],[86.72118968750551,22.16705878210592],[86.72120492652597,22.172881966004365],[86.71785583017868,22.181629007501108],[86.71830601010353,22.18593196863594],[86.72279208973289,22.189939310616094],[86.72138837957498,22.201371895330677],[86.72695651499838,22.216793096636046],[86.72163224522517,22.220134825495055],[86.71435142410189,22.22014451784363],[86.70895517232496,22.222660368587714],[86.70214884582633,22.2202178919359],[86.69853672635712,22.221430881566246],[86.68830030152367,22.221393493805977],[86.68294449818903,22.22325478825723],[86.6757959737543,22.230088782316923],[86.67405656497135,22.239526251379004],[86.67066065112638,22.242182583550353],[86.66814679305888,22.242367166406684],[86.66089129095188,22.23690461993877],[86.65604756236348,22.23579119885483],[86.65314461430204,22.239060878491557],[86.65236642443267,22.243054878938707],[86.65668474547934,22.2498201677829],[86.65199282229253,22.262462065547357],[86.6464175371778,22.26539941084547],[86.64662949107581,22.26768052096454],[86.64200604556476,22.264584871546404],[86.64042685310936,22.270238246483512],[86.63858819935213,22.271743112684227],[86.63125811911026,22.273148425768127],[86.62882994415118,22.270599091439514],[86.62389417687375,22.27645428198163],[86.612808918657,22.282544362888373],[86.60600352999951,22.281165360756987],[86.60253211005995,22.278170819977866],[86.5956428681623,22.277636725367216],[86.5952614578657,22.28441358333904],[86.59057709040874,22.288590652878117],[86.58989818054792,22.293343723180122],[86.58737285638414,22.294413726963793],[86.58484001242311,22.30060113499659],[86.5769151854794,22.301238422192462],[86.57681568179034,22.295573874789365],[86.57369808668163,22.295900523844374],[86.57331970730077,22.299250726673183],[86.56882756404325,22.301433991036035],[86.56165225903324,22.301721907849192],[86.55735235883975,22.298322466048933],[86.55487341110086,22.298397859570116],[86.5506378114171,22.30060108928463],[86.54615175694053,22.306309784102893],[86.54069975931034,22.308249764056924],[86.53964214937017,22.305102978576713],[86.53435877450194,22.30113846386513],[86.5278261422125,22.3065634241576],[86.52809328680497,22.310107308194937],[86.52545350469757,22.314030658378375],[86.5300235651279,22.314354961445602],[86.52916150674697,22.322707161068926],[86.52164827529,22.323426030445436],[86.51010168456415,22.32723293089587],[86.50974498781933,22.333662878943205],[86.50579301861015,22.335730460795222],[86.50427490350923,22.342917336287723],[86.50036105520739,22.344448881275152],[86.49922428302942,22.346487882191532],[86.49801985782908,22.345475826221687],[86.4968712530422,22.347209692336264],[86.49531764370776,22.34613342149292],[86.487216315777,22.347694383806413],[86.48669911973535,22.346371628334413],[86.488272261139,22.34506549249875],[86.48569748741377,22.337290651350877],[86.48019670317882,22.33571516111419],[86.47671004242213,22.33626446289949],[86.47624469803698,22.334929367804328],[86.47463114412363,22.337075387018057],[86.47405320400244,22.335808783037663],[86.47142169717544,22.3357821621217],[86.46932539671327,22.33221431348277],[86.47065993210272,22.329752826663256],[86.46463277104388,22.329148159201317],[86.46567035484144,22.327771047232485],[86.463801202382,22.32511223312762],[86.45481382656064,22.32446567807162],[86.44854253215367,22.328276473956716],[86.44682599268121,22.327658512959665],[86.44523907561269,22.325169474380143],[86.4468792178618,22.311556766336274],[86.44453690836916,22.305762286725322],[86.44169110483789,22.30263992151726],[86.43727376159913,22.305579138035892],[86.43273436605931,22.306492745669704],[86.4303998683164,22.310290288887302],[86.42965227596392,22.316647392455547],[86.41047219272076,22.31999286775089],[86.3789556570719,22.34084964247876],[86.36777974177497,22.34384075049632],[86.3595238991238,22.34876696529971],[86.35956975811906,22.35305469800155],[86.35188706487365,22.36361750645819],[86.34174787099164,22.372406536827867],[86.33003690923003,22.377272173286716],[86.32287303618033,22.38476794344936],[86.32243821115863,22.38839574801277],[86.32450583290536,22.39193960574734],[86.32263665349647,22.396776600183767],[86.30829365310524,22.408983575853778],[86.30936189011523,22.414566314170617],[86.30508955113298,22.420923502849895],[86.29741803652297,22.42395638744657],[86.29411094899162,22.42682482349926],[86.28337679460873,22.447826514918233],[86.28174050074229,22.44741961900842],[86.28126552282401,22.448666445843063],[86.27642302402926,22.447325936861436],[86.26929037192724,22.442277614624878],[86.26627179631569,22.444465797995164],[86.25919945171199,22.44482058015483],[86.23780459279708,22.452450897287026],[86.22584962884139,22.45302752214445],[86.21153937653384,22.471450738877593],[86.20788886486599,22.47348124866346],[86.20025872126806,22.471799536652068],[86.17051789891605,22.481387349951103],[86.16044066004255,22.48255470698756],[86.15672066728074,22.480466650750405],[86.15193739351434,22.480300567985253],[86.15297680807845,22.482419863646495],[86.13227005507792,22.487410050504245],[86.12371805943711,22.488610335282473],[86.11845421214656,22.486686478551857],[86.11325861615632,22.49031421641585],[86.10399673494709,22.500865673769884],[86.10049499866332,22.51012577480304],[86.0910119890621,22.52611885495884],[86.08076589206799,22.537845189133428],[86.07767611868196,22.543866644319365],[86.06994765447617,22.550363008062497],[86.06821586340682,22.553307986560323],[86.06907799185637,22.555917180394584],[86.05287331837874,22.561700233417906],[86.04542162511201,22.56751235951127],[86.0321352195647,22.555030552514435],[86.02400012486073,22.54462960163635],[86.03381442146069,22.53449052087325],[86.0285048831598,22.524047355968605],[86.02304993725886,22.527524437495327],[86.0081573888993,22.51834633942027],[86.0041138678879,22.513844938570703],[85.99839950739751,22.51340817348917],[85.98957442570696,22.51667687332394],[85.98846620019208,22.515324033987593],[85.98448154757791,22.51511824933454],[85.98175110839036,22.510909726651626],[85.97996876193343,22.511350132784727],[85.9781042807135,22.50841158321297],[85.9733594943671,22.50584320254034],[85.97348321573796,22.499611235661114],[85.97091380046339,22.497381756757314],[85.97228757785771,22.49168173883636],[85.96834210975621,22.486281888827115],[85.96269358319975,22.485107462361196],[85.96255195930361,22.472785603965956],[85.95708126863066,22.46481039428924],[85.96130777287216,22.461043760291957],[85.96979661874512,22.460706379342994],[85.97049077571127,22.45875893719457],[85.9675382092051,22.451278411488644],[85.98149215822993,22.4411886029794],[85.98643582798692,22.435102221091615],[86.0025870382304,22.4262598727749],[86.00558531820477,22.42543968720591],[86.01369530769148,22.429410826538135],[86.01806694285197,22.42573151211239],[86.0218203017384,22.406507413279837],[86.02104210378415,22.40197943953573],[86.02254496549158,22.39769167565048],[86.02703101008665,22.395107230775547],[86.02539063337723,22.38985827465062],[86.02909849349282,22.385766971359843],[86.02774036025914,22.381837886901483],[86.02992996064506,22.37982566213799],[86.02689347622002,22.374120747591146],[86.02363578075793,22.37571339734894],[86.02395603105504,22.36427890151085],[86.02158329382709,22.36042417584193],[86.01711253406657,22.35903369239341],[86.01358770748674,22.352346565983165],[86.00987981862507,22.351030443949643],[86.0088274000489,22.349058710165483],[86.00710320872686,22.35085571114038],[86.00363884415555,22.34672546113414],[85.99818309426243,22.34514720439609],[85.99799471305576,22.34160496804155],[86.0002441349514,22.337978471973887],[86.0055232832462,22.334881010624233],[86.01058921730662,22.336965780900478],[86.01009334637146,22.338348571867922],[86.01161919686528,22.338497336428333],[86.01105466679468,22.340507694754592],[86.01206933995923,22.34060681560232],[86.02213999148674,22.338192211037153],[86.02902157704325,22.3343107815116],[86.01434267770266,22.32176426539524],[86.01328979290086,22.317388781456817],[86.01550989558224,22.31744411950323],[86.01573111111085,22.31237816243001],[86.01737988437323,22.313237962392247],[86.02356806215853,22.30854580640975],[86.0301405805449,22.308454641980425],[86.03136350205695,22.307241726553716],[86.0352469136403,22.310800898284917],[86.0404577243965,22.310035994069793],[86.043311098929,22.31206353327544],[86.04855242545541,22.311144171236503],[86.04874309197615,22.307983710692653],[86.03894709585516,22.305279130871476],[86.03665825498653,22.305851351072455],[86.0350636609156,22.30330882233291],[86.03092093625243,22.302109129345478],[86.03109643202465,22.300537431632705],[86.02960869345509,22.300073980412364],[86.0270070870523,22.30188781422021],[86.02435975280834,22.299562828129773],[86.02194123204362,22.299803110029277],[86.01708898473139,22.297262484237976],[86.00858216806117,22.28756560673554],[86.00951291701863,22.283838676099997],[86.00687313670785,22.279922831260787],[85.99979308905061,22.27589265818829],[85.99818853895137,22.27287848662616],[85.9964872582623,22.274174918460243],[85.98827731772552,22.2669664973555],[85.98766419418791,22.263141629443748],[85.99060079224158,22.256926975416196],[85.98965809569086,22.25440083017236],[85.97383534544785,22.247066035462502],[85.98088087444201,22.238908216457432],[85.98562911031908,22.237130788258078],[85.99126271855361,22.22675992628206],[86.0028317554835,22.213832290376555],[86.01833548881628,22.205335798268216],[86.03105001607392,22.193072311350583],[86.03125535118492,22.189993176891246],[86.01720160472193,22.171625405882246],[86.01479397603006,22.16081592643498],[86.00548597172086,22.15086786798098],[86.00348036606808,22.139572945163536],[85.99944496043697,22.135700039007066],[85.99874630111465,22.13302179168279],[85.99671424007674,22.13244023602479],[85.99712363199612,22.128016438279293],[86.00186665494957,22.125645706042672],[86.00938908605333,22.117783648159726],[86.00920589082082,22.115811466695508],[86.00391114328113,22.10979568993774],[85.99528983902289,22.095019489066207],[85.98835465458664,22.08752740333005],[85.98334214153951,22.075249849370124],[85.98112720686598,22.073236754312738],[85.9790528306866,22.073755488685958],[85.96872830448002,22.06078468902951],[85.96499069126388,22.05236007374196],[85.94355062642896,22.020353244832712],[85.93083693460451,22.023333191366955],[85.9229064464779,22.011230692835515],[85.91813754755265,22.009363987830582],[85.91929511662775,22.0081898207734],[85.91855316479695,22.00167596299024],[85.91690522517118,22.001012260189906],[85.91222070859385,21.989457596623925],[85.91211381895651,21.98569059251526],[85.91381518947709,21.984216151263883],[85.91244183429093,21.980231767540047],[85.91415841328927,21.979362010066623],[85.9132657744594,21.977738849048123],[85.90884835845708,21.97622824444479],[85.91132945855944,21.973150899533707],[85.90827690237562,21.97084512283595],[85.90725576493429,21.970345717921315],[85.90560587686264,21.972552808772992],[85.90441575643491,21.97792959207254],[85.9022491017163,21.97897483054007],[85.90082241265343,21.982692219201578],[85.89669497551976,21.983840431207938],[85.89375761210147,21.98057503945949],[85.88387004082212,21.979440106933154],[85.84969231082275,21.983218230923594],[85.84520362787566,21.982619008035435],[85.84532517712012,21.981040743775367],[85.83865105298692,21.980094275941802],[85.83350882141615,21.976088863791105],[85.82571169088835,21.975056946203516],[85.82304148823219,21.976922314161655],[85.82082141789016,21.983065919766176],[85.81791468163316,21.985291774225924],[85.81202483615034,21.985598836419577],[85.80549417206967,21.988635299194833],[85.79231065955499,21.98507047948787],[85.78717608881698,21.986026006175496],[85.78396412119609,21.984370417892656],[85.77718935969993,21.98964799821072],[85.76599721723575,21.994906527953567],[85.76118323905293,22.007561784008235],[85.7614579789011,22.01075846405313],[85.76898061122749,22.02238373132158],[85.77630478863964,22.027270346694632],[85.7808136953587,22.028580718631495],[85.78330854597313,22.03149896168573],[85.7853685059888,22.039774906270736],[85.78063837655462,22.045350049117115],[85.77724342660194,22.055622989735507],[85.7955999056465,22.08073310943463],[85.81819783600062,22.073477657527683],[85.82607893565125,22.074334067990705],[85.83830882810135,22.079510595586594],[85.83524952736636,22.09299168425238],[85.82393179593389,22.094560358099912],[85.82120407325174,22.096405849747885],[85.8152608130438,22.09498673548557],[85.82289017780236,22.106365937794894],[85.81578734617456,22.11268877048332],[85.80976784145689,22.11575193704454],[85.80737954720483,22.11609986694699],[85.79981386940666,22.10936181536747],[85.79895701316953,22.104342236091764],[85.79049608064739,22.10379483092271],[85.78657025241296,22.098544937131358],[85.78577498107843,22.09991661692784],[85.77877422950793,22.095519210163257],[85.76725394414854,22.092777076034835],[85.7573616594089,22.08457250020025],[85.75700939764663,22.07830101647553],[85.74934629575925,22.073554498759734],[85.74010441643813,22.070972448141173],[85.73016381042105,22.06526809352087],[85.72049538225691,22.063883052267414],[85.71795638393787,22.061740396935296],[85.71332750092444,22.062471864972405],[85.71013154936678,22.05875762657922],[85.70071381854058,22.061815989911505],[85.69164227327205,22.062281935905567],[85.68933524331557,22.056039890902426],[85.68523388247797,22.05451656887416],[85.67942188769263,22.05607881622416],[85.68065291200851,22.06214744446256],[85.67386336963264,22.066692084395495],[85.67245067093202,22.072644542881445],[85.66626723086151,22.076059664029607],[85.66378264349922,22.08255001348098],[85.65958354685704,22.083143643440827],[85.65746820750074,22.09154811158784],[85.65382205625525,22.094658209601448],[85.64991949887825,22.095625698199004],[85.64485956107234,22.094653539306073],[85.63976996269238,22.08666253167201],[85.63698432472556,22.087090936477694],[85.63241861932771,22.08416236410974],[85.63057521977086,22.085126091425874],[85.62710721792095,22.08130189581533],[85.6156285470171,22.080753203423114],[85.61605926134808,22.085302051224],[85.61336433256369,22.086259655982104],[85.60898940867095,22.079056845013746],[85.59935958830111,22.078337554048645],[85.59446036628604,22.07965094083553],[85.59240357822164,22.08321601101769],[85.58838880060439,22.08575215330548],[85.57912518025678,22.08765989369428],[85.57372162337995,22.09038228598788],[85.56836341345867,22.088112678527683],[85.56315685532705,22.09099460547282],[85.56259948303257,22.095295337654473],[85.54513621504468,22.089692068493235],[85.54117047735711,22.096325234651093],[85.54193136836906,22.101071421412932],[85.53627993306769,22.101861189257104],[85.52869529452882,22.10814528960985],[85.5171198948318,22.114867150082798],[85.5020032545381,22.119337373798885],[85.49204327814851,22.120307386115385],[85.48506423885841,22.126829885498577],[85.47658459173398,22.12834692688648],[85.4728181695467,22.13335694505153],[85.4639979154025,22.139142749370755],[85.44911719875356,22.145616049866494],[85.44511305000273,22.145907681509776],[85.44088736232982,22.149589996978158],[85.43567796821684,22.150666645142334],[85.42325705261487,22.15803138165587],[85.41231599735742,22.161609029164627],[85.39781212936003,22.16317410569879],[85.39440116783574,22.161422199482107],[85.3952454647269,22.159562276029597],[85.39416931176258,22.158280547926406],[85.38688829480658,22.155841353646753],[85.37720404281875,22.156621711024926],[85.37128867619869,22.161014684654212],[85.36608682703576,22.158903348108677],[85.3665065370045,22.153614965681843],[85.363925388834,22.15212594475227],[85.3634168471618,22.147469489725385],[85.36026367517458,22.14347291400849],[85.36398234831124,22.14033889712762],[85.3628290273691,22.131459170836855],[85.36730373792022,22.12732064809519],[85.36602365570836,22.122690693364124],[85.35967289273808,22.123860335438057],[85.35267784277465,22.128736760831465],[85.34615681941364,22.13025269991167],[85.34350534034294,22.127371718183326],[85.32347513822731,22.127636896890607],[85.318806115792,22.120815136492194],[85.3136846775251,22.120292757791038],[85.30961280388671,22.117920454245056],[85.30031854649633,22.106489353641162],[85.28126467834723,22.090412603453586],[85.27508377511907,22.082273345028614],[85.27281525144724,22.073579127404248],[85.26286054457513,22.05798471851779],[85.25188495538323,22.02707057896271],[85.24437014289138,22.01589963759414],[85.24076493865319,22.01372048349737],[85.23912647984692,22.009398510226212],[85.23674887015687,22.009374108604234],[85.22859248448235,22.012273309043785],[85.2260877721628,22.01602573330201],[85.22164017546186,22.018056894752004],[85.21729553018409,22.03352992206938],[85.21954920739918,22.03948929280973],[85.21569449519255,22.043110046020917],[85.2142560049618,22.049394990055884],[85.20613868612067,22.05090412138998],[85.19696611362035,22.056213454977165],[85.18723895899286,22.058162976684386],[85.18315367620221,22.064131021259755],[85.18101174132359,22.072814645949585],[85.17473314720662,22.074001891133275],[85.17098266023417,22.07029047817023],[85.16760420694338,22.06914773705272],[85.1709182267738,22.06437336111695],[85.17404711550223,22.051574660862553],[85.1677603422246,22.053448272777405],[85.16528930684669,22.063478265894183],[85.16035740681653,22.069493768043444],[85.1607198204398,22.074653918601904],[85.15477500165484,22.078482254133256],[85.14441543935556,22.079504771866766],[85.12666825073725,22.074771221924067],[85.12187309854787,22.070817634807266],[85.11266786599876,22.07902172526945],[85.11353478426537,22.082782222873295],[85.11204442531009,22.086927657070675],[85.1039261497632,22.089769771568356],[85.10086442896686,22.09386535004568],[85.10203629742466,22.097919621985966],[85.09848362217275,22.105899513858052],[85.08469928315837,22.106597358127242],[85.07061329795644,22.113195245015923],[85.06589860966368,22.11281338421467],[85.05542285028238,22.115578818142012],[85.0404566140184,22.115743033102333],[85.02909193034093,22.109203615213257],[85.02520614001871,22.109607847734953],[85.0213709491015,22.107214209720432],[85.01987812427076,22.104044755637883],[85.0136196613993,22.098282914819126],[85.01200791309968,22.090700949087715],[85.0012250466722,22.085419970836217],[85.0005539961718,22.08297243321186],[84.99866223132001,22.083880522059143],[84.99571329041434,22.081581707736827],[84.99074020801831,22.080953661175478],[84.98687162582365,22.08264074282158],[84.9843520975901,22.08586500157216],[84.98464265317716,22.095531170906636],[84.99254237131038,22.09968931309489],[84.99495804082237,22.103153097032486],[85.0016522602685,22.107569891645902],[85.02373612790464,22.117372450156463],[85.02840858549756,22.1221975928511],[85.02894655328356,22.127475977796948],[85.03220063931485,22.131869857588782],[85.03420220973537,22.13805431555373],[85.03454114858367,22.14441766877921],[85.02979649608628,22.155166233601502],[85.02981415696475,22.162385776350167],[85.04245396235706,22.173006956557582],[85.04411385676265,22.17715282565532],[85.05131271559941,22.180101956066505],[85.05426983117417,22.1836891860905],[85.04973097911513,22.194609382536406],[85.05243096002465,22.19509984135749],[85.05928097878208,22.205754671044684],[85.05886702162441,22.208614918087473],[85.07235584545299,22.237340518244103],[85.07007905997553,22.242500258481545],[85.07055555335168,22.24823634371995],[85.07398801695062,22.248391193076706],[85.07818240642072,22.25731401668092],[85.07661869103936,22.260998064896818],[85.07338249585526,22.26282000087508],[85.07456856488108,22.264766579199165],[85.07215177247498,22.26696844764727],[85.07371586784373,22.268946674611417],[85.0699899857269,22.271277367206807],[85.07096394814108,22.274631701395972],[85.09954042632411,22.293479645114072],[85.10699591407462,22.29570847966603],[85.1149225376489,22.293551322600997],[85.11695447022772,22.294448911762544],[85.11589503221595,22.304031017124064],[85.11427036254928,22.30583942734889],[85.1159216340264,22.30806627123737],[85.11407543442081,22.31040183323457],[85.11510084065638,22.314423012347326],[85.11799757866427,22.317554590266926],[85.11524768196766,22.319734728060915],[85.10626926594296,22.321427580155238],[85.10010168293387,22.31944418415651],[85.09614587791837,22.315078686396387],[85.09410950047554,22.31457117332137],[85.09197269407888,22.31604685495427],[85.08928512788658,22.319627639584546],[85.09562640824073,22.34468313774489],[85.0944830325471,22.346674501662378],[85.08321210244257,22.345268171084175],[85.08372603131158,22.34905603736007],[85.07879587131812,22.352295817933133],[85.0765394955639,22.356134097793024],[85.07900406486837,22.360315612426344],[85.07763466137118,22.36571578666693],[85.08644155756711,22.381471845614985],[85.08779498722191,22.387556952589573],[85.08607210474524,22.38943982886184],[85.08632153725524,22.399963052024802],[85.08033441141365,22.40960543799782],[85.08168686459977,22.417053996530967],[85.07749073239803,22.418209016212465],[85.07714593114422,22.420266448662517],[85.07414773920478,22.420868624445273],[85.06778087483133,22.42802437168438],[85.06554889372696,22.434337804486958],[85.06697072919235,22.440747134245072],[85.06243014967299,22.443450482062048],[85.05967271970442,22.44864260458963],[85.06428342171485,22.454623213452965],[85.0769053901589,22.463691216705495],[85.07381305926927,22.46565480469007],[85.07499225258988,22.468553917364833],[85.07649657046638,22.468680231412794],[85.07774509576062,22.47749074779829],[85.07575408862954,22.48023028237834],[85.07153252871535,22.47914126344888],[85.0696147342799,22.48010263500568],[85.0671553671192,22.48425962300972],[85.05700669780757,22.486198630587857],[85.05051814405252,22.482191234599824],[85.0430734810012,22.481898513368407],[85.0422894008785,22.479600562388068],[85.03882518991908,22.481194343199434],[85.03827390011742,22.483980213212362],[85.03522377207983,22.482473284215633],[85.03670584048335,22.47938241813876],[85.03476810075365,22.47393042514839],[85.01700181035916,22.471161393404753],[84.97067410563064,22.451641188721446],[84.96254106627204,22.44984108411241],[84.95895082167831,22.445028481874427],[84.95911672254498,22.453472067582553],[84.9543196272996,22.45873015144938],[84.94256369407827,22.45295540286512],[84.94245357589581,22.45054319443199],[84.93893501596341,22.44610103090566],[84.92961146271497,22.44670393647898],[84.92153132694007,22.44402672505771],[84.92155106921508,22.4413995315544],[84.92636429550801,22.439478397731836],[84.92596333966746,22.43499907239945],[84.91503143015792,22.4255754761469],[84.90942677552327,22.42268587566656],[84.89930464154683,22.422537538230255],[84.8861708723427,22.42014446430549],[84.88615930204185,22.425645883299076],[84.88930020843216,22.428211159966384],[84.8849006338697,22.436349113801718],[84.88406340312658,22.444405698208765],[84.88213910848174,22.447282924051862],[84.88077137315602,22.44663771204178],[84.88007195116398,22.44890457088816],[84.87060929828542,22.442694386007734],[84.87075881028801,22.439897430115344],[84.85142843350795,22.436327525571212],[84.84332368389428,22.43666179154343],[84.83992679807218,22.434630042456313],[84.8398683240354,22.43213724041176],[84.83685714515188,22.431456752136437],[84.82564806585131,22.433671216804523],[84.81756752493625,22.43711024955832],[84.81683740481604,22.444842435239533],[84.81020759098254,22.453307029244222],[84.8034041103467,22.448041039989995],[84.79498774504246,22.44900059407799],[84.79372899242868,22.446400205796575],[84.7799691890997,22.447461266014407],[84.75903844657296,22.44665163292526],[84.75223049232704,22.430558444645563],[84.74991217683566,22.41894310914081],[84.71894173513284,22.41985037972268],[84.71573232501557,22.417231683931934],[84.6987986641933,22.416356039183096],[84.68614985678354,22.418503308555103],[84.68334289281185,22.420540634055893],[84.67561741730104,22.42052800267274],[84.6716654157525,22.422656762732046],[84.66656160782138,22.419531542277124],[84.63969165379368,22.431211312505766],[84.62881385250864,22.43450751772199],[84.6221261736961,22.43151462805455],[84.61046330593821,22.4308913810087],[84.60275287900504,22.42877938350921],[84.59801930093847,22.43475116798304],[84.59554888270318,22.433129958516307],[84.59434599272366,22.430013912585974],[84.57520982182653,22.42762306669755],[84.56849202429918,22.42808679279607],[84.54755762113764,22.421667189207742],[84.5448886662414,22.42579460935371],[84.5359262016012,22.425230818634024],[84.53525364911765,22.427038544859293],[84.52989994065429,22.42554273339195],[84.52963505442646,22.422548887294507],[84.52455666252966,22.419929978316944],[84.51714263472446,22.41930161869394],[84.50838741411526,22.421094556155282],[84.48733569726585,22.413681819931252],[84.48018727793401,22.413308653303126],[84.47844735980625,22.41020319786884],[84.47473924097586,22.40803294605922],[84.47579801782761,22.401008310083824],[84.4804516808682,22.397931554208185],[84.47899757612115,22.394029792788057],[84.48455944938871,22.39253180777878],[84.48524827126036,22.38930724891956],[84.47617276352314,22.386604032457385],[84.46134174886221,22.3790028849767],[84.4503471692852,22.38249286010612],[84.4482200709818,22.380165324579675],[84.43095998843644,22.372985750188214],[84.42888979840629,22.37103014634794],[84.43026430702929,22.36594271350833],[84.4288568140657,22.364900322210005],[84.43347280266157,22.36271407340503],[84.43442790314975,22.360422197778338],[84.43014275059829,22.357881536756413],[84.43058865544072,22.353255566258454],[84.42940672675005,22.35248877541007],[84.42676019470159,22.351813427225782],[84.42484395974148,22.35410707868808],[84.41633961074335,22.352759588389706],[84.40047796973678,22.346413158559326],[84.39984377801078,22.34777271012876],[84.39692253126698,22.347350856813417],[84.39229062811756,22.34981583984983],[84.38317571847531,22.349063401906804],[84.37886339997137,22.352344481460143],[84.36966289974717,22.353914407588885],[84.36747417432036,22.353153252450785],[84.3657919666614,22.34814935848413],[84.35865271733198,22.347225466832263],[84.35692001087936,22.348922333879894],[84.34457173664451,22.34673146569975],[84.33966641057708,22.34750130835726],[84.3300956077248,22.344202736369954],[84.32489248475079,22.345227926690423],[84.3169843583865,22.342265509588785],[84.31133784944619,22.345107988573847],[84.29146180541981,22.342853962984957],[84.2901913962669,22.346836416358695],[84.27851878538142,22.349225985974837],[84.26896470736307,22.354502943899547],[84.25576173823767,22.3743767123465],[84.25041067261786,22.378960846137534],[84.23673693597792,22.38042447622306],[84.2142328975373,22.377935143203135],[84.19683971071797,22.378084457756753],[84.18503856439006,22.39018077498359],[84.16612930883203,22.399804091038195],[84.1562836700118,22.40768782229489],[84.1410758749713,22.425572312395442],[84.14069851517831,22.44134809281962],[84.13904631663978,22.447716825026575],[84.14318942039199,22.457005879056986],[84.14358946534084,22.462865867214028],[84.14268308049051,22.471645053343288],[84.1408355639547,22.473870138914783],[84.13436225910156,22.47657108767491],[84.13396952554082,22.47813908912924],[84.13043222944653,22.47731795780939],[84.12709582898913,22.47900040963172],[84.11949083103265,22.476247187643867],[84.11172099940805,22.477054766905987],[84.10645869003325,22.480600496611867],[84.10700646382891,22.482700015327694],[84.10898223014287,22.482637449473984],[84.10809667991893,22.48371849002027],[84.10249660309897,22.484137991261235],[84.08102499841443,22.494076765168977],[84.07111046510016,22.501952423711874],[84.07542754916669,22.502784782082127],[84.07563856612187,22.50615425702511],[84.06527097917211,22.507563953054603],[84.06468785397513,22.512436026071732],[84.06146817880912,22.513198284836072],[84.05986409224055,22.516388326942373],[84.05320734332157,22.512859582057427],[84.04939810024132,22.516997099644495],[84.03670572184531,22.51592735684246],[84.02786156532804,22.520456999749168],[84.02566858997159,22.52571015368722],[84.01210009995036,22.523732001932323],[84.00912746777568,22.526052383891994],[84.00397307391425,22.527987035909433],[84.00283324027781,22.53217703808155],[83.99719694158897,22.531075973640114],[83.99497138074393,22.528463297332298],[83.98176356071596,22.52284750569702],[83.98016118184478,22.520196748788152],[83.98101622348503,22.516020555256542],[83.97738291994474,22.515922624267663],[83.97461979196234,22.512081867725044],[83.98009702686213,22.506560519801457],[83.98008482145237,22.50234620354152],[83.98385010816912,22.501966322438207],[83.98773284871096,22.49922779324443],[83.9978981117025,22.497663879989656],[84.00262415919207,22.49337219133979],[84.0175708319458,22.489205261369076],[84.0267494878372,22.47527856759523],[84.0408934512059,22.47305903890467],[84.04739541950312,22.4691756769261],[84.04556936102449,22.462558444521893],[84.04654326414986,22.455306659009647],[84.04504234010855,22.45281608904672],[84.04739456790024,22.438186737337873],[84.04186650632165,22.434938504360378],[84.03894109229327,22.429650219374757],[84.03048381771097,22.42659228468664],[84.03041990437515,22.420036349417842],[84.02483161435005,22.41545334392904],[84.02361547152513,22.409400632392995],[84.020206342564,22.408507813723865],[84.01353215375211,22.39737247174643],[84.01332843920186,22.39422228378061],[84.00652519392467,22.38215639715871],[84.0104383271675,22.371535451923382],[84.00592864160909,22.373632517123248],[83.99681629845361,22.37193803947521],[83.99282931291464,22.36961203288237],[83.98267094359458,22.367279213661508],[83.98007674559797,22.364279459772913],[83.97746922648399,22.36392842548666],[83.970972489975,22.359004851088216],[83.95767760702634,22.362481947404593],[83.95408265166724,22.362151906873226],[83.94820426509416,22.35834142880387],[83.94754317062208,22.356515225617095],[83.94281658953325,22.35469765464009],[83.93283456219841,22.3539093620863],[83.92342713774349,22.358360623201637],[83.906258589034,22.35093827622525],[83.90258326050808,22.34686388512447],[83.90145946179946,22.339309051868867],[83.8904768756298,22.336494713996284],[83.88302273625055,22.33666272112816],[83.87935136749844,22.335333040794815],[83.87220660790305,22.33772656079399],[83.86946112732436,22.341202213056278],[83.86421789636958,22.343296202898372],[83.85923593682189,22.338340178929634],[83.85355485352287,22.3374726184225],[83.85105707979054,22.326452556768476],[83.83572925186176,22.3225008639461],[83.83007986471922,22.323605605734937],[83.82756529069444,22.318276763732577],[83.8216442934342,22.312799990216057],[83.82614460327599,22.30545129284455],[83.82299127947348,22.30122464217804],[83.82740632212682,22.293820724796102],[83.82649908836858,22.29276961734809],[83.81998787820372,22.29123872037955],[83.81919783236921,22.289513042603996],[83.81704439815664,22.290824477701758],[83.80940282798832,22.28890092873264],[83.80291720363935,22.29009979505432],[83.79498373849587,22.285895638128288],[83.79617819059992,22.282417874808704],[83.79236359086563,22.27642232795759],[83.78594102645303,22.274039121569864],[83.77989188900905,22.273774752931487],[83.77678325549363,22.26980096003922],[83.77695688187177,22.266417150790904],[83.77485889796674,22.2647181362074],[83.77537627995969,22.26160594872796],[83.77686292707618,22.26124744746455],[83.77571748525742,22.25729005204217],[83.7730308110922,22.25565292120965],[83.76659047261334,22.255574340357054],[83.7598478204987,22.251153363284935],[83.75781374364131,22.247083477506173],[83.75788786543201,22.240285167111214],[83.74449799372691,22.239579612197634],[83.72962712710503,22.24276875290735],[83.72834329802012,22.241280930696213],[83.7213388669502,22.2429895338215],[83.71319910100678,22.242662591595746],[83.70408103109139,22.246660381370326],[83.69160812908555,22.244069617598225],[83.69118056873957,22.242671112507583],[83.66589999316429,22.232674661567046],[83.66460717014674,22.228736430286727],[83.65544272560311,22.219984552842163],[83.64964634802895,22.22328513864336],[83.6273875415761,22.203726541375374],[83.61346370587621,22.177644011735946],[83.60783829297199,22.153687209731824],[83.59379238969973,22.14023375005469],[83.58334105910426,22.125009365842406],[83.57604794184135,22.12084113916085],[83.56403591240723,22.105226735364994],[83.5619109089751,22.098622164238115],[83.56337205651394,22.095089652335908],[83.5748247598179,22.090606188763076],[83.59376420954925,22.073188038007384],[83.60660580979207,22.06662680967778],[83.60353274866358,22.063770245550703],[83.60164998942251,22.058709593808743],[83.59629873695313,22.05782675219499],[83.59333902973877,22.055107735604377],[83.59000710917968,22.054388635799317],[83.58683881315635,22.048669395933405],[83.58320232239346,22.050163518915216],[83.58190692121103,22.054521696751866],[83.55813289043581,22.054780827096373],[83.55749709791203,22.053653038771667],[83.55442264888642,22.054305586392204],[83.5539217608604,22.052916629470975],[83.55047888848227,22.05328858375384],[83.54722945662247,22.05673053839835],[83.54838355730226,22.059055239902083],[83.54386704454771,22.056907000629977],[83.53708941203588,22.044478766114583],[83.53648446316737,22.028254941318753],[83.5402523981176,22.01974102413938],[83.55556616471723,22.006976831772892],[83.54337408684903,21.99430596675141],[83.54367364984346,21.987552254765554],[83.53728584124916,21.97789351090996],[83.53868438878915,21.972482296506904],[83.53793408082954,21.969317423333614],[83.54216818122511,21.962048539524567],[83.56168958654698,21.94804882138668],[83.55878900285136,21.94520120466386],[83.55684876400854,21.935278998983932],[83.59048471916174,21.92963759275924],[83.59999867033464,21.92200697556724],[83.60147681579531,21.917898022855994],[83.60574219103746,21.914087656654992],[83.60303038470555,21.908718181161447],[83.59878250056028,21.905377127923526],[83.59669478529726,21.90580019059626],[83.59514677156875,21.903487654352585],[83.59198579322171,21.90445904593175],[83.58615565426425,21.90268204335575],[83.58536073327268,21.899573630586826],[83.58729732405712,21.895829829664144],[83.58218674732035,21.89020535298313],[83.57780151615805,21.8894998405994],[83.58081409012517,21.883947650178538],[83.57607416096957,21.882969342593366],[83.5762661021997,21.878775136010624],[83.57434454112824,21.875035694183858],[83.5909167162869,21.851214536987836],[83.58703493604413,21.84391803609895],[83.58126293695014,21.838464967856783],[83.57782785386385,21.837822408319308],[83.57884210482024,21.83251464284787],[83.57652336262906,21.83141570351087],[83.5681143967478,21.833486079704567],[83.56274788998655,21.837951841363825],[83.55179342378024,21.840945453239716],[83.54097523110421,21.838328109011954],[83.53208189362175,21.831605813618904],[83.53112751717569,21.826823351049814],[83.54148268491663,21.821174084053435],[83.53878520042528,21.8122062606096],[83.54411510083868,21.804853593467392],[83.54242521797399,21.798435365250587],[83.52842994734438,21.799467368837192],[83.52396517755018,21.79856952729664],[83.50729516867055,21.807087813437366],[83.493323404257,21.81815724183876],[83.49202641754809,21.81706090679906],[83.49398222778807,21.813740510674997],[83.49274192207866,21.810923694186915],[83.48828064493425,21.807409114628147],[83.48723638665413,21.801776949506603],[83.48868104471765,21.80151762584502],[83.4884820499159,21.799482921853603],[83.48500979184821,21.79330750260035],[83.47826604199228,21.789768875669708],[83.47539694694228,21.791066311288695],[83.47219939099354,21.788706538012253],[83.47192738471875,21.786819190739987],[83.46888663239775,21.78732663065116],[83.4766555648088,21.77951913702019],[83.4818570851883,21.76590570796352],[83.48191299812824,21.76306540962957],[83.47700620062037,21.75593375711367],[83.47627813764217,21.751653348521028],[83.48880259575874,21.748053303601115],[83.49067483033794,21.744493567390396],[83.48655723245157,21.74426646052636],[83.48153533290805,21.733051541941148],[83.48265159025986,21.730221226746696],[83.47919528447497,21.72963632276146],[83.47470916082816,21.71972724104252],[83.46241016816981,21.708172957965587],[83.46082449706456,21.697633167445748],[83.45303953691227,21.694505910689468],[83.43217416838203,21.69986273543784],[83.4286977888438,21.693853501234024],[83.42535883537435,21.69322678986533],[83.4232701130999,21.689194956370688],[83.4242937568409,21.68711738599682],[83.42259308520961,21.687375293546623],[83.41814587478427,21.679862390506457],[83.43031049744245,21.675082032843214],[83.43667495702587,21.669686571630958],[83.44382282119889,21.660354734770905],[83.449474999407,21.656604192615237],[83.47111268012972,21.6477886206342],[83.48679150409453,21.643297907733523],[83.48726761029677,21.63982137621136],[83.49205241030083,21.638106400543645],[83.48967292582682,21.63478781392832],[83.48973523117827,21.63138744802249],[83.48733735459713,21.629973520814744],[83.4736789818435,21.632417294558135],[83.47311898107853,21.627204409195436],[83.4710456289786,21.624974858640456],[83.46599385236703,21.609416523675083],[83.46072580096093,21.607720571081924],[83.45622973386222,21.609917952860528],[83.45517943531013,21.612335233613205],[83.45238702584273,21.612791784627277],[83.4525915893009,21.622337165895896],[83.44409658457835,21.62392508382091],[83.44475030388197,21.63034877928319],[83.44303839073325,21.631340089759156],[83.44450367681058,21.639210152332865],[83.45087806008294,21.650669088492013],[83.44315553194457,21.655478434451386],[83.428962242982,21.6471491303488],[83.42769306631763,21.64344766840917],[83.41516472119083,21.640722789374163],[83.40919440192991,21.637121027550403],[83.40265679477041,21.630644468541483],[83.39583966153893,21.62710371577837],[83.39258414179643,21.627216322379457],[83.38932200775851,21.617489846953315],[83.38268562364703,21.620242233603808],[83.38280601226815,21.614462125541877],[83.38046853122016,21.60895757338961],[83.36977649884095,21.60042707751559],[83.3702877264759,21.59178629461966],[83.36785674158662,21.59163696154477],[83.36904808102821,21.588902082238814],[83.3670183951359,21.58698497895851],[83.36906531790186,21.584919663034526],[83.36509235775942,21.575996176816577],[83.36787061067628,21.57201523897709],[83.36760365562836,21.568659951022767],[83.37223133579762,21.563257574120435],[83.37044806317766,21.55866882190462],[83.37202828510242,21.559483145449118],[83.3726992951786,21.55801102587714],[83.36989922128515,21.556378511950324],[83.36956658232198,21.552370702711485],[83.36610096549917,21.550730231342612],[83.36718708796647,21.54927731520391],[83.3662025119572,21.54654523767317],[83.3646258877852,21.546963244658325],[83.36026290879079,21.54276748641669],[83.36142458047182,21.539075869078413],[83.35800264692462,21.53766208901973],[83.35721086464667,21.528001831799468],[83.35216270375413,21.521065928854938],[83.34995602010649,21.51309523396169],[83.34315317008802,21.509571265167825],[83.33800013178436,21.502017817206017],[83.34073065092194,21.495085214616697],[83.34670771203909,21.48967899686541],[83.3451806048022,21.479094710870005],[83.34640625000614,21.47113026306859],[83.3508637569213,21.46123837232093],[83.3539997773748,21.448009851030065],[83.37305199711537,21.44296081362263],[83.37393636156308,21.44098881278616],[83.37136283469947,21.435426812659603],[83.37438579408962,21.434185314255913],[83.37542954212667,21.428324703711365],[83.37827214136735,21.426745972912055],[83.3854103917702,21.4152896102149],[83.39570947319636,21.40565165014103],[83.39869784295648,21.405242141988477],[83.39699795465616,21.38763698911679],[83.40022813561941,21.37526902706404],[83.39668391351428,21.367179587006007],[83.39948165627958,21.3642470945074],[83.40749379767226,21.360884591577015],[83.40690795596984,21.352040503697367],[83.40007956325456,21.346299642771136],[83.3919509849297,21.342547469326913],[83.38560564868204,21.3462089825231],[83.3789992135038,21.344465140701434],[83.37533271092558,21.346318474118178],[83.3698821901257,21.346621191852474],[83.36698020505823,21.349276281686404],[83.35755900853167,21.35203197733846],[83.3547308901334,21.354198181973125],[83.34783526750225,21.35366720275291],[83.34729720000327,21.35619859111003],[83.34396606816503,21.358272420677128],[83.32308794804933,21.362310084682708],[83.31148390736608,21.370750871977634],[83.2861717488221,21.377518156819374],[83.28416535983837,21.38024100153041],[83.26884265410331,21.378502906719753],[83.27417971947943,21.377306410834667],[83.27474476877632,21.36419371194248],[83.27213176634585,21.359218251017218],[83.26880759016284,21.345762273571726],[83.25807274407717,21.336178846521115],[83.25772024785462,21.33349181966227],[83.26664224428959,21.330766486141354],[83.26289751731474,21.330121671802043],[83.2575999113358,21.32096953736643],[83.25761527073051,21.318559605950117],[83.26219294348459,21.30774468100118],[83.27216200543494,21.30179477398534],[83.27640827800258,21.30221146517915],[83.27938331766222,21.294865697168095],[83.27870848884773,21.289226314267303],[83.27502198527972,21.28571819267893],[83.27095421604388,21.27243518433145],[83.26788096087927,21.277465952317726],[83.25594589011556,21.28202857598222],[83.25070371737614,21.28229286407296],[83.24637821968865,21.281068263424682],[83.23944738848827,21.273534347510985],[83.23807144795074,21.26951595245504],[83.23201994703928,21.272625948874683],[83.22973923502566,21.272293968937024],[83.22202654703294,21.266048493170597],[83.2205770739995,21.25970901322296],[83.21726936483397,21.25505043761909],[83.22225963110307,21.228631226127064],[83.21900721234495,21.22851603154035],[83.21769632241039,21.22587366731675],[83.21867981774638,21.22079456447056],[83.21717002912983,21.21321957384926],[83.2128620279291,21.21010626276312],[83.21063749565508,21.204942689668147],[83.21473140227243,21.194693420931348],[83.20943761952336,21.189353216096812],[83.20522541735947,21.179338952776522],[83.20295545189163,21.177548791836532],[83.20472795640629,21.165600553789325],[83.19862686489785,21.16416278137468],[83.19847205912325,21.153363877075737],[83.19667072587451,21.1513327903167],[83.19821405129557,21.14534786279452],[83.1921762101663,21.13909519423097],[83.17808070102572,21.135202832779775],[83.17484659981459,21.136685069423955],[83.17093264910483,21.136170180875528],[83.16702393467484,21.138692246539044],[83.16430474868287,21.1351658266328],[83.15743514844888,21.130971227332466],[83.14771999441528,21.118843465793915],[83.13904112880857,21.113237070752746],[83.14072216686101,21.11244518782268],[83.1387793354803,21.109415711734297],[83.13135073250962,21.10575245468633],[83.1233379721777,21.106963264224692],[83.12170652202727,21.109806380538895],[83.11682163712412,21.11062551257393],[83.11429009661859,21.11253555359138],[83.1013905532433,21.109892370880857],[83.09720154647842,21.110066156531],[83.09452627732401,21.113178888428124],[83.09021329855831,21.111037509260964],[83.08500286060296,21.112853793881783],[83.07791950804375,21.1118525282051],[83.07735702074207,21.11396826599012],[83.07510391395715,21.113557799265976],[83.06861781439946,21.116757436464322],[83.06621755099458,21.1206612453228],[83.05946447572768,21.12268978526585],[83.05613714196645,21.122215325820832],[83.05243777362524,21.126175350791847],[83.04535581884461,21.12391278704755],[83.03875719272114,21.131633087112277],[83.03393724164002,21.13183552799958],[83.03492063007648,21.13652914840366],[83.03348105108758,21.137205806235624],[83.02901359982226,21.135028577199687],[83.02314167932259,21.13646706231533],[83.020400293265,21.143363872614565],[83.01610187529174,21.146210438315112],[83.01015513860365,21.144646409579575],[83.01023178196537,21.14247787779473],[83.00468802322555,21.136862663676794],[83.00165441700264,21.136776631157677],[82.99945834245847,21.138808835803196],[82.99555414924936,21.13843816541214],[82.99383286846881,21.14074354647099],[82.99042631138435,21.139762976606665],[82.98586783652623,21.150943621672013],[82.9925009031594,21.158461404395407],[82.99342171944474,21.161792328392888],[83.00363634216622,21.166651645230356],[83.00338470249557,21.168209466198732],[83.00145785933026,21.17047172953992],[82.99662667391819,21.169589473879146],[82.99329016027306,21.171015214669808],[82.98793892038009,21.169759566511882],[82.9861776394166,21.16801461853139],[82.98066662067559,21.16993071360221],[82.99010699084357,21.181737308159303],[82.98818933834193,21.18271717196782],[82.9833568746272,21.179960556624586],[82.97797392779796,21.1824847979381],[82.97544519452768,21.18205829211404],[82.97010998596924,21.178760709325537],[82.96749041595577,21.17474039964734],[82.96566258959265,21.175235794059017],[82.96753690377169,21.18297686033174],[82.96503810057008,21.193180272125264],[82.9610912014523,21.19256679545815],[82.95926433718488,21.188781083462086],[82.94913553681069,21.183808695633363],[82.94699713500609,21.181932179631072],[82.94692963379903,21.17972008586483],[82.9439476959763,21.17775838795777],[82.94651344253124,21.175533969260808],[82.94266488737755,21.172112376003415],[82.94774506332848,21.163981586644123],[82.94778625827078,21.161682546248006],[82.94008687522575,21.160836245202578],[82.9400660145482,21.166255640916734],[82.9378006259967,21.169749895356745],[82.93529227550023,21.16867621477656],[82.93378589329524,21.16392825037384],[82.93222097147643,21.163158774438283],[82.92630216790211,21.164461254504435],[82.91508501005218,21.161861727360872],[82.91032199060051,21.1651084034297],[82.90220851115892,21.166897786740545],[82.90000471739152,21.16360776154594],[82.89558408631879,21.16088454105407],[82.89403291591039,21.15627742872944],[82.88227726745495,21.148333867921345],[82.87828243872522,21.15335497226021],[82.87861681503018,21.158486064579357],[82.87654721519317,21.160816736689988],[82.87646486303782,21.16345056955177],[82.87264675897563,21.162287006334054],[82.87180035733178,21.157387365454834],[82.8658700202875,21.163289645309366],[82.86431511737908,21.161302489259807],[82.85916602806941,21.159572449844354],[82.85451566184594,21.161656029331574],[82.85304520326918,21.159409134633908],[82.85024698888836,21.16128249994588],[82.85098242703508,21.168536412934436],[82.8472008529639,21.166437094228705],[82.84286319837565,21.16762251318983],[82.83135702195611,21.16457709466487],[82.8287990063025,21.165593207023267],[82.82637315438677,21.16375898792622],[82.81206424416224,21.160968645330644],[82.80448605552711,21.15587527590688],[82.80041372374792,21.15584958985658],[82.79792921633572,21.151843027521508],[82.79643418703927,21.151868333908666],[82.79675819229426,21.148554057663787],[82.79379389019724,21.14269280703329],[82.7897190988308,21.142706608856937],[82.78573651952827,21.144773110160028],[82.78382956506337,21.148000486547872],[82.7808643862106,21.149571036540646],[82.77950059718394,21.153487430183944],[82.77356325867035,21.155116476602107],[82.76776427238862,21.159075605618234],[82.76842251021807,21.160981796201224],[82.7659692066856,21.1615582083162],[82.76597550297741,21.162847554277725],[82.76124237317016,21.163641418895235],[82.76065321039614,21.16604584587589],[82.7578695981303,21.164099787886578],[82.75589593836563,21.166907249492773],[82.74710956238576,21.163738921873243],[82.7449141112724,21.164564856392463],[82.74068950876433,21.16347466511383],[82.7369293352582,21.165234137367435],[82.72108951792312,21.165943499919756],[82.72128400408045,21.15757619020782],[82.71556168271998,21.16049802887117],[82.710767024604,21.16075390429988],[82.70577326119349,21.158107187324863],[82.69960618124094,21.15829732560037],[82.69592766639073,21.16060838156044],[82.69717949209536,21.16410188973632],[82.69309972046896,21.165646783117804],[82.68563744325158,21.164876706257814],[82.68424017581087,21.160961308387588],[82.66414763330947,21.1549002056807],[82.65558221414337,21.15703923133274],[82.64047106165772,21.154754071474265],[82.63705179071708,21.15063427009859],[82.63736655679936,21.144642448299557],[82.64288161616253,21.135718539950616],[82.65155196663862,21.133574718638002],[82.65284061428673,21.129470914083324],[82.65159116821931,21.126692709935117],[82.64124456321966,21.11947288130549],[82.63977378933423,21.115250617319106],[82.64179947862182,21.111499931080164],[82.64854609769674,21.109463161170115],[82.64999919094079,21.106368744032892],[82.64591370243595,21.09990461779959],[82.63742608276335,21.093089923586604],[82.63573242966939,21.090495725928207],[82.63732300916934,21.090715230455054],[82.63731796872229,21.08931203696994],[82.63491159497683,21.08660612433819],[82.63412968248893,21.082027712091573],[82.63065445009933,21.07766036837068],[82.62072730893003,21.07847388066107],[82.61536790245276,21.076682966696705],[82.6139966861553,21.07775198160996],[82.61180789694811,21.07368755878482],[82.6121426685118,21.068324776709137],[82.6182601228331,21.05868951799658],[82.61889237240142,21.053510071171576],[82.62711867844605,21.04737256179191],[82.62934201955406,21.03846090646776],[82.61356054779668,21.02284856156243],[82.61234681605,21.013999288318697],[82.60755307331726,21.00973818967969],[82.60869429035928,21.008902044549764],[82.58978299742216,20.992354146035233],[82.5815111396061,20.978528318338714],[82.57237884846143,20.971053629174843],[82.56013834061964,20.946726216297844],[82.54401013623055,20.935391612683404],[82.52663707347024,20.93196473616518],[82.51691758776032,20.920542812624753],[82.50752160335053,20.919189140367923],[82.50237618276049,20.916614374998176],[82.50206748928952,20.918628846058425],[82.48808025588677,20.90866971505584],[82.48689791756433,20.905479899284884],[82.48923928562256,20.897078430748216],[82.49039344648948,20.877606899241353],[82.49177352107395,20.877583973634106],[82.486939723361,20.86904221831133],[82.48764302158348,20.860401255336058],[82.48203732130987,20.85005717608577],[82.46990094617578,20.845767147259814],[82.46889924827721,20.84700039788339],[82.465437516668,20.843172316619512],[82.46553428498704,20.840397157866164],[82.4697383708723,20.8339234397308],[82.46539622560596,20.827770118833804],[82.45531884030707,20.826387421891013],[82.44996325256811,20.82974948957403],[82.44822783859321,20.82870221873439],[82.44461867098799,20.82974038744361],[82.444473010063,20.833112462834332],[82.44028432579326,20.834381305216827],[82.42825358804505,20.830288703969835],[82.42089044710578,20.83030472016794],[82.41952462429329,20.835345237681597],[82.41658605982745,20.838764927008715],[82.41363273424484,20.83954660262454],[82.41092036017767,20.84352280554778],[82.41380371418616,20.84961280694497],[82.40778209932587,20.858030928223787],[82.40844351269988,20.864518817496077],[82.40637903146339,20.868945951940983],[82.39649320381399,20.868787409898946],[82.39016530027276,20.87285151588536],[82.39059966625533,20.874077066567622],[82.3859778071691,20.872849362922018],[82.3768353470954,20.866737047075627],[82.36552350232299,20.869430458554447],[82.36038826503498,20.872566689063333],[82.36467023844867,20.887254536775654],[82.35207499668097,20.888371142005056],[82.3508196432922,20.889519216547434],[82.34944155937443,20.88232783706455],[82.34670340096363,20.87773899965467],[82.34437962641024,20.855871572256437],[82.33952918650837,20.846865367442785],[82.34160077072384,20.83169392576287],[82.33932525007427,20.825458868520588],[82.3410939924445,20.8204192090737],[82.34083372445554,20.81374882462221],[82.34322904173646,20.8090345189342],[82.34205089495315,20.804560958834408],[82.34701704864341,20.796364224989503],[82.34476822592407,20.7909592363793],[82.34454114798991,20.76967307707406],[82.34261994085469,20.766475173222688],[82.35347279053441,20.73584990341333],[82.34564300265278,20.73160250622372],[82.3549227558446,20.718362013527045],[82.3516644010191,20.715979042392558],[82.35141044638995,20.70632760582015],[82.3497866633605,20.706343428453604],[82.35249839333562,20.703475899144827],[82.35518652456824,20.692994252801686],[82.36236127172442,20.68063908748895],[82.36796335627903,20.678873084765847],[82.374180535275,20.667240749973065],[82.36882120335794,20.65950638752002],[82.36992453035955,20.654994399075786],[82.3684612151859,20.649596289083306],[82.37482021031745,20.638793934820896],[82.3747807455304,20.635195378879704],[82.37653962889041,20.632422753199364],[82.37109505044613,20.626178389931006],[82.36433616218103,20.622115093485313],[82.36538733659052,20.61569648762966],[82.36291910665125,20.614203561873627],[82.3625368941591,20.610290811749515],[82.35876373909879,20.608555927434825],[82.35559181208507,20.609157985306823],[82.35250004533742,20.60300252318985],[82.34694873715593,20.602472441586617],[82.3449452910531,20.59882322088094],[82.34573315038817,20.596730573114975],[82.34371152148569,20.595743289838097],[82.34405829723649,20.593081547964076],[82.34717361062437,20.589836097989103],[82.3506851187818,20.58139299057658],[82.34814284340861,20.57620155288865],[82.34330012722155,20.57143167573218],[82.33331185479884,20.568736691130646],[82.33479660377515,20.564560408118275],[82.33283980987996,20.564089971475063],[82.33212392895531,20.562050965307158],[82.33660031666108,20.55373370035821],[82.34293483898932,20.550611935788567],[82.34590277117844,20.546576133389376],[82.3488869386197,20.545836656555636],[82.35834746069443,20.528114335220113],[82.36897526981905,20.522486082697363],[82.38955864909677,20.516949990755396],[82.38810008151938,20.509769388917817],[82.38956648240602,20.497898142989424],[82.38830490459071,20.495589313481815],[82.39123975092956,20.490958058742702],[82.3904932347588,20.48649370300086],[82.39362074098001,20.482820362898607],[82.39204246300959,20.478502699877065],[82.39627107649538,20.476537833908022],[82.39784778241409,20.472749981987864],[82.3975778683156,20.464711817406016],[82.39467456811455,20.46185237993646],[82.39698023981833,20.45816748993604],[82.39890022614307,20.46051997986212],[82.40283678116032,20.46052439933216],[82.40519305676067,20.45864813811902],[82.4094750813783,20.461839961593604],[82.40890827677337,20.46592504986407],[82.41171583542973,20.46672921488132],[82.41171018951817,20.46925529674414],[82.41314045567255,20.469401870652987],[82.41373947476185,20.473021079618796],[82.41559220601792,20.474262310178105],[82.41672486750515,20.48011851063328],[82.41856357875456,20.480347489899014],[82.42705280641151,20.468935391603146],[82.42563890307007,20.44535686442719],[82.42666652005954,20.443918262774805],[82.43441229569916,20.44424093124488],[82.4380102514313,20.434212532355748],[82.42964822521859,20.427867893720485],[82.43199446573891,20.41669139218109],[82.41656186370525,20.407642553341713],[82.42116135653757,20.39283456876578],[82.41756414820374,20.38729046605005],[82.41802360143727,20.38212900841828],[82.41030130416593,20.369292940464387],[82.40911575167141,20.36293056977346],[82.40506441262208,20.358214334336186],[82.40630180419672,20.3530543372424],[82.40028212879913,20.340818290196133],[82.40242874659532,20.33613176643335],[82.40909548657692,20.331798392222357],[82.40850856959106,20.32850491650914],[82.40979434712186,20.32632069378018],[82.41387790604546,20.32654085214505],[82.41829417579748,20.322794987825006],[82.42196711480472,20.322656752279908],[82.43137333551718,20.312858019359997],[82.42991769824425,20.301217549470998],[82.4378906326664,20.293428513262167],[82.43536087352004,20.2850061877267],[82.43296690101711,20.281988023832593],[82.42489958869292,20.27523716606375],[82.41612878231352,20.272218726913408],[82.41134042767588,20.264333810076547],[82.41126093665473,20.260220647297828],[82.41626376226979,20.25644008104064],[82.41773723379606,20.252307743202554],[82.4220601838614,20.2475384774781],[82.41133423648695,20.245465076596606],[82.4106565582164,20.242207508014758],[82.41384969535228,20.23485123979299],[82.41514997797995,20.22680155462819],[82.42339934018469,20.219320110706594],[82.42140915591038,20.211577166880872],[82.42173572226224,20.204317087199144],[82.41439166153961,20.1978418715601],[82.41500472309345,20.18834712044274],[82.4125073006024,20.17997552502314],[82.40846556723841,20.179718708420918],[82.40545362478694,20.1763534691411],[82.40563292761932,20.174467648532932],[82.39583169971012,20.16859870475879],[82.3909219188972,20.16217531304456],[82.39465767888889,20.155520912462247],[82.39506351078481,20.151102636199013],[82.39166470705955,20.14826444301175],[82.38811235969271,20.147524238818207],[82.38671112619004,20.144909734410778],[82.3940686715234,20.13607570693522],[82.39514873754906,20.128389319107402],[82.39858669344765,20.122238824839634],[82.3990933666241,20.100150279592032],[82.40235358096226,20.094525354844002],[82.40068084963126,20.088248192013154],[82.40241073178063,20.07946752224269],[82.39675080200993,20.067414857509707],[82.3993111487917,20.061131217831477],[82.39920885224039,20.056617434003563],[82.40096000110579,20.05455197598036],[82.41046192383706,20.050224019962734],[82.41773885615345,20.050590583421005],[82.43095746045637,20.048043893825007],[82.44145741506156,20.041613998335485],[82.44894177466529,20.03909455798652],[82.45847008271305,20.03840166512015],[82.46161527316896,20.040332418415264],[82.46726818979225,20.03785901116183],[82.47095560425197,20.034344263525075],[82.47951663245293,20.03660467940333],[82.49468702434,20.02279388027717],[82.51007078856487,20.016585414053626],[82.53414838432911,20.013716906661845],[82.53542095213365,20.016268058052034],[82.55108246556293,20.01619486176108],[82.55452990228103,20.0138149188083],[82.57832805641488,20.005140714201907],[82.58426816173953,20.00159473333279],[82.59132450375478,19.992145955456092],[82.59672327979766,19.98998264312398],[82.60601536416337,19.98854764701241],[82.62213630387674,19.9907099786892],[82.63430226412638,20.003291282855137],[82.64251482774378,20.00513121962225],[82.64399355531278,20.004823795155897],[82.64371646637014,20.002078994900888],[82.65299436454089,20.004310783809224],[82.67114207241848,19.999495437256464],[82.67555208181129,20.000199377461794],[82.69369273611727,19.998418305479994],[82.70061204462749,19.995979746056573],[82.70829991755883,19.99746471082901],[82.71538570994237,19.994747115587636],[82.71565341598188,19.991642870089123],[82.7180892535703,19.988764851502246],[82.7174975539539,19.965577374586708],[82.71469881944857,19.95769102367873],[82.7156074096629,19.953012634023455],[82.72024460748264,19.948115773081685],[82.71305350470006,19.93847898954106],[82.71104034780896,19.925513409467534],[82.71274304064963,19.918544975087624],[82.70708897148785,19.91264746580478],[82.70885198440321,19.905374863324788],[82.7073891237771,19.90206478995877],[82.71345863860495,19.88362011847944],[82.71403314177188,19.87783145120614],[82.72456497129826,19.875561779108892],[82.7217149834144,19.87294246070588],[82.71957417053159,19.86745713950636],[82.71814013145304,19.853610122498033],[82.71138263198338,19.850652110866687],[82.71270535362852,19.844013197676258],[82.70731088860069,19.835062856041258],[82.70390398386824,19.83203750345378],[82.6932282370468,19.83040004427886],[82.67799640847916,19.83214289139996],[82.66589737002323,19.8304132675582],[82.66097881536494,19.83204466176454],[82.65214025894515,19.832189827268373],[82.64697058024916,19.818918438175487],[82.64173984935155,19.814565147628382],[82.63660670603653,19.81295056129859],[82.63332317951843,19.806036877531437],[82.63272432212582,19.801077136234618],[82.62694805064437,19.793582432376592],[82.60383365368061,19.788407034204386],[82.60217260044831,19.781209354230946],[82.59527489013246,19.778493395837597],[82.59445509928227,19.775426815492434],[82.59179414927354,19.775886723505767],[82.58345834129068,19.77881994582543],[82.58356763571803,19.78166474937674],[82.58175070232606,19.783230218481258],[82.58446822104489,19.78827880259977],[82.58268332876244,19.79502056313684],[82.58466985150366,19.802374875845704],[82.57597492042643,19.8082426350907],[82.57856608301572,19.811101650596484],[82.57617764952482,19.814763504631888],[82.57851039195967,19.81803138006706],[82.57911879574878,19.823568472011083],[82.57775349845072,19.824998850242014],[82.57938145415471,19.830341698911855],[82.57602161665154,19.82894402841277],[82.57576982965719,19.833418150652356],[82.57971709259263,19.84013631947915],[82.58388536624078,19.843600055758838],[82.58861420928747,19.8434044403667],[82.58769783696783,19.84870209381618],[82.59059794275973,19.848942741759448],[82.59058357241013,19.85212583431035],[82.5942591479727,19.85265492123373],[82.59685252940073,19.855224243221667],[82.59586988656595,19.85816460587656],[82.60018239910602,19.860212865918758],[82.60341134129249,19.86701358231972],[82.5961426851548,19.87300509983523],[82.58319648777525,19.869424180998823],[82.57300236640518,19.87757438288858],[82.5611610312481,19.874341818615413],[82.5559390706026,19.880687371340105],[82.55290802547658,19.879765031354935],[82.55019483034923,19.87577320507055],[82.54837044453367,19.87572584363862],[82.54212395261168,19.883499732163845],[82.53489408572794,19.8869138574455],[82.53102766218491,19.878438161262178],[82.52328278845384,19.88310619535122],[82.51910359039353,19.890997242208062],[82.51630954958556,19.890944278897383],[82.51172111860764,19.888158312321327],[82.50545481973194,19.889879933831274],[82.50285772466854,19.89449581910225],[82.50488441108612,19.899745758453356],[82.49732175162727,19.90415317794718],[82.49159592953217,19.90346937240584],[82.48415821584787,19.907931025123325],[82.47787015887772,19.906473177862576],[82.47288178356227,19.90705686148076],[82.47226214723884,19.901601972439916],[82.46419933547423,19.900870035000924],[82.45215743166703,19.90872818169839],[82.44597468240096,19.910214226114373],[82.43709327724044,19.90496443216112],[82.43333813609647,19.90558350523383],[82.43004017994,19.90403104360592],[82.42618847349625,19.90547831643998],[82.41800536743362,19.904095124089128],[82.41855890482012,19.899870691978936],[82.41194408476704,19.898537082508245],[82.40522094585698,19.894285223977416],[82.40176011885126,19.889964177806256],[82.39485462822672,19.888037496948407],[82.3924669277611,19.88206962352423],[82.38293612060023,19.873879593395394],[82.38363289525708,19.869901758892993],[82.37388350193642,19.86035415551793],[82.36083188007176,19.86281917404097],[82.36039272337374,19.857329783394036],[82.36318798050061,19.8553730569906],[82.3620928937451,19.85250011014873],[82.34530735163847,19.83585321507943],[82.33260464171836,19.844188218646373],[82.32632599460078,19.861634618190962],[82.30407101586933,19.88919379430236],[82.30115153790835,19.904665355288447],[82.27534358029439,19.950708994450604],[82.27486048969077,19.963062291157186],[82.26915538813603,19.97528251210915],[82.25852842702105,19.98198459305794],[82.24648805034981,19.995628798903816],[82.24196301617646,19.998260436082894],[82.23746355254764,20.00350022584957],[82.21655593714792,19.99739889129636],[82.20998671378202,19.986274958763072],[82.1930870865326,19.987144679789566],[82.18424051175059,19.984210503921087],[82.18517534265268,19.98734614595511],[82.18345608397988,19.98963977169058],[82.18033619098067,19.99114168338166],[82.17689092638894,19.997354664363776],[82.17476851279976,19.996794440280887],[82.17367541401595,20.000010125565822],[82.17124352991307,20.000800732619663],[82.1712185154257,20.005557262996433],[82.16056650209406,20.009166090870394],[82.15345140576764,20.00760680550802],[82.13979164691354,20.0187732784836],[82.13631046857505,20.01897448049777],[82.12847590255446,20.014245916113403],[82.12677002698274,20.01484215660526],[82.11650092593084,20.021203373583933],[82.11016152036069,20.027566726785643],[82.10693350793056,20.027299938054117],[82.1054540410481,20.030648793638598],[82.10318156119574,20.031111490858976],[82.10381899224664,20.035727438745013],[82.10211512261296,20.036339185436137],[82.1022628002558,20.04008571652156],[82.09950264120538,20.040812512403953],[82.09873339406462,20.03976453265367],[82.08944281527535,20.03910787605171],[82.08638033180931,20.04528364274052],[82.08457827451844,20.046091619863034],[82.08542070471043,20.050759721606827],[82.0704538854398,20.056992901859],[82.06352435140671,20.05457648552422],[82.06294934787819,20.05208993166069],[82.0606292052135,20.051165488124333],[82.06217143199498,20.049269117561174],[82.05899602670445,20.04779549686846],[82.05907371121363,20.0450269374561],[82.05638193551589,20.041789757428155],[82.04780805871138,20.03676151446191],[82.0481387007197,20.034862464267743],[82.04295818384983,20.034950423571395],[82.04119677442728,20.03100886704959],[82.038028888934,20.030160412795524],[82.03732519814776,20.027965034109766],[82.03884053026793,20.027159635001635],[82.03795701472814,20.026113569535312],[82.03998510700909,20.022641369536192],[82.03836992534846,20.022498278749595],[82.03254630187175,20.015765611927268],[82.02153159194752,20.02375371396938],[82.02270883053411,20.0321778044474],[82.01766529147369,20.049021465154883],[82.01226331383515,20.053934327460883],[82.00573794891638,20.05563042604303],[82.00324332647405,20.055149936874955],[82.0033570289345,20.05335920843307],[81.99533401163863,20.05358568595706],[81.98737435431643,20.061350273793284],[81.98415267860224,20.068052470677024],[81.98385032633888,20.073262525989826],[81.97588007608283,20.081728841494108],[81.9633219095835,20.0904682471419],[81.95814361334902,20.09787317732653],[81.94637148080817,20.105152059670246],[81.93850980273399,20.10158243575812],[81.93711638277763,20.102368818792502],[81.93383269905438,20.098228281127408],[81.93386057826923,20.096062593672436],[81.92599939876,20.091747234139596],[81.92275189737975,20.087179617859004],[81.92137291963824,20.079989667689677],[81.91605264018153,20.0720012782372],[81.90143497360395,20.057925865813765],[81.89527024813577,20.048256791687155],[81.88729071468954,20.044034372091055],[81.88190436504199,20.044357676392448],[81.87596619558677,20.05208099180157],[81.87090725041924,20.044190476506557],[81.86884276469117,20.039725866454372],[81.86881199739267,20.03193031414117],[81.86501775707602,20.026722461274208],[81.86652627996632,20.011072754455107],[81.86056361165667,20.003529600429935],[81.8553475134167,19.972299254703792],[81.84526530236812,19.959551911205594],[81.84500639263189,19.951857844469817],[81.85680001826422,19.947552932779804],[81.85179792657271,19.92316736333813],[81.85314535548144,19.918497323247603],[81.8696405001045,19.90255508043313],[81.89966587909412,19.88721759113592],[81.94105314620401,19.872895254719705],[81.95771557689594,19.86506232841956],[81.95759326857504,19.863910689317393],[81.96811967766703,19.859915181419673],[81.96536175362502,19.836924660905993],[81.98654569439941,19.80430035270463],[81.9859350205676,19.801134596427126],[81.991891761793,19.79963355112083],[81.9953544914305,19.79686739551348],[82.00428020419578,19.80331013203406],[82.00964079105933,19.804454195691076],[82.03103796493271,19.797827410955637],[82.04867061296238,19.796977829089688],[82.05296738252707,19.792309395309143],[82.05638601566389,19.793037985939574],[82.0563517781735,19.794871723273427],[82.06020917993611,19.79639529567553],[82.0623795312221,19.792561431281104],[82.06553438485554,19.790679113242966],[82.06621706045401,19.783174903952606],[82.06045261259833,19.76665540280362],[82.06381584034335,19.761078430386632],[82.06359954039597,19.759036887705022],[82.05597136770182,19.752988434138945],[82.05562357505809,19.750023037295954],[82.05038562080725,19.745851877152006],[82.0509292506745,19.736437420248244],[82.04922755047222,19.728740283442228],[82.05100874528894,19.719111420053736],[82.04473712209854,19.70889866193498],[82.0445743132331,19.700549433836592],[82.04908839424817,19.68495302580206],[82.05185139107657,19.68048941032608],[82.0553101205161,19.665678207605016],[82.05360564541793,19.665415538659946],[82.05192693130711,19.660974941886238],[82.0554960708816,19.654485829748065],[82.05349912408984,19.652822850689386],[82.05190953722828,19.64659362084884],[82.05470015635335,19.64284814660613],[82.05472023190332,19.640524309344144],[82.0569922392418,19.639533723241556],[82.05762553804239,19.63553891464248],[82.05644673459058,19.633137777728326],[82.05900383216597,19.62819745225337],[82.05608984740294,19.625978640179934],[82.05569781812137,19.62312620098114],[82.05060033253322,19.616793842234024],[82.05064717338708,19.608099125055595],[82.04625538542149,19.60730675297623],[82.03986895753782,19.597658317482843],[82.04049648915426,19.590840490866],[82.04335479903095,19.58902390918454],[82.04264469337522,19.58607754901876],[82.04403209821243,19.58246388385921],[82.04579800100808,19.57907615534366],[82.0485343008045,19.5784535542147],[82.04975860212885,19.573991766634002],[82.04826444958813,19.571810431809112],[82.04813012091043,19.568759300741313],[82.04936267056567,19.56822883702087],[82.0449457153991,19.55975817649314],[82.0460502281769,19.558647547845492],[82.04520121692714,19.556711281726475],[82.04771192011138,19.556229510220643],[82.05069570846355,19.54884134638083],[82.04977851238881,19.543653456990057],[82.04705975309656,19.53916333390302],[82.04721878095299,19.533381279423295],[82.04660761394608,19.534101360625144],[82.04363610556385,19.531566079669247],[82.04324393794171,19.52987887128687],[82.03986133353597,19.53020697755696],[82.03727546651531,19.52827479985901],[82.03642018053333,19.51980311409005],[82.03404371619526,19.514555660400198],[82.03183098149584,19.514550002663483],[82.02904306629979,19.507686229696624],[82.03849966453338,19.50917921661256],[82.05132521278036,19.508206065869096],[82.06540048647084,19.51062280231915],[82.07601243943239,19.523648764131828],[82.10023979693088,19.516612249820657],[82.0979575577813,19.498950809805393],[82.10794721720279,19.49430295680387],[82.10732704458518,19.475065499904254],[82.10280555696056,19.466129756355887],[82.11336836488952,19.460079567000847],[82.11351886324232,19.448287024900328],[82.12612569687047,19.429109441147872],[82.12727926215435,19.43053631600174],[82.13523159551208,19.430408645881904],[82.1352227327335,19.43180504342943],[82.17147536622329,19.43721166854038],[82.17816887869527,19.436632739033218],[82.18617515947908,19.4266783713411],[82.18942651553022,19.427553439517677],[82.18925554996196,19.41538696655936],[82.1851880160847,19.41371359929407],[82.18242169459145,19.409456691808263],[82.18206133900851,19.402950088841862],[82.18429784941854,19.400517154334732],[82.18071952726524,19.392434552771544],[82.18222859183967,19.38876853332648],[82.18097278300507,19.38620913863478],[82.18181570637213,19.38422815922502],[82.17798671832196,19.382524443780486],[82.17881801838757,19.37907509941037],[82.17647313881491,19.378581261123554],[82.17551243104272,19.37666423283106],[82.17351072856985,19.377196131626363],[82.17190753043512,19.372639509562436],[82.16419800002058,19.373552043479663],[82.16002053211551,19.377098475456325],[82.15324912223365,19.377040567128272],[82.15120307083352,19.37334411496122],[82.14771901069963,19.371842538405044],[82.14890758422847,19.36961515306293],[82.14709371049832,19.365355922742836],[82.14829878428229,19.364157827947558],[82.14877656404595,19.35275360353758],[82.14996172128174,19.353607139607018],[82.15221719961903,19.35260862883258],[82.15491491677403,19.34957288739753],[82.16498547397845,19.349010704410354],[82.16791011455737,19.34628215303872],[82.17863035673146,19.34335697685907],[82.17787689299028,19.34007412889379],[82.18602154846381,19.337433708655045],[82.18787303914645,19.3347799036969],[82.18798876191798,19.328945080766594],[82.19010900517742,19.326784731825402],[82.19410481486746,19.325960048412174],[82.18120735288869,19.323412002087842],[82.17915440602044,19.31899233885532],[82.1766614912755,19.29950491847266],[82.17439681239307,19.294559356989637],[82.16591891788177,19.287710241681825],[82.15840837777738,19.265192186809745],[82.15782747321578,19.22752385755151],[82.15895734723067,19.22336077130482],[82.16875421112421,19.212965452079544],[82.16579976354583,19.211470760848727],[82.16168798404757,19.202271105855857],[82.16750919734437,19.195128121033743],[82.18053689168316,19.19103685831567],[82.17512467414868,19.181841154927188],[82.18104528064177,19.178608956330322],[82.18203120861557,19.174188554061605],[82.17669155159983,19.173495410878004],[82.17602550471557,19.172108179029053],[82.17808880826075,19.169393164780743],[82.18393533608227,19.168510724418276],[82.18612139800429,19.16637320365597],[82.18218189022465,19.1593144238483],[82.17813856863928,19.155965462595155],[82.17863898504977,19.159856744409122],[82.17490472165136,19.16290770663088],[82.16963935800459,19.161024526073803],[82.17127973471399,19.156551369170092],[82.17714772238932,19.155105307027263],[82.17765989415362,19.152534854802695],[82.18091391370956,19.150842342607543],[82.1765431023042,19.149239360005925],[82.17152507899112,19.150233694384408],[82.16981201689714,19.145279343355103],[82.17270426422692,19.14353502374686],[82.17571717236734,19.13868601992942],[82.16680020919293,19.136126912517096],[82.16607750376706,19.132724933802457],[82.16918683886672,19.12807424574184],[82.1703071251626,19.120440669034284],[82.17395217237858,19.118247589131048],[82.17713618802107,19.118743606088636],[82.18251043287017,19.131344455914196],[82.1905594608851,19.128922122951803],[82.19737106139272,19.121667258579663],[82.20579752915069,19.124155926654094],[82.20897968528053,19.120547775359267],[82.20579288845391,19.116967881643994],[82.20631160893664,19.115098576628164],[82.202957884469,19.108135691544504],[82.20515993280979,19.10702347941009],[82.20733090483162,19.102306013197627],[82.20497019784199,19.101173893542427],[82.20489358951457,19.09716695002061],[82.20646129161916,19.0964293094292],[82.20969305810891,19.099701749938237],[82.21292192483692,19.09800891375829],[82.21411899014011,19.099880500139033],[82.21839627794127,19.097295052238536],[82.21853624893727,19.093047273521172],[82.21493018051977,19.08601399722163],[82.20469968905878,19.07563100113487],[82.20223527516286,19.066665350675127],[82.22985690797924,19.027439073789875],[82.23274170108883,19.017963814876172],[82.23908916544536,18.962318609729618],[82.24603383070111,18.91913875485334],[82.23693992726349,18.914261331071312],[82.23436518318269,18.915317620072187],[82.23088900037548,18.919696094368977],[82.22726219434966,18.91906948965694],[82.21828155948623,18.922544232929184],[82.20082760433284,18.913612678818204],[82.19249097259491,18.90753531209739],[82.18107022416227,18.90697119190813],[82.17612699547807,18.902696742474888],[82.17514315518899,18.89163815220703],[82.17670785242899,18.8872697634185],[82.16930366566774,18.881920358731193],[82.16503632760667,18.88324828171332],[82.16039304639585,18.878939896734007],[82.16180453776074,18.87645917538543],[82.16734767576474,18.87364638072271],[82.16485767695117,18.864777287044646],[82.16017746599901,18.861424453936873],[82.16300827934316,18.854182236974726],[82.16745192884672,18.852378875882394],[82.1657228138586,18.843895584583475],[82.16894284026586,18.836049963301974],[82.16027159866101,18.819897516217534],[82.16612918204872,18.81409586426203],[82.16135505762348,18.81254421846661],[82.16017637005439,18.808096639556904],[82.15650238720478,18.8043557963617],[82.16450838501927,18.801952132152707],[82.1654155172679,18.798652727171643],[82.16015470628298,18.795256175191017],[82.16078247505466,18.789947919517182],[82.1573365502012,18.785505287637065],[82.1521503892164,18.785329523267787],[82.14735841257153,18.780998954600324],[82.14055330059517,18.778483297641607],[82.13839914773037,18.778401469493154],[82.13564983493868,18.78150868973711],[82.13347498668637,18.780473654840158],[82.13131402549006,18.770140012107056],[82.13359644879425,18.768142748039345],[82.13339788967545,18.765392287391602],[82.1208004542218,18.769778616314415],[82.11534067268967,18.76903412668335],[82.11098954337217,18.765906205156245],[82.10573860846546,18.767338042151586],[82.09780431687193,18.76386497676884],[82.09156022524839,18.76575849826301],[82.08872134862625,18.760213084149456],[82.09256235972819,18.752712907009048],[82.0935016103415,18.74684275967173],[82.08766713431783,18.731157302221167],[82.08834135137958,18.729802404124417],[82.08604389566744,18.72797683558496],[82.08686049031184,18.72145218738464],[82.08495505489806,18.718621229132385],[82.07650822502758,18.72213991680409],[82.07454186946451,18.724649838981666],[82.06740260576203,18.726529568819466],[82.065029158865,18.720099901694596],[82.06275115886525,18.719051067118986],[82.05874616030817,18.719371964719446],[82.05607000272,18.722924865277754],[82.05363226070317,18.723638887001055],[82.04809878318176,18.721424327557884],[82.04019008099736,18.723935362961864],[82.03090426777067,18.723814999797717],[82.02812872686762,18.72124118562398],[82.01672316714979,18.71952310601659],[82.00877219114646,18.712580645865422],[82.00581621733045,18.714674963371912],[81.99990575012193,18.7111098892664],[81.99857248225534,18.70693299421072],[81.99470918305289,18.70470788560805],[81.98888033856774,18.705307946006943],[81.97096627351239,18.69866453450891],[81.9629220667556,18.689009343315277],[81.9607343815779,18.68865911884711],[81.96912981344107,18.673415917502712],[81.96517518342199,18.670783890096345],[81.96158372700091,18.670305343547366],[81.95505970865673,18.66424763821488],[81.95276761319187,18.659569119763034],[81.95314454448847,18.65406821097351],[81.94892503722468,18.643737726187936],[81.94241905345817,18.64325528837917],[81.93661176494656,18.644838591789913],[81.92170819785173,18.642937664092358],[81.91524032600944,18.65132395621654],[81.90087360111154,18.661397321354134],[81.89833191233825,18.658562815179522],[81.89375171082665,18.657486626209238],[81.89455717624301,18.654645874715186],[81.89810195171034,18.654437647789052],[81.89403247298051,18.642302986582823],[81.89884910478665,18.6352582536657],[81.89519628624514,18.632849120066656],[81.89473900423967,18.629150540607235],[81.90872630950764,18.628105251338027],[81.9277303292433,18.62004440485377],[81.93512738517782,18.612678801433372],[81.93504636612236,18.60738341714562],[81.93691318206372,18.605598421826965],[81.94427473837486,18.600781112300155],[81.95095753664047,18.600977944406893],[81.96082790248715,18.596648923910898],[81.9633821353351,18.59412364561136],[81.96362219662007,18.59047144009687],[81.95981649200372,18.589510355500682],[81.9560467631179,18.58395364067891],[81.95289429271492,18.582848973374833],[81.95342479999246,18.576850235662146],[81.95049518634013,18.574881387152384],[81.9505536594786,18.570050793478124],[81.94506292559504,18.57016415956011],[81.9380834901479,18.566629348721023],[81.92969481900555,18.56615571802564],[81.92676059699578,18.56676206539397],[81.92444488212713,18.570483125480404],[81.92081812910193,18.57271946878908],[81.91775185654203,18.570827545909964],[81.9155499231856,18.572835449850572],[81.91067234338236,18.57066299241723],[81.91033857613519,18.565802672020446],[81.90589744550766,18.564576903493748],[81.90568587249531,18.563095802461785],[81.90897709937202,18.552967432603086],[81.90138849297453,18.548638811055643],[81.90585658204368,18.545187914706947],[81.90916754400887,18.537942234158056],[81.89787839068053,18.535117818387185],[81.88924907524658,18.538190600433584],[81.8796612457264,18.52526704075169],[81.86822960522095,18.524949291866903],[81.85697791792815,18.507477891344703],[81.8560265625164,18.500470128218268],[81.85730074010192,18.49884756151674],[81.8572041721072,18.493961028558896],[81.85472999172745,18.49029277804159],[81.76952546435845,18.41894303332526],[81.75027962802977,18.353626915699266],[81.65912380142935,18.346589163526033],[81.65085349320712,18.34064810750838],[81.64964709171315,18.336933127723736],[81.6519020499259,18.332569249487857],[81.6621505993207,18.325010045011343],[81.66221202611982,18.32125465549455],[81.6513023993209,18.32155877232288],[81.64450041617668,18.31821072375789],[81.63963564365446,18.317964968046365],[81.62809051628419,18.313872900862],[81.61651845652342,18.30737617256569],[81.6005212570455,18.309713685316144],[81.5975804674527,18.30893663181001],[81.59288765044217,18.300740286937934],[81.58549771455459,18.296456431243307],[81.57344551066431,18.282669392982594],[81.56431055601483,18.275226699294727],[81.55167290568089,18.269766494073163],[81.53734294792925,18.269353450302724],[81.53210795183065,18.26624867672767],[81.52888924594684,18.260844312088736],[81.52545844602781,18.258126301172616],[81.52462218366855,18.255885121225834],[81.52764372641552,18.2509646409156],[81.53043027168079,18.240310178997802],[81.52591232341838,18.23357571674021],[81.52424850517161,18.227538288842272],[81.51990030615858,18.222023339385306],[81.51990496841492,18.218107765432272],[81.51550029321827,18.213263713743583],[81.51324062603682,18.20056675913414],[81.50939808420561,18.19459373118495],[81.50698614629533,18.186226295724946],[81.50990742268354,18.179521387818113],[81.51774818528298,18.17548754606883],[81.52388253332151,18.165437744611182],[81.52598108765673,18.16044841194154],[81.52579933062698,18.153430815353556],[81.51875166723572,18.1488788123367],[81.51335673149067,18.139483924732108],[81.51313051144761,18.13114459230229],[81.51485437039301,18.124581714632725],[81.51327791869751,18.100041062712272],[81.49904537784859,18.078905336153603],[81.49659232404773,18.071002313843614],[81.49068788722973,18.062887995777626],[81.48343605204572,18.05667712951731],[81.48080294621752,18.05135768910434],[81.4801478803393,18.033737965002544],[81.48084625759064,18.029082747243596],[81.48304838138992,18.025927388028382],[81.47996738813747,18.00461373777852],[81.48026544825044,17.99781619155807],[81.47760002642818,17.98843641796692],[81.4829333934403,17.976845168158466],[81.47607537428696,17.96936927329102],[81.47209474522693,17.96053047309434],[81.45982199684958,17.95297662830681],[81.45289078835678,17.936398373262655],[81.44909786047872,17.93196481421921],[81.44990407958161,17.92405886796268],[81.45335469453916,17.91465993910287],[81.45280800231514,17.907588656735964],[81.44747938828921,17.89851729938469],[81.44809467137675,17.889766675234632],[81.44461545226393,17.885784163550777],[81.43927226397082,17.88182386224914],[81.4353241260763,17.880847517737305],[81.4115360133107,17.89520364257191],[81.4036697340656,17.895969054069273],[81.39925205575523,17.8919470035956],[81.3954613979199,17.883241551384],[81.39425529197167,17.86930661636273],[81.40363153949637,17.854057555382678],[81.40332437675465,17.849715191401188],[81.38953667444784,17.830753139944747],[81.38836441162964,17.825440775727092],[81.39179640990123,17.815450877666365],[81.39607140430347,17.819951703982543]]]}}]}