{"type":"FeatureCollection","features":[{"type":"Feature","properties":{"shapeName":"Rājasthān","shapeISO":"IN-RJ","shapeID":"1811400B37341166588993","shapeGroup":"IND","shapeType":"ADM1","displayName":"Rajasthan","coverage":"context"},"geometry":{"type":"Polygon","coordinates":[[[77.28369488032048,27.80108255520394],[77.26874884716722,27.814958739610702],[77.26442552430105,27.80466344854418],[77.25236450434457,27.790706494301293],[77.2488898917925,27.79000386150742],[77.24811474721193,27.79204244130374],[77.2426833407647,27.784895513180697],[77.2366922758106,27.785369688423348],[77.23380812499644,27.78791668207175],[77.23821728188804,27.79312012488402],[77.23258968877262,27.797356837836706],[77.2265689344984,27.799432375768408],[77.22237036876052,27.796737192713536],[77.21064387243274,27.80195171619133],[77.213323178616,27.808505994608854],[77.20670062676324,27.814628344580345],[77.20336852833775,27.82429501236999],[77.20206435420826,27.82461152114662],[77.19741372118513,27.8162469845998],[77.19134192194153,27.80993485878385],[77.19264547803006,27.809027304642964],[77.19179769298069,27.807240601294602],[77.19856093358332,27.799675411971318],[77.1926722684868,27.794972319479204],[77.19044497838483,27.79518998158594],[77.18328699199517,27.787635413275005],[77.17779259208693,27.78794894535333],[77.17701557541733,27.786320393856055],[77.16908821252956,27.79175099521795],[77.17356468916854,27.79525993537338],[77.17892237627032,27.805234091936462],[77.18286374266424,27.80266074546427],[77.1854010395741,27.803160511489924],[77.18960125641549,27.809840966388325],[77.17984217296782,27.817998271906927],[77.16722458830239,27.81380194183424],[77.15995891007982,27.81750376066979],[77.15731397972756,27.814332366699386],[77.15657712044609,27.810443154281476],[77.16154267765498,27.803305405256904],[77.16079853483318,27.793436289815375],[77.15751877584941,27.786475024076537],[77.15649871818302,27.785378858128063],[77.15135472321936,27.78676055085636],[77.14356709147741,27.786445892395264],[77.13521031322256,27.775938080402],[77.13188693204859,27.77852416810886],[77.13450613375281,27.78688889242605],[77.12284240720548,27.793476632563248],[77.1130914490196,27.787267488484925],[77.10846971659579,27.786328477081177],[77.08114040635265,27.804731973108634],[77.08166410979024,27.80710037775889],[77.07460753600964,27.814411880627233],[77.0638479341514,27.812117902232576],[77.05554943769387,27.81876651189514],[77.05378916464012,27.817791059502152],[77.04478851171889,27.821833301642098],[77.04270978859188,27.8191338922756],[77.04581806996771,27.815810300676837],[77.04437384219722,27.81301204974689],[77.04056250065248,27.813420304564342],[77.03869702499749,27.810969107123388],[77.03302340490185,27.799256670313653],[77.0265671123436,27.779256289256143],[77.03438557696104,27.778129164912645],[77.03575754963995,27.7815501498857],[77.04763367025978,27.774441986202522],[77.05612744429041,27.771215902267038],[77.05756887201214,27.77002548087422],[77.05584325147046,27.763436952946687],[77.05954241050422,27.760930160638726],[77.06961241165149,27.767490592230185],[77.07208423575021,27.76448205914326],[77.07454822923461,27.767023253651715],[77.07620918724548,27.766394312856935],[77.08007552275359,27.757523310865665],[77.07818180406609,27.751214371456722],[77.08246920240575,27.745897943178594],[77.08565183284607,27.738106559223123],[77.077229883614,27.735522820462663],[77.07280488672902,27.73116253467135],[77.06542165766334,27.731421304022085],[77.05962370534252,27.726500354974654],[77.04872858813206,27.731543645580185],[77.0503083995267,27.73505502424195],[77.04612819175998,27.737313224768823],[77.0468415502153,27.739736569312893],[77.0445122429381,27.741919114605828],[77.0450640241182,27.74330008948417],[77.03646381589611,27.748628075194645],[77.03392574374014,27.74523331773172],[77.0260892723928,27.746396374422506],[77.02508240019817,27.743918565785005],[77.01980629359895,27.745787113852774],[77.01154095934844,27.731804618923537],[77.00008835755415,27.736985518973427],[76.99053216041005,27.71115538660275],[76.9869121474444,27.695167133104768],[76.98828368533873,27.692879958545777],[76.98216092736398,27.679175784855317],[76.97908642803273,27.653612087612277],[76.96528414247564,27.65874836849405],[76.96347558767029,27.661370046059094],[76.95821899427564,27.662852502949],[76.95286260973103,27.666470512605805],[76.95283848277916,27.668049772050416],[76.94307157590367,27.673830042695563],[76.93729568351127,27.666717751929987],[76.93278037180423,27.656247909045252],[76.9319388426225,27.65882802786402],[76.92567070040386,27.661318401591608],[76.91545106418477,27.652599414861406],[76.91054275930387,27.654688296606643],[76.91177513558426,27.657981851063155],[76.90642003383387,27.661705648175882],[76.91060795184065,27.668035196742508],[76.89830015569251,27.67754923309639],[76.90594053289814,27.686305798872848],[76.89003626323804,27.695720601338625],[76.88958583178493,27.700765132414777],[76.89440164612418,27.701325584093084],[76.9083453624396,27.69369614225615],[76.91612808399022,27.698143036988316],[76.92032440843143,27.69572777976754],[76.92443737190924,27.699936206558295],[76.92059511664061,27.70340016781949],[76.91875363947845,27.70981052023841],[76.91105394651458,27.714943474745464],[76.90466718984752,27.71733608453999],[76.89420995103244,27.717943473953373],[76.89407646317785,27.72436288764634],[76.89211942224595,27.725680676161662],[76.89239449806405,27.733472995526892],[76.8966904582467,27.738137926901295],[76.89957057562519,27.736720703417387],[76.90140805797931,27.743989313397215],[76.90022744711715,27.748294045738017],[76.90082361944535,27.764948648720843],[76.90362979918777,27.769622667577202],[76.90225670900462,27.775628498081648],[76.90637172782777,27.779178647550662],[76.90758021610817,27.782643624429937],[76.90614603150253,27.788076413712673],[76.90901734539126,27.787200478783205],[76.91332014444815,27.788882382149417],[76.91149620689191,27.796381847984097],[76.91360863301178,27.801299398531093],[76.91897827758828,27.804433752121767],[76.91858891450649,27.807732123186536],[76.91401717422657,27.808401212970082],[76.9099649449468,27.815197372802754],[76.91419862852408,27.833397795866226],[76.91500108997411,27.83483236499544],[76.92157858951875,27.833607638883297],[76.93567588720502,27.82910381834732],[76.94229257665224,27.842915519311006],[76.94297954979102,27.85386690384226],[76.9414628567232,27.855794260991463],[76.9412651447157,27.864475472228435],[76.93725259132711,27.879272137372716],[76.93763327488664,27.896516668531433],[76.95055248777336,27.89593733064471],[76.94957659937118,27.909564040903167],[76.95159919126766,27.918320679913997],[76.93151209615014,27.92264359640867],[76.93073542892517,27.953252975136806],[76.93314324626327,27.961508792768406],[76.93378446550969,27.972562797295765],[76.93786118555904,27.982970048483512],[76.93346801778121,27.982042952706184],[76.93078160861897,27.993553459571455],[76.93644484059665,28.0126771693037],[76.93958954326737,28.04300016700911],[76.94838218319973,28.057970705203143],[76.95383264740575,28.062614965523746],[76.95456274955967,28.073145187915138],[76.95789787530768,28.077470119231798],[76.95794121363025,28.087531540605664],[76.96141030513657,28.099598602404992],[76.96193369506214,28.11129302483048],[76.97053708601528,28.138448502856356],[76.95791211540157,28.142242024869674],[76.94814949349,28.14223395162428],[76.95093404269869,28.14990259351781],[76.93197413473506,28.153065351768035],[76.91972187962429,28.166920965045403],[76.90652706720167,28.171905497342323],[76.907011017493,28.172965703599274],[76.90148820566893,28.178678787896818],[76.90244096874076,28.181128485153998],[76.8925072312423,28.183606983016755],[76.8922491398713,28.193253236110465],[76.89862989399566,28.193369633459373],[76.90203308060116,28.198995182399198],[76.90616281293038,28.197325003126238],[76.90675440295229,28.200329755476943],[76.89086574331691,28.204983965327262],[76.88885886205641,28.20322454907287],[76.8783522814777,28.207141340943547],[76.87351906138151,28.205521634627374],[76.87098270410942,28.206608842075944],[76.87304526295122,28.211039463240652],[76.8727242760356,28.215073027775805],[76.87488904698702,28.217789138929348],[76.86751340599056,28.219859774519264],[76.8624910510012,28.2194127111282],[76.85759578516664,28.22121677775172],[76.8549624296068,28.220147114660353],[76.84847308982584,28.22164716322025],[76.8460433050858,28.219557322250587],[76.84123391459916,28.22075713939397],[76.83816431647607,28.219967144650898],[76.8311953059778,28.209187860458883],[76.81277767052701,28.20901753055421],[76.8083882154862,28.21088730052009],[76.80479873266381,28.20455773222106],[76.80475880254944,28.19731829894117],[76.8130177767277,28.193298771348008],[76.81223789982222,28.19092894180217],[76.80914833125206,28.187059184684532],[76.80620871126577,28.186559172573343],[76.80121934151533,28.1877589850398],[76.80034941209585,28.19250859568897],[76.79751978183297,28.191828594813206],[76.79247049624969,28.184209099610207],[76.79572011316242,28.180439455470196],[76.79501030215417,28.169410309546045],[76.79742000415774,28.168460427975],[76.79606018927787,28.166940522628597],[76.80026966954641,28.164480792715654],[76.80061964419795,28.162360966582703],[76.79480051589094,28.148411953025814],[76.79007110421064,28.150471700816176],[76.78379190462917,28.150931551129997],[76.78205216346954,28.147081819607823],[76.77635292072708,28.144121945709745],[76.77146354155258,28.145031783447983],[76.76243472015898,28.142651799889965],[76.75311598188046,28.135132219374707],[76.74354733498487,28.12104314692011],[76.71574083337457,28.127752181764475],[76.71204131052313,28.125472230008253],[76.7030061829562,28.107614072322875],[76.69817338866147,28.11199712769343],[76.68498567562452,28.091594302986675],[76.68799033543402,28.090251284574695],[76.68734189732595,28.087671120740787],[76.66335782426765,28.091219743769106],[76.65724817989943,28.08931270446216],[76.655560488924,28.075757814046547],[76.65163246610531,28.0616411092377],[76.65190436548055,28.056347766785354],[76.65556969755396,28.05313103888896],[76.65855410394707,28.04693870265272],[76.65863486428773,28.042934825958778],[76.65437555267374,28.03469927784881],[76.65949209063079,28.032914533384524],[76.66301028225388,28.02986987010198],[76.668139026519,28.01384028477728],[76.65772787037966,28.00744968927396],[76.64066311750969,28.002338067746397],[76.60506183177114,28.00395365708487],[76.60073214973103,27.999628384347076],[76.58876321607437,27.997965414582538],[76.58686387572979,27.993403701690905],[76.58262072390944,27.991773788757857],[76.57927182249655,27.979014174272052],[76.56344296550624,27.978191304205996],[76.56054630744843,27.965921983468135],[76.54812381081155,27.963851840469783],[76.54470425061335,27.963681791360454],[76.5380650655548,27.96772135188227],[76.53593523727125,27.979530383807408],[76.54107452865613,27.984790071099415],[76.54272418675905,27.99949894558841],[76.53691492464876,28.00035876670763],[76.540704425454,28.002178694827283],[76.5440328928891,28.007426724757664],[76.54544376351815,28.00729838430963],[76.54279192422304,28.017781345298857],[76.5392550530319,28.02321131632448],[76.5409445370446,28.030064648228223],[76.54380594251575,28.03422037355829],[76.52925510071384,28.040351428656535],[76.51929727578938,28.032340765697334],[76.5100725192559,28.029748407457877],[76.51051806117894,28.031885818822857],[76.5081074617584,28.03041104204763],[76.50255907040665,28.031445685992974],[76.49740955799051,28.043314665005013],[76.4811677346843,28.04196820064667],[76.48007319140952,28.040687820661724],[76.46900960235405,28.04099353573532],[76.46371274197678,28.042526364407852],[76.46056496616949,28.040812080869994],[76.45465509993393,28.0423239823817],[76.46150401556015,28.058662668305132],[76.46847318416191,28.057153098063903],[76.47218633355791,28.058328800311106],[76.47495327219376,28.057298308891973],[76.47514906270487,28.054496473062933],[76.48942067038723,28.052783755794163],[76.4968496973627,28.05381376884599],[76.50152197978419,28.06006313954058],[76.478891684927,28.07767161793003],[76.471782575872,28.080241285842984],[76.46715843147165,28.07902509251634],[76.44782557354475,28.088960153993927],[76.45203501249084,28.091220054426312],[76.45775414573029,28.106198985981493],[76.46367410813137,28.108962271808906],[76.47614535184715,28.1080601680088],[76.47555791743173,28.105615492320663],[76.47891096367132,28.10060530203847],[76.49916612639203,28.100240399870266],[76.50180835461191,28.118858823582478],[76.48709009558716,28.119927633981323],[76.49194954738795,28.129887764768615],[76.48230400111078,28.130896843475607],[76.48121020164102,28.1286699800745],[76.47636153860681,28.130847399108095],[76.47674147836128,28.132047310200296],[76.47204205693676,28.135076986207224],[76.47130211823047,28.138506701655377],[76.47555153130835,28.143456394210983],[76.47572146201739,28.148585994480744],[76.4725718518503,28.15046578733328],[76.46505522565987,28.15168426839973],[76.45884246907009,28.147551175933376],[76.44881615389338,28.14710979508086],[76.43630141464986,28.148794461284705],[76.43155086830589,28.14106906592256],[76.39973147374383,28.145106362358323],[76.3946222525648,28.13727945758981],[76.39246762449123,28.13754184830405],[76.39067066064803,28.13482163660772],[76.38363789401907,28.136798137473093],[76.38072378888181,28.133405415277235],[76.36631560942851,28.136814877315263],[76.35655680086535,28.143744155172445],[76.35822648600919,28.154923305969593],[76.35424424537155,28.15495187261836],[76.35783648422523,28.161052819086315],[76.34523802469218,28.169401928710492],[76.33344099085161,28.172440926469175],[76.33219698587989,28.17014954369868],[76.3087726171425,28.17890050541533],[76.30738232871326,28.179057471077794],[76.30522868339659,28.175879858179826],[76.29226174840869,28.17921600594131],[76.28957883009969,28.170263337061268],[76.28243257301273,28.171269624012126],[76.28070673418044,28.16552987446277],[76.30143359147702,28.160043437602898],[76.30162802822701,28.15856827528499],[76.30455801378186,28.159323562724623],[76.30335613350873,28.154824702342648],[76.29786595119076,28.152110397037333],[76.29758313279324,28.149110141666725],[76.31110261881742,28.145543166050274],[76.3117225237371,28.147243043428293],[76.31372226788267,28.147103090916524],[76.31522623541616,28.150363090217034],[76.32096520884704,28.14855759801256],[76.32990499192462,28.142750169171478],[76.33181489735526,28.139272563852806],[76.33062485597924,28.13703448570942],[76.33348011966879,28.1362368838745],[76.33314025914902,28.133556963398302],[76.3541331291608,28.127818966935585],[76.3598582514683,28.12491441801643],[76.35044182769084,28.114193807640753],[76.34645328896474,28.112559876583337],[76.33658970270345,28.102597132130875],[76.31864198496093,28.107676277453844],[76.30926826439713,28.10818428850313],[76.30144015187352,28.09786257646583],[76.31875667287326,28.08881192528131],[76.32322737244665,28.09053248619847],[76.32885947330817,28.087674392259483],[76.33419335595323,28.079907382652657],[76.33298391366202,28.07683471822905],[76.34389035144169,28.071414895391094],[76.3434380658658,28.070201193292437],[76.3515081036786,28.069879856484537],[76.35265196536076,28.071594052273944],[76.35560359133082,28.070722392170115],[76.35508021398168,28.068105738918497],[76.3565297031848,28.067474291049553],[76.34958249120521,28.045867732883718],[76.34231064245498,28.030563232761388],[76.32874448535854,28.018776761438666],[76.32297510395529,28.02152517973976],[76.32076566966623,28.01596857156949],[76.31894882880071,28.015522181513955],[76.31356344124885,28.017073294104623],[76.31320347194145,28.018893145234976],[76.29897526366712,28.022702581458393],[76.29215611012457,28.02586220529077],[76.29117615864234,28.034571501950378],[76.29355572396477,28.04920040119162],[76.28417690725837,28.051490044647416],[76.28384690035895,28.05697960822523],[76.26095974482273,28.067528353379352],[76.25551516997173,28.067761081161176],[76.24293193418777,28.064356816097263],[76.23799982485016,28.049704600442183],[76.23068798849339,28.051130056571637],[76.22806413710926,28.04838943214076],[76.22112730606108,28.050220468069753],[76.21932708582499,28.049202802591523],[76.2086181345757,28.052260933510993],[76.20959244104462,28.055864497262643],[76.20218361628159,28.058332734657668],[76.1991740795184,28.05571156465116],[76.18949219998123,28.056451695490807],[76.18878091034601,28.053204940453615],[76.18040387148827,28.054515718988736],[76.17793812628906,28.045592989280337],[76.18875323594706,28.03660615897939],[76.18951460665936,28.034449292139808],[76.19599938210037,28.03038580034232],[76.20176439948794,28.02934184887786],[76.20367370664059,28.03774330259079],[76.2166302472223,28.035470621666498],[76.2147388381034,28.026578187060625],[76.20329832763281,28.02801793902935],[76.19683033900952,28.01547110108465],[76.18536680381989,28.020281739447213],[76.17688920754927,28.02154265285068],[76.16954758395596,28.007419643865596],[76.16137683960996,28.000190144949546],[76.15777992233029,27.98897276794449],[76.15756089150443,27.987208827995893],[76.16692535492923,27.982974494877432],[76.16597277601205,27.97690681405051],[76.1634561987442,27.97341569220631],[76.1866379711509,27.965471615796677],[76.18401315946772,27.96180233021337],[76.18245452226265,27.961999523655436],[76.1806584073274,27.957123235495317],[76.17992460141957,27.952864696132487],[76.1823931700237,27.951925264303732],[76.17704886692133,27.92972867430783],[76.1738937545731,27.92981743807475],[76.1686256852007,27.915264904613725],[76.16815876067895,27.90337256369765],[76.18609209729209,27.89897615659072],[76.20146857168847,27.892535149081116],[76.20208433717133,27.88731486401942],[76.20027550748154,27.878229602971327],[76.19437050741986,27.877370877853362],[76.19380571144791,27.859500762783693],[76.21216551605566,27.846431582611164],[76.20885638126377,27.84000705425502],[76.2251819365376,27.833246742038824],[76.21732736054406,27.816802837726986],[76.20934357357497,27.8163318807471],[76.20753189442908,27.817036749078486],[76.20778352960816,27.818652065575378],[76.19959668655395,27.821550544395922],[76.19226173474829,27.809246585730897],[76.18264644283153,27.798612451367585],[76.1811715861031,27.797527929442598],[76.1749645769345,27.798061983454293],[76.172146407378,27.799637293324484],[76.17214877354046,27.805147518465535],[76.16936488369518,27.80793975365927],[76.16055282128805,27.81392659901352],[76.15310705151231,27.81536870645223],[76.1536705754698,27.819730240001718],[76.14450288890632,27.822714053111504],[76.13226539311567,27.824469445922645],[76.13539948129298,27.839276050991135],[76.12779029988221,27.843713698517234],[76.12333027498934,27.851018794359348],[76.1155994545026,27.8520546837466],[76.11440667236667,27.85087296588358],[76.10589224876261,27.856094678280726],[76.09811702544968,27.856856140762158],[76.08888616037224,27.860547608775835],[76.08619944308789,27.85589318395942],[76.0856552688416,27.8446952144052],[76.07929048586469,27.84574003809224],[76.07489429345927,27.84380316430632],[76.06064902168612,27.84827384498594],[76.04807952473612,27.834974815104918],[76.04087556167191,27.841272230123234],[76.0402334144658,27.83892892872102],[76.03624895049782,27.83738390575128],[76.03021597913573,27.840038956528332],[76.02728198799299,27.83851740178118],[76.00954844029229,27.841510478207503],[76.0064584701752,27.839060295492303],[76.00464325436205,27.8344317555799],[75.99869789748627,27.83814644330408],[75.98702724492809,27.84166211151034],[75.97137211852048,27.851956598389656],[75.97248648941019,27.860587277736215],[75.9793651653235,27.865441823240992],[75.9776213404226,27.87377670579019],[75.9844185732756,27.882583624234012],[75.97530792703772,27.89365081197789],[75.9792505429882,27.895535390144786],[75.98748351004069,27.904152993619352],[75.96806088885732,27.914357581896088],[75.94906476531301,27.91502667979454],[75.94235719690178,27.913171990452017],[75.9383137055348,27.9140729211445],[75.93710258698728,27.91775951466695],[75.93450830185408,27.918623549533052],[75.93699908130358,27.921857506396908],[75.9394267343415,27.92107587469417],[75.9396616797209,27.92278684942376],[75.93239627099297,27.930129983767312],[75.93906750165262,27.940585758444396],[75.95168167002507,27.947712564074937],[75.95794324825394,27.93802877120129],[75.95791261839767,27.935901583288466],[75.96603523999393,27.93496707291315],[75.96815619202413,27.931911088773663],[75.97270865625468,27.932656994874435],[75.98304575528202,27.950979899837705],[75.97786022760948,27.95436929865742],[75.98198169274315,27.965325701917124],[75.98866208532039,27.96819894439115],[75.99456521239468,27.97540806486109],[75.99816293366656,27.975279201551583],[75.9999544851602,27.977569614248562],[75.98987052060015,27.982319773497526],[75.98592123735365,27.978607014050038],[75.968786440146,27.980929068478716],[75.96581694219337,27.983601351288552],[75.96501936488353,27.99630734091562],[75.96674040222062,28.00002325361396],[75.96847316526708,27.999125066486048],[75.96874374591552,28.00031871833031],[75.97760885743341,28.000190643849646],[75.98687377943988,27.99757953009274],[75.98993009417485,27.99468547849681],[75.9955350245923,28.006880911766586],[75.9952043727025,28.00877801185538],[75.9711173976284,28.016066994301394],[75.97272966515425,28.02362439345322],[75.9769418322838,28.03135930058513],[75.98347076710756,28.03137685297905],[75.98905611425177,28.03359677874914],[75.98966430603848,28.035811413678832],[75.9935172773101,28.035194759675907],[75.99461934128047,28.038505545297657],[75.99600396673016,28.038265754606773],[75.99773546135546,28.03299382088927],[76.01641580102627,28.030490156949945],[76.0186773420934,28.041997289743563],[76.01713080339856,28.052693745502854],[76.00778501235528,28.055704415587517],[76.00829999404979,28.05838494420769],[76.02535322333128,28.054229548357196],[76.02958839362036,28.06142910001936],[76.03371179192848,28.063326876322005],[76.03881872060691,28.069321998012015],[76.04079173088962,28.07404602371675],[76.03726290411184,28.075968349281666],[76.03874069653462,28.078215783079735],[76.03537095600375,28.080504631676483],[76.02321069017471,28.085984210826204],[76.01596059592572,28.073488025974505],[76.00987283811108,28.067621988005055],[76.00765946291284,28.058921209969856],[75.99877491005556,28.05710434111114],[75.9947210233841,28.052194484230096],[75.99286337115694,28.04632159789099],[75.98442223211377,28.04707744994903],[75.97486061992514,28.050980452492162],[75.97932173267783,28.05791885139156],[75.98265756001007,28.057397500042516],[75.98832776920256,28.06627683077889],[75.98868217165015,28.068994363293694],[75.98289285034257,28.076643658094618],[75.98343279801544,28.081340647602193],[75.97225017948986,28.083259650212224],[75.9646095175183,28.08045888758293],[75.95709397020454,28.082315858139978],[75.94986093496281,28.086109047149513],[75.93861861799674,28.087930254352294],[75.94560815679587,28.107155238143616],[75.96170872721017,28.114789320068823],[75.96739200599171,28.113811078403547],[75.97667387202108,28.124740421290316],[75.98819095398817,28.125034694846075],[75.99899276498668,28.12276494188475],[76.00434526611431,28.131981161417478],[76.00060122904561,28.133194145090762],[76.00301730190117,28.143171157719916],[76.00452790349306,28.144250887160872],[76.00404547584614,28.147710997073748],[76.00748573053352,28.153137190185788],[76.01684528376697,28.15007697867936],[76.02611672035589,28.164643678773146],[76.03002714877144,28.164078053801305],[76.03179555247681,28.16785108904976],[76.04224968671429,28.165466664673414],[76.0602153725591,28.166902371241637],[76.07063276031158,28.165133760961748],[76.0696171573907,28.155776689732754],[76.06537190620752,28.14151429207036],[76.07469326577004,28.137126125258554],[76.08440468640534,28.13691738621504],[76.0878748145675,28.13997295320703],[76.09293923586502,28.14001938246866],[76.09320398195565,28.14136830877464],[76.09499562777236,28.141402839758392],[76.09544126761179,28.15086053892688],[76.07617011496177,28.168545926206555],[76.07633296604804,28.17334516721709],[76.0740099990801,28.173584687842467],[76.0743833748448,28.190117477952214],[76.07213204223258,28.190172671636887],[76.07193196136767,28.19432562685494],[76.05149974250112,28.19628405064251],[76.05095858030596,28.198064989614682],[76.0473579422044,28.198135137617403],[76.04745584150237,28.202773737956456],[76.05242538273956,28.20401380871692],[76.05573625487318,28.212599957718115],[76.05596470363649,28.220272462709723],[76.03781989013069,28.222695800382127],[76.03720602817796,28.22574092571357],[76.02777718339506,28.231356032181456],[76.02781678652266,28.232641904463684],[76.01613626147952,28.236950758699386],[76.01655480004514,28.241183101351726],[76.01321481351312,28.24404075512362],[76.0129987399412,28.24603924315549],[76.01612144466722,28.25018131667171],[76.01473769597325,28.25014709935948],[76.01508104285463,28.25252700867582],[76.02263838428698,28.267345044744342],[76.02261013586455,28.270340770417484],[76.02631811276113,28.275029121409833],[76.00297996342637,28.28402981700914],[75.98621212980893,28.293113768473003],[75.98179954494624,28.299521332768087],[75.97795826075645,28.301861314686295],[75.97806736833422,28.309323649920195],[75.97344358775159,28.31490344730262],[75.97249131695654,28.318569784280303],[75.9578422722261,28.313817203153704],[75.95680052024561,28.326742453050077],[75.95226078693928,28.32920537335036],[75.95231810394598,28.3310055271771],[75.95516854997064,28.331121158212873],[75.95501780997103,28.333761383093734],[75.94805549820983,28.334159170023305],[75.93849309280881,28.337331359289145],[75.93297050915685,28.336600321180118],[75.93199474741716,28.342899023474853],[75.92853225673151,28.343111533568216],[75.93008054803946,28.34900411847477],[75.92953996346104,28.359136436395392],[75.92737269609141,28.359798005087303],[75.92712431820358,28.36289669354036],[75.92354394609478,28.363345252651545],[75.9223710275064,28.366419215750387],[75.91668928394566,28.367378473969836],[75.9182313795731,28.372002297985144],[75.90852532277837,28.370903028963696],[75.90821166521712,28.37268886287475],[75.90482715368806,28.373267513086553],[75.90061412327752,28.371782993638043],[75.90021260329497,28.378051943626016],[75.89843283679954,28.380324162814336],[75.89929433732671,28.383949630655465],[75.89760134359614,28.383822978411622],[75.89517434722676,28.387610676087537],[75.8963438198777,28.390080732946778],[75.89306243314662,28.389700364660083],[75.89037424172687,28.38309165978763],[75.886603883122,28.38510008344472],[75.87923913509668,28.385389700302646],[75.87552736820795,28.38724158437864],[75.86400494395986,28.385222460946608],[75.86399267387141,28.389005539998312],[75.85472489252737,28.389827016995756],[75.8540531548158,28.391744561637818],[75.84498333880418,28.39169022865049],[75.84425493536449,28.39461883440172],[75.83950668152112,28.394379802557953],[75.83742495802105,28.397378561776975],[75.83739254950056,28.402094024268496],[75.83282804964182,28.405361050654243],[75.82828340973737,28.4053595382846],[75.82479426154569,28.402969742070695],[75.8221395197939,28.40298798257525],[75.82283937477386,28.405629411378115],[75.81983286712982,28.40686944689432],[75.81903960442831,28.40984180134253],[75.81559318100985,28.40976256013031],[75.8154187066221,28.40762643446839],[75.81247719747877,28.40774158379941],[75.80979752747783,28.40583812318527],[75.8060006811485,28.405855397622815],[75.80691980680449,28.409137962147305],[75.79954533271959,28.407153224334678],[75.79945998378443,28.403774263547785],[75.79454714869956,28.399616009481434],[75.78857311939652,28.401202269378818],[75.78854691014978,28.404154322940002],[75.78551331021511,28.404191187560983],[75.78536136557467,28.402113224999827],[75.77676252279181,28.40041585790184],[75.77629385733505,28.40418471764473],[75.7720158877126,28.407400545238925],[75.77000935410011,28.41264523524979],[75.7666970500519,28.414231560795276],[75.76969427989569,28.422778987605195],[75.77660751220134,28.42472417662543],[75.77976927567592,28.427501156127875],[75.78082090642957,28.432884193438593],[75.78850164763588,28.433566148757766],[75.79210662819352,28.444590245563777],[75.78827518864097,28.453560920786117],[75.78383926375052,28.453344359224467],[75.78346414974574,28.45538305570633],[75.78051999236895,28.456895720272342],[75.76696463841209,28.461312646710027],[75.73564764374066,28.46884746862769],[75.73565944670518,28.475950778645892],[75.73840294110875,28.47746451645293],[75.73945114029804,28.484770725411575],[75.7344743487582,28.484658050732715],[75.7309434828047,28.486156863469873],[75.72900051398175,28.490704333638334],[75.72552887305662,28.48950733999877],[75.71856655321062,28.490233163387717],[75.70792775858837,28.493714292406075],[75.70665499225616,28.492284853285668],[75.70195653741892,28.491777770259787],[75.69923002476746,28.495408564018987],[75.69001318508658,28.499867265570163],[75.68416867398285,28.51097633666984],[75.67737034877847,28.51526547028801],[75.67089624891634,28.517325779924946],[75.66962271003297,28.529966823551646],[75.67092963660049,28.53143200330852],[75.66864055767833,28.532079892977183],[75.66577711572643,28.535998339109323],[75.65369895232111,28.53655174916792],[75.64521894587055,28.53938012648787],[75.63946200074412,28.54416898331032],[75.63345142258541,28.544448706152373],[75.63168043981682,28.553911337519875],[75.62569897336155,28.565804988739455],[75.62573002632428,28.57569572737642],[75.62319353430492,28.58901748935679],[75.62403635975562,28.59564423659704],[75.62168268298136,28.602073365363655],[75.6181765781904,28.603449772553997],[75.59107570952398,28.60558363483741],[75.58766764506646,28.607993443801476],[75.5862484802924,28.61319568222922],[75.56149396533407,28.613221116361956],[75.5607021821578,28.635923941632267],[75.55483904897824,28.64384499987943],[75.54950485641442,28.641462286991388],[75.54422639173754,28.654151888235873],[75.54506328022254,28.659440544200027],[75.54118340261151,28.660493975313557],[75.54499387009547,28.683109717251337],[75.53887956975912,28.6947833500275],[75.53990920077145,28.696723086549994],[75.53742206488873,28.718017444484136],[75.53988928152833,28.72134664857909],[75.53994071187499,28.724889660115014],[75.53042868219849,28.738259660618514],[75.53292226349338,28.74268451216428],[75.54298583180487,28.750401379728025],[75.53479691543899,28.74660152586752],[75.53033748073926,28.747441376299324],[75.52853767013491,28.75224096552752],[75.52385822454735,28.757160492142376],[75.5239481800433,28.761010192104642],[75.52208764871564,28.76104796267254],[75.52310826243917,28.763649969337667],[75.52147171434949,28.76371561551917],[75.52296826090046,28.766009781213324],[75.52203836354589,28.76789961586634],[75.51652904890896,28.77038931720022],[75.51760888047436,28.773809070977656],[75.51563514794618,28.77482184655423],[75.51394428052792,28.7732845661227],[75.51084947657628,28.78097682398674],[75.50344242418927,28.782408738931725],[75.50484657541999,28.78756562446127],[75.50814325327384,28.788605640398956],[75.5062698517831,28.79223803634132],[75.50863749017348,28.79118663970117],[75.51145498150196,28.793511794389946],[75.51085924485668,28.795547298102797],[75.50886660638503,28.795513608447674],[75.50884974949872,28.802666642686525],[75.51183935174741,28.804226574475152],[75.51613872642648,28.81234601868117],[75.51939830475739,28.812926033421515],[75.51851837978377,28.817065692252445],[75.52008813453881,28.822185316806518],[75.51897823815749,28.82628497657746],[75.52021801296256,28.834004394819104],[75.51552861134675,28.834234290432693],[75.51528859138429,28.839843845550224],[75.50779956054109,28.839223754271526],[75.5076495463802,28.84281346778722],[75.5050398677163,28.84435329735106],[75.50542908347441,28.8511468992611],[75.50102587522662,28.850949501055933],[75.49844072236661,28.848964308894985],[75.49693918567426,28.856981883533187],[75.49858446538849,28.870448450004545],[75.49651479907617,28.89632345322726],[75.49420051073218,28.89749707370402],[75.49291990300586,28.901149691900343],[75.48986098585154,28.90106367480993],[75.48754084588178,28.903171394648584],[75.48629891512002,28.906604636965223],[75.48725126945835,28.90796662866039],[75.48395155799382,28.907542408090656],[75.48489402457581,28.90866327497426],[75.47336689674893,28.92338929698415],[75.47719130159453,28.934707004002046],[75.4837905754033,28.93340760220352],[75.48419126983413,28.934654465935193],[75.49070752134436,28.934416390570423],[75.49330452567791,28.936278988159177],[75.49410301477778,28.934679140205297],[75.49864679679109,28.933957770143394],[75.50071564114495,28.934682292001874],[75.50044448557475,28.935944705006506],[75.50566796976298,28.935922530274723],[75.50871295943715,28.942254051282333],[75.51153437281013,28.942069971035117],[75.51184016023117,28.94370287094849],[75.50832432578736,28.948317242045203],[75.50889495991035,28.95028618530006],[75.51043271757327,28.95046451820913],[75.51000260062196,28.953887599399977],[75.51270754831668,28.955296455262886],[75.51210990544637,28.956928936814656],[75.5147239400411,28.960738513941312],[75.51870560755358,28.963091350962454],[75.52113676671604,28.962879844519378],[75.52433206070691,28.96951008031894],[75.52739587996778,28.97101377564093],[75.52682582705476,28.98533264105051],[75.52238631159813,28.993951884049043],[75.52034574890439,29.00378802219436],[75.52179861756959,29.003874862226763],[75.51554706903089,29.008260632061205],[75.50514505414787,29.01177420848767],[75.48480085670445,29.012110046549516],[75.47258858381035,29.01428918636548],[75.46288727551021,29.01245066540356],[75.4585933032993,29.014176702874597],[75.44570223732536,29.008301249467966],[75.44566774920496,29.017959826107678],[75.44292380833872,29.020911614514247],[75.44293556189588,29.023072476812533],[75.44492788146562,29.02436617815428],[75.44630217808616,29.02999548686919],[75.44784230640312,29.030432304026682],[75.44711159429316,29.035146928756703],[75.45043294796953,29.03538418016666],[75.45190898688087,29.039154795133303],[75.44669783296823,29.045531955657612],[75.44620195664318,29.048554700546298],[75.44318288695821,29.04802841335659],[75.44215289931469,29.050943142978362],[75.44384280463731,29.052228087719538],[75.44180608763128,29.057525390523093],[75.4314274316406,29.05629529517661],[75.41058006355205,29.0622144420707],[75.39123600632851,29.062714622548942],[75.39467197425535,29.07594306819193],[75.39419107913432,29.078222984622393],[75.39268220859597,29.07839283847383],[75.39289176668714,29.08393086821671],[75.3909523677691,29.085362259097938],[75.39283206106009,29.092831707189013],[75.39572168620755,29.093191734178653],[75.39691149581823,29.097571412132723],[75.39377189198508,29.09819130444056],[75.39209293443085,29.10197505068511],[75.39385177646835,29.11006037530099],[75.40575848292698,29.119809270006932],[75.40214334781332,29.127895155730993],[75.38437209243027,29.12946720455914],[75.37147440856765,29.13809775606301],[75.3711467157284,29.141570836039936],[75.37335413868956,29.14126754388319],[75.37434398870785,29.14277744433482],[75.37869525906086,29.142170331935052],[75.37968208624825,29.150791666220194],[75.38134300383493,29.15277678977539],[75.38127287775059,29.168895523834163],[75.39524108753056,29.167745873712168],[75.40675010082977,29.169748339505777],[75.40585968712689,29.17289566687175],[75.40942915638307,29.180205160886935],[75.41267873556656,29.181595111434625],[75.41435848633319,29.18431492967924],[75.41293877089186,29.187685395684916],[75.41405309776415,29.189389263843733],[75.41176876643826,29.191134346205587],[75.41130879397852,29.193924117557522],[75.4109987117121,29.207463050445767],[75.40734866626988,29.211070355549573],[75.40854897718623,29.21317255625693],[75.40290664541193,29.213250141165055],[75.39680045416765,29.217541994264202],[75.39799024760865,29.22350154874815],[75.40229969509696,29.222481708751296],[75.40206186702379,29.22710849769414],[75.40495930122603,29.228191311288747],[75.40524651328363,29.231524187415324],[75.40875855234538,29.23507098726519],[75.40866870554561,29.241900303356008],[75.41196827597466,29.242760297604462],[75.41049835728538,29.255689255213788],[75.40701673697578,29.258153550616367],[75.40604890825833,29.25701906889605],[75.4054489549211,29.260548781479258],[75.39315697091858,29.26132724850581],[75.38949291265625,29.261249233733125],[75.38611018607965,29.258052707731654],[75.37894820398363,29.256866483454615],[75.37821253496989,29.254741638579155],[75.3760243332609,29.25517339777673],[75.36232684965641,29.244437246869527],[75.3599550897955,29.227200550057656],[75.35586565050006,29.22301080232935],[75.34981741676128,29.223778989279985],[75.34265729058463,29.229300061686036],[75.32959796386976,29.232655826370284],[75.32809504197525,29.23532138050704],[75.33385831393623,29.241168968410125],[75.33428823954638,29.244158741451866],[75.33581804352576,29.24428875850188],[75.335628026487,29.24796846739076],[75.33870760309624,29.251978209433606],[75.33955744528761,29.25673785155546],[75.33840757297786,29.25886766285885],[75.33959741133461,29.259777613409454],[75.33842752905188,29.26347730212302],[75.33989090890422,29.263497585935163],[75.33999730267155,29.26634710534397],[75.3386274149824,29.273456522193847],[75.3402877863934,29.27349407606052],[75.34058247962065,29.281142975462963],[75.3350077290035,29.28689302989513],[75.32293364754284,29.289478097834618],[75.31709204069242,29.281810570993954],[75.30670666171017,29.274636873782867],[75.29833645454019,29.271857602490385],[75.28832685162105,29.273358177621898],[75.28588629069084,29.26912029816847],[75.28618334648729,29.258870400352837],[75.28400543138663,29.254604266077266],[75.28408284550287,29.248862416737207],[75.2558052565778,29.25181750766535],[75.244839665635,29.250136602937523],[75.24215170867555,29.244221497296707],[75.24204100658814,29.23642145138867],[75.23836710279029,29.23024434862051],[75.21799285310735,29.23184763852597],[75.21011552997417,29.23465422458],[75.1984900168607,29.25333561707587],[75.19570883813098,29.26339236209745],[75.1879898421683,29.268268057835137],[75.18364736901687,29.266964141059358],[75.1813676882692,29.263734352104635],[75.17620835367374,29.263264290897112],[75.1686193690855,29.25888449534979],[75.17433869995439,29.251245202632692],[75.16280220000411,29.244022468551236],[75.13781350053938,29.23873550396277],[75.12435521583718,29.23987516276756],[75.11957597820135,29.22286640820689],[75.07551157883117,29.229695063050187],[75.07286184428875,29.23793435700941],[75.07415163189896,29.243273961774904],[75.07318171280187,29.247833584526035],[75.0612231016861,29.26405208798819],[75.06041309977756,29.276101128527767],[75.04999435377239,29.28615014667052],[75.03600612773126,29.287659768841845],[75.01985951237046,29.286279272774653],[74.99864107628916,29.270690403178858],[74.98322684929465,29.280577147558656],[74.97096455281563,29.279079225751975],[74.96113758458029,29.280583973777553],[74.95577521905253,29.28615838203241],[74.94837725222631,29.30147705059991],[74.95530629488094,29.30909658099571],[74.9608620676894,29.320258784124164],[74.95803577736271,29.328185134258675],[74.9544961914628,29.33271471134375],[74.93985800646581,29.340023867739813],[74.93825471221136,29.36203866686257],[74.91676069366213,29.37130097988814],[74.90026766277494,29.384771365378626],[74.87762560627577,29.38354928743186],[74.87137630981347,29.394878282985136],[74.85051890754318,29.40360721227946],[74.84961903997024,29.40152735596081],[74.84477967449918,29.39968741006258],[74.82034283885956,29.3972071531796],[74.78751841724247,29.361427802898294],[74.78186233136284,29.3579098336662],[74.76998902785976,29.35690846746072],[74.76217010150826,29.354375734992388],[74.73918363631904,29.354139019273525],[74.71942603156963,29.36997740818403],[74.70701404522157,29.36661632168123],[74.6909397199866,29.365917196713863],[74.67976112771015,29.3692567243803],[74.65819325327153,29.37196376836852],[74.65205484215296,29.351277621820913],[74.65447469242427,29.332929105642567],[74.63434730876457,29.329608991434714],[74.59925183112487,29.327458506498367],[74.60731053848694,29.356226398432227],[74.60287103470841,29.3649056306136],[74.5896926210313,29.376634468909025],[74.58521317635861,29.378514241373395],[74.57785403471897,29.388493317834264],[74.57388444146223,29.39994234190813],[74.57362441512007,29.406471828023843],[74.56637522188133,29.42048058902209],[74.54922739281386,29.42472993914972],[74.53658439660562,29.42454469140762],[74.53454917798952,29.43524883903081],[74.53639886934664,29.44319825061247],[74.5346190588338,29.44770786497685],[74.53674486805473,29.459554282225543],[74.54330776368778,29.46789644075338],[74.57317395581919,29.465097219195663],[74.58461269211706,29.45850035670764],[74.58635226349507,29.46504746833013],[74.59584461737191,29.48039904763911],[74.59535741248432,29.489163588310934],[74.5996974907272,29.49397768153788],[74.60097456717612,29.501059158300976],[74.60455959435473,29.503184811680637],[74.60973885178659,29.511684242002403],[74.6218572525301,29.522243971132674],[74.62303879674185,29.53098236968802],[74.61899747660289,29.53258277292111],[74.61489801570214,29.531142811571367],[74.61424806033956,29.535332468153626],[74.61181834746472,29.538492178384168],[74.60766677170108,29.538870637017464],[74.60225952724,29.54392157494998],[74.59515564548161,29.5449850917976],[74.58988108039141,29.547911026140984],[74.58210974858025,29.555956330193148],[74.57588276986289,29.56010980921998],[74.5749328535522,29.5643194595746],[74.57694252497998,29.57180891141511],[74.57758219463254,29.60000671308924],[74.58028169584172,29.617115416471925],[74.58272054817624,29.623286582433764],[74.58153144374305,29.627154653506643],[74.58926041370034,29.631804430698296],[74.5913400800584,29.639533866014734],[74.58651062929314,29.647343162989106],[74.58544070165378,29.654472582204694],[74.5931176879022,29.676764178613336],[74.60117240315118,29.690388532343817],[74.60013711365083,29.699053584496838],[74.60468240393554,29.705373968474458],[74.60978491290275,29.72176241949733],[74.6081088218726,29.73190683787268],[74.60949734331568,29.743229038067703],[74.616092094107,29.752155861702988],[74.60322432953325,29.757977590857976],[74.60094264284758,29.76591603687721],[74.5974627814393,29.76727306532396],[74.58726763778644,29.7669050715591],[74.5812764470682,29.75232441499919],[74.57886784819581,29.752292037521013],[74.57836280186835,29.748872665827047],[74.57588675478948,29.748307861243717],[74.57516739109649,29.750157006170877],[74.57739354123636,29.753987479479072],[74.56246837235389,29.755586889683528],[74.55784471933201,29.75391494076683],[74.54640927805458,29.753008590041333],[74.54070528502089,29.748959838010332],[74.5339569420789,29.74039665630781],[74.51997086390959,29.740048634654197],[74.49158035495668,29.743465090708828],[74.48037029110259,29.743494078181932],[74.47995035116513,29.74558584328703],[74.47724789629534,29.74531176905002],[74.47378148356516,29.76834108315663],[74.47371807777746,29.78707202744071],[74.47884275357266,29.803128355683622],[74.4850827084543,29.81501363362097],[74.50789168720463,29.833047819712274],[74.53911753341744,29.8405914730163],[74.54583438232389,29.84561609327027],[74.55789448689708,29.86236206167009],[74.56103623051722,29.869643852978417],[74.55918587979669,29.87381527432636],[74.5512144006453,29.882254921667272],[74.5436210268886,29.90143864413761],[74.52200094236566,29.902248774808736],[74.5100195068552,29.90819274202544],[74.51545289139271,29.915531681687785],[74.51882910608178,29.929945967750893],[74.5271597397686,29.94278637118108],[74.26328990897187,29.957058875763085],[74.10168372238404,29.967064542813628],[73.89468376185788,29.973831442243775],[73.89574223418076,29.981255690003366],[73.88623628160711,29.99608752705266],[73.88625887513484,30.012068221540314],[73.89374988855985,30.02233792996969],[73.90401554367433,30.05003102013634],[73.92987179471794,30.068543440629657],[73.9494008617709,30.09588578818492],[73.95215634059866,30.104016739569087],[73.96760332915159,30.118914243973457],[73.97512232240277,30.120022859835817],[73.97072220435955,30.125073201810192],[73.96798960472375,30.14367638784782],[73.96817373869574,30.168456827232433],[73.97203184383925,30.175025802290648],[73.9737840248689,30.182958319302763],[73.9725888702823,30.198127560826826],[73.9078642739995,30.14910347809572],[73.82650953786603,30.091196443797354],[73.8062347532446,30.067678359211545],[73.59705445755637,30.018904976515735],[73.39699061661265,29.945880838385424],[73.33603885558998,29.741636492645707],[73.28416688098021,29.581035933423554],[73.28242142743372,29.571966235183602],[73.18086081285098,29.397174705446545],[73.08450577633793,29.23584349152885],[73.0042849018409,29.152913417012787],[72.94523685505989,29.02773503166105],[72.73245143598186,28.947638095423425],[72.47932680435444,28.81222421389238],[72.40365834018904,28.783240998046015],[72.39216362088266,28.771941016062584],[72.35445551540995,28.73313721514812],[72.29929864075804,28.669502190393537],[72.28012150129408,28.60687706754098],[72.23420401134173,28.478521526281423],[72.20611721829479,28.39412402724347],[72.13220294918193,28.31290597113663],[72.01636681205886,28.22755032922408],[71.99610862650727,28.208039993012942],[71.92773446088935,28.12161360385348],[71.8982659735955,27.9615331595678],[71.8749925011646,27.955764098453457],[71.66597639954401,27.877770605240695],[71.53838294848899,27.87618930577344],[71.48083983762538,27.87340204595928],[71.44679183872606,27.874156280534738],[71.38259685230386,27.8724974899032],[71.20512550600849,27.83534678454248],[71.15008028296322,27.81371757842947],[71.0615950668541,27.774095183682668],[70.98242103868355,27.742232165427136],[70.96275563970983,27.729309361258412],[70.95098092541082,27.728840702661394],[70.90584839952342,27.709506103847616],[70.8716106099608,27.705557247483192],[70.75906258705197,27.721209107323165],[70.75031074141329,27.73360699995213],[70.73946152182565,27.741882128552312],[70.73212496203561,27.760359178203615],[70.69781310008959,27.811150063100442],[70.68398201544281,27.828182411522413],[70.67814780981205,27.87233641495773],[70.67705904000958,27.921813252221344],[70.59829463103216,27.993096390370994],[70.58917220159267,28.01044668438217],[70.55398529971156,28.02629059484078],[70.52144029097873,28.032484279071053],[70.50541726763137,28.036953954192],[70.48868970369148,28.034526799221364],[70.4391200464762,28.020191828050724],[70.37191892521082,28.011794687524688],[70.29584602243652,27.93587496391909],[70.22584686286017,27.900821372855162],[70.206156782674,27.878881543984082],[70.1974011677044,27.866718466017947],[70.1452629486141,27.820369618460443],[70.13220090449552,27.805608621740884],[70.12307909489357,27.787566674481702],[70.06846109891934,27.655145915975357],[70.02565331596921,27.562880454230196],[69.96594967599889,27.52351485367689],[69.93351590205444,27.497758058465564],[69.89059824616187,27.4332871939371],[69.87583295763703,27.41526228480243],[69.86290857225093,27.40220308521132],[69.78300883199324,27.342545869821226],[69.75998776010604,27.321069719842658],[69.71420739888012,27.293023802919645],[69.70206071288322,27.28389184840674],[69.64457223216529,27.225169754263142],[69.62779826395278,27.21104963362583],[69.60011381554182,27.1939620403687],[69.58690286039355,27.18353288172891],[69.5131019981954,27.010006601795624],[69.51357739383027,27.00201482005185],[69.49746964048698,26.866940103118107],[69.48855334116755,26.831748378412765],[69.48422685443494,26.80489553583903],[69.51008650560189,26.74357252253747],[69.71951790556489,26.654808070382735],[69.72833082586308,26.649650265399767],[69.79168573388273,26.598305697932332],[69.82226906727509,26.58921779884752],[69.88592549481983,26.578806111903273],[69.93440235778017,26.58152517614174],[70.05602328510854,26.60058496530485],[70.1171814169998,26.586975290116378],[70.13792014373622,26.57195602793513],[70.15474160318286,26.56386715549747],[70.17402977980582,26.551401439766384],[70.17921317936946,26.50580286059728],[70.1816050848489,26.501534627627088],[70.18415600650673,26.484757252609104],[70.17674744135677,26.424021871997365],[70.18509596319582,26.37434056703219],[70.17882263949464,26.34275168546269],[70.16338511199827,26.29495612992012],[70.17492547829752,26.251373462272927],[70.16802391241247,26.21821986211024],[70.14090045650656,26.156021532439528],[70.083184406476,26.08342885286408],[70.09951715995022,25.938344584969506],[70.1741067842903,25.828460149794672],[70.19687312360733,25.81558573275814],[70.22220463455754,25.79322695556578],[70.24668970703297,25.76226042259631],[70.25135647200194,25.755742924766853],[70.26256854538734,25.720286572464794],[70.26837380909629,25.71377813821129],[70.35820617922965,25.680251382039202],[70.38674341630613,25.67391934614868],[70.44817646770862,25.68199913799028],[70.50122941071,25.684885630448107],[70.52986171828962,25.6835526810012],[70.59368236415652,25.710757923071437],[70.60853497521516,25.715094876353746],[70.64696516807281,25.712751917773673],[70.6598314701893,25.702197519089275],[70.67370873363159,25.675984684897227],[70.67331234931751,25.64483954332855],[70.66994961744251,25.632704270445085],[70.67121832877953,25.61117011264384],[70.66914959761343,25.593059552065537],[70.6695484271417,25.575617570786335],[70.66690995387967,25.531402492071525],[70.6782434103212,25.525689894538882],[70.67112657216148,25.46113116361655],[70.67256093732843,25.457978805516642],[70.67168523892825,25.42038988739414],[70.66451003542788,25.397065768745456],[70.69838306227275,25.36496586142746],[70.73650197990129,25.332594916194402],[70.75134406450145,25.277883605262982],[70.84185512710333,25.190819578538996],[70.8881684650755,25.14834688443521],[70.90208668810149,25.07270096071894],[70.91572614772517,25.010664331142827],[70.93737446270421,24.938815389319483],[70.94368341089462,24.925688921946595],[70.95515578101508,24.91256546209254],[70.99180796717697,24.86362925468806],[71.01781732348435,24.819411548768002],[71.02629459276824,24.809069262520456],[71.03363719372855,24.78823433379854],[71.0651607335417,24.717635833971933],[71.0965508717385,24.68942178343348],[71.11201349546893,24.67567759228883],[71.28758462196912,24.615841462265074],[71.29866983167682,24.62390489885956],[71.297819330122,24.625868409931684],[71.30430210501487,24.62835313806355],[71.3039130482586,24.63436232099312],[71.31370425456244,24.647981031776514],[71.34781986426331,24.66095128091065],[71.35857892892902,24.630888296087484],[71.36714115278764,24.629167724575375],[71.3693477645701,24.62628446068969],[71.3729873185881,24.627609149533274],[71.37738230096284,24.6258668575527],[71.38126878927604,24.629387754616268],[71.38282951775909,24.633558680870774],[71.38797265123841,24.631068129512983],[71.39117575967394,24.63115509338544],[71.39676059567678,24.636193248032583],[71.39839664250651,24.64064895369694],[71.42259036258919,24.64769938291622],[71.4271855156604,24.655502024807774],[71.44773519014863,24.66825591332681],[71.45049578488197,24.66878740971247],[71.46172313322045,24.666306775906254],[71.4778130918363,24.67954082171469],[71.49952348399474,24.680252457045093],[71.5027008332395,24.682750312035505],[71.51352813393422,24.679396024316556],[71.52092508566415,24.68354984733062],[71.5289667816297,24.685126100500177],[71.54187733835036,24.676069983644556],[71.56137930772275,24.679126643782556],[71.573401748631,24.68392539381986],[71.57813547402128,24.681954442266363],[71.5846456834629,24.669875872349607],[71.59035613628183,24.667317408240955],[71.60787200691782,24.676964201859],[71.61189371054589,24.6730961311155],[71.61764395154538,24.67097510413724],[71.61956363334123,24.667426918674575],[71.62428316804497,24.669725006598327],[71.6274595282446,24.66710574396105],[71.62528172273836,24.66401030917266],[71.62738037319335,24.664138952311117],[71.62960806933381,24.660385650700587],[71.63876449012533,24.659408395948834],[71.63995678178112,24.651158744746272],[71.64393172899699,24.643797981996496],[71.64724974273716,24.644448430110952],[71.6553790954098,24.639065118123483],[71.6633485237074,24.64465091220444],[71.66472239722145,24.64341283681761],[71.6774605690357,24.646181619702347],[71.69044169740506,24.65408119782948],[71.69692461153677,24.654257624391374],[71.70787989431173,24.661655003839602],[71.73648989312957,24.660235380049382],[71.74775428619375,24.66495240171424],[71.76243799601268,24.668500834699913],[71.77270261087804,24.675745056680675],[71.78028283240069,24.674789620093495],[71.79153773656051,24.677216033050723],[71.80297228491254,24.67152643841129],[71.81039352079958,24.65594393724572],[71.80254320461711,24.631003832160317],[71.80590901412027,24.626627535649266],[71.81605423749447,24.62019523264959],[71.82128392993961,24.62004904588946],[71.83085024840199,24.62326382812018],[71.83784250909646,24.621181693185033],[71.85217618228009,24.609244983544574],[71.85563470061554,24.62195361140633],[71.8653643696275,24.630562846479325],[71.85761144429654,24.651084412171635],[71.8577673100832,24.66639702879129],[71.86128870869187,24.672139257938916],[71.87176205789328,24.68164695914294],[71.87656404895694,24.68152226347807],[71.87998627984646,24.678793268271292],[71.88503804927153,24.67742731448323],[71.88824029083278,24.672021439157778],[71.89953608091449,24.6766229850962],[71.90750787806948,24.67744329713898],[71.91862383261777,24.671996080485446],[71.92018274470733,24.670796071849427],[71.92032943689826,24.664043040402788],[71.91765947678724,24.660573201392626],[71.91165900647209,24.65843655851538],[71.9154530177184,24.64939302960377],[71.92551100659367,24.635922203204164],[71.93602404875419,24.635274474713864],[71.93865324870755,24.63638508517215],[71.93988163107818,24.63368749093553],[71.94288194124508,24.635638197539567],[71.94619520649064,24.640971146907418],[71.95528818915511,24.64512606055576],[71.96426148208778,24.645714601813467],[71.97735994839954,24.656768262395644],[71.988240847974,24.657412938716963],[71.98278184168792,24.67242694130117],[71.98380119687175,24.68578427910418],[71.99384211775661,24.694944586444155],[71.99516599643187,24.693053859341234],[72.00111048912838,24.694764373311102],[72.00143163055424,24.688306494667238],[72.0059159872149,24.690322067302095],[72.01249186979203,24.69047165365052],[72.01781927468558,24.69466904647671],[72.02845493418747,24.69722222305684],[72.03493375649306,24.702340747427353],[72.04256669654646,24.704263613566646],[72.04852200316236,24.71045103561447],[72.06131965782146,24.71200090183998],[72.08520872775027,24.706297002725535],[72.09117037377712,24.690853748772053],[72.09276457348767,24.6818332486034],[72.08636355516714,24.67876116617115],[72.08615019181244,24.67747324461422],[72.08722151543375,24.66990347062931],[72.0900300846948,24.664025196356686],[72.08982526431848,24.658579971140842],[72.0944760446653,24.65809962698055],[72.09806556791186,24.656006277876564],[72.1024894850219,24.650345586722782],[72.10762890217089,24.648884792434544],[72.10877257790183,24.64654163172516],[72.11496846592722,24.64831571595027],[72.11700409507344,24.643251545056412],[72.12456483303586,24.638498071694748],[72.12817665516278,24.641591928011188],[72.15026858338193,24.643554291597095],[72.16033982330596,24.635150834237308],[72.16481841637575,24.62117683497934],[72.17033216689353,24.623068940323996],[72.17328851440874,24.621358462655515],[72.18388052836421,24.619624695972227],[72.19202326323969,24.619941887508062],[72.19657750254125,24.614623659857333],[72.19777901360678,24.61659317794917],[72.19474079004331,24.622915409694595],[72.20220222913258,24.623006631434617],[72.21032292384254,24.62673987864823],[72.2166833032779,24.62679485827384],[72.22686598639947,24.63905751137133],[72.23035877546299,24.64050416587431],[72.23401288488355,24.640314275105347],[72.23697786520863,24.635283092585585],[72.24229986763407,24.634466660510366],[72.24857609558858,24.62679325446021],[72.2546823991223,24.62477835421669],[72.26310689328156,24.630822638221005],[72.26788217114361,24.636694399463902],[72.27085455448494,24.63746125570459],[72.27223815046534,24.636930190162545],[72.27068843892091,24.63040830514363],[72.27366700806128,24.62825740689837],[72.28298777922731,24.625645295879877],[72.2892012284182,24.619433964171048],[72.29714074551174,24.624687197465835],[72.30498273700651,24.61744399493708],[72.31516224907509,24.619843068676506],[72.32021465271073,24.617678372373618],[72.33545328062675,24.633190210204805],[72.33796102116716,24.629954237301963],[72.34738276566605,24.628410384664303],[72.34750670353085,24.625669272458712],[72.34345541838044,24.621631116001286],[72.34550937226014,24.614925461433923],[72.34446865334223,24.610736253733194],[72.33866371123017,24.605191697341397],[72.33852199031601,24.60003781104403],[72.33608848565237,24.598605042520887],[72.33061304019662,24.59934376055288],[72.31365694664507,24.59383493596043],[72.30779134489512,24.595780239508848],[72.3073056842115,24.597688578142147],[72.30462705356133,24.598863064518472],[72.3053525329848,24.60260578080899],[72.30329156955095,24.60331895640783],[72.3032601177362,24.60559089232356],[72.2973979610254,24.60886071031547],[72.29521285580915,24.60920074832948],[72.29001743139715,24.603600392467758],[72.28539382778261,24.606798113650587],[72.27605203064908,24.607342919692673],[72.26436085697657,24.604363814720987],[72.26431360020273,24.599949347156116],[72.2584596082795,24.598184284801118],[72.25689293833916,24.594052960795395],[72.24848075289592,24.58922655249688],[72.24640647642954,24.58549486424176],[72.25199901638429,24.58015593914233],[72.25311437542081,24.574989075148178],[72.26332675594735,24.564781177936535],[72.26483317408496,24.56016641889865],[72.26898354071625,24.560687978870707],[72.27508320120839,24.565263560374582],[72.28571503209055,24.565135046701137],[72.29019673692447,24.550339442268918],[72.28932013122584,24.547935827077904],[72.29481839927968,24.546691275807163],[72.2993495428953,24.547181413716526],[72.3018667453906,24.550096658223538],[72.32360748353764,24.55126352522911],[72.32688982248291,24.553859389204593],[72.32899893741265,24.552300253868804],[72.33041364744122,24.55443550392827],[72.32687989250577,24.557915950581155],[72.33094603579097,24.569197179437193],[72.34144007319335,24.563023684737566],[72.34844210037156,24.562332323021504],[72.35373858076147,24.563651318539264],[72.35436024188756,24.55643170802176],[72.35799050642721,24.55558720496188],[72.35838576515222,24.550847688412667],[72.36050928366919,24.550811618292336],[72.36121535139768,24.54774688342328],[72.36766413224355,24.54753508783067],[72.37013670463892,24.543630612634324],[72.36814998965822,24.537323449344083],[72.37144987090437,24.530399995730694],[72.37650258625541,24.52455428696624],[72.37969999038891,24.512285991942974],[72.38579757667107,24.511819837944095],[72.38861547493639,24.50761504780175],[72.39173281402522,24.510747188646413],[72.40004997208445,24.51436252266421],[72.41297692305902,24.517144505226767],[72.4163389003492,24.521063002777254],[72.42015601267133,24.519991396812074],[72.42424147512503,24.516460081534728],[72.42534324085467,24.517472815131324],[72.4335029601772,24.515800071830828],[72.43608385232784,24.517090163202273],[72.4414459402762,24.514957237335352],[72.44147552090018,24.511210133585525],[72.44376137037887,24.50843812894906],[72.44294582676335,24.503875497024293],[72.43022803233302,24.48006569108075],[72.4337893332083,24.459998367986802],[72.44389870751445,24.449850596165074],[72.44804958798211,24.447684924938898],[72.45146964405033,24.442002546290187],[72.45210275061145,24.433859708007514],[72.45842619581391,24.424759454038732],[72.45725322153001,24.414694222139335],[72.47498773222469,24.41429494216387],[72.50035338274891,24.41694430856642],[72.49318569994412,24.458981956375233],[72.50443047559912,24.45826469447084],[72.5047927239324,24.471495912405643],[72.51447855246353,24.483853918093033],[72.52007102055305,24.500293927730237],[72.52631756547564,24.503119579721044],[72.5335134104646,24.5037042190968],[72.53637327712168,24.512902095821957],[72.53599331311268,24.517507032981936],[72.53895701244016,24.519513533266426],[72.5412321540007,24.518625546828957],[72.57595091324455,24.478750287967483],[72.613560352258,24.472207759122263],[72.65632768137598,24.46211641286119],[72.67093325932476,24.46478042866675],[72.68087095120707,24.46503892618824],[72.68337049282387,24.463776250340135],[72.68824261266683,24.457705263999806],[72.68751051535467,24.452502862033928],[72.6797812040376,24.44282893854209],[72.6891547018192,24.411633206712597],[72.69191931651343,24.406025442955613],[72.71991722126297,24.374675339119108],[72.72434227474184,24.367518443493065],[72.7308703121486,24.364199530735913],[72.7494002415015,24.364942883869848],[72.77142689094562,24.368127659898338],[72.80583664679972,24.362837495812197],[72.80851694831631,24.366659967904905],[72.81479010313424,24.370129561166827],[72.83650370048163,24.36906457826976],[72.84977017510775,24.3719459053766],[72.85408846381507,24.371211064099654],[72.85569568730061,24.368543089797097],[72.85768354314169,24.368086972189474],[72.85859410336143,24.369636643977323],[72.86980808207358,24.363685621091264],[72.8699750043247,24.365763077825093],[72.89116213232172,24.356875829499838],[72.91074011174356,24.337115948649394],[72.91305378025,24.33783320880355],[72.91922448490473,24.34427337848233],[72.92767285089435,24.34489883000791],[72.93771295071905,24.348158317931063],[72.94999636569209,24.356043697725138],[72.95374159931677,24.35640294985401],[72.9667844096068,24.365251700642137],[72.96862862303729,24.367885244491024],[72.97512572156738,24.36870331801703],[72.97764085164931,24.373432320671085],[72.97755190945303,24.37672740154992],[72.97437542348924,24.382657387857634],[72.9596832380656,24.391171488533093],[72.95441605712702,24.39122046964088],[72.94929431433123,24.398089874360316],[72.95238900958672,24.40243101414338],[72.96093927237732,24.405224385036426],[72.96671913262834,24.410826679976363],[72.97088037875605,24.41719228203893],[72.97310648487847,24.426103987306416],[72.97632279585375,24.4274677662271],[72.98099280374092,24.43403456424347],[72.98022046549728,24.437464635033265],[72.97462075788489,24.439558384910615],[72.97312868045249,24.442159546669775],[72.97463308187228,24.449074173567865],[72.96778978969972,24.45059636051008],[72.98607030450893,24.46917174824238],[72.98732299439285,24.47348337485628],[72.99111467091771,24.477796107954315],[73.00099157470306,24.483452574610283],[73.00425700376144,24.481379508289606],[73.00666462706343,24.475343716984057],[73.00579213295386,24.472768951708275],[73.00145942448957,24.46918401191074],[73.00323139270999,24.466652350569348],[73.0103845452651,24.46690315264147],[73.01946975660404,24.464747615928406],[73.02003081109282,24.466151798879984],[73.0283108318999,24.465566061025307],[73.03171209790733,24.467184127783838],[73.03459415385022,24.464148187918234],[73.03657543671837,24.464735932367454],[73.0364364439877,24.467069614048185],[73.04282114620774,24.469082008962168],[73.048684509356,24.46917536054246],[73.04793657654201,24.474563146881444],[73.05666365023842,24.47799332276656],[73.06043978141729,24.48105085558549],[73.06022624917931,24.483907922944816],[73.0673925198325,24.483559959217843],[73.06949199673754,24.487170532314778],[73.07241671187663,24.487078020590403],[73.07113759535368,24.49121092175467],[73.07369653178043,24.493324330351115],[73.07722251628866,24.49507230566187],[73.0798022810536,24.49453594176304],[73.0811379887445,24.49747026893114],[73.0872393263913,24.497950371905503],[73.09589811644804,24.490027584145043],[73.0911381027593,24.47500940956812],[73.09371218927332,24.471747632823316],[73.10182761985573,24.470718901264295],[73.10328799933501,24.45566775173715],[73.10006971026948,24.454177492993743],[73.09840079228687,24.447921293512582],[73.10283914891677,24.432914230278293],[73.10025892511273,24.426004556989927],[73.09019947198352,24.413997135943458],[73.08673014242365,24.412435671013725],[73.08112228349842,24.40119037356515],[73.07651219863055,24.396508080824006],[73.08750500583152,24.386535733337922],[73.09007148720836,24.386162587527302],[73.09186447959974,24.387920956567854],[73.09536975704232,24.38777890113067],[73.10002626594571,24.390292657760636],[73.10269540319996,24.387341573299768],[73.10229006178419,24.38171255838519],[73.1041658896245,24.38321070789311],[73.10534999313649,24.38249779505493],[73.10761334880048,24.377437039654037],[73.11166357932873,24.373472446975498],[73.12027103875181,24.370402014338445],[73.12393908283906,24.367524880172265],[73.13035252396165,24.36591529839318],[73.13282623452247,24.36695785788543],[73.14553589740288,24.356957565646486],[73.15204016359057,24.35426035541654],[73.15468644590736,24.356447215111075],[73.15790820875809,24.354415314196043],[73.16416598531669,24.35631409276626],[73.17072356202493,24.355730003923988],[73.18081384263972,24.366564357246222],[73.19853379883018,24.37682132878863],[73.20668555638434,24.37456677759936],[73.21722551476573,24.367427513294633],[73.21927252107501,24.363806407761928],[73.20904239612668,24.35207620855172],[73.20626748853596,24.351174587071245],[73.19857319893855,24.331844672457223],[73.18784853705324,24.333939174944923],[73.18593814204078,24.33577256641947],[73.1855559214638,24.340051766708505],[73.18167325368553,24.343231223041908],[73.17635713163192,24.33778687937104],[73.17656761139457,24.334187254768654],[73.17457181893796,24.329983444742936],[73.17623760000362,24.32464089459434],[73.17372622937114,24.318966247359445],[73.173601062611,24.308497698146446],[73.16923154657627,24.300214299984418],[73.16652651893149,24.299158283003358],[73.14087774278588,24.310994309992736],[73.13544619530312,24.308340995916264],[73.13100136182003,24.28857600701111],[73.12545692485213,24.27333852359226],[73.123964469229,24.271151418488035],[73.12030168837097,24.271950666561114],[73.11835423695476,24.26858617875291],[73.10760803885883,24.26424270836969],[73.10361325414655,24.25539654818415],[73.09536499866627,24.24925485683094],[73.09338931409897,24.23788687474389],[73.08792173339354,24.23372856943478],[73.09046597158562,24.233948964407443],[73.0971311476003,24.230989061135578],[73.09223748256355,24.223246377496263],[73.07846726416716,24.21927950285565],[73.07928225801372,24.205013260725813],[73.07703716060789,24.20508253092183],[73.07681098278566,24.202177610039183],[73.06745417210877,24.194596939489507],[73.07658607068964,24.179109180966968],[73.09917014542879,24.15937363318373],[73.10387684859703,24.149784499459383],[73.10344050991404,24.143658527946542],[73.10638157798459,24.141914768215972],[73.11043387194304,24.142221316160622],[73.12217563424078,24.130561068240702],[73.12523110905096,24.12477037780891],[73.12936695351736,24.122608263725024],[73.13747674178146,24.12254006707906],[73.15354896226368,24.112693181193833],[73.15720632448388,24.10943971189425],[73.15500662344094,24.108599792488207],[73.15893453217356,24.098234277876823],[73.17515408893881,24.09412655501208],[73.18319232010231,24.089566012341447],[73.1973335552875,24.086465219121486],[73.19836218288167,24.084473540295207],[73.21394581596907,24.07759450747277],[73.20531894395272,24.06130097635144],[73.20239740974803,24.050897221629167],[73.19315662188,24.040904942145886],[73.19956973062591,24.036142890638303],[73.20892219255855,24.033801259210342],[73.21087295785985,24.031440139592256],[73.21075289353057,24.028756793015127],[73.21593324511042,24.02787077356248],[73.22938792846662,24.022017436899965],[73.22976030260978,24.015576235779132],[73.23267331000578,24.013153719651584],[73.23664806318556,24.012252906034327],[73.23742663753387,24.00734589664114],[73.23949250397256,24.003998700511943],[73.2428035360063,24.00219505456202],[73.24934403124945,24.003101042122637],[73.2523874219224,24.00939312651413],[73.25844967387118,24.011877061399666],[73.26101037458918,24.017622243331445],[73.26534038271771,24.02023248979496],[73.27048704028792,24.020942587113428],[73.27549518213284,24.019009942795215],[73.27939633005317,24.020222792035955],[73.28244371553423,24.019213242212903],[73.28547867372161,24.022108489836143],[73.28606634349566,24.02500680243371],[73.2891855690466,24.027003817588767],[73.28996766479082,24.0336037119804],[73.295291173691,24.039948712416937],[73.29669940417142,24.043867663155083],[73.29978928625361,24.04664984296593],[73.3066510289238,24.04599852856976],[73.30768214305466,24.04826499761685],[73.31671791112038,24.053544765925196],[73.31565507478184,24.057937368951407],[73.32338736131915,24.069974512622405],[73.32330687137139,24.074465835579208],[73.32528179686227,24.077296138374926],[73.32145406286023,24.097152379303754],[73.32305158723564,24.098552335347115],[73.32633701009726,24.109558401596118],[73.33302434934663,24.10860582819763],[73.33335628492895,24.103317725124956],[73.33836324099775,24.098741892349636],[73.3434126128193,24.100507918288802],[73.3471090715173,24.106710949122395],[73.36200680315602,24.104574971973523],[73.36285163454474,24.100540560408454],[73.36089456217185,24.09622054994895],[73.36072495126304,24.087405878840688],[73.36206233970182,24.08619064704763],[73.36088316614413,24.081195243939277],[73.36533471722892,24.07897281696688],[73.36685052006631,24.07615171817034],[73.37031201182535,24.076284445484458],[73.38626380326227,24.06464431852424],[73.40470966198266,24.040950173563527],[73.40090490598729,24.032116918183075],[73.40667099865827,24.018433044505393],[73.4080101891175,24.008008506388546],[73.40376246846562,23.99321497314655],[73.39862392897066,23.989967867586532],[73.40467092213605,23.99093516535161],[73.41497138337448,23.985697075649764],[73.41605236837668,23.97007617798433],[73.41324356196039,23.958746166391293],[73.41422090653161,23.954916580154073],[73.4130410843903,23.945879336473222],[73.41492169935275,23.94449795055718],[73.41325190730939,23.939079767649705],[73.41631126823148,23.937788158728985],[73.41691694832865,23.934644595789877],[73.42084164468582,23.930740835049082],[73.42007118661607,23.924789677555808],[73.41456258254657,23.921501633531133],[73.40900279606544,23.921488244652533],[73.40653352947034,23.916417928064515],[73.4004053654342,23.9167392471023],[73.39517454201011,23.91892885680784],[73.38747677323761,23.9158172814999],[73.38383608734232,23.908769335339702],[73.37907908570472,23.904823518600395],[73.37772814078996,23.896060538727383],[73.37102662971867,23.89105069077988],[73.36803856628407,23.878241419918336],[73.36606860218849,23.878243622162653],[73.36521736671008,23.87539051465743],[73.36113943573176,23.87261409924839],[73.3581480386491,23.861850893258456],[73.35574108099875,23.85914221005549],[73.35609038730371,23.854483642375353],[73.35385841787743,23.852765210325536],[73.35785167814868,23.84652744863889],[73.36772897000624,23.839378369156158],[73.36687642208922,23.836556689024107],[73.36856824800988,23.8317945591665],[73.36510106183029,23.82367612275193],[73.36812649338408,23.82251672493413],[73.36792871490125,23.81414570231461],[73.35874043535817,23.795586933783003],[73.35186240713021,23.79131067915264],[73.35608113824956,23.784931330817447],[73.36335156945823,23.782140372847913],[73.36379088425973,23.77806183954213],[73.36657732621872,23.776952063970157],[73.36726000630878,23.774280672272926],[73.37154028190658,23.77039973901048],[73.37079106450174,23.765173870007015],[73.38283834831918,23.76815235194674],[73.38625468176888,23.776573630986803],[73.3944743573484,23.78284243998968],[73.399202806933,23.783032758881085],[73.40026596486841,23.78497300545729],[73.40452575079287,23.780400111013634],[73.40859459621043,23.779082159563],[73.4107930926126,23.780071069336966],[73.41803513885496,23.776723257579132],[73.41642199277676,23.770232589258946],[73.41929250267331,23.769421185057926],[73.42435423621147,23.761554501155036],[73.42704204405057,23.76000155233621],[73.43116946681118,23.76116526202623],[73.43065131136879,23.75795327764215],[73.43190996696451,23.756435847553192],[73.43659994440046,23.75687228988763],[73.43946975361105,23.754884470567564],[73.44525081850288,23.75475859548006],[73.44776049940431,23.752788835207966],[73.44878040525539,23.750887781338797],[73.44669923152428,23.74431648896572],[73.44922672871272,23.734727763010948],[73.45013111391323,23.733277771641934],[73.45675682154756,23.733437038989518],[73.46038952501323,23.727227323502678],[73.47143484952234,23.719647360996724],[73.47353648957056,23.70514940195316],[73.48142033896428,23.704117436394235],[73.49067639909049,23.706820517542297],[73.50741293809838,23.70295898892337],[73.50520238091522,23.69873173597684],[73.50843157373163,23.6954112013708],[73.50390313674,23.656632018929407],[73.49662218266607,23.64907293942387],[73.49953518287553,23.648644342164683],[73.49945579336399,23.646733350223634],[73.50190130221476,23.64775405039144],[73.50584027459846,23.646925976060828],[73.5087932758892,23.644303297674636],[73.50575410460314,23.638753923974377],[73.49713395468004,23.635165529869923],[73.49378317758483,23.63225397153528],[73.50381417567908,23.624347763414058],[73.50272540408001,23.622715096793048],[73.50348497277186,23.61823601102948],[73.50641213582011,23.618944710287455],[73.5231029119525,23.606818364331705],[73.52489209189378,23.611756722666048],[73.53119765253723,23.614097944288158],[73.53303080591,23.6194666871842],[73.54648608484928,23.62590756338832],[73.5685627309288,23.6528145670349],[73.5726724146575,23.653683446852437],[73.5790338810544,23.652526753262272],[73.59819830396722,23.653805626982553],[73.61549672301565,23.652036014574154],[73.61944653986143,23.648735145788727],[73.62073873765155,23.645655080544582],[73.62679723374413,23.641787608930308],[73.6406842277376,23.628129590569312],[73.6556742756448,23.621208238510203],[73.64899392977995,23.608287469749342],[73.64486632016977,23.604027760513578],[73.64504530050696,23.596697960843624],[73.64337307941904,23.594287226309508],[73.64762543807274,23.57454008333666],[73.6441759235514,23.5721808906626],[73.64508432781449,23.57027377413138],[73.64969447197112,23.568021704414424],[73.64718616459378,23.56597382728754],[73.64057990997688,23.567934110405776],[73.63663618999693,23.564523812201717],[73.63312798763977,23.555012487754073],[73.6351586383227,23.53827480542594],[73.63308886151758,23.52860314431264],[73.65053407426657,23.518466951261974],[73.6553428691702,23.512315976223164],[73.65638382254838,23.507375936023557],[73.64963473220807,23.496388994957698],[73.64530643537017,23.49760496487087],[73.6407378077527,23.49632731466727],[73.63919102830937,23.48699973705918],[73.6403489396426,23.482636721476865],[73.63345472916313,23.46987312113543],[73.63433549316322,23.46230068828468],[73.63069246356335,23.45783938628452],[73.62722950934707,23.448492110264954],[73.63603716461942,23.448984220080156],[73.64621679167234,23.441341918955107],[73.64746682433966,23.436374865992555],[73.66052391424947,23.44794599476337],[73.67393568328792,23.454030861633303],[73.6852300737944,23.453515635679967],[73.69213916396828,23.458351753977123],[73.69540869922582,23.455832261022763],[73.69741995797666,23.456592844754255],[73.70428770408792,23.45135975174623],[73.70687639900508,23.44556159402451],[73.70512907067457,23.438121342754553],[73.7116578473948,23.435427214865413],[73.71166940871252,23.433845713523507],[73.70800734740509,23.43108156014848],[73.71047064110186,23.425283995561493],[73.70810085483964,23.422242480465126],[73.71123432228109,23.4217864000337],[73.71452904989248,23.416654458005162],[73.7137263710501,23.413736326586182],[73.72082572979106,23.41005607925418],[73.72876869731363,23.42313512486912],[73.73501638399492,23.425415080852172],[73.73660610919704,23.429734175810715],[73.7508736618842,23.44193399862013],[73.75645425244902,23.45009647626622],[73.75575044398346,23.454244401269673],[73.76770622720268,23.452845195310683],[73.77057674698071,23.447992851727612],[73.77230685101394,23.43774477226009],[73.77658887203833,23.437712137319878],[73.77899708822841,23.43122926210907],[73.78629569868926,23.430148774251833],[73.79447182753707,23.43103910769394],[73.80345604937347,23.437695189335187],[73.81862154274727,23.43838392951709],[73.82456425318624,23.442525103113955],[73.82872699860216,23.447618709250325],[73.82870073096494,23.443755685684454],[73.83181821737749,23.4403746656749],[73.83315153015982,23.43575090405106],[73.83025574167121,23.426158650350843],[73.83415529418359,23.42354660182156],[73.83511512340341,23.420368642311093],[73.83965145389145,23.418749991926976],[73.84089479680485,23.413274584866844],[73.84568142128725,23.410369693281243],[73.84558009401815,23.40744960549004],[73.8493373704575,23.40539831042724],[73.85005711054463,23.401901827328903],[73.8581877855374,23.396160099127638],[73.85929018008774,23.392061459211668],[73.86362925670907,23.38941112403066],[73.86340050251862,23.387170221705105],[73.86085907964663,23.385588603636396],[73.86179919893083,23.383549212629287],[73.8658700664561,23.384141616908373],[73.86637926300017,23.381180414192396],[73.86922924639246,23.381828419972116],[73.8677788669589,23.377969297496268],[73.87192959830621,23.377182217413264],[73.87298412522833,23.379381356418673],[73.87379793779031,23.376942727627636],[73.87249943023363,23.375790317573834],[73.8737613916296,23.375070221532447],[73.87247996194479,23.372392793846743],[73.87409451388642,23.370651453706582],[73.87434732765516,23.3635922301743],[73.88036605173684,23.35842360878656],[73.88725682795702,23.357202305719067],[73.8898072842875,23.350834301033395],[73.89132993498228,23.350402218824804],[73.89080588928655,23.34881418188086],[73.89267607121533,23.348202630609812],[73.88962727987085,23.3362963364686],[73.89194900357043,23.33403944943464],[73.90096454067762,23.3358981817623],[73.91860480731921,23.335395576253465],[73.93565834202796,23.339646009581507],[73.9394107451069,23.34432635984501],[73.936968709143,23.360494778543597],[73.93800888907174,23.367853496709355],[73.95359434394253,23.37588720777002],[73.95910940779727,23.38106289183239],[73.96237026353252,23.38082894180524],[73.96590189125736,23.37759723691593],[73.96673862163887,23.37481750810908],[73.97495225425148,23.37212641571397],[73.97708507661987,23.364772855349255],[73.98027049543083,23.362815698789245],[73.97950519099588,23.355306191450588],[73.98423395858408,23.35267138667087],[73.98220449457568,23.347458371082602],[73.98353366971784,23.344616087170092],[73.98195426346341,23.33777588038268],[73.98760497741762,23.335685740431103],[74.00441041990273,23.335845362833258],[74.02867419959442,23.331598500758737],[74.02482572079751,23.320987746118163],[74.03076787967092,23.31284325746587],[74.03308633080792,23.305920333791235],[74.0355411839343,23.304938106164087],[74.0408837721528,23.308658560806467],[74.04487667040297,23.308735106000864],[74.04241806591197,23.300215217332962],[74.03884973032969,23.298499669262437],[74.03818695241472,23.293373672363412],[74.04830965861805,23.293248615878532],[74.07178342301795,23.298790206060684],[74.08299963584017,23.29602345093963],[74.0859494139757,23.297967389060656],[74.08955149926324,23.29618524142334],[74.09224167595974,23.297982425081297],[74.1026243923355,23.293153991327586],[74.10685684522082,23.293674027417577],[74.11392564866567,23.284319162309895],[74.11555927453573,23.27432480725077],[74.1341733742341,23.26890341185279],[74.13881563855205,23.265982319346996],[74.13858063029058,23.25930828588262],[74.13694841657215,23.256292545261648],[74.13825268053314,23.247001476773153],[74.13630322856879,23.245200395277166],[74.13895582424539,23.239971860812865],[74.13983962544947,23.229650950262105],[74.13734861513291,23.229181645946888],[74.14077705517768,23.222946286896363],[74.13483664801909,23.216472365376816],[74.13440699998836,23.21352056443452],[74.13631672485762,23.210923589539313],[74.1335713772296,23.209664007960484],[74.13306350749723,23.207754226162034],[74.12558059058784,23.204182713580334],[74.12501956125186,23.189410172998475],[74.12283709798088,23.18450774671529],[74.12780861910495,23.17604294558703],[74.14159407382691,23.17489604842003],[74.14740021788484,23.17290916759191],[74.15149164964357,23.16829444628245],[74.15233074439091,23.162384493746124],[74.15545472472465,23.156285682208345],[74.17279757175208,23.155653513793098],[74.17848048581766,23.15438782914071],[74.1811945334462,23.151575054378785],[74.18544817579244,23.156755443946086],[74.1829547561943,23.166277053564098],[74.18872427054819,23.17513267444454],[74.18862249232481,23.178082483011725],[74.19580275244194,23.18047141541123],[74.20294369150241,23.190240409414386],[74.20655133286996,23.18881101646931],[74.20903655444282,23.190210424547153],[74.21172252073559,23.189775727854553],[74.21902664325903,23.186498570078566],[74.21847793072392,23.183794642928415],[74.23368725379876,23.179568770094452],[74.24082048800906,23.184623018234902],[74.24172331283592,23.180606009012724],[74.24706716408569,23.18435871597558],[74.24908793060551,23.177580602653173],[74.2529165189054,23.172029022648186],[74.26774463021133,23.164704385971095],[74.27274398383783,23.159628745882085],[74.28006463895576,23.131835716837628],[74.28374505913266,23.125593946750662],[74.29299138241947,23.117223225066773],[74.29192512529637,23.112960493006444],[74.28317870907529,23.0990628354497],[74.28444197213008,23.093213537627562],[74.28859336912902,23.08888634531305],[74.30221629346319,23.084902795038797],[74.3145228562245,23.07702557920698],[74.31973705183267,23.071221660705486],[74.32444904787452,23.061411061478427],[74.32756034669141,23.062772027830768],[74.32916007912578,23.061220269181163],[74.3311271308832,23.061647466972488],[74.34153714167054,23.06785524313943],[74.34989612259447,23.076045116116987],[74.35600121699576,23.07989296987592],[74.35453209690878,23.08571010555906],[74.35640406917987,23.088665609193853],[74.37739450565556,23.106203845591768],[74.38614457981649,23.11146729278297],[74.38934017743796,23.111464880223025],[74.38992137934194,23.109607865437134],[74.39276240293759,23.111203693086438],[74.39753848569012,23.110483364615508],[74.40554203649378,23.112263336880208],[74.42300102400937,23.104103357279065],[74.42765884624971,23.10653363853278],[74.43224587944901,23.10496991173678],[74.44068954904633,23.095100494385537],[74.4409541963223,23.090717314221067],[74.45423498380583,23.08834866527756],[74.46413587620252,23.081744373420378],[74.46730265227642,23.08301392744221],[74.47481064386031,23.081747567463907],[74.4750184637114,23.083582912665616],[74.4894074246075,23.087487171705465],[74.49155225655295,23.085905399100014],[74.49917063222063,23.086954422806787],[74.50576569382905,23.085121737479206],[74.5092551339732,23.086826215582036],[74.50701301538083,23.091480944086744],[74.51062971895296,23.094663356429017],[74.5279951532199,23.097557153050946],[74.53943932342693,23.103429906258214],[74.54481275889398,23.109024751926796],[74.54640795663278,23.113971614041898],[74.54400970096259,23.122374781606247],[74.53930877396165,23.127269785915125],[74.53941281593954,23.129308079925213],[74.57670727866495,23.134243267814874],[74.58494664801046,23.139643915183004],[74.59654145401252,23.137881070133627],[74.606628964223,23.14264817486047],[74.61839620184386,23.150466190476138],[74.62485103194487,23.16171183416828],[74.63200987353068,23.163683232893767],[74.64933085736072,23.17522893856686],[74.66422312724254,23.195145650128882],[74.67141545712383,23.200062868109956],[74.68177822461205,23.193925094064173],[74.698773798222,23.192305805851465],[74.70849564380617,23.194204689370828],[74.71496925408648,23.190711235273373],[74.72156818563717,23.195871270442783],[74.72412862314877,23.196310792506196],[74.72552293603052,23.201199852887303],[74.74153757629966,23.2083593413509],[74.74435245532727,23.21189415502931],[74.7404365346121,23.21763728468197],[74.74337518801116,23.22093082148414],[74.74865657490766,23.223498260902982],[74.748991462354,23.225537180086622],[74.7471242277977,23.22670054100937],[74.74112692045065,23.226456379364947],[74.74127348957242,23.224726530473117],[74.73384206589176,23.220564206801342],[74.73304620166918,23.217739893209888],[74.72643162595784,23.214999686218796],[74.72250087405733,23.21683268972108],[74.71727950989316,23.215710691719984],[74.71553523224135,23.219160384431333],[74.70207252692964,23.21447029891495],[74.69184009870091,23.21918161770257],[74.69142221949876,23.225645406777485],[74.69784987017252,23.22615465765801],[74.70404788630682,23.229046752896743],[74.70570780856018,23.2314731634153],[74.7088506768711,23.231582362660053],[74.70933923192656,23.233226078438765],[74.71510516200246,23.236729751864996],[74.71317619611814,23.24112867581362],[74.71300027993438,23.250433473110153],[74.7075699541604,23.25485159801625],[74.69837748577315,23.257395913878923],[74.7011040981376,23.26483724157611],[74.69975878476139,23.268379652040814],[74.69362249546349,23.265302156282484],[74.67808305140322,23.271546360943017],[74.67677617154811,23.273866590951062],[74.67317118021064,23.269818267797838],[74.66700828820393,23.269042344613563],[74.66735593082899,23.267690545549783],[74.6634741568744,23.267118783961838],[74.6573837867589,23.261302042449806],[74.64885074018073,23.255959617723786],[74.63886900210339,23.255420815738855],[74.62694576035533,23.258751870461673],[74.62393219644473,23.271700515613606],[74.62491162600574,23.2737581896548],[74.62173192317493,23.273427231809173],[74.61858213873467,23.278167652561077],[74.60936170130105,23.282325349158477],[74.60222283375559,23.28048694205408],[74.59870435467158,23.27691754692629],[74.59496359735198,23.27671256605846],[74.59262657354648,23.27887146247202],[74.5889858346506,23.278960894384877],[74.58726879661315,23.27687686385798],[74.58513840239101,23.276910463430706],[74.58520991637243,23.27945559507963],[74.57941576572189,23.2846966570966],[74.57693549476457,23.284608410650577],[74.57340975729305,23.28973203462933],[74.5743959358968,23.295144834526976],[74.56895000189476,23.295251633425504],[74.56397566185731,23.293571957518505],[74.56246209941825,23.29157690914887],[74.56345536303466,23.288331614568076],[74.55829485883267,23.279742583915375],[74.55371775740714,23.277473887319132],[74.54968033775314,23.2785598308425],[74.54667463499962,23.277038427578017],[74.54375495851096,23.280378683950495],[74.54124514825213,23.287590543051916],[74.53943476896845,23.29981224511882],[74.53434499901027,23.30058669284164],[74.53258130696855,23.30525327065549],[74.52785850419383,23.310813741386937],[74.53113289304885,23.313072766068995],[74.52989584013909,23.320683564042024],[74.52316500266704,23.3210707120197],[74.51497456635165,23.315747398393725],[74.51415541240704,23.328243267920623],[74.53514562250726,23.330764298282993],[74.53971114464876,23.33475548891822],[74.54040751506375,23.337897165155304],[74.53901262456532,23.339495327731797],[74.53826448693545,23.346740917172642],[74.54161435493559,23.357882815294257],[74.53981866490344,23.36189215971944],[74.54242098277189,23.36467199539887],[74.54672993259354,23.36493554510956],[74.55462819994757,23.361175610995712],[74.55761886310664,23.36182920933621],[74.55856889080842,23.36422798260619],[74.55753732392661,23.36766331970029],[74.55912853404388,23.371228288411686],[74.56521377208416,23.37289436207423],[74.56886116569966,23.376250414678953],[74.56951204812363,23.37837868356258],[74.56646721745126,23.385972275763095],[74.57313639905377,23.396352761377308],[74.57003849950767,23.412407218744335],[74.57238946426808,23.420610847133947],[74.57504977647298,23.423318318825373],[74.58189837679056,23.421647932853805],[74.5852906937811,23.424064955730874],[74.58474950104325,23.42568611609987],[74.58727293784662,23.426559963744403],[74.59028903859958,23.42450712846632],[74.59424540146884,23.424045911492986],[74.596699037378,23.42839782607075],[74.59919693058626,23.42884170041347],[74.59910234247842,23.436749166411303],[74.60611642864103,23.444395019083117],[74.61009907082561,23.451792478697605],[74.60982423845095,23.454133976630875],[74.60406044995867,23.45745702765649],[74.61302535801644,23.462213290910363],[74.61620110915834,23.45989215290047],[74.63232601852694,23.4616357716213],[74.63397960406428,23.468018696380668],[74.6331067883578,23.469792380085835],[74.63686587490247,23.46768272610272],[74.63884259163403,23.463835287719554],[74.65192910496266,23.46243538407282],[74.65998442837106,23.46836196732736],[74.66663829818954,23.478493539808714],[74.66592887166024,23.48278830657287],[74.6787261193825,23.483426423529696],[74.6813195403364,23.485184431333764],[74.68226090288893,23.487964633518597],[74.68025829940584,23.494920972321854],[74.68666153476848,23.49465193693778],[74.70090265632506,23.504227079296786],[74.71842301943575,23.503777727335873],[74.72172649304474,23.497575017215443],[74.72723455812508,23.495382553878354],[74.73188864247554,23.500398946064166],[74.73225054136414,23.5059190661006],[74.73604831116157,23.51099569679367],[74.73339374817449,23.521672166747063],[74.74911136408822,23.520312217063697],[74.76174313405033,23.521232045943517],[74.76223708618403,23.525879717950502],[74.76701008861347,23.530807075322606],[74.76728400740149,23.535486713555457],[74.77287866199039,23.54400688395053],[74.7941011494736,23.55090612510819],[74.79831370108212,23.539832806245595],[74.80294599050715,23.53247387485026],[74.80638811189368,23.53801596465473],[74.81072637374307,23.541079033349924],[74.81534607777095,23.540978696671022],[74.81810534389597,23.542472967693687],[74.8223609948752,23.540906291546634],[74.82927869001115,23.550670227807675],[74.83669473183922,23.55114986736502],[74.83996791515513,23.549859910026857],[74.8473246618862,23.552072108371735],[74.84656015515523,23.55416148438639],[74.84904809592848,23.554702736997015],[74.84845871127057,23.556283586772956],[74.85088820226152,23.558982605087262],[74.8501395678633,23.560672351354636],[74.85268079130928,23.564559711015335],[74.8534303015649,23.570653588818566],[74.85697915179037,23.57414597921457],[74.8689058646287,23.57451128528728],[74.87129890917197,23.57825041508438],[74.87336108712806,23.577033411250003],[74.87004534522725,23.591814271090932],[74.88010129762179,23.595259748344],[74.88215338929388,23.606085439391055],[74.88476967327007,23.606544678280034],[74.88505158886073,23.608040483412957],[74.89366988376275,23.609263305573297],[74.89764420305626,23.615957974018013],[74.9017601785852,23.617695994087978],[74.90104215158534,23.618615301678524],[74.90386766127604,23.623150679289758],[74.90272367832128,23.624656006619848],[74.9057782503246,23.625015142541113],[74.91005934698255,23.622250434744863],[74.91113882191675,23.619227896565775],[74.91490264168465,23.618095556845564],[74.92431454334297,23.6199520013857],[74.92752440980436,23.62188799741715],[74.92725965113733,23.62509958493533],[74.93651696531165,23.628550816697626],[74.93613989028462,23.639714154717556],[74.9280151423761,23.642160134468124],[74.92385553118223,23.651182266104424],[74.92462343085003,23.655244714940412],[74.9218041132466,23.666424139208996],[74.91768750440538,23.669402924869583],[74.90800366743919,23.67122431640257],[74.9071955034837,23.674646940269646],[74.90393260857276,23.674824016867493],[74.90444222822333,23.68011590855608],[74.89967598831136,23.682243659869176],[74.89969482149128,23.68413082376296],[74.90337356271696,23.684424999451092],[74.91760919916038,23.69065713923652],[74.92156096804526,23.694805326737296],[74.91832826012113,23.70614521887076],[74.9201469757706,23.711134537947142],[74.92019734880019,23.719356321668386],[74.92448066519519,23.71849808260837],[74.9265156718089,23.72039501090271],[74.92503301321226,23.72340419104677],[74.92791512395237,23.724090543911455],[74.92877665053065,23.728235105191494],[74.9362782083805,23.72958802209619],[74.93480779741442,23.733083654764865],[74.93175226241712,23.73440047996858],[74.92987791320377,23.740283627243866],[74.93012017536117,23.749985547220657],[74.92611654853154,23.751685205644534],[74.92428051515999,23.75630076945386],[74.93418697172156,23.7579781603393],[74.94038858201534,23.764670669349822],[74.93882094548776,23.77006428669223],[74.93520138796795,23.773270059652106],[74.9317769041037,23.78430468312272],[74.92824562851844,23.788036414941654],[74.92431048116123,23.79655506829722],[74.90370670653333,23.79423959840321],[74.90386272593186,23.798812473630562],[74.9066041434305,23.803877506390748],[74.90618130462963,23.81547149993601],[74.90801177383632,23.822148683787237],[74.91143428859347,23.825937521214477],[74.9088080539789,23.835612887437396],[74.91378483923054,23.842449432254003],[74.91170815438089,23.84641464897937],[74.90579786593712,23.848133124156604],[74.90366825235095,23.85267107848261],[74.90278800039057,23.860612500845846],[74.90395488319855,23.868949091465737],[74.90249829820303,23.873155886913292],[74.90824281783244,23.881874178352767],[74.9110327371699,23.90805450459568],[74.92076441930642,23.91934579598543],[74.92090051407197,23.92420291014113],[74.91607142981934,23.93092284412432],[74.9201574600083,23.93532214596619],[74.92804758503262,23.93921756269827],[74.92875092278092,23.954093893121268],[74.93110788649079,23.957499458534674],[74.94602414049238,23.962043876530107],[74.95890748544643,23.97196168387833],[74.96265697349229,23.97897076968732],[74.96243887062613,23.989273888945107],[74.96456686724483,23.996362069806764],[74.96311105300379,23.999795698847834],[74.9653599628597,24.006684291188915],[74.97279305111857,24.013926427289924],[74.97606956987913,24.020182735745973],[74.98244480924596,24.025701971680185],[74.97852993327146,24.03299762307711],[74.97846972279123,24.036535602694343],[74.97691357391952,24.036033230632725],[74.97390519867798,24.03979797588494],[74.97188249179713,24.038656294489805],[74.96936778841497,24.040298893431068],[74.967107683754,24.03905049199516],[74.96031298145513,24.039252100860846],[74.9601819235434,24.045952163553896],[74.95534689693514,24.04689182832548],[74.95530789478047,24.048539787054466],[74.94578463975616,24.049434042869773],[74.93930793298306,24.05381874754275],[74.93781528691709,24.062557858577556],[74.94041982362428,24.069809415091125],[74.93225851697866,24.07427544709725],[74.92747129511659,24.07432828210074],[74.92071535332562,24.077627382612544],[74.92083571769221,24.080175013815154],[74.91839920457069,24.081908080444233],[74.91904837121244,24.085987853883527],[74.92053782197094,24.086990570517248],[74.91750745327634,24.09118216597551],[74.91800640094135,24.097791788775723],[74.91498136374796,24.102462739935543],[74.9063947299681,24.10565613218777],[74.90334826166698,24.10919256978814],[74.90806649920341,24.121045474918528],[74.90494949788113,24.12436658010386],[74.90109123822741,24.12574806746634],[74.90186843995001,24.138828656686602],[74.8954002285445,24.152997779490523],[74.89597304737026,24.15769691505222],[74.8903597437561,24.16277625218148],[74.88958664733434,24.165413802856936],[74.8864990047522,24.165651257746223],[74.88460758754842,24.169865010114428],[74.88209426308019,24.170212588799302],[74.88170831898637,24.173025968461992],[74.87954056203492,24.173651506558922],[74.8823448876546,24.179612523623916],[74.89056640118719,24.18794552576481],[74.89420173581833,24.190257002173535],[74.899029788805,24.19060975247406],[74.90209259656282,24.1969580840141],[74.90707954715022,24.200973703614864],[74.91016928819693,24.210099214814285],[74.90540970839443,24.21285319871546],[74.8979789611452,24.214227822745837],[74.89684529354486,24.227115060892444],[74.88665987864651,24.229694124410187],[74.87993574260649,24.236244506428477],[74.86779686476605,24.243048037594765],[74.85032078320894,24.236445049355652],[74.83911535017012,24.237139421741553],[74.83292807519166,24.23981689713527],[74.82358953984091,24.239770995541566],[74.81127987250201,24.244211366859837],[74.79503700086187,24.243097218478727],[74.78687143350685,24.23968641690937],[74.7748223916864,24.23864316251171],[74.76221456901312,24.241116324427775],[74.75854154197101,24.243219189741076],[74.75432024077162,24.24210197742629],[74.75424717899293,24.2441982975062],[74.74710440018272,24.253402061422005],[74.7491475796689,24.258655934769465],[74.76895010826738,24.275591220595818],[74.77376762671072,24.27798399694538],[74.77594923029395,24.284113229590673],[74.78131219499802,24.28909718435834],[74.78046590294866,24.305864180159425],[74.78358776146167,24.31461147597402],[74.78309717441705,24.31934099684342],[74.77885784223326,24.323791323306136],[74.78090929071162,24.338496018052428],[74.79097160228005,24.34558755970786],[74.79822965290752,24.3566318949323],[74.80188247863555,24.358703086814586],[74.80106797257416,24.36430425754223],[74.80840195150437,24.376918901174406],[74.80725288767837,24.380763905740157],[74.81150887283086,24.38254811481705],[74.82145436298818,24.379452937209983],[74.82438296603583,24.38704773789165],[74.82518767686733,24.399952319026564],[74.8302392136287,24.40145363910893],[74.83497958295882,24.406431362116322],[74.84098137020415,24.408986560831767],[74.8488046479949,24.421486172631685],[74.85516952170167,24.424263835706828],[74.856152086383,24.428934176085587],[74.8542251479963,24.444498056921514],[74.8514936658647,24.44553987458707],[74.84178399874084,24.441159959171017],[74.83441843774017,24.443101263517214],[74.83209602323613,24.44212206980544],[74.83282441499776,24.438728465182432],[74.83008994057795,24.43507492181564],[74.81374865849845,24.436675789979418],[74.81915168447092,24.45296161942943],[74.82206286559193,24.453117523474088],[74.81811536460297,24.46459261752929],[74.81510865393967,24.468636941905064],[74.8062977054435,24.46725672731079],[74.78689562334081,24.472153355160078],[74.77670193495872,24.460297141659495],[74.76941352666456,24.46314554667879],[74.76489963968558,24.4666995542433],[74.75326681159076,24.466780815394817],[74.74443731468058,24.46853030087853],[74.74367433688225,24.47406527076418],[74.73169307654324,24.480731263011496],[74.72745613118316,24.488762565845658],[74.70872383205801,24.486418956176717],[74.71215889807634,24.50040041350069],[74.71665755142473,24.506693853419414],[74.72464094762667,24.511681235668448],[74.72466756920012,24.51311668959393],[74.74467480588552,24.513413288055776],[74.74614868255195,24.518635302252395],[74.74560181156318,24.524925787391446],[74.74354211744881,24.52755966807821],[74.74421733523383,24.532248670003547],[74.75577299624909,24.53457549856491],[74.75249089535735,24.547283611508234],[74.75371441424907,24.55380174653756],[74.74914613966949,24.559392563158642],[74.74350819706369,24.571395489385935],[74.75274401904484,24.57513985593379],[74.75275491740588,24.579557977449593],[74.75834522504712,24.576984916808275],[74.7603028417991,24.579238963116776],[74.76690243540814,24.579483255932036],[74.76709590646918,24.578408939257454],[74.7783530662987,24.581432139919393],[74.78076392623066,24.58558656826735],[74.78651513741066,24.58581395413033],[74.7861698878975,24.594147510884504],[74.7833893352935,24.594456951718634],[74.78299825822616,24.605434653961055],[74.78092769629349,24.60529630949551],[74.7795665159744,24.615328722639983],[74.78148951794354,24.61555504913503],[74.78209275372484,24.61777703284973],[74.79130455655189,24.62058359184984],[74.79017556558092,24.621869405450973],[74.79140040050451,24.631341726055677],[74.79679761078386,24.634371433760816],[74.80296415803545,24.63401783583982],[74.80624500398075,24.64840715755434],[74.81136421712065,24.651157082461236],[74.8136403818623,24.649539029357577],[74.81558920859925,24.657817624585903],[74.813764043046,24.659008213575138],[74.81424160451903,24.665915310598642],[74.80894265106714,24.66654812714404],[74.803501218523,24.665285112156457],[74.80076078467961,24.66720243312118],[74.79760892782598,24.664151962664725],[74.79031559496741,24.665031211904875],[74.79014259830831,24.65990861088612],[74.78852017263324,24.65828661534289],[74.78542996625923,24.658859648349683],[74.7835872206759,24.657471887267043],[74.77980869548679,24.660703474311514],[74.77422725421738,24.659106956527374],[74.77176276665959,24.661445139050194],[74.77765330115025,24.681755414648325],[74.78081998649431,24.684829492434787],[74.78368539485835,24.69155142402079],[74.78369619260806,24.701887820257795],[74.78723370609463,24.703728381333264],[74.78339765279475,24.71293101289766],[74.7794184754122,24.73138194459987],[74.78389532664868,24.727750962937225],[74.78911258191869,24.731486390610737],[74.80409530226818,24.735199289371636],[74.79925680546799,24.764572518875067],[74.79989786122103,24.779140524995007],[74.80901651414308,24.78071752879889],[74.81762491410225,24.745398912606053],[74.82658790156194,24.72973053797257],[74.82996927168246,24.727913128611473],[74.82985347974065,24.720646120008762],[74.83621884752081,24.706414585088055],[74.84338649708798,24.698512276342935],[74.84779747666128,24.699218016164675],[74.84649161190244,24.696880209688455],[74.84968668490778,24.688556719517223],[74.85455819569292,24.68861620265319],[74.85362617022946,24.68619153217003],[74.85070394342371,24.68479304711592],[74.8516400625099,24.67872555248605],[74.85304245304268,24.679188525517898],[74.85277516741473,24.685162793853735],[74.8600872561981,24.683240812395194],[74.85819619562551,24.675472136184037],[74.86102678618745,24.675512961159203],[74.86364553873403,24.670782606683204],[74.86495456825764,24.671374031006074],[74.86480660584888,24.66717151744752],[74.86733587721001,24.66632753480214],[74.869247655628,24.663032452569404],[74.86836862896966,24.65913235863924],[74.87526406654784,24.65285810201125],[74.87160854317904,24.652719423040736],[74.87386140202892,24.65098933688724],[74.87292806772008,24.646515336275012],[74.87596570468364,24.643192686138818],[74.87764708140095,24.646458053880195],[74.88020497847693,24.644962929012486],[74.8838935652381,24.641796546637273],[74.88325218249827,24.63811529444641],[74.88883687297403,24.63362636400426],[74.89368251138073,24.638131542610548],[74.8934856806205,24.642041159035607],[74.89127130829233,24.64310227440441],[74.89439818299792,24.64426219015688],[74.89812971372123,24.6415182919399],[74.90168555643288,24.632838634841914],[74.90195119365227,24.638937214231607],[74.90519028680147,24.641078831055435],[74.90959701734349,24.637992909342167],[74.91154560423024,24.639118139198036],[74.9136636969229,24.636786172110025],[74.92403641145629,24.637504708477955],[74.92911702129348,24.635624001036334],[74.93613431444167,24.6398746221852],[74.93697891855663,24.637974371602382],[74.93916877316578,24.637978076211066],[74.94068518775585,24.640842347618396],[74.94326426980118,24.637777161660324],[74.94279286807604,24.640055254296612],[74.94412189858944,24.640933546474475],[74.94216406444514,24.64740053364278],[74.94715712177984,24.6457781804395],[74.94894545910137,24.649780272591627],[74.95089196728658,24.64747415889763],[74.95205210284847,24.654109104129915],[74.9554474857891,24.656554787382678],[74.95777132412285,24.66149074443262],[74.96021845982264,24.656340054729267],[74.96137248594226,24.65643778009383],[74.9599075582927,24.666109223764796],[74.96407059476273,24.671066893217354],[74.96007095196138,24.678700173953967],[74.97569378573117,24.67896768044973],[74.98261022861564,24.682075625200326],[74.99890554839362,24.684399785359833],[75.00162675290007,24.686310099908784],[74.99998277664132,24.69223583002915],[74.99228910688146,24.69335595208707],[74.99342701632658,24.709984264898477],[74.99221426284524,24.71859231129785],[74.99370286739078,24.725065463547466],[74.99235283067274,24.731675584451267],[75.0162896397707,24.731925090639933],[75.01463491157634,24.73460454625884],[75.01539237641379,24.740065853977892],[75.00700664366074,24.771526681031272],[75.00096323028174,24.7746363266522],[74.99038839930103,24.769006129293835],[74.98447939005823,24.768369912475666],[74.98152443313509,24.76360331448121],[74.97248552276253,24.763465349365063],[74.96913905129247,24.77027008001521],[74.96479767049244,24.769185044014417],[74.952573170629,24.7733151465606],[74.9487830077654,24.771734401914948],[74.9351501094366,24.77834231101108],[74.93053603155732,24.778648003110845],[74.92192483963424,24.77078180157593],[74.91455132674672,24.769001531338876],[74.91054019808614,24.77006824824551],[74.90699155087994,24.781559887722867],[74.89503938607466,24.782681919759877],[74.88011043618316,24.790120202666014],[74.87984078169781,24.79731072433854],[74.8609022159087,24.79854424176582],[74.85961945492062,24.795517538738515],[74.8616888831794,24.785119848369092],[74.86098346942445,24.778986903594244],[74.84932090260216,24.775922680026156],[74.83976053278356,24.78931492577318],[74.83804356391643,24.797297911389325],[74.86103363134991,24.804531805265263],[74.85960137363057,24.80968890626283],[74.85914401167503,24.838397933133642],[74.85058863208054,24.851026916586285],[74.84929019818576,24.85735319696666],[74.84465427417709,24.866922193843557],[74.84328218920876,24.878822911438352],[74.8406704920304,24.88518376239162],[74.8373017001205,24.886634384475567],[74.83139751842404,24.886241284379462],[74.8257807859404,24.90070811296879],[74.82521146245942,24.92289370665508],[74.82662482321844,24.924237377237993],[74.82655166352339,24.933791612099952],[74.83410171602551,24.943689851992797],[74.83364071050316,24.95960887518808],[74.84309762853701,24.968950053911005],[74.84851108484824,24.966215227960934],[74.85231357619082,24.96687491869213],[74.85917035656736,24.96267591806584],[74.8596598126331,24.955804631225895],[74.86281268009142,24.953458227852455],[74.86748126504716,24.929278083078934],[74.86980050580331,24.924861104568],[74.87972277361222,24.929912002609527],[74.88117041498077,24.93724382070238],[74.88836077216168,24.937383385013415],[74.89206202696496,24.92971866687445],[74.90281290348688,24.929897952962197],[74.90785954442997,24.918074525270967],[74.91336060534601,24.916066352253242],[74.91313012818684,24.9084430403717],[74.91639621211706,24.9070726119467],[74.91058835407358,24.893944551094798],[74.91659617799763,24.885973501488294],[74.92074560678773,24.88455378294279],[74.92399834444778,24.877906501074335],[74.92729612453448,24.879743445962383],[74.93197271617439,24.87533255310877],[74.93127296719561,24.87882488932498],[74.93289372110596,24.878709353635443],[74.93247519601509,24.881173589851066],[74.94077493484262,24.880630198472225],[74.94135333490122,24.87919651386047],[74.9451912315441,24.87891816371758],[74.9491899787251,24.881233038583698],[74.95316525831761,24.880512845524603],[74.95021724626993,24.867731117159284],[74.94818205190832,24.864500973569914],[74.95670939148953,24.86070147297136],[74.9585337647287,24.858078789631133],[74.96823875432486,24.85601202459487],[74.97085143605675,24.857436142412105],[74.98150330565792,24.858410838925842],[74.98464628356331,24.85684883037186],[74.98547401731723,24.853364259224495],[74.99246625645213,24.85417623988124],[74.99398675658011,24.853078800115973],[75.00156639689276,24.85606209138761],[75.0086697863744,24.856444681416807],[75.01520103795322,24.85392344350986],[75.02159918795306,24.848391856252842],[75.03403866544376,24.844593955780486],[75.04180609227835,24.846921380422856],[75.04186601709432,24.849245847139414],[75.0482752208637,24.849861505170225],[75.05183827345382,24.85316359875123],[75.05212817686399,24.855996445556297],[75.05682323786614,24.862218855569257],[75.05991988246576,24.86354768186899],[75.05934913156179,24.866824390238477],[75.05547843742792,24.869770260384442],[75.05530416875438,24.871837462930056],[75.06289460412178,24.871475663089466],[75.06418711452561,24.867691636556682],[75.06574805680772,24.86814805522154],[75.07652689518947,24.880625560652476],[75.08843074859875,24.878823499833132],[75.08743984844989,24.870822556467264],[75.09840216862672,24.872400694878],[75.11166141271312,24.878377054069926],[75.11681861470811,24.8778572083731],[75.1191899855985,24.882395050238866],[75.11658072824446,24.891936085595965],[75.11448428674677,24.893281379185282],[75.11744232848459,24.895515328652227],[75.1163320440311,24.897165139447733],[75.11367918424979,24.897399890994354],[75.11345777378678,24.900605149046367],[75.11953461347747,24.91004167858307],[75.11660637963739,24.9109508909551],[75.1183615260058,24.92554663407664],[75.11411355292734,24.93638409190475],[75.11507324470493,24.94380936850275],[75.11355121654262,24.96675288699237],[75.12680417421865,24.96744263471289],[75.12958196450313,24.969215141082444],[75.13053053154425,24.97184071659404],[75.13624111821214,24.9765742959119],[75.14148497439437,24.978298784548695],[75.13844455175511,24.979797963716486],[75.13021897514248,24.979563615830614],[75.13218812266943,24.983555825898232],[75.13721953537184,24.98613430163918],[75.13945712465853,24.985751069093546],[75.14185117531491,24.989873409279276],[75.15195769387677,24.98918695059189],[75.15349165346268,24.994836037985845],[75.1559761671631,24.993821099265993],[75.15923278374852,25.001509606210703],[75.16650069608116,25.002846896561625],[75.16641127598116,25.005698893936845],[75.16763085665866,25.005730692347857],[75.16640044140053,25.010355619612103],[75.1617468340555,25.018153873933382],[75.15759634435501,25.020740465472315],[75.15227211231104,25.020678786089807],[75.15320730792916,25.03251449609797],[75.15530101046355,25.034252770459744],[75.15523802329076,25.037190020730858],[75.1582815352363,25.03933580086564],[75.16544050528117,25.039869877120047],[75.1658127545585,25.047563103379797],[75.16997562214529,25.048922882597875],[75.17805053781002,25.044242306012602],[75.18327686516614,25.03871543903273],[75.18907942764103,25.03736935529251],[75.19252333218341,25.033476641931095],[75.19823492496444,25.033033991989107],[75.19826840966665,25.035497118980366],[75.20568169815833,25.038932305626442],[75.21521292303585,25.034940296643043],[75.221018059184,25.035784942510833],[75.2259113765727,25.03358069446558],[75.23011291932744,25.036995162301068],[75.24043062372775,25.03514241685016],[75.25030115127122,25.03551542148056],[75.25236813341749,25.038966852080627],[75.26756680337137,25.042534844652643],[75.27470284481693,25.03911095397248],[75.28345853973659,25.03798580013007],[75.29201992007717,25.038576721401288],[75.30016470311145,25.04189206379818],[75.32417367207957,25.039363425893313],[75.33090869659915,25.041610092518276],[75.33433439408735,25.041055426221877],[75.3499531638788,25.033537306425195],[75.34895222505664,25.029845448659632],[75.34453920810424,25.02952411209217],[75.35084979841501,25.022674123469677],[75.35137261521544,25.019537343986006],[75.33905449472972,25.01683961088975],[75.33834565390197,25.01864758853139],[75.32111827542283,25.0105430894148],[75.31776486267057,25.007901715723495],[75.31187991929426,24.995671415158444],[75.31155705310303,24.988709418366685],[75.31407458887328,24.979026397942963],[75.31753490114437,24.974800065795367],[75.3277864149796,24.970581498171658],[75.32705479736782,24.967565831899194],[75.33160061765852,24.957757056509955],[75.33706223534712,24.95531767169355],[75.33548315607942,24.94369496556718],[75.32886811234583,24.933573421174085],[75.32582018068909,24.91925414497639],[75.32099456393344,24.91273362683576],[75.31844139558912,24.89410315612766],[75.31273038132319,24.885083934334695],[75.31511720952467,24.88928299200245],[75.3152637957144,24.894376284724164],[75.31164813867959,24.907528697703306],[75.30858592650478,24.916561677484218],[75.30152541271335,24.920797810635083],[75.30092490152235,24.923581558280944],[75.30153349305934,24.926330718742975],[75.30500783072692,24.928437826873918],[75.30075192642282,24.933078986206763],[75.29765584955842,24.932951840392228],[75.29008164944312,24.937605091364457],[75.28668533315293,24.947620135757987],[75.28887714608936,24.951437730110175],[75.28186593633231,24.95303238517333],[75.28518982146117,24.965677794606044],[75.27830494986736,24.9637048925062],[75.27793999670676,24.964965825537597],[75.27406086379914,24.964046572809863],[75.27303762340169,24.962194665342953],[75.26895772421454,24.963867023696746],[75.2610533357402,24.963401314240645],[75.25897797770222,24.960337301951032],[75.25782871984012,24.953199578443375],[75.26303866821361,24.95076277644301],[75.26661716553839,24.95075313793263],[75.26906126583084,24.94215680454786],[75.27298363016155,24.93813151222354],[75.2727970303141,24.93597783445989],[75.2794746453005,24.934513594252124],[75.27732811194595,24.92490661890486],[75.28793142221612,24.92349777172172],[75.28826815929362,24.91923089632678],[75.29428258314007,24.90890796357397],[75.29406137120473,24.907491952755617],[75.28445173418271,24.90795904109714],[75.2773137676475,24.89915540894302],[75.27255267059051,24.904141643252135],[75.26698004808226,24.899007447851012],[75.26415965339879,24.8953504788534],[75.26513024174079,24.892292448242234],[75.26333099527844,24.89112390643856],[75.26234315029984,24.882628455084312],[75.26342841757099,24.874801500069346],[75.27435760518522,24.87472776982403],[75.27811998944532,24.872684323733985],[75.28109978568436,24.86832569802505],[75.29018718082777,24.866159073456153],[75.29462143754671,24.85757073363162],[75.3092473039462,24.85595185459255],[75.31529011365727,24.857858455657723],[75.31820391875726,24.860423901953375],[75.32276285534942,24.869136227516385],[75.32258007154532,24.873092232939605],[75.32663355307658,24.87482207336629],[75.33828477148188,24.872705568121468],[75.35052816471237,24.873598660384047],[75.3736260434547,24.867690758775115],[75.3801814147989,24.871625464017857],[75.39596981705873,24.87746397521619],[75.4017730784229,24.88264599147863],[75.40734384052018,24.884712685256215],[75.42034828556106,24.886234700783596],[75.4259189461487,24.884002720135037],[75.4243046466337,24.880352559743283],[75.42566122308696,24.868766615160798],[75.42000035008522,24.86351546530571],[75.41882773961898,24.86072902480413],[75.4197390391522,24.855957154385827],[75.41801383003897,24.853422143262513],[75.41375667797487,24.852769818346452],[75.40490908360502,24.84564319482623],[75.39611979438865,24.84134817890972],[75.38029063197115,24.837637270744388],[75.37257842008552,24.832840345544433],[75.36274173118048,24.829877280645267],[75.34638274959494,24.8219172410702],[75.3353105052717,24.821960841445698],[75.32867575250079,24.818966327652376],[75.3164973002788,24.80317113897209],[75.31105358062393,24.800933760130658],[75.3051647583222,24.801657869877133],[75.2978335012873,24.807053678011826],[75.2974077142157,24.81216610893654],[75.29485393681362,24.81565159602769],[75.29576150205021,24.82041200117801],[75.29025627923941,24.82874475989683],[75.29056726521098,24.83336113621933],[75.27839672804498,24.840019751615763],[75.27295471518917,24.842661044650097],[75.2617680524482,24.84212049532099],[75.25749749033358,24.844577908207594],[75.24980622266881,24.84549297684576],[75.240527911273,24.84580364625514],[75.23694972476532,24.84215444322036],[75.22423800025135,24.843956999391295],[75.22634684838141,24.840186395303014],[75.22527849279382,24.834126929952994],[75.23215778405307,24.831464474832586],[75.24909279234825,24.830011766505688],[75.24931045863318,24.82726604612654],[75.25409779727623,24.82415749176152],[75.25235616785788,24.81304415322303],[75.25036381145723,24.809506362671655],[75.24423904305287,24.804638075882185],[75.23212710209454,24.802642187537728],[75.22108471148314,24.80326468322937],[75.21883570191424,24.80514872693045],[75.21562671849674,24.80246881476821],[75.20734672104587,24.792059023302254],[75.20493134797792,24.785422299025917],[75.20753119098781,24.78169101602603],[75.20170718932035,24.77128432447137],[75.1928213123463,24.773735380424053],[75.19046415190539,24.753918571016783],[75.18443119311972,24.748448538163167],[75.18713694211168,24.747080347835976],[75.18793607260864,24.743523506439594],[75.19754963706511,24.743260371202844],[75.20508417027237,24.728895475387976],[75.20806721571782,24.719286633268133],[75.21943808609262,24.702499166799825],[75.22450260171323,24.715099691019674],[75.22837782874605,24.71756400538128],[75.24111675694176,24.713633257528905],[75.25022054184751,24.713388567646152],[75.26177925264318,24.715641073711815],[75.26474139788522,24.71751995706343],[75.26971915691063,24.714269667996543],[75.28459706003612,24.708851152020323],[75.31929938639847,24.70260177876742],[75.3300930460841,24.702981741742217],[75.34920426447756,24.70083933978471],[75.3709923088058,24.692336571610895],[75.38259963013644,24.69036352893992],[75.3918833646616,24.690504922333886],[75.43567743670826,24.682071934144126],[75.45543604397753,24.680649919264347],[75.48992252044849,24.68699873737545],[75.50899670579436,24.701161300846824],[75.52125332312417,24.707161001711277],[75.53104386826799,24.70996232590302],[75.53388735594245,24.71227226448011],[75.54202923382513,24.70582553943427],[75.54962154307822,24.702974463697615],[75.56444974601231,24.708040442986093],[75.57565863127677,24.707991333269458],[75.57514179186626,24.712394362908796],[75.583096230875,24.71325172924793],[75.58757463619689,24.70699459720415],[75.59904329178364,24.69773989294806],[75.60870478854704,24.68182070290542],[75.61083554299363,24.680981145519194],[75.64603480030314,24.685128110860347],[75.65773024007497,24.693412932187723],[75.68324857095983,24.724148066199103],[75.74015842973529,24.75494981170637],[75.75682849790375,24.761506083794536],[75.76980511852702,24.75838313007856],[75.7775623899073,24.76132794436997],[75.78472998377892,24.761669955981898],[75.7979683034074,24.756262932520645],[75.80216265694486,24.756416700319477],[75.825013119895,24.736053155074575],[75.82868525580837,24.733441664776393],[75.83283042748236,24.732637894519982],[75.83419963963844,24.728507284420314],[75.83627522405185,24.727788675087638],[75.8381171584565,24.718076748523163],[75.83394238819221,24.689053785383653],[75.82865838180832,24.67602009075515],[75.82855260248868,24.67225515746761],[75.82517577964013,24.6675442952577],[75.83882531386968,24.6687155170399],[75.8415425073984,24.665506222276303],[75.84824364207554,24.66317890414914],[75.84729985946164,24.652294339060656],[75.84908209722238,24.64742766905504],[75.84133147696845,24.638022230205937],[75.84176852981206,24.63490202678008],[75.84672177561002,24.630941514977795],[75.84293802761586,24.627999410422422],[75.8449677988481,24.62699375223866],[75.8424535760646,24.62613295348624],[75.8422134312363,24.623781237334768],[75.83835236075407,24.622982281961495],[75.83751064921432,24.620728049146756],[75.82836630806845,24.620277811335846],[75.82516288881583,24.612992416038136],[75.83284592970924,24.605051743614236],[75.83673954795084,24.606101140787455],[75.83281223749617,24.595467318250243],[75.83545845603257,24.594902357079988],[75.83837031807658,24.597600087272966],[75.84165297682212,24.60696956282113],[75.84579109133125,24.607592078474784],[75.84586767989576,24.609433994540815],[75.84923567230507,24.6108284080573],[75.86301986848727,24.60998709428372],[75.86310802825096,24.606096509866635],[75.87153525598363,24.606484537148827],[75.8723895583104,24.589921192486777],[75.87859672288755,24.583372264305655],[75.89434339840243,24.57993274601707],[75.89868219115613,24.576484562825193],[75.9065882244458,24.575830727093066],[75.91474567642054,24.57229927906008],[75.91228478841208,24.561303921185196],[75.90612200599986,24.562691613934497],[75.90386580811203,24.548422734146886],[75.90620837811609,24.545287721864455],[75.91618736285707,24.54262117314092],[75.92062638424028,24.535830832000407],[75.92333525577618,24.535129579327503],[75.92062845126378,24.521432068190116],[75.91155878167756,24.513572219033417],[75.90794931403505,24.512642688848647],[75.90496760707937,24.514075616016022],[75.9016135592182,24.51848041928724],[75.89070799819427,24.518573314925643],[75.8900805995285,24.510002542478176],[75.88806480787869,24.507692555265407],[75.89761076602517,24.50456629306924],[75.90313804606943,24.504418442048873],[75.90388215116198,24.496981895599554],[75.90784543375389,24.49246290113141],[75.91161712635694,24.491833390048416],[75.90982151357991,24.482448681758868],[75.90539845256437,24.47253142868918],[75.90886386187634,24.46221305094577],[75.90919065550197,24.455028373941417],[75.90264507399772,24.4538615561535],[75.90327082245832,24.450024585479444],[75.90043599633984,24.442245532584774],[75.89047583310065,24.43942766865911],[75.88971876442025,24.43765833414262],[75.8862962155271,24.43682246682563],[75.87690537666727,24.42999336995046],[75.87584436121382,24.430487652251436],[75.875286808358,24.426464173106808],[75.86126062220791,24.4215796936121],[75.85547593620718,24.417921030374252],[75.84448667824991,24.415444857712032],[75.84201135700978,24.41622620545622],[75.83878701958744,24.41413082412865],[75.8355664380213,24.414825853171966],[75.82770560616011,24.42162429839299],[75.82483742559513,24.427261871234258],[75.81680795300562,24.429392068865617],[75.80977788222086,24.433936660582273],[75.81437449146112,24.450527082090208],[75.81379794911852,24.461803909746827],[75.80226943698774,24.46870653987224],[75.78938569048674,24.471554215049697],[75.7867431128222,24.46789084937843],[75.78528587564976,24.467973621577904],[75.78427412560313,24.458434237767335],[75.7860601713224,24.453211373440585],[75.7811885123152,24.449569875114587],[75.77644659608617,24.45056461615136],[75.77339474148658,24.449720014068184],[75.77399213552357,24.441631000490585],[75.77142695490727,24.44177202704566],[75.76678874648285,24.434364446196593],[75.7630229189803,24.432900213660286],[75.76180430039847,24.430782092410873],[75.75807711213122,24.431170823557043],[75.74756609746827,24.424222877346743],[75.74741953193977,24.42307218213724],[75.75588723686083,24.4206075511813],[75.75470661881215,24.416718586738863],[75.75530391942435,24.406477930636147],[75.74989323980563,24.404333799257518],[75.7496833187951,24.401000159098945],[75.74323368993961,24.39929527445502],[75.74280335200275,24.39768405519373],[75.73766211846025,24.39700631724608],[75.73518854264672,24.39870992384163],[75.73147687547096,24.398671854045325],[75.73028736230434,24.39678131406357],[75.72792591150962,24.396363092318477],[75.72776832634756,24.390467644714004],[75.7295026560559,24.37770050360465],[75.73412612492314,24.378351828181138],[75.73788505785588,24.382289957967664],[75.7400593248982,24.376911995308976],[75.73875392905994,24.36735204466622],[75.73999002256899,24.360913870662895],[75.73754419930786,24.353507987249973],[75.74076973328614,24.351239424556226],[75.74321410037821,24.35163480850892],[75.74213819534893,24.349807445879225],[75.74319833853824,24.340006340040503],[75.7382420492481,24.334769106979344],[75.73985569209466,24.332100003560576],[75.75598735948911,24.32111798002938],[75.76085380108117,24.31482443175982],[75.76643891017184,24.298078516236135],[75.77239177247188,24.296680621523365],[75.78567208833987,24.296528858953728],[75.7872133386526,24.29869073651849],[75.80188722000402,24.302433142966397],[75.80345528412967,24.29842582604106],[75.80635497310328,24.29977216337131],[75.8108148937916,24.295841483811774],[75.80892835443983,24.294045251845333],[75.81217995842597,24.293260212570623],[75.81367873369715,24.289553875391917],[75.81209327100106,24.288416500346223],[75.81178371784237,24.285322349917443],[75.81843499512296,24.280641492122893],[75.8167384099279,24.278140945467158],[75.81314985326858,24.278233616777783],[75.8117107629632,24.275099780610443],[75.8125705926239,24.271329568904687],[75.81418769578093,24.27123097591152],[75.81419933884531,24.267654407371335],[75.81155207826319,24.25773869909685],[75.81921893510847,24.256916313209967],[75.8186344498621,24.254869316816244],[75.81298955339768,24.250423863485736],[75.81442516452799,24.244311530518598],[75.81798153904225,24.242097862264647],[75.81806807105863,24.238651583094807],[75.82549292176635,24.236909462350628],[75.83025953447918,24.233418699283618],[75.82351947490243,24.229728604531413],[75.81786299106915,24.22922993002589],[75.81537563420086,24.225532264810017],[75.80942104444053,24.22944733212321],[75.80988011139851,24.224945093372934],[75.80762075233922,24.21786911790024],[75.79554849176363,24.214670223332202],[75.79262240310044,24.210017774081475],[75.77935751130588,24.210314761888046],[75.77645687820291,24.20833872432132],[75.77235787364631,24.20084350478204],[75.77306111886816,24.193325442580406],[75.77120471260429,24.189200167148403],[75.77401028149232,24.18074235021836],[75.76386834774868,24.17445334593603],[75.7639051759804,24.170395677352687],[75.76063340661274,24.166125868689335],[75.76158695930368,24.162442833373017],[75.75890255787613,24.158651360467474],[75.75928549980027,24.156053115976626],[75.75200807341047,24.14801342384128],[75.75101578087289,24.143434020873208],[75.7567672283098,24.139190322169977],[75.75811570555246,24.13451272576313],[75.76251488305957,24.13006579280253],[75.76431932807246,24.121198310764267],[75.77035128164334,24.11540485817282],[75.77367618636005,24.11879034752702],[75.77703674521038,24.119037293186416],[75.7826347577018,24.115895440620182],[75.78419855213492,24.106942184532],[75.79086853503466,24.10528057739843],[75.78901381221362,24.103962926550913],[75.78770844422314,24.098626222602608],[75.79294219525676,24.091843848691525],[75.80560147702275,24.099553530111663],[75.81664340769673,24.085446165966953],[75.8349544077334,24.091723278563332],[75.83613409602577,24.089101634001437],[75.8352209324883,24.06992780111864],[75.83681101072833,24.056979082459538],[75.81464436872866,24.05128815030283],[75.81084602490775,24.048551798501638],[75.80258340177282,24.046651236747522],[75.79862472933495,24.04709312873533],[75.78844995318454,24.043270068445686],[75.78291759137069,24.04334238946358],[75.78060825633719,24.040006894951425],[75.78307376977104,24.02176116468399],[75.77686098263851,24.016811780852947],[75.77527114784196,24.017013470558055],[75.77554446835197,24.01396865427624],[75.77697673595277,24.014451504490424],[75.77346341499513,24.007620673468598],[75.76263943806696,24.009942563339102],[75.76373827888206,24.005726866442117],[75.76849861776095,24.000871090552266],[75.76854901145175,23.997662040415893],[75.76547694655491,23.992737564067458],[75.75352181551257,23.990924405847718],[75.74230008613618,23.992665657757968],[75.74369097643668,23.985574342498975],[75.74144453964273,23.982719695752124],[75.7412806447141,23.97695730130607],[75.73620492261034,23.97527925931338],[75.73066931428504,23.97672363036744],[75.72893936386372,23.972992992596687],[75.72953172823344,23.970199021119246],[75.7180659769,23.96829302390678],[75.7175237016922,23.966859808279725],[75.70177097153235,23.966533482791945],[75.69878280568979,23.98804886132343],[75.69242061435249,23.986955823388197],[75.68699160640702,23.988720476922797],[75.68772464245863,24.005332275420894],[75.68295198857552,24.005326394052723],[75.68311598142056,24.006312269924862],[75.6781779881178,24.007254117683882],[75.67457288449096,24.017343199722838],[75.67085386909618,24.018048517782315],[75.65770259891369,24.01101889842161],[75.65468778993811,24.007259644462355],[75.65087744193005,24.006253630648615],[75.65058162311374,24.004860059045267],[75.65225128759634,24.00429969277338],[75.65122479080604,24.003011326490228],[75.6479304350972,24.003591235908722],[75.64045373093631,24.000849276130687],[75.6399160739674,23.99797048108117],[75.63504531237719,23.99811105349682],[75.63094057207748,23.99524554805496],[75.62597396563632,23.99663691276519],[75.61943261789202,23.995163451909193],[75.61597461429123,23.996818712287915],[75.61137380632535,23.99573767738054],[75.60718368115789,23.99259536900615],[75.60398921092211,23.99549589280216],[75.59817685501402,23.99423404756894],[75.59571610534611,23.99001862720798],[75.59546477918751,23.994468240699877],[75.58823784170991,23.990698689961196],[75.58174215173823,23.991223301412397],[75.58106488759101,23.99683227553555],[75.57958034432889,23.998333485225455],[75.57750353820668,23.994083601306567],[75.57569976872688,23.99414005817123],[75.57628323079213,23.99710943670413],[75.57234799629833,23.998722776550014],[75.56741669005461,24.006723029682338],[75.54639364114087,24.00686225412459],[75.5394190009007,24.008953173601242],[75.5210945521859,24.024591741785418],[75.51630980787736,24.01752900211996],[75.50361384071181,24.004785159317112],[75.49300979382309,23.997841708042714],[75.48324980667024,23.987452745468875],[75.47390181385623,23.981961094383674],[75.46893276040424,23.974380420618726],[75.46554961161944,23.94809193538535],[75.46016521670595,23.932312409642282],[75.45943434379751,23.920507377626755],[75.46224618202791,23.9144868099932],[75.46545454740449,23.912218921957493],[75.47620269933613,23.911765405106724],[75.49151362725948,23.90693188909329],[75.49991413550237,23.899707105324794],[75.50508911066522,23.88776294650513],[75.51313946728844,23.887263793202408],[75.52290587290398,23.88410354324901],[75.53155989110991,23.87600395895502],[75.54605239002905,23.870097835148055],[75.55287184091395,23.861571430481252],[75.5601435270691,23.85941040892862],[75.56433615584126,23.856430396740823],[75.56592838285144,23.85342665357394],[75.5661426373349,23.844064989246633],[75.57667696687272,23.84232502071546],[75.5791364157801,23.839604718482523],[75.57949833802493,23.834853674374063],[75.57758537383077,23.830530896545163],[75.57477220609373,23.828531216014966],[75.5668474546085,23.833138925494236],[75.56160031688053,23.832204778056948],[75.5592478690016,23.828518044317644],[75.55919620329637,23.81855128543654],[75.56635754579192,23.809505919180083],[75.5714495974709,23.809015850104487],[75.58085986060213,23.81223440857418],[75.58913713975096,23.809595631972062],[75.58354172518733,23.79472778177053],[75.5988868672449,23.79759648285005],[75.60795905211393,23.797064599455247],[75.61475998782251,23.80095348686571],[75.62068545240469,23.800838153886545],[75.6273183465613,23.79545659790062],[75.64556033083134,23.796978160019613],[75.64965022557264,23.79546423875686],[75.65442959526081,23.79831389829634],[75.65976937624404,23.78420337550613],[75.67547417948688,23.781912155121873],[75.67941069228331,23.767186384339375],[75.68692551106335,23.755335365883223],[75.69295428010655,23.776041439603816],[75.69645437606663,23.77966934604549],[75.69970259520076,23.78038243701883],[75.70183220878697,23.78640977032231],[75.69015588157116,23.813397405021632],[75.69274295862249,23.81646550334804],[75.69813103842529,23.8133490259065],[75.7063413140337,23.813266572540293],[75.70711845107755,23.811292493731155],[75.71250531366313,23.813146442737594],[75.72163874836313,23.81185714344515],[75.7209302839295,23.81856573194295],[75.72651938154006,23.82050239570541],[75.7239600570411,23.824089529483455],[75.72233995351101,23.835243985325178],[75.71924794960812,23.84123976457296],[75.72600956875168,23.842112191551525],[75.73132734190875,23.85316742060064],[75.73657278271918,23.856489666056472],[75.73521166348553,23.862172269818736],[75.72748293517506,23.858970103108113],[75.7109809193384,23.862454414405537],[75.7090418465088,23.869148636691776],[75.70509497074725,23.86867038580824],[75.70358514529978,23.87220041845633],[75.70170339307015,23.87281964616937],[75.70217140365509,23.881726464474283],[75.7055873975416,23.883014125179177],[75.70429187778156,23.88949658145484],[75.70602758820051,23.89926886990068],[75.70817454376323,23.899610496926936],[75.71033904881337,23.895650765971027],[75.71576943477446,23.893419275700236],[75.71940103421062,23.89740911010346],[75.72756366137976,23.893679904010718],[75.73530043859515,23.898501752911226],[75.73989510028787,23.89185249773851],[75.74005564719542,23.889439001170683],[75.75276929140915,23.88724810833558],[75.7646407030603,23.87527538915309],[75.76180688395321,23.865856969471086],[75.76561259934932,23.850612344992495],[75.77363654460486,23.848114624617317],[75.78209193542,23.84879777972796],[75.79200531978907,23.858555120113753],[75.79382043858418,23.86703449875299],[75.79849874870118,23.868582109586654],[75.80356135719845,23.865555915457538],[75.81806806387212,23.86805224890662],[75.82116859727861,23.873572663184625],[75.83289463007571,23.87994918381969],[75.83376986225032,23.877951299984044],[75.83552711426975,23.878178560243715],[75.83505801133344,23.876875175158478],[75.83744795938388,23.876897335011943],[75.83912590274018,23.878688741706313],[75.84080002106998,23.87457042618281],[75.84475783112515,23.87616261519134],[75.84473224530922,23.883925918524284],[75.8487547125053,23.884086662877532],[75.85320389922428,23.887545563593477],[75.87063049798229,23.890370216042104],[75.87516066153592,23.88527892456359],[75.87671848396904,23.885283391237653],[75.87675705942395,23.880046899384357],[75.88013579658238,23.878734760313325],[75.88619890552393,23.878994147467342],[75.89493581217944,23.889339514463064],[75.90522656622295,23.889175921599062],[75.92199248463221,23.89617824437142],[75.92380355921188,23.898641663382726],[75.92716499661458,23.897696702785566],[75.92888633578559,23.898980737839402],[75.93221070151313,23.89612466192791],[75.93389233155534,23.897279274075565],[75.93751392645417,23.896638993335078],[75.93943473024582,23.899418059320794],[75.94119406186515,23.899350011975656],[75.94108259531144,23.901707617991132],[75.94389335017361,23.902944312198784],[75.94500491023481,23.909301938067884],[75.94931340371231,23.912532720954434],[75.95301695371117,23.911781846622137],[75.95132726667919,23.915520611464597],[75.95531390367181,23.92079308937788],[75.96038162268475,23.92319563367178],[75.96814459746875,23.9243292022063],[75.97453367717917,23.928972744680678],[75.981361909096,23.928920369720046],[75.98222746102508,23.930987552707425],[75.97995517970044,23.935856451292757],[75.98738071402609,23.940934705896915],[75.98387587406302,23.951178426616615],[75.98672835746676,23.96047484028723],[75.98412317397253,23.966682852248706],[75.98490245439666,23.973686366193423],[75.97504418526356,23.98334560323417],[75.97255542612513,23.988292781466633],[75.96729146654513,23.991233416635705],[75.96719170953114,23.99981710640412],[75.96221441134149,24.014641852856897],[75.96345367320853,24.018657575303312],[75.97829327845851,24.026472041538298],[75.99259896552776,24.02349923745156],[75.99871205403683,24.020714079965003],[76.0070359638337,24.02321500214327],[76.02130822728621,24.034679168838508],[76.01913794966207,24.03752302119931],[76.02179864724421,24.041304289710883],[76.02136138060158,24.045773665715956],[76.02300837070811,24.04865855447544],[76.02608466307667,24.049352517002177],[76.02774147805746,24.05176840261256],[76.03026694415506,24.051746764173288],[76.03140511770488,24.057852109636592],[76.03414401093757,24.058336209926992],[76.03660226418728,24.06282980969955],[76.03989082755916,24.063146727925],[76.0421021689716,24.065922712186293],[76.04528940956592,24.06439541345135],[76.04891163777708,24.066707397632577],[76.05507203516223,24.065234648977526],[76.05779293064819,24.06761027533415],[76.06742187066905,24.070402395635433],[76.07278047674735,24.076622728509783],[76.07459340095822,24.07123869410783],[76.07597768145486,24.070868081852325],[76.08460689448084,24.076983180394468],[76.08884873206594,24.076852021951435],[76.09286224395694,24.0827038488301],[76.09581942780369,24.083040215516764],[76.1005224981849,24.086980778568726],[76.10479194459191,24.08724872914721],[76.10650230185858,24.08418192526476],[76.11360894773308,24.08431134166946],[76.11796556935025,24.086930319678455],[76.12132958222284,24.084499528830133],[76.12707980435769,24.088023497969342],[76.12049331716867,24.108157424475838],[76.13047596254444,24.114550050446628],[76.13104189129196,24.116739305099333],[76.12668712828913,24.132463399557736],[76.12235933899933,24.137777051567518],[76.12492880278293,24.150558261072362],[76.12442683318531,24.159136760037157],[76.12124333587074,24.162862606315162],[76.11410358258641,24.162645677506262],[76.11365929740647,24.163765387913006],[76.11668966250782,24.18012550652254],[76.1153204467585,24.179960332269435],[76.11541878084107,24.183783463809227],[76.11744142843312,24.194140359822185],[76.13225024123176,24.208538549231186],[76.13794410396402,24.218099300110698],[76.14472548155227,24.222481723245153],[76.14827789898771,24.23157493580833],[76.14312424982968,24.255785315184703],[76.13911222285384,24.256289665370716],[76.14132912483784,24.267297888792232],[76.13666396425994,24.27087773811407],[76.14125217065906,24.275924942778815],[76.1432937565339,24.28301344775509],[76.1492838117816,24.28478542579866],[76.15967714175245,24.28265685600008],[76.16250667050572,24.284704896729064],[76.1652570945134,24.292494677415874],[76.16458768703168,24.29459583961172],[76.16864960643842,24.29667589897958],[76.16543230192642,24.300813128767185],[76.16466864320508,24.306978376681485],[76.16588744055164,24.307859335716678],[76.17183265459532,24.306070818078418],[76.17421169799657,24.307349422679525],[76.17383602074811,24.31223529309592],[76.17872108082273,24.315579691040988],[76.1854232620372,24.329312066701792],[76.18991830146321,24.323377689042562],[76.19558254135065,24.310505229713463],[76.20285603401784,24.3048758852702],[76.20472484960904,24.3008605352326],[76.20423936679184,24.297974564064663],[76.19711174615375,24.28761369662818],[76.19458751254471,24.273148513398084],[76.2009314806582,24.271026046042042],[76.20214179701017,24.268785944297854],[76.20279541031259,24.24466948306077],[76.20636991013434,24.22894201210394],[76.2032046117891,24.220542716409255],[76.20452755621645,24.217183100105757],[76.21140623123145,24.212224680571538],[76.2124604069123,24.209804427987102],[76.21747633894738,24.21124491233575],[76.2248340980798,24.216515018888835],[76.2276504144119,24.215364713649407],[76.23994315389754,24.218841404593874],[76.24586028750379,24.217639573475864],[76.25165437347566,24.214243226027687],[76.25787298258953,24.21469816395637],[76.26729829340006,24.210399351018616],[76.27563780603516,24.210843968819837],[76.28120887984782,24.20678649837695],[76.28555369939878,24.209597766283906],[76.28479174837479,24.212971517893052],[76.28689563780452,24.21608559454144],[76.28733843267939,24.229917684303093],[76.29447551617069,24.23142142683716],[76.30201317551516,24.236124216726466],[76.31099185294961,24.23767678304352],[76.31891605915747,24.244856294710956],[76.32175234773327,24.24541492030766],[76.33984907981178,24.24398456718694],[76.34729468339917,24.24233242872272],[76.34871641106676,24.2406540597473],[76.35757299757262,24.239718135541256],[76.35844417205705,24.235604471082045],[76.38194909631925,24.221237787497987],[76.39252467110504,24.216967183694486],[76.4018507890436,24.215454957320517],[76.40828020311025,24.203180564335767],[76.41257919600531,24.200251050152865],[76.41488566990463,24.20045092707199],[76.42078515251382,24.2085225930403],[76.41638549620467,24.21099792453471],[76.41636859440261,24.220680064271694],[76.43037305928911,24.221348366136937],[76.45212250660285,24.209097623403807],[76.46097512525013,24.218906414546595],[76.46287690272406,24.22325646785287],[76.46573829292382,24.22526809886562],[76.47054876947365,24.225948987490476],[76.47059046657418,24.222900972565032],[76.47420707312826,24.22210750312975],[76.48057795117438,24.20792323855505],[76.4961714648316,24.205230985188887],[76.50006981449984,24.20604147240121],[76.50483483899123,24.203103099591413],[76.50869386850115,24.194160160022086],[76.51058625947869,24.176285410242475],[76.51349372247275,24.165528954883072],[76.52265101283346,24.157365136208778],[76.52764252147259,24.15701073341491],[76.54457381164082,24.162717573793085],[76.55055956036506,24.16304326133442],[76.55782272599974,24.168026042158598],[76.56179115683653,24.17337301075519],[76.56624089691775,24.174530646964143],[76.5698839624502,24.17803980028289],[76.56989722697368,24.17539539693327],[76.57131937505281,24.174568850404427],[76.57679412970408,24.17779389302183],[76.57751460371477,24.179950107365187],[76.57442392123367,24.186824098463937],[76.56412955686106,24.19116938873687],[76.56642385679166,24.20328845888765],[76.57036649340337,24.209169318183584],[76.5777527991989,24.21177879194462],[76.58169911890327,24.211462642538645],[76.58337432778781,24.21621033295308],[76.58974607450482,24.21703053723681],[76.59498145957393,24.222818955089494],[76.59497153229174,24.22751648075573],[76.5874691578733,24.235470504359075],[76.58352695694448,24.24266472780267],[76.58476727612862,24.243744048990134],[76.59570955489147,24.244132188147272],[76.61119701344627,24.238320993697116],[76.61644293485534,24.25781789063322],[76.62902662518682,24.260304168407988],[76.63364526111783,24.257696749913055],[76.63808352162799,24.266090455909563],[76.6434315895697,24.269344615453328],[76.64518981176968,24.266419372913987],[76.66652280910085,24.262373946224493],[76.69543910648112,24.284279220235742],[76.6973585304605,24.259813767565607],[76.70239372147695,24.247712544777663],[76.7022101229009,24.24139724586513],[76.6999811161184,24.238520728972794],[76.69464805902507,24.236203032628755],[76.69012103957496,24.230041540838275],[76.67793573410569,24.20410550747715],[76.6759803568537,24.19089209803444],[76.68652246759851,24.185841352115723],[76.69218524413034,24.180263437984802],[76.69299622430422,24.17607457282326],[76.69852942155127,24.171925747891162],[76.69885480212697,24.168376189479204],[76.71143521540428,24.163887067107833],[76.71928017672936,24.15888746487651],[76.72453269716254,24.1596433804594],[76.72604904887055,24.161327695504376],[76.72619249993994,24.16853235603836],[76.75635225521798,24.16907959232754],[76.7609081851489,24.16501262346442],[76.75996667257769,24.160299679952487],[76.76978944747731,24.16090161216127],[76.77426067705673,24.14974303687806],[76.77822951662698,24.14728501531123],[76.78038395515604,24.141036960836114],[76.78837837638142,24.13228886542846],[76.79071025373865,24.12378986773862],[76.79240767706187,24.121885292161846],[76.7969956274411,24.120899874322937],[76.80197816191058,24.116543684470514],[76.81224089300876,24.1228509592073],[76.83335317696958,24.12216725263962],[76.83661402731494,24.1268233115976],[76.85448379824028,24.133764120858835],[76.85463846387766,24.13569819494664],[76.8793979842488,24.135648349598636],[76.87903304546126,24.130469827481193],[76.88442107585671,24.129931323347066],[76.8858091104129,24.128250993743244],[76.8908705448121,24.127208883915994],[76.90075575531888,24.127207208165853],[76.90528449863606,24.14509963119714],[76.9098311741229,24.152650191658463],[76.91066831323789,24.157428071012887],[76.90857987213612,24.160374841310375],[76.9160198082524,24.173564410661243],[76.9161148931286,24.187703793027747],[76.93152558165917,24.183489759307218],[76.9354956995321,24.183860024936127],[76.94013264582352,24.193818289850515],[76.94705854706963,24.198495758623956],[76.94714447002825,24.20101277831509],[76.94604280401157,24.205977920032275],[76.93327013329716,24.207241802948484],[76.93194192833549,24.209818068652172],[76.92243812902362,24.211570380967075],[76.92280431916436,24.22531665746767],[76.917387648681,24.229800866859637],[76.91553920867706,24.229337416682476],[76.91229083503268,24.23793437513489],[76.90471072939273,24.2368818567109],[76.9035585439211,24.238987764589794],[76.89965856740392,24.239808042498137],[76.89541025116898,24.243334594220585],[76.88889175297224,24.24476216894575],[76.88595710426273,24.248035370453447],[76.88762357343785,24.251969793111137],[76.87961332928704,24.25558348822609],[76.87997431099575,24.260849843599882],[76.87740997210086,24.26269753481309],[76.87318998873002,24.26283943240433],[76.87355783626244,24.266181353984113],[76.86305128173487,24.27311304762499],[76.86005757328701,24.29627634395594],[76.856560363614,24.304437293492786],[76.85200615575344,24.312718610807867],[76.84149821871866,24.322509949861647],[76.83805645935317,24.334020929172148],[76.83797246956904,24.346972454711267],[76.83241172817876,24.358080656921256],[76.8364982910687,24.359139676523817],[76.8517936017808,24.37070135202838],[76.84537356522739,24.375387951588095],[76.85101355778868,24.383008915137278],[76.84511142874264,24.40060465950911],[76.83751512647812,24.408522663319047],[76.83844060232485,24.412125337607215],[76.84547834472214,24.41548651911278],[76.85042531219455,24.42338133943585],[76.85013382595284,24.426515457661544],[76.84629505614753,24.431113938421177],[76.84630609823901,24.433702413494423],[76.84090393554752,24.44246427537842],[76.84392817773188,24.450162246573235],[76.84666738267997,24.451099042923264],[76.84953387890383,24.449619248163785],[76.8518204371533,24.450265514374312],[76.85271073048193,24.455362947014404],[76.8514839534007,24.459217696207606],[76.85325302814758,24.46693918716474],[76.84793789154587,24.473635037934898],[76.84826481991878,24.481883894236375],[76.84646880020495,24.486358963245696],[76.83540235899846,24.488886248593847],[76.8366073420526,24.493129414607957],[76.8281509190732,24.503089135213614],[76.82826223291329,24.513103693778916],[76.82315676848879,24.52008534646925],[76.81630597897686,24.524373266721025],[76.81640457896077,24.53361081448681],[76.82150848301164,24.534590268766355],[76.8242778560819,24.537788729904662],[76.83831032325247,24.545849143037824],[76.85221123214967,24.546803286883147],[76.86214738162464,24.548369957366436],[76.86294593450489,24.54958221779857],[76.87378854428866,24.5399452740493],[76.87672469947289,24.539019957134244],[76.87508637182066,24.533779067998893],[76.87182908778696,24.53223486058014],[76.87274257831118,24.527734676930272],[76.8841353559008,24.521514127620936],[76.88979546533459,24.524953525531416],[76.89413432546193,24.53824707657491],[76.9017105638546,24.545843090527974],[76.91760755985581,24.543377615124],[76.91621594820815,24.538912453206343],[76.91878726791111,24.53450721434997],[76.92176348616039,24.52055655748252],[76.91947319451262,24.517827624840002],[76.91553378734434,24.501844997700847],[76.9170767552359,24.495882528560013],[76.9161583167911,24.4903799935039],[76.91789524532557,24.48596606377766],[76.91692429047096,24.483161808114783],[76.9184459691886,24.48068819081257],[76.92603164617994,24.47416937008946],[76.93862424240916,24.472304833425557],[76.94117038502965,24.47036949639184],[76.9431011529344,24.465105968507334],[76.95076561487113,24.465680247430956],[76.950945708221,24.461761849083913],[76.95220172187146,24.463680375521694],[76.95532079291216,24.46443293536463],[76.96079539844312,24.4633908511811],[76.96214058156363,24.461598034855584],[76.97782534698574,24.461228482289567],[76.9823409946627,24.46778304012802],[76.9834747655693,24.47278389024282],[77.00154663767063,24.47326971746622],[77.00885443879513,24.476865629782953],[77.00929231898712,24.478048699571332],[77.00713092031125,24.479234143081595],[77.00883488965792,24.482097450342856],[77.01261285339997,24.482474947062688],[77.01387421921291,24.48388883918389],[77.01097078695952,24.487312878852624],[77.01163240155618,24.49217056218755],[77.02898338013355,24.496051296103722],[77.03067418916132,24.50180583264447],[77.02933257325081,24.516809069044314],[77.03036983814644,24.519171505287222],[77.03557225773956,24.520952093329267],[77.03547347629596,24.52646141439704],[77.03690139694912,24.5280598062036],[77.04218917176559,24.524965256621556],[77.054748660585,24.526432127882103],[77.0543472501969,24.531689504820488],[77.0572296987036,24.53619967504119],[77.0597437463156,24.54584741643419],[77.06866186831675,24.557291899468535],[77.07132775366965,24.572426225809508],[77.06996156614117,24.584342161246123],[77.06529790215654,24.593852884782184],[77.06583615291183,24.600704351937186],[77.06879663088073,24.608970071091115],[77.06731181632738,24.615553035204268],[77.06825932335646,24.627578596425487],[77.06511122505398,24.6438168030121],[77.05710094407223,24.654489298174937],[77.04316261675018,24.68044816082398],[77.04150643597997,24.686053302441472],[77.04136959561274,24.70008291302893],[77.03066649688753,24.712196553307848],[77.02484828306547,24.714387376659612],[77.01194960656446,24.712485799148133],[76.99885474249699,24.71782619618335],[76.99641998558182,24.73213260031585],[76.99161746720708,24.735323797489297],[76.97617119281482,24.734909889901616],[76.97413475159159,24.736078729157047],[76.96906727242887,24.742284207806474],[76.96353677372092,24.756511680475292],[76.95438916091078,24.759482755274018],[76.94670802175081,24.7587542081423],[76.93063984368736,24.743291985935805],[76.92195983093205,24.74154316294121],[76.90689991835022,24.731458065115817],[76.90184494912616,24.733714620635634],[76.89549759795733,24.74355019097725],[76.89057745777255,24.74686576465894],[76.88175012310727,24.746606496962585],[76.87437986032444,24.74372991903738],[76.85613114857122,24.74245568049536],[76.8493845789036,24.74782639570939],[76.84927728502437,24.762310901580015],[76.8463728960652,24.76997390407274],[76.83568641707107,24.77935582316949],[76.82567940938482,24.791905918626107],[76.80785260937111,24.803355087124608],[76.80261732401497,24.809274809456053],[76.8029424773169,24.81643441884758],[76.7999672508077,24.824665856154297],[76.8152089204193,24.8283924233769],[76.82437579041417,24.83619137110928],[76.83205212628233,24.83784139337013],[76.84097301329793,24.835315145829075],[76.84581474942301,24.837382118823104],[76.86179540103508,24.837576477127822],[76.86755787708871,24.839964802575793],[76.88177422310973,24.836994887456893],[76.89774382274884,24.838583712136142],[76.90325704415893,24.841943039055117],[76.91791716062524,24.847114805876764],[76.92956420815268,24.848242784453625],[76.93496085518834,24.85505222565254],[76.94044473402798,24.857233159007244],[76.94509782663832,24.866002500291096],[76.94962582794706,24.869356696245433],[76.94396287085385,24.873460660409023],[76.93358874416886,24.874299632483368],[76.93493893988867,24.88003074884297],[76.93253066351146,24.881401009682623],[76.9222328469132,24.88006838291758],[76.91245312557024,24.888216494792655],[76.91457016364075,24.89880339116762],[76.91737349123214,24.904391371899916],[76.92032107568174,24.903984096486507],[76.92194855887188,24.906709793385577],[76.92296705346965,24.913593974365494],[76.92012685452741,24.916559198345595],[76.90966092361363,24.92101138705632],[76.89479651857363,24.91880762382031],[76.89020146791039,24.919370637451873],[76.88954395142807,24.933807157701942],[76.88589248485107,24.938935374854182],[76.87731268006402,24.942018569261368],[76.86676832263268,24.95812180406533],[76.86354519613934,24.959148203100657],[76.86193272020435,24.96135122943132],[76.86786639359157,24.983500443241308],[76.86671816789372,24.990349460812784],[76.86210527399402,24.99808410129656],[76.8568659444225,25.002453065626216],[76.86242260386813,25.00252072746042],[76.86757453454902,25.00610567183704],[76.87533814893354,25.00730213694947],[76.87838189713602,25.027807704675148],[76.87616198130418,25.04151853814623],[76.88880954095404,25.043998651711124],[76.91091900428758,25.042883152022647],[76.92506388393784,25.046968996097668],[76.93556218743953,25.045512702950276],[76.9454775256443,25.04673998657211],[76.95317812770323,25.052447029157353],[76.95900938685986,25.052199011268463],[76.96186397950787,25.05627506275173],[76.96789344294879,25.05077212473239],[76.96850618470243,25.054232190742443],[76.97332813902663,25.058252219414676],[76.97353270967132,25.060644927535435],[76.97135969038894,25.061837736919664],[76.97479683331217,25.06638301991287],[76.97866928904234,25.06620491662429],[76.98850877260622,25.072386033461395],[77.0002632855911,25.07484416319164],[77.01081266640153,25.073418872327153],[77.02433333371032,25.065985028953232],[77.03661065271584,25.06589559867547],[77.03989566145414,25.067895634313672],[77.04311309173026,25.063375090307517],[77.05132180606668,25.063859214588852],[77.05390690682442,25.062177196195925],[77.05634488150491,25.063803682625167],[77.0595911845326,25.062399693843474],[77.0627316076293,25.063494100661444],[77.06875645013639,25.059094673562793],[77.07701896277855,25.05738983107628],[77.0788668215725,25.058763667227105],[77.08213280039982,25.058153327550702],[77.08530878600199,25.055086600982552],[77.08940010726799,25.062652007137057],[77.09554412746718,25.065510647551733],[77.10572494119464,25.067167126004644],[77.12276175196769,25.0668830435239],[77.13374831677577,25.08525232731486],[77.14161949722902,25.088989129089303],[77.147982801579,25.09529076217094],[77.15078724487798,25.093558266530177],[77.14979828688672,25.086561571978685],[77.15199064150731,25.08727140979105],[77.15712577099745,25.08552113366187],[77.16691549238615,25.084872959666583],[77.17141171040181,25.097857127868732],[77.16831536494118,25.10283668135698],[77.1745831532236,25.11170961086268],[77.18505715639853,25.108008933828042],[77.19859897903227,25.11017097656429],[77.20549767929154,25.11384352849741],[77.21489172334034,25.109093763147637],[77.22399088102405,25.10918640417709],[77.23868011727862,25.106847141785824],[77.24937490479081,25.11039056360802],[77.25939580222801,25.110592617893815],[77.26951303319966,25.11601267052499],[77.27412421580877,25.11079207542663],[77.2887418931661,25.10636445485456],[77.29220037287398,25.101554827312338],[77.29184002357921,25.096951067944506],[77.29780305031666,25.09155099303192],[77.29825730769461,25.086428119465364],[77.31120134282925,25.079722160543167],[77.31161611565719,25.08211548418207],[77.31448142430823,25.084462178965577],[77.32078133814184,25.085190639706685],[77.3348137819562,25.090590679655932],[77.33853303989612,25.09235034146301],[77.33854676076376,25.094749461812178],[77.3409048922835,25.095695694772544],[77.35034897788351,25.09576061161875],[77.35760694856091,25.093658205288968],[77.37579893439883,25.104793887844636],[77.37602110483661,25.11048177610877],[77.39308182966086,25.11939277956024],[77.39456593993502,25.119783841922438],[77.3996455059299,25.115604075838238],[77.4028141837372,25.111470561288694],[77.40245899077217,25.109287708921105],[77.40658330715856,25.111691096872732],[77.40601281496937,25.115613495620387],[77.40223850826885,25.12063847378865],[77.39066040823609,25.123088843576788],[77.39620763626957,25.137772306601015],[77.39324981911058,25.1595496092976],[77.40014820765445,25.166113774115203],[77.40027060401025,25.18387967955485],[77.40944723330236,25.182944970245302],[77.41702491798264,25.18596174969486],[77.42152299551095,25.185776701140405],[77.4219874577505,25.183212245509853],[77.42653977375905,25.187960327871814],[77.41835635328607,25.19834639868526],[77.41448819779117,25.220397850109457],[77.41150478852802,25.2239249651046],[77.39958522897432,25.22602855681251],[77.39420188778465,25.22980708726584],[77.3929818624411,25.2338380108852],[77.38768503979307,25.239181715142735],[77.38655469865421,25.24283699557631],[77.38226966198543,25.24563195694656],[77.37096880899882,25.245925502856927],[77.36936774615948,25.255452185395015],[77.3664242122135,25.257760776646013],[77.36632888299556,25.260024534557925],[77.36260801707128,25.26272598801694],[77.35772533843051,25.261905806572198],[77.3552079167463,25.263514905384653],[77.3542945519862,25.273373475709747],[77.35689490164587,25.27364821579321],[77.35788630574964,25.27592976196484],[77.36274070093371,25.278921820863367],[77.37405157103404,25.27449008731962],[77.37669717961438,25.28705805952548],[77.3810154440672,25.29244989870681],[77.37976708945286,25.297552412303936],[77.38138001274883,25.30566026419825],[77.37633575593455,25.318147573698596],[77.37189926869875,25.32112106105658],[77.369481978626,25.327791261722712],[77.3674314158865,25.328577617910273],[77.35791759946086,25.325781762728983],[77.35691200377225,25.322549843604907],[77.35333584925372,25.320524127781063],[77.34855002157698,25.320063469964786],[77.342156276017,25.321736003296337],[77.34967023061775,25.32893541711892],[77.36159084389531,25.358961534160724],[77.36668750662665,25.360599922827344],[77.3643191711436,25.363372444750638],[77.36078054913598,25.364553708194048],[77.3598753824012,25.369105365138704],[77.35291081497031,25.369044359498666],[77.3515196461921,25.370131272971825],[77.35025145857287,25.37688332582961],[77.35093178417857,25.385260927958157],[77.35771472124215,25.39878539887171],[77.36770840601444,25.40194637940073],[77.37027094827879,25.40485673087288],[77.3709224882695,25.408367282915506],[77.36026380854015,25.419158343169865],[77.35382048765457,25.419188319340684],[77.34916700248043,25.416207740667648],[77.34391765669349,25.41871538445899],[77.34292524108672,25.421048712113578],[77.33490609373312,25.42353856110313],[77.33478343327266,25.425475684414064],[77.33155747888281,25.42721186640663],[77.31994278058706,25.427766706959016],[77.31414923989257,25.431394226013282],[77.30654089032176,25.430010070434296],[77.29123993998626,25.422721282510764],[77.27880679741493,25.410072925500856],[77.27556235030667,25.40320562487774],[77.26728827634678,25.39583505511198],[77.25077460127605,25.38765873620187],[77.24873569417736,25.380679206543654],[77.24495411741125,25.378844771878697],[77.23694859660216,25.38016480635286],[77.2342275070801,25.378897468867944],[77.23135706186227,25.372142710480443],[77.2278836656291,25.368485043510677],[77.23002248425199,25.35985942839456],[77.22817661881967,25.346053498837197],[77.22557968635132,25.342268336762306],[77.22432221922672,25.335359250585736],[77.22548291354072,25.334835404099586],[77.22895233113547,25.338046664529074],[77.23441080831385,25.33365049385402],[77.22557314751435,25.330201531072007],[77.22694520553323,25.325500319340392],[77.2232079246938,25.318762835547165],[77.21740333022971,25.317622653119766],[77.21501149212389,25.31977358371946],[77.21622167732187,25.323309140004653],[77.21877523104344,25.323358184488264],[77.21976901478436,25.325360641608526],[77.21737086601368,25.3295615895777],[77.20558330850106,25.326511504954286],[77.20889891565457,25.312737131485132],[77.21145119466676,25.30937023468077],[77.20912048242447,25.30871883004299],[77.20917624175247,25.30616024636944],[77.18546615575411,25.308900219754577],[77.17948427607381,25.311636195060004],[77.16483312389572,25.308278631123216],[77.15319310658369,25.312861603244272],[77.14387657007592,25.320671811040715],[77.13911726695457,25.32210952523878],[77.13443069593019,25.321083870199235],[77.12515481357893,25.33054557516929],[77.11793483085829,25.329797575365053],[77.11218916048696,25.332006394318167],[77.1061088892319,25.331222561997574],[77.09064248628907,25.3359932336725],[77.08352262619673,25.336712560111646],[77.0753724999831,25.32887473791889],[77.07437114524095,25.324396855913655],[77.07002301090661,25.318747126914587],[77.05732776418989,25.315958621114227],[77.05247970572182,25.316363582013796],[77.04566801628096,25.31936486481856],[77.04143700519167,25.3084304547544],[77.03143850994104,25.294535971421496],[77.02460899343333,25.296585103060224],[76.98000139987886,25.29801763236652],[76.97363316737123,25.300329001941584],[76.95984335132859,25.296722504964155],[76.95779235649945,25.28432597165557],[76.94305761608418,25.282145560042117],[76.93001741450172,25.282771668103113],[76.92328580986842,25.28540180748346],[76.92748191961229,25.291648645221883],[76.92947311269465,25.302924924666762],[76.91773550510511,25.309109902417777],[76.90707006285828,25.31977230560211],[76.89909421430139,25.324188039310407],[76.88122735481588,25.32415230610383],[76.87230383663483,25.328965093338663],[76.87066873393445,25.32737769889147],[76.85721592266727,25.33271193187043],[76.85240080003082,25.332024242307035],[76.83873993624888,25.326216448870845],[76.83277040301384,25.32729767783022],[76.82022285819446,25.326143294734553],[76.81341925269281,25.32265994913322],[76.80014965372612,25.3196670460158],[76.79000393268528,25.319597693859453],[76.7777008553873,25.315465462411822],[76.77069183123136,25.317334314454975],[76.76672454844149,25.320124131656435],[76.75905234931523,25.320172140485642],[76.75573908945954,25.322817103371737],[76.74057786308336,25.327620118083264],[76.72932116319126,25.32854058361571],[76.72558880332292,25.331260297801133],[76.72369003071361,25.335472764242567],[76.71694779631558,25.338428896474863],[76.71111913508673,25.3460372254565],[76.70343389511748,25.347698724297153],[76.70046012387904,25.351520772936254],[76.68910703745192,25.35223918144768],[76.6823760077404,25.348234884908543],[76.67844256897888,25.350629681454443],[76.6769540569598,25.34766739653535],[76.67546885972416,25.349123379158037],[76.6738493194378,25.347940215451548],[76.66949032267503,25.349075320113904],[76.66909195847408,25.35281443025412],[76.66350273779435,25.35791451741052],[76.66038252409656,25.365446519343188],[76.65875219594196,25.365061074789534],[76.6585314771817,25.361344046882543],[76.65662791834855,25.361230809144118],[76.65425688073314,25.363201898550397],[76.65447721411611,25.366622846833728],[76.64973329644066,25.366375909109856],[76.64949605317075,25.372098028195744],[76.64621319410091,25.370654816414916],[76.64661204518873,25.37362456291442],[76.64379529227546,25.378337507802833],[76.64090123663698,25.37963264011503],[76.64020355827495,25.38351029473878],[76.6363018147716,25.38384463882912],[76.63125754717747,25.381698375553366],[76.62887075221367,25.377601969120143],[76.62341965649202,25.376739427675744],[76.61654538591688,25.381031180093988],[76.60935233558675,25.390436278198568],[76.5985045604901,25.392314839905065],[76.59849294707008,25.404707937324435],[76.58763081420024,25.43179805215483],[76.58143752500098,25.437215376844357],[76.57389526807887,25.437778302248315],[76.56834435156284,25.439959463875564],[76.56199861736151,25.44804497026494],[76.5558278552146,25.452559020279455],[76.55821747717663,25.470555255992387],[76.55540937054793,25.483008701679513],[76.5491868672373,25.488770798163937],[76.5407527970371,25.500313007061425],[76.54028313624698,25.506606650177428],[76.53707560271039,25.511248434683193],[76.52793457634789,25.515226124168887],[76.51636456833918,25.527573550137678],[76.5198686339545,25.540395362209363],[76.52004885396678,25.547325869176266],[76.51414965792016,25.563232299736168],[76.50716739098327,25.573051008260997],[76.5055619003479,25.57955772361614],[76.50741946364185,25.586641184800875],[76.51280219487545,25.597045544923574],[76.5137809569882,25.602778479041383],[76.5108783107607,25.62832608289867],[76.50657298923447,25.635489087260243],[76.50336225230555,25.634944154386048],[76.49891074433988,25.63752632714334],[76.49690164603727,25.642649489918547],[76.49770833406073,25.651317555442894],[76.50392291872215,25.664250228755535],[76.50411383407621,25.67085351642569],[76.49789473717713,25.676514912380327],[76.4816236710135,25.682323301347598],[76.47916398854414,25.684447290963078],[76.47260572462473,25.69844900095421],[76.47311164231797,25.70919227929138],[76.47997355926134,25.716882696981372],[76.49105634621274,25.720783487351706],[76.50051415986692,25.728070150426003],[76.5188665893062,25.72719040028831],[76.52218384756321,25.728339836927788],[76.52122853507262,25.736025278096655],[76.52342174488935,25.739868139257727],[76.51723329221956,25.75353344867155],[76.51784039614644,25.765071682083235],[76.51538456385641,25.77587436700589],[76.52071159594911,25.79249964951904],[76.53013147913875,25.811389867058804],[76.5368927281764,25.81902426657724],[76.55590677041569,25.833589569986326],[76.58225453826029,25.87021146290822],[76.5914248479044,25.8754767981751],[76.61521351762549,25.86803307757527],[76.62145196872738,25.869249401045884],[76.62500636335477,25.874008864134446],[76.63176832116321,25.899950699238442],[76.63626740300799,25.904996642737228],[76.64189326506987,25.90794099496885],[76.67249124908619,25.91004420299838],[76.68729808289629,25.907433034993144],[76.7065458011955,25.9000745732293],[76.71572473646299,25.900693505676806],[76.73279886415128,25.906250506148865],[76.74458952174992,25.914303865307566],[76.7509568891799,25.91641892030557],[76.75811147185293,25.922538638724333],[76.75723250807668,25.9267958072681],[76.75084576847759,25.929553738995114],[76.74674643423927,25.93435393201364],[76.74622232386487,25.938455811741647],[76.74871862615676,25.940923777923537],[76.76796050810154,25.9382877101267],[76.77947149499944,25.938567437472926],[76.79096963598876,25.943127335841957],[76.8082224475702,25.96673255783253],[76.8077878165846,25.97266294315155],[76.80318347195146,25.973983852878497],[76.80219220169668,25.97598059477176],[76.80712291864562,25.98995060175328],[76.81453413382563,25.99875655339592],[76.8268882767542,26.007463220100735],[76.83250046915244,26.018094202771344],[76.83995581496909,26.026082627903033],[76.85671053587834,26.034917424402185],[76.86686390876879,26.032945248062198],[76.87806545569569,26.04406401879668],[76.8853407764345,26.047955656500697],[76.88997676512186,26.063497470563732],[76.89560402226735,26.06952507953179],[76.8978037340901,26.074383046940238],[76.89940252509005,26.09034205322949],[76.90114892456255,26.09316869342429],[76.91604458738121,26.09846833063729],[76.93662117629366,26.101761426203993],[76.94066421760469,26.10047356733557],[76.94813346664704,26.102843813000348],[76.95352756156898,26.10851959278677],[76.97767414704867,26.12501254627219],[76.99898642653446,26.130063487795688],[77.00290024878515,26.136401341295],[77.00154940897328,26.142608336197235],[77.00643883306351,26.151167314870918],[77.01528804979081,26.157105930638625],[77.02315919431149,26.166436357470854],[77.03142538645305,26.172478755890626],[77.05552809462104,26.179822361541916],[77.08209781371447,26.179167076143344],[77.09836598640457,26.18427986355311],[77.10195368517282,26.187782571793957],[77.10797462539833,26.198722963059573],[77.11223762818983,26.20243680518444],[77.11285253129002,26.212999162052427],[77.11631476595579,26.220312447316896],[77.12264068242361,26.225939299962253],[77.13510162785298,26.233363211717005],[77.14125087085725,26.23467011730574],[77.15498082316937,26.231951878389435],[77.16678607659472,26.232550685873516],[77.17007185159599,26.23350278651769],[77.17193854446819,26.238425534897367],[77.17539111775308,26.239055683351054],[77.19440316213918,26.231308445624236],[77.20385448277048,26.23003545034622],[77.21313274655554,26.234057477351293],[77.21714519573958,26.24029186463523],[77.23128511399452,26.246200410029434],[77.25176832303323,26.25976721633222],[77.27019686492989,26.267065790556845],[77.27849098569365,26.275492500646003],[77.2974552019774,26.29017107864146],[77.31088746338413,26.30445537315891],[77.31672993980375,26.311797286572478],[77.3176301927539,26.317393908734992],[77.31443592014752,26.318256516906523],[77.3209011347732,26.33341519508382],[77.33052099372483,26.343888616860053],[77.33521951952902,26.341462535838538],[77.34250395547299,26.352205647756605],[77.35559446091473,26.354953926408513],[77.36669048184687,26.363456987145806],[77.37417044689224,26.365747969847433],[77.39039747584403,26.356507071701756],[77.39678370250508,26.360741748295556],[77.41041792584892,26.363147277808515],[77.41782907365533,26.3637672824138],[77.43645119441088,26.361115165684502],[77.44434900811568,26.361576778735365],[77.44744714841028,26.36440451375179],[77.44854470643115,26.36776957603968],[77.44616531089032,26.37538659042092],[77.43527006342417,26.393369149579872],[77.4349682878792,26.400137416275136],[77.4376072354517,26.403408796800104],[77.44758988352241,26.404582174526933],[77.46133665768654,26.404053659183717],[77.48584380176848,26.41078533888876],[77.52353515635606,26.40730663333909],[77.5383590788178,26.411336411212403],[77.54658439581735,26.41645782382171],[77.55871916566198,26.43526054503791],[77.56214366839086,26.436832747801102],[77.56644350929555,26.435962994342695],[77.57290345350546,26.436928042828292],[77.58864390459371,26.446412784352727],[77.60622757018587,26.44987503586948],[77.61347749106002,26.452716122075856],[77.62296270782194,26.46141708718693],[77.62746321798802,26.47241081419058],[77.63331611845815,26.478682669424916],[77.64940353304512,26.487439851938486],[77.65985888988969,26.49114084203003],[77.67553719372994,26.503015345214713],[77.68290132820594,26.50459826139206],[77.6914723241133,26.49955144309153],[77.71040910494995,26.498271676214944],[77.72254402930484,26.49999568299082],[77.72625902743368,26.502094828386234],[77.73521591892586,26.51400980538739],[77.7400625652423,26.53330740860323],[77.74474902846883,26.53823406221982],[77.75112024787475,26.53975089860833],[77.75509112482408,26.538851143106132],[77.76792847513727,26.54749903257403],[77.78344193273298,26.552090654479287],[77.81193751403143,26.54723534920097],[77.82363825745665,26.550447771078513],[77.83250133339216,26.5614557379193],[77.83577230236087,26.577144080991864],[77.83309967605005,26.583522062980272],[77.82810791318772,26.58926489438161],[77.82732099618532,26.596033955082568],[77.83227592183285,26.599335246877114],[77.83583468766243,26.606343703893433],[77.84720153448308,26.611865384462288],[77.85898840208955,26.613818020834177],[77.88854997011818,26.6128316506715],[77.89457290819688,26.615183733162468],[77.89670291165189,26.617478109631683],[77.89794505980596,26.623867045261235],[77.89755492866458,26.65368799417409],[77.90360060040817,26.658965925485994],[77.91486103998679,26.661218340926432],[77.9354392458668,26.660364009282407],[77.94311309070667,26.658268355563372],[77.95357087659575,26.659219032859543],[77.95970485183345,26.663101733045597],[77.97348510171665,26.667860288094534],[77.98319988833933,26.673628515003138],[77.9948375062512,26.691251040554086],[78.00060882352386,26.694931483536497],[78.02024711134231,26.692064942566883],[78.03122815330799,26.686433262265663],[78.03516047905688,26.687036824025515],[78.04102987349398,26.685035301344648],[78.05529490550843,26.68387648457552],[78.07437262841992,26.670551518111363],[78.07877348487827,26.67043345316818],[78.08972728004309,26.674467341728946],[78.09443907845561,26.678154710355372],[78.09573703983655,26.681226311297458],[78.0955945077437,26.695162513640152],[78.09213855140344,26.714949277617837],[78.09592599596498,26.72780228559889],[78.10136196495559,26.737093595618056],[78.10820406865703,26.737576647992316],[78.11163695715908,26.740641683062226],[78.11728269534494,26.74162646375698],[78.12353433820678,26.74699205303821],[78.12377293883107,26.750327457772194],[78.12022628857973,26.75517713260888],[78.10546457265478,26.76026748787956],[78.1027308411417,26.763962598951913],[78.1014709979732,26.779724341432967],[78.10681264655388,26.790838077478025],[78.11647939666504,26.79662757007473],[78.12578105168183,26.796630861657942],[78.13531283620974,26.794506560643082],[78.15509561355006,26.784070023116932],[78.18364206913795,26.783817748186053],[78.18710005656908,26.78826113144522],[78.18680662547477,26.79507901431725],[78.18181663229352,26.80296344472415],[78.16762370445363,26.814306388335666],[78.16704542566758,26.81681192810659],[78.16920499717018,26.821537532688172],[78.17296821327018,26.82468798045264],[78.17779927381645,26.825838254187936],[78.20224623077436,26.821744018142965],[78.22295373746142,26.830628482261844],[78.21858084196455,26.83449881129721],[78.22080117102142,26.840121414177407],[78.22016773837187,26.84378083006296],[78.21701857556576,26.84336772751564],[78.21272370593785,26.846136421626856],[78.2117582954852,26.850692924971188],[78.20221749277013,26.866338108367152],[78.19697625068534,26.88217934082489],[78.20005550749435,26.88302232650237],[78.20260452472375,26.881726571039803],[78.20840306094954,26.87197436175367],[78.20861732441615,26.868865764580725],[78.21270078093183,26.869820897867555],[78.21257364057303,26.871372837731347],[78.21921714023988,26.871876399465258],[78.22663637737541,26.874884780283413],[78.23264079309125,26.874279583371163],[78.2342050115292,26.875991700038057],[78.23707148888842,26.8889763816444],[78.24370920969304,26.88869123250035],[78.24689451082472,26.893074836059025],[78.25080349205433,26.891780073150183],[78.25913048936087,26.896748955020023],[78.26228721867658,26.9019510955841],[78.26369446101019,26.908314300308156],[78.27077095133896,26.915102747684948],[78.27225358568109,26.919190043851422],[78.27159027057363,26.92122911978014],[78.26530357994099,26.922591151242354],[78.26485063679829,26.926753712272195],[78.25855925516325,26.933711637133644],[78.2549550570382,26.93531459042382],[78.25363832266441,26.935203335847355],[78.25318945607651,26.9327369322966],[78.25566498123416,26.928663373178384],[78.2546112151851,26.925810841229655],[78.24789325416434,26.92865140835447],[78.24190927332458,26.926147275493932],[78.23861652380346,26.926648903915353],[78.23738030722522,26.93597289607733],[78.23128936757784,26.936584600910702],[78.22495978149206,26.946304354633824],[78.22150613741533,26.944720885649105],[78.21642823150712,26.935084560225693],[78.21013200705437,26.931229646802834],[78.20516541318962,26.93263014410856],[78.19765544082054,26.940934825874756],[78.19155077940718,26.942465873124156],[78.18127293684925,26.94084515989157],[78.17748736437676,26.9426007933682],[78.17198746588068,26.948176444492],[78.15645330391426,26.943212914698908],[78.1512837419993,26.948012353105426],[78.1444779248454,26.949887335769212],[78.13279139905619,26.94736834199245],[78.12450608896872,26.949288048519552],[78.1185523678793,26.94697568009278],[78.11375671712493,26.9433163631053],[78.11177020426518,26.9397614665247],[78.11374364933248,26.935991954942452],[78.1227736106882,26.9345189453614],[78.12320075870748,26.931836827513077],[78.12107909880481,26.93204542216591],[78.12181276277883,26.922581610265553],[78.12018222711335,26.9214924750665],[78.10516171194496,26.926820123392073],[78.10163378258414,26.916985853371703],[78.10839240584626,26.912196280875648],[78.11235451793331,26.903579543766583],[78.11309582926536,26.89997941374304],[78.11119321815481,26.89587953624163],[78.10736477538204,26.896379335589852],[78.10433103620849,26.903433322324034],[78.10020333227519,26.904900704010515],[78.09437500971121,26.90329864362668],[78.09866072640466,26.896593362617452],[78.09603984125756,26.893782053768817],[78.07172092746532,26.90637598120053],[78.06694948540954,26.91139405727564],[78.06409188699855,26.90652315370666],[78.05951940650687,26.908856248083747],[78.0558425283871,26.906910590099493],[78.04880208385747,26.91013452200696],[78.04804488042973,26.907473286522265],[78.05125172495855,26.901706019139645],[78.05211403127448,26.894215042770362],[78.05018960367902,26.875783763833844],[78.05171417048028,26.870722097272086],[78.05596943159067,26.868393110729016],[78.04465696698067,26.86998000409535],[78.03199667640662,26.85180427230388],[78.02646955266921,26.84953512538121],[78.02223462492529,26.852680804738434],[78.02095302815383,26.85750735552226],[78.03226341585885,26.865158851317922],[78.03527095387052,26.868366256238737],[78.0354716006741,26.87079637106875],[78.03118883494633,26.873631366114235],[78.0242235713211,26.87256708419412],[78.02576858826986,26.87890316656998],[78.02777720327882,26.880441411729947],[78.02721986422205,26.88396706282862],[78.02997014180436,26.884103742005898],[78.03018727987987,26.88603133049954],[78.02637929084776,26.890035939099423],[78.02339899245047,26.89099493306263],[78.02132025495041,26.900324520954083],[78.01458171801808,26.902912543082312],[78.00962430493551,26.904048051444615],[78.00564049673768,26.902075977627337],[78.00223298025251,26.902904841357714],[77.99868316882969,26.900359375775245],[77.9930256492389,26.892495740077862],[77.98872856077226,26.891692392671768],[77.9872065874072,26.88934856507149],[77.97644731523067,26.892210582991403],[77.97231372373898,26.896067274703682],[77.97340768760041,26.898214576160527],[77.97138619793678,26.90031879219455],[77.97344205085497,26.90294369845159],[77.97133471728445,26.905871400424928],[77.9695779045412,26.90596759892113],[77.95812209935458,26.896833779523142],[77.94840042085707,26.893578103223764],[77.94299364262164,26.89710646247026],[77.93968315317031,26.90678015079232],[77.9257616971076,26.909821384876896],[77.91561607128814,26.907388022216473],[77.91301390433667,26.908862662111066],[77.91557424123695,26.91418584910775],[77.90635508030937,26.91777900206955],[77.90354858885155,26.914602190147907],[77.90685937025535,26.912653307743767],[77.90882630343516,26.90638372674722],[77.90671876325214,26.892858459755473],[77.90889687149063,26.89061775728623],[77.90431944397665,26.883334335284147],[77.89648408294698,26.88399731242614],[77.8918697912687,26.887066524426352],[77.89379797022882,26.888921829965977],[77.89247184037548,26.890158449188398],[77.88451936328734,26.890976931365323],[77.88081570459234,26.89944627492794],[77.87755619004179,26.902368100194476],[77.86895191155311,26.901635310540307],[77.86770671361866,26.906278353140863],[77.8578146040505,26.90626239901348],[77.85023721581427,26.912828386966897],[77.84184067902326,26.912567404126357],[77.83637574565297,26.91676332076962],[77.83192988090396,26.914267289043828],[77.82382693600569,26.91993129638631],[77.82149539282173,26.917767370103824],[77.81499234654616,26.919753279792282],[77.81020576338626,26.92418561318406],[77.7981974691471,26.915999614570374],[77.79541895751545,26.917562880559498],[77.7929834603885,26.917052629887635],[77.78646017237462,26.922333870574562],[77.78687142470497,26.923856314304903],[77.77948949280659,26.92686097536595],[77.78046306804687,26.92985230544998],[77.77474891686393,26.932151715959357],[77.76059343799166,26.93261989519863],[77.75895652608428,26.931448012662504],[77.75890466364798,26.926481157000126],[77.75317010453843,26.91687307724876],[77.74570805818804,26.92101341497257],[77.74399353723004,26.918760948075477],[77.73778222333458,26.920581182325893],[77.73237276272972,26.920145455783885],[77.72491256331556,26.91037960338733],[77.717638360081,26.897256927704504],[77.72299382025916,26.895133439048422],[77.72697024161042,26.890215328512653],[77.72589166409317,26.888757476931758],[77.72787756609851,26.885259356171975],[77.72260435656607,26.874315705065282],[77.70650470333166,26.876841811167033],[77.70123350961872,26.86774516744311],[77.69759543602427,26.86737244489483],[77.69614154148302,26.867693592929914],[77.69429784458379,26.873955119029407],[77.68664548475057,26.87524647073834],[77.68231650429475,26.8693967646837],[77.680279340826,26.870033362924175],[77.6764244498546,26.8684799205979],[77.67457514207808,26.863484558178676],[77.6747383758467,26.85754203200981],[77.62975556947275,26.841462075108254],[77.62039235201128,26.842797153603364],[77.61822655698037,26.832035582928288],[77.61033278569435,26.828572762876117],[77.60761133235457,26.82779093802589],[77.60836447899048,26.83911641283605],[77.60079987198411,26.835601348020372],[77.59242178838568,26.827907208341273],[77.57803989273927,26.827201072138692],[77.57447413532185,26.82085816804269],[77.55759157157128,26.817632527520132],[77.54196360482796,26.822410103509394],[77.525679946979,26.818866034622072],[77.52010168305077,26.82178280772715],[77.51697709815085,26.825773018248356],[77.51760375750314,26.837750050281993],[77.5208573252065,26.838171507077465],[77.52070651962987,26.841515358417034],[77.51770446223975,26.842837749819118],[77.51767723699845,26.844223829056094],[77.50781519494114,26.845702973580813],[77.50116596222615,26.844448576418735],[77.50139317670423,26.835185353208082],[77.499115497403,26.824112857643843],[77.50068029166103,26.81700643109689],[77.49365163302791,26.80155250643564],[77.49323736145993,26.79766587581633],[77.48745970926785,26.788147693702143],[77.48885544328438,26.786034050189894],[77.48893995588797,26.779029702963946],[77.50255648870895,26.768727637646286],[77.49462095744029,26.757044942985296],[77.48521974393721,26.748007478575186],[77.47803365016068,26.745694019701258],[77.46629193906689,26.744645725232495],[77.46139985237012,26.74197693031847],[77.45455710816988,26.7418659982537],[77.45622097582395,26.74973147999483],[77.4622517517035,26.757396542741233],[77.46366312179586,26.75668448984114],[77.4671319195531,26.762982784168706],[77.47036325574979,26.76464991041004],[77.46744184102108,26.767474813273672],[77.46690180980487,26.773727222348473],[77.45344606284335,26.77786957363933],[77.45150355665275,26.774046085490316],[77.44664861619128,26.77390833591447],[77.44183283239477,26.768597545964983],[77.43830919338775,26.770107773683797],[77.43663468788405,26.767630819747595],[77.43267914876994,26.76783067733924],[77.43427840240226,26.769708743082067],[77.43133618269152,26.771071550614877],[77.43362421956795,26.77343611271358],[77.43318696460341,26.77481052298525],[77.43523606129236,26.77523597514748],[77.43383282185164,26.779563470796013],[77.43707773518555,26.784280491041514],[77.43415025772697,26.785715803716464],[77.43379647062535,26.787362383213903],[77.43228445688186,26.787023811115027],[77.42825963789635,26.793184719003463],[77.42908107895173,26.80156301017899],[77.42515608435389,26.80151427440516],[77.42060544999154,26.810579974638017],[77.40815729387688,26.816706461411858],[77.3978652345813,26.830360633031493],[77.40519223719502,26.834775655663904],[77.42129299535718,26.83982412352735],[77.42967678595261,26.84707191072586],[77.43115766678332,26.85267098456212],[77.42663236311537,26.858994648246064],[77.42727708579142,26.864080309418007],[77.43806784391869,26.86311049290705],[77.44539219201074,26.86825103716492],[77.44841525380883,26.875325632639154],[77.45443107273888,26.871826945513337],[77.4589575846409,26.87283375338908],[77.46189001271503,26.877481858646327],[77.46030852236912,26.885838665509908],[77.46832822128833,26.88720980980514],[77.47631170372853,26.893160619109658],[77.49024986486222,26.900486191059475],[77.49967023044715,26.90206927642041],[77.5234837251111,26.911139041242638],[77.54291351125714,26.91626202086161],[77.5450565528602,26.915308765201775],[77.55341077181481,26.920039213953846],[77.56722414527745,26.92103740310791],[77.58319061069456,26.924157125214293],[77.58788298124239,26.931056721706184],[77.58850600960433,26.935521160468603],[77.59108788361357,26.935967084236022],[77.5922362216008,26.94027266356697],[77.59732523697414,26.938297299449477],[77.59749842766935,26.93515107856152],[77.60213204929595,26.93327016294191],[77.6229405194344,26.949780506170796],[77.62989887411678,26.951721240895417],[77.63495640623435,26.955740717466043],[77.64957073287569,26.962877921486818],[77.6608770215681,26.971215986307953],[77.66376868678957,26.96722514432933],[77.6638073960935,26.964258351783627],[77.66544609564826,26.962773628717088],[77.66819676130275,26.96376853714877],[77.66856613866608,26.96174256254138],[77.6709154289668,26.962989027044664],[77.67216134375685,26.959967562334864],[77.6735971013125,26.96377604335957],[77.67691631071034,26.96555914537184],[77.67624095099153,26.97321784307795],[77.69948186667989,26.97511968924256],[77.72239452269208,26.987845048528005],[77.72947118280246,26.982956036284172],[77.73906070205369,26.98421883024104],[77.74346861388028,26.983164925360636],[77.74749191201799,26.98959249861346],[77.7457167251339,26.995044290236855],[77.75325998637251,26.992749734989488],[77.75857293198324,26.996959795803175],[77.75195297805831,26.99777789826358],[77.75028879868881,27.00186819323051],[77.75799894894088,27.001789685203917],[77.76137335172807,26.99997875881933],[77.76295161442715,27.006844718022776],[77.75985043153868,27.00629342982097],[77.75685333554385,27.01008479435534],[77.75951243412482,27.01798381131623],[77.74953285110585,27.021211676347423],[77.75098762689441,27.029036425745286],[77.74848330354534,27.030876684416615],[77.74110551557536,27.029038316613136],[77.73768088259075,27.029750220095455],[77.73284525141634,27.02352752118373],[77.7292934699881,27.007516448448335],[77.73005334500547,26.993887014462032],[77.71193513241191,26.997103238529178],[77.70525840406268,27.003783860294366],[77.70648905198448,27.006894216031984],[77.70572655388648,27.01445740618626],[77.6896165790095,27.026667466603616],[77.69290112062384,27.034422778973898],[77.69305572337917,27.040853264005694],[77.67976047481622,27.047082079402394],[77.67563059875657,27.041376344375134],[77.67340529752464,27.028864243809437],[77.66557742754614,27.017250189638972],[77.6602240793072,27.021032716261022],[77.65629599989464,27.02098086212476],[77.64220878220416,27.02566392544872],[77.63647912520108,27.019417870859417],[77.6341466684305,27.012451578962597],[77.6300219621753,27.0102050987444],[77.6298960201691,27.013840431791408],[77.62796138232208,27.015066611107176],[77.6285251308584,27.018684928372778],[77.62345118292735,27.02199057821912],[77.6149634312024,27.02353063810775],[77.6018110210578,27.02252524997288],[77.59604749307697,27.026565188693166],[77.59680553373452,27.032699784453797],[77.58208361676992,27.035767689603734],[77.57918518094615,27.03820419522538],[77.56320137804407,27.02936764721288],[77.56713312887119,27.046868855108936],[77.57289651042662,27.048829622144254],[77.57303175897916,27.05274919416242],[77.57530297939347,27.05641151902822],[77.57534192585261,27.05986528219756],[77.57275680982355,27.06451181546853],[77.57721329176094,27.068323848161004],[77.57168335719497,27.07186578061729],[77.56673886727611,27.07318946069772],[77.56581884420318,27.07215234817941],[77.55933323243065,27.073125485223652],[77.55886961011588,27.07195757865587],[77.55685927303648,27.075335946628154],[77.55358812081144,27.07602504666182],[77.5527648193451,27.074184122204315],[77.54969909835083,27.07431049295389],[77.5476622340211,27.071536562731175],[77.54469723033979,27.071903803506316],[77.5416369558311,27.06260650608539],[77.53161549694683,27.06456784440803],[77.52554603691621,27.063747002166455],[77.5193392505298,27.06661631843959],[77.52636398891501,27.078232568234313],[77.52635223535783,27.084616257091298],[77.52264810414898,27.089171732095824],[77.51057966770155,27.090417549476943],[77.50761129803288,27.088876145046832],[77.50543640666145,27.09229473728136],[77.5177343985966,27.102456677918866],[77.52038787013059,27.10437011884511],[77.52664340898582,27.10117517505181],[77.53756054210726,27.098328681889434],[77.53991908864863,27.106229164658632],[77.54328164355555,27.10422152022481],[77.54903782511397,27.10750315144615],[77.55027761698705,27.11128011705],[77.56247479189618,27.110163829477543],[77.5812205055635,27.119237862073216],[77.5881065880863,27.11651449493821],[77.59265646067723,27.12022571347184],[77.59783861248094,27.117998135835283],[77.60445383677593,27.124249760056795],[77.60298477687604,27.124545585507484],[77.60281737851778,27.132761201234974],[77.59896244352893,27.134551628263537],[77.59753521907014,27.138897947121787],[77.59896057323651,27.14344771315979],[77.60031581658988,27.142295569456884],[77.60554163999112,27.143560124488918],[77.6136814436638,27.150601863748935],[77.61414476144967,27.152491369672365],[77.6121672856417,27.152842769446078],[77.61056765561527,27.155812230283654],[77.61004674054833,27.162854405741328],[77.61825093186731,27.168859344562765],[77.61995037999317,27.17354950102507],[77.63433180941395,27.167879101443077],[77.63786494181687,27.163841072473378],[77.64410894271059,27.165545253714573],[77.6489963536763,27.170322762537683],[77.65839625563903,27.170105536389563],[77.67300821971118,27.18196366603684],[77.68112422970692,27.19440391650266],[77.67552757906147,27.19806614174685],[77.66563748261784,27.20900741497999],[77.66353071947752,27.207277054545504],[77.65028377602235,27.208074435530836],[77.64670793321922,27.210218192728075],[77.64505567898514,27.21687664323174],[77.64831484768432,27.223525490337316],[77.65254559646554,27.226090266834767],[77.65281478562356,27.23484283746096],[77.64292978891581,27.234895097322788],[77.64553681844794,27.243275205318668],[77.64300352712593,27.24789125184411],[77.63736057551407,27.250978856067917],[77.63317018624194,27.258129149691104],[77.62730075407563,27.25950017655697],[77.62115641766943,27.255193575741906],[77.6164229006883,27.257802376341417],[77.6160114848646,27.261711483402284],[77.61317934381046,27.265822494712104],[77.61709372211831,27.270863473942708],[77.61819936407841,27.269659280476155],[77.6217699813815,27.275045890456365],[77.61468888449198,27.278924312681987],[77.6168222197984,27.286450241142408],[77.61179577028796,27.2907804556535],[77.60628473986885,27.292100140060015],[77.60570203059186,27.29054765114536],[77.59866066798396,27.29720438653222],[77.60050859864312,27.300726711578896],[77.6079994153371,27.30057399206333],[77.61015427517603,27.306135649745393],[77.61448318107173,27.307169469762172],[77.6187194455088,27.312271262571215],[77.62189174622165,27.313048916255372],[77.62230454275597,27.320702783214447],[77.62080724790837,27.326405397257705],[77.62270291324512,27.33618645775736],[77.61635738206306,27.340426490702423],[77.61469497596794,27.336584511246414],[77.61198517557403,27.3362348108437],[77.6125301762704,27.331921064848956],[77.60451973269356,27.3320521577563],[77.60128966401972,27.334290308755406],[77.59964199478684,27.33217442991709],[77.59116440839766,27.33045945513852],[77.58378780710218,27.32129570995928],[77.57877659391728,27.322664068931008],[77.57725954960817,27.323580951457668],[77.57704213664816,27.327941668432832],[77.54793792428686,27.336893383636617],[77.54555515018225,27.349569471290703],[77.53956147472391,27.34794591616134],[77.53653382882294,27.349656389081495],[77.53342677274915,27.349213860298523],[77.52951240162785,27.351664313646957],[77.52992490980296,27.352684641545544],[77.52256086336186,27.357244927049372],[77.51968531211993,27.36117740860213],[77.51609738877288,27.362522575935085],[77.51583965672796,27.36793180790735],[77.51325390828491,27.370111088185542],[77.50989863512173,27.369805620700927],[77.50843735732714,27.371817122332743],[77.50952400351227,27.374051363579525],[77.50718117838665,27.377089867004212],[77.48461569967222,27.383531812201678],[77.47268970728273,27.377081388214787],[77.47024680264796,27.383481795113227],[77.43996924230358,27.390329542663977],[77.43805046780614,27.408948384612327],[77.43220775962122,27.415391853216942],[77.42109442815354,27.42201717120503],[77.42583497265512,27.43631277171883],[77.42665114598965,27.44510968842547],[77.4293371562999,27.444544820535935],[77.4326325280033,27.447126496196525],[77.43619586625768,27.446464145579938],[77.43865636619391,27.449050222218442],[77.43661704407357,27.453309752776],[77.4378064099165,27.456318136605006],[77.43366477940134,27.459996101692035],[77.42608040047558,27.46293726121778],[77.42708388871651,27.464174378942797],[77.42569343948884,27.466888245039836],[77.42222576642233,27.461253716262533],[77.41906160444596,27.46996008476433],[77.41575448008365,27.472642866751908],[77.40154089548383,27.476504052221756],[77.40011721128556,27.47959567070556],[77.39893403303834,27.47944653490784],[77.39878728784679,27.48283269740077],[77.40099047345474,27.497273236355124],[77.39897058279232,27.50019049158165],[77.39055771462947,27.504698082099615],[77.39163995817135,27.508136418085137],[77.38738306302548,27.51289248454784],[77.38282837456627,27.51568473834352],[77.37402270187576,27.511864260562575],[77.3678939296802,27.515469309963567],[77.3573438625569,27.516571488579288],[77.33998487549874,27.526618896803207],[77.33868396494869,27.531341675165578],[77.34004703801808,27.53889056280932],[77.34597438636743,27.53873559707752],[77.34915566663985,27.543151936022035],[77.3380725059893,27.549740979551398],[77.33624421609552,27.557666342972375],[77.33680337513904,27.566680323800814],[77.33836841104389,27.56907429021838],[77.33726463578294,27.56976076393624],[77.33958559232126,27.572611691831845],[77.34525668815094,27.572373961860542],[77.34721069187887,27.574734254675583],[77.34723005955638,27.577725813264145],[77.35142863248078,27.581222418372466],[77.3501682170854,27.583440597981546],[77.35820991754252,27.588960946121407],[77.35324842431197,27.593257697190605],[77.34410044229422,27.597077814564628],[77.33452030504785,27.591299623136624],[77.31705098421155,27.60675141466631],[77.31876844984704,27.610795274571064],[77.32720000835769,27.620396335252675],[77.34618348182622,27.63950287399807],[77.35257474803602,27.65123820097058],[77.34477398292461,27.660916914732645],[77.34567101541447,27.673433749843472],[77.34095589323545,27.676759869384536],[77.34454428550309,27.68120286387084],[77.34081570305052,27.686355402306386],[77.34139072724028,27.695085602408913],[77.33844735229613,27.69841580374306],[77.34114225143607,27.703368483145827],[77.33022364328096,27.709064918749917],[77.32928630607918,27.707602835773198],[77.3220929745764,27.706625490295234],[77.31174449658938,27.708692173753867],[77.30969633684325,27.706627883396038],[77.30392385804895,27.71078989696807],[77.30298285841577,27.725910388570227],[77.31936755427635,27.73348762729724],[77.3185103791373,27.73810900967421],[77.31216009766399,27.741942287331906],[77.31413104002492,27.74464361254396],[77.31094836466883,27.746867651839015],[77.30796320369089,27.7528078080369],[77.31168789643826,27.75804360140101],[77.30929307053582,27.75944118615511],[77.30783312224786,27.766434140222206],[77.3104368549629,27.772422872596408],[77.31273897652468,27.773958094295676],[77.310494865469,27.777196663488002],[77.31047630897018,27.78287730492688],[77.30866928219913,27.784469265431486],[77.31042763914641,27.788084212297605],[77.30882007519938,27.78689678010573],[77.30595263035457,27.78846551497386],[77.30445995913578,27.79007102683297],[77.30579882440492,27.791050858963846],[77.30081358510812,27.795397794163605],[77.29541416227823,27.796743859881072],[77.285779351767,27.79621452523716],[77.28516860606994,27.79862354934776],[77.2828948326436,27.799371018668236],[77.28369488032048,27.80108255520394]]]}}]}