{"type":"FeatureCollection","features":[{"type":"Feature","properties":{"shapeName":"Tamil Nādu","shapeISO":"IN-TN","shapeID":"1811400B21167269026319","shapeGroup":"IND","shapeType":"ADM1","displayName":"Tamil Nadu","coverage":"context"},"geometry":{"type":"MultiPolygon","coordinates":[[[[79.48966204249547,9.120611563723552],[79.48883368171745,9.119047721633395],[79.49278754996517,9.122473190934448],[79.49652232360667,9.123272195548877],[79.49645008468478,9.124931258620824],[79.49204218184133,9.124308774719513],[79.48966204249547,9.120611563723552]]],[[[79.48811454260327,9.12722321102197],[79.48875168978654,9.128163271780897],[79.48700919259562,9.127304885890002],[79.48811454260327,9.12722321102197]]],[[[79.48111292954842,9.128995425334521],[79.48196382456533,9.129971650610848],[79.48056296655842,9.130663745307487],[79.47967113800895,9.129804991149824],[79.4813042401612,9.13008035062243],[79.48111292954842,9.128995425334521]]],[[[79.48212369683809,9.132444425100305],[79.48301078318116,9.132552632112807],[79.48327513041981,9.134342759735048],[79.48149621642561,9.133217641275536],[79.4827699331754,9.133447847381847],[79.48212369683809,9.132444425100305]]],[[[79.47352285799866,9.136262153900928],[79.47363171314984,9.135113865352436],[79.4735508018922,9.138504415974879],[79.4722183371195,9.139865497032014],[79.4697436285304,9.139508948452683],[79.47352285799866,9.136262153900928]]],[[[79.46505462486823,9.14342506352407],[79.46801073792315,9.140725506750382],[79.46735188295104,9.143483271717455],[79.46505462486823,9.14342506352407]]],[[[79.13800564413214,9.234853075167743],[79.14111255647549,9.234247077737932],[79.14178616088624,9.237246958361185],[79.1387750332067,9.238056422345661],[79.13800564413214,9.234853075167743]]],[[[79.15811088970999,9.236357830701147],[79.16022170515053,9.235886051041557],[79.1609564300349,9.238275300606674],[79.15861942778895,9.238761542074627],[79.15811088970999,9.236357830701147]]],[[[79.14434752186595,9.23722155981158],[79.14651904275844,9.236035050493589],[79.14933379602193,9.236587364216717],[79.15067401774715,9.238920755541567],[79.14994495943562,9.241559202990535],[79.14736862533671,9.242977114280281],[79.14495479647272,9.242265366390901],[79.14373740948115,9.240248067175655],[79.14434752186595,9.23722155981158]]],[[[79.22012287926195,9.25096888270043],[79.20801737113936,9.251039071101232],[79.19933869417886,9.256925699540739],[79.19140631420022,9.25700486640225],[79.17995416785179,9.249105244891522],[79.17529935137438,9.243436051063128],[79.17492798244604,9.239788646555024],[79.17704765258034,9.236481748777825],[79.19199854382263,9.223848211598867],[79.20465124093764,9.226023975404148],[79.20910100617162,9.228763493603454],[79.22224969459599,9.24170698089244],[79.22556728612798,9.250074124992107],[79.22012287926195,9.25096888270043]]],[[[79.23599060365963,9.24788863875243],[79.23161933950335,9.248395582353595],[79.228735398895,9.243422011839455],[79.23167454457082,9.237593892878461],[79.23655944654193,9.23529909664713],[79.23883802326013,9.236218731040996],[79.24068882493494,9.240200577743941],[79.2393011362301,9.244242785017855],[79.23599060365963,9.24788863875243]]],[[[79.13573226237126,9.252271149534206],[79.13869762088709,9.251792358455798],[79.13980783796693,9.25328122595778],[79.13907260104286,9.25516381266829],[79.13597821570616,9.25535419761006],[79.13573226237126,9.252271149534206]]],[[[78.96937918198941,9.184638443681889],[78.9709365920958,9.185235961509747],[78.96851732033952,9.187764802784484],[78.96687402410542,9.187397576546488],[78.9669359332999,9.183088852894551],[78.9680089197028,9.182765248961523],[78.96835781727431,9.18589739053233],[78.96937918198941,9.184638443681889]]],[[[79.0837055825982,9.200636354930625],[79.08187153809672,9.202123910515262],[79.07698661726096,9.201120215875495],[79.07325890258097,9.20253176049193],[79.07103353667037,9.204084222596682],[79.0710770277065,9.208180054234631],[79.0695069621344,9.209604309507217],[79.05995636508777,9.201744616247801],[79.0566541904427,9.196907056773954],[79.058823947044,9.194902771561582],[79.06636656778376,9.19943517710829],[79.07930433447439,9.195082467955425],[79.08428470669895,9.191008848433817],[79.0873505947799,9.190828572676839],[79.0909059946221,9.196443434992778],[79.08795657221943,9.199227490524644],[79.08665984332703,9.197463470922665],[79.08345960590711,9.198747131477294],[79.0837055825982,9.200636354930625]]],[[[79.13944803484786,9.2117812136421],[79.14144614585622,9.213402717287575],[79.1389053967207,9.21293563584568],[79.13944803484786,9.2117812136421]]],[[[79.12555872499762,9.214566005856241],[79.1228990883258,9.215238172326115],[79.12334581333009,9.217172269484378],[79.12214284070558,9.216556215558768],[79.12242876996892,9.214561649385839],[79.12849398995142,9.21294329273452],[79.13273290801183,9.21365422726644],[79.13390081220429,9.214776818878857],[79.13145024134687,9.213911243626601],[79.13399780510217,9.215142685722972],[79.12902885136316,9.213705933990804],[79.12697628538058,9.21512721331734],[79.13009578401936,9.214326980709169],[79.13314295300641,9.215520556612546],[79.12419447154191,9.216441582403336],[79.12690531398155,9.214096570813092],[79.12555872499762,9.214566005856241]]],[[[79.16041910723928,9.217239564167258],[79.15153372613531,9.22389857436691],[79.14721418966803,9.224973776696027],[79.14055851154086,9.224021384901715],[79.13212273274499,9.219692131466335],[79.12371779401116,9.221158854348001],[79.12371827640645,9.218292210166474],[79.13613744568353,9.215557102802524],[79.14355687685514,9.217655866602758],[79.1556246368712,9.217760164700403],[79.15805163234226,9.215370344327969],[79.16244902310028,9.214425910679841],[79.16419303035919,9.211857141667391],[79.16315262764826,9.209255553600114],[79.15574333126968,9.208988721221033],[79.16455324131337,9.208993918386819],[79.165376412524,9.213336416780328],[79.16041910723928,9.217239564167258]]],[[[79.14409225839144,9.232384779866154],[79.14565519583176,9.23018244947084],[79.14861411791858,9.231814945859567],[79.14686579964464,9.234568984437278],[79.14409225839144,9.232384779866154]]],[[[79.45347821546483,9.147016969531421],[79.45440183988376,9.14783956891875],[79.45262809210075,9.149819971876534],[79.45003024784242,9.14805738725685],[79.45347821546483,9.147016969531421]]],[[[79.44494089649915,9.153487691772437],[79.44464015491508,9.151137007027392],[79.4457231000412,9.152163012445898],[79.44494089649915,9.153487691772437]]],[[[79.4477612848944,9.153310838032496],[79.44575608617848,9.158035366276208],[79.44441403009344,9.158144088758446],[79.44355851953259,9.156589084137174],[79.44526462686964,9.157248825634744],[79.4477612848944,9.153310838032496]]],[[[79.77875386433787,11.904692896072696],[79.77532057698384,11.905032020691337],[79.77509295017906,11.901871532663767],[79.76977625679693,11.902820707141961],[79.76918814505179,11.901788545049207],[79.76913223480683,11.900707167818743],[79.77281771249878,11.900490553086806],[79.77046783829316,11.890928076321662],[79.77195573406792,11.88541704087825],[79.77077725760286,11.884071236914114],[79.77348705799676,11.883329639792015],[79.77261774033,11.875850128700167],[79.77613785255124,11.878265373305885],[79.77960774894805,11.877958416933943],[79.7798450344388,11.872431508855932],[79.77771292892602,11.86664460241282],[79.77837913660869,11.863222142257362],[79.78506296434361,11.862958221660683],[79.78717906726789,11.873498179520393],[79.7895211800295,11.877203053426177],[79.79230635356733,11.876890841570892],[79.79205863414455,11.880369612297201],[79.79452672843823,11.885313639177719],[79.79652019605487,11.89498956874575],[79.79638034992472,11.899901487001507],[79.78785552293137,11.896787774396508],[79.78245397648415,11.899553073626036],[79.78143534534243,11.902808104912129],[79.77875386433787,11.904692896072696]]],[[[77.30671222150434,8.12713016370954],[77.31004712447016,8.126281864997269],[77.30548464043089,8.129389754814648],[77.30671222150434,8.12713016370954]]],[[[77.24485021916378,8.17026706520099],[77.24630338247641,8.172156089652153],[77.24331075110857,8.170826588769764],[77.24485021916378,8.17026706520099]]],[[[77.23864890531407,8.176413464763492],[77.2365026773867,8.176736289919564],[77.23558603467417,8.175607726505692],[77.23661877116247,8.175945441714248],[77.23889814199136,8.173802500519434],[77.24007568870005,8.17424510418158],[77.23982763061245,8.17652598473137],[77.23892717374468,8.17465658756257],[77.237887689112,8.174879438389864],[77.23864890531407,8.176413464763492]]],[[[78.25514395477613,8.955477805608261],[78.25089288789982,8.956033323733106],[78.25262548655462,8.955287954819314],[78.25037505405429,8.953171988840198],[78.25185270633985,8.948918271143482],[78.25481695992788,8.948538368282112],[78.25586735100646,8.949772744763804],[78.25514395477613,8.955477805608261]]],[[[78.48745291357315,9.087368592840514],[78.49409267535012,9.08581254174221],[78.49657934590553,9.09042644336062],[78.49020962399118,9.094324157998473],[78.48653052523605,9.089277139933793],[78.48745291357315,9.087368592840514]]],[[[78.5842680887343,9.112320274234428],[78.58220095387446,9.110807507292368],[78.57928814949769,9.112890854529342],[78.57495024966939,9.10630787997467],[78.57095819583557,9.103681133784315],[78.57062758796323,9.101457082235523],[78.57514049128699,9.101009452069247],[78.57679444603194,9.099483926404968],[78.58113433293364,9.10055502509109],[78.5820159350619,9.103393768800688],[78.58847039775195,9.1073063917369],[78.586991353976,9.11091573594473],[78.5842680887343,9.112320274234428]]],[[[78.69363677442664,9.1520249838619],[78.6945214982005,9.150608716005047],[78.69614285847365,9.151288814545392],[78.6965765273636,9.155755337516874],[78.69488864414869,9.15517914898536],[78.69363677442664,9.1520249838619]]],[[[78.73113005229071,9.152365906402899],[78.73127217744677,9.155946690361763],[78.72788333783464,9.153180456544677],[78.73113005229071,9.152365906402899]]],[[[78.75179305104868,9.157260663528763],[78.7508544067982,9.156620285044449],[78.75209995058403,9.155650527176649],[78.75179305104868,9.157260663528763]]],[[[78.82146594161556,9.164589024670983],[78.82361198448997,9.166234831067714],[78.81944732656083,9.16569106929856],[78.81666174788282,9.160117319937969],[78.81906040420166,9.16082241322014],[78.82146594161556,9.164589024670983]]],[[[78.82390365847958,9.166695618989374],[78.82623677641021,9.16648338056305],[78.82794686418231,9.168487124096503],[78.82849940713379,9.173744678550333],[78.82390365847958,9.166695618989374]]],[[[78.93164422856782,9.181541077717986],[78.9404009062444,9.183350508146463],[78.94272474008659,9.184800325085307],[78.94334523789438,9.187300532315772],[78.94089224068739,9.187441257216122],[78.93857753732173,9.184699628309424],[78.93278452573497,9.18230130626723],[78.9251145706003,9.184769774017667],[78.90847373720445,9.181485050208677],[78.90613021049461,9.185111653004562],[78.89718503033879,9.179555725875373],[78.90317667470624,9.178377002510802],[78.92384214293294,9.183224738417664],[78.93164422856782,9.181541077717986]]],[[[78.20953218487118,8.836336892563043],[78.20390095178223,8.83729003571588],[78.20466558517566,8.832064623429266],[78.20743344907628,8.832065239467786],[78.20953218487118,8.836336892563043]]],[[[78.20995415949274,8.838095360668829],[78.21165464157947,8.834348392854292],[78.21393641180849,8.83500463702452],[78.21172201792075,8.8388192582046],[78.20809598803935,8.840129403826325],[78.20995415949274,8.838095360668829]]],[[[78.22725823613082,8.86971790688902],[78.22604500654239,8.872687684985994],[78.22305330672751,8.873767293337755],[78.22076775459115,8.87293542043654],[78.22411265311115,8.871394289280161],[78.22514039227148,8.866657151778304],[78.2275538052155,8.867150104600809],[78.22725823613082,8.86971790688902]]],[[[78.2230982988485,8.881619586432297],[78.22348016548925,8.884087441219252],[78.21775275427443,8.88513134862858],[78.21851698162932,8.879910338702135],[78.22137996005053,8.87991040881843],[78.2230982988485,8.881619586432297]]],[[[78.26932831628146,8.937422235402584],[78.27038716679503,8.942046604367743],[78.2665589503977,8.939420550481385],[78.26684564233072,8.937331715288781],[78.26932831628146,8.937422235402584]]],[[[78.53507206420191,9.102911781275603],[78.5378690550773,9.10235305581176],[78.53934650614022,9.105851073715105],[78.53507206420191,9.102911781275603]]],[[[79.80699829015762,11.833580813060266],[79.80770216240354,11.836406568099394],[79.80606844131206,11.840485031475874],[79.80767704281324,11.8467760292179],[79.80522509573683,11.847702551069428],[79.80262773926368,11.85405091467273],[79.80060534230158,11.855314398723273],[79.78166908608107,11.855812304373528],[79.78009135518464,11.848159054342815],[79.77665204193164,11.845245856528289],[79.77581293460791,11.83845793519023],[79.77237084376407,11.836665537129742],[79.7660917852181,11.84059092424407],[79.7642647817118,11.846913283446563],[79.76210510061473,11.848439050036434],[79.76313272119745,11.851875373645544],[79.76506685778457,11.85198794716512],[79.76689729195697,11.858047461377586],[79.76943811744925,11.858314927038283],[79.7708121652365,11.861369907590342],[79.76921084997059,11.865117171446405],[79.77002630105966,11.874650377225313],[79.76846270425588,11.875970285000681],[79.76446607170908,11.875497333046152],[79.76392291345738,11.877014722090589],[79.7573614200945,11.876111218463945],[79.75861777330812,11.868511752300812],[79.75542857438643,11.86789896799778],[79.75380174786478,11.865976553351482],[79.75385950953755,11.850170382822654],[79.75097452239189,11.84805010321307],[79.74308000550417,11.848460192458079],[79.74374412190888,11.85803010441781],[79.73988302447718,11.864596733250895],[79.73263416092014,11.865513824056952],[79.7325497354531,11.862552183253309],[79.72108516720091,11.86249505559194],[79.7196204075363,11.853041780264439],[79.71735439824894,11.854522363540218],[79.71339985895972,11.860713446693252],[79.71254814917084,11.866610279914363],[79.70823502308141,11.869104580324471],[79.70995429792394,11.889188862421873],[79.69959140736647,11.889065352244437],[79.69684665442323,11.888500101165437],[79.69651653343777,11.886656418333072],[79.68565061147406,11.886219276505653],[79.68503747625833,11.880962745053623],[79.67397048079131,11.880662436627203],[79.67380679067857,11.891588432393526],[79.68273937016592,11.891858682442347],[79.68259130624752,11.88879305827707],[79.68681572909249,11.888868237779006],[79.68710996058573,11.894506602549853],[79.69535755400766,11.894797689658345],[79.6956617199696,11.902411235018858],[79.69756265841704,11.902424941293264],[79.69789097828033,11.904725492699145],[79.69775337614175,11.9075655954507],[79.69553151276241,11.907906522796436],[79.69624346625264,11.919177026230338],[79.71860190754863,11.918974926234034],[79.71792695566495,11.913352650475105],[79.70655783880157,11.913502349835635],[79.70660730902426,11.905104686179167],[79.70898250224622,11.903311064136366],[79.70590285287342,11.89908400217475],[79.70525256333755,11.893877492508484],[79.7091473646604,11.893117748124686],[79.71113323702134,11.89075175248961],[79.71683278069943,11.892841429605673],[79.71876361957113,11.890471069769452],[79.72362137714929,11.88866163035091],[79.7249020612324,11.889406084782994],[79.72275512543261,11.891762922892882],[79.72887800467994,11.890250891164229],[79.730501011565,11.891703382248542],[79.73127925533332,11.903150034132528],[79.74064997372743,11.905469612213121],[79.73228197102311,11.91355510448483],[79.72551089980612,11.92310617098989],[79.71748098255057,11.928974550412898],[79.72084718910911,11.944898386226395],[79.70962091964725,11.949840424515362],[79.70789113451596,11.946570642464],[79.70788881416756,11.942342663582792],[79.71111225776617,11.933056495541798],[79.70663160126621,11.935095213983422],[79.70410752845561,11.940243632968384],[79.69724088188227,11.941759852756737],[79.69573069171881,11.947708579318547],[79.69159727899185,11.951351023982138],[79.69567189159356,11.963871032582805],[79.69800264066677,11.96040574609633],[79.70364881902714,11.965465916511207],[79.70339435056165,11.967063788591252],[79.71013909305597,11.965715516814154],[79.71079001590412,11.967236515134829],[79.71498542586036,11.967618362995983],[79.71597099001647,11.971018554616396],[79.70926567907154,11.975726317976871],[79.71236909247682,11.986474673258714],[79.7158418185668,11.98484801179575],[79.72055235664297,11.9926887368449],[79.73338884996336,11.993256037657046],[79.73477007888297,11.997450182997804],[79.73747137941768,11.99843165169691],[79.73767600845287,12.000922711546808],[79.74260124118697,12.001174285974653],[79.74755996041995,12.0078337348639],[79.76231337411502,12.002732683049924],[79.76201002202674,11.993168159921343],[79.76036347568798,11.989244215154885],[79.75546061729264,11.988333604884343],[79.75185388681679,11.984313823413228],[79.7480643770284,11.9847946286817],[79.74188651639412,11.977710066788807],[79.73193495901538,11.981519626938706],[79.72952129544143,11.984720547840384],[79.73034822879642,11.9859813077719],[79.72641823866728,11.985801896404686],[79.72344473333014,11.977093115025331],[79.72445721460542,11.971271147305183],[79.72957104593848,11.970713424695587],[79.74447016637265,11.964999075226748],[79.74863609901118,11.94403114278616],[79.74926133992365,11.922204865798708],[79.75105622057372,11.921735616363572],[79.75021249501111,11.919949872265745],[79.75621587496943,11.920431660280476],[79.75633810603522,11.92430526657231],[79.75506202671623,11.924453863866432],[79.75501541762773,11.926053886969692],[79.75637863532586,11.92608612243043],[79.75719472871036,11.928215348043059],[79.76213345683499,11.928588071528395],[79.76064021967755,11.932067767031167],[79.75988251498991,11.943642895994994],[79.77146373038006,11.943932310662404],[79.77314182016173,11.949126304115795],[79.77504200132938,11.949777875130362],[79.77671146279275,11.953742431910339],[79.77941070977869,11.95360328410141],[79.78079140240409,11.95656881696492],[79.78341726781109,11.956307569034575],[79.7846600897016,11.95990581922332],[79.79166545501943,11.959419934043531],[79.80501182580689,11.953299304262227],[79.80641732091729,11.968066156402369],[79.80975301350225,11.975267180099818],[79.81254361825425,11.97793458573014],[79.81623443283732,11.979074446014648],[79.81844289604759,11.977931399357956],[79.82228785614349,11.965809857364047],[79.82878953967476,11.958371347778886],[79.83274687901275,11.956564067787768],[79.8405729999714,11.955828715931101],[79.84693381868294,11.978537231200393],[79.85706671627314,12.006807197772092],[79.84046957244115,12.013271029925544],[79.84296101664397,12.021989930158693],[79.84344696119523,12.03452659686037],[79.84976470029905,12.051816570374996],[79.87379284829845,12.042623534488682],[79.88123659596648,12.05867778667534],[79.9017265872856,12.09148732689699],[79.97433988925454,12.201136231606789],[79.99857326905868,12.24004787834021],[80.01150987602426,12.257051992758917],[80.03051193563596,12.29019155820324],[80.04604473575641,12.312502004916302],[80.05675460598222,12.326175246731745],[80.08059578312998,12.350953311122302],[80.11699169611099,12.385126713395255],[80.1376540696415,12.410563058556344],[80.15020926990375,12.436472529939602],[80.1538840378809,12.448336532194288],[80.1607432607767,12.487910549846562],[80.1612600400001,12.512216001775533],[80.16247013626483,12.512995521068182],[80.16797361095408,12.535122114317286],[80.18540663985287,12.574352619137844],[80.18447081541409,12.578932485038273],[80.19179300036294,12.601436364427213],[80.19773207801491,12.614882989251633],[80.2006653442172,12.617169635111726],[80.19859685020631,12.621052016278412],[80.20093499690593,12.632112555413949],[80.21570447427492,12.671232190955083],[80.22711235074786,12.707885640024628],[80.24636895158858,12.754021734128296],[80.25466958962974,12.780807964844268],[80.25479239292235,12.788794363423698],[80.25044221402243,12.793744628187017],[80.24865769274419,12.802959234947181],[80.247878315302,12.83072046857686],[80.25186962443244,12.880886743152852],[80.26059255330215,12.943937306730879],[80.27218998867306,12.998029823173095],[80.27883023284534,13.016976088723997],[80.28643235978619,13.061013209168745],[80.29410426067179,13.078475710815894],[80.30227558532948,13.090048910611964],[80.30466162750507,13.099582551888462],[80.31108799358798,13.108066776475427],[80.30979065204454,13.108351581005275],[80.30473269502384,13.101227484174533],[80.30376030735633,13.102616660590698],[80.30393917001423,13.100468535380205],[80.3020298934043,13.098384072429305],[80.30328128701929,13.097413771588977],[80.30306871508033,13.094689257404813],[80.30073547767375,13.091207116446482],[80.294909700037,13.092945170957439],[80.29687257642497,13.099286590476108],[80.29965043947298,13.099028503154791],[80.29969645657174,13.097636332552185],[80.30169103630271,13.098698238972926],[80.29843419963005,13.100423806031554],[80.29823659811532,13.101835705441484],[80.30144757219946,13.1121087494191],[80.30349438357435,13.109971314376201],[80.3027483462056,13.106848609033465],[80.30375876764394,13.105658024332712],[80.30545204075054,13.110387340448407],[80.30240289457153,13.114841061103206],[80.30076476724359,13.12131463644898],[80.30626012834918,13.130406918078698],[80.30420794145567,13.130985144586475],[80.30223144031977,13.133958154431118],[80.29790327463589,13.135447023155795],[80.30061226385108,13.142347298267445],[80.30392301561047,13.145624099052482],[80.30490900556799,13.148234732454236],[80.30374548245919,13.148694369831041],[80.30728254319486,13.153324876110768],[80.31337051391024,13.167876723726382],[80.3142338182545,13.174505447854804],[80.32012006778123,13.188578753480778],[80.32980027555367,13.224452187471014],[80.33372201465694,13.234326563374651],[80.33299008622804,13.235858638276143],[80.33183826726908,13.23472269941144],[80.33183906766799,13.236187378760937],[80.33494685137715,13.237941838726192],[80.3381998486503,13.262028104523782],[80.34471519555706,13.276242829880138],[80.346776834524,13.313378267171654],[80.33978918757684,13.36105543740149],[80.32953804025423,13.403831338065789],[80.32850111582007,13.428164624656572],[80.3259038213307,13.44544132734759],[80.32382733950028,13.450117789428921],[80.32128191643034,13.450397554620922],[80.3155555274983,13.45994181938363],[80.30754586904906,13.467184208165039],[80.30102488341726,13.478662056138052],[80.29151059178285,13.501265505921063],[80.27678117119069,13.546684392784154],[80.26879994891176,13.56531121693289],[80.26826078906137,13.564496252786313],[80.26401551991191,13.562654515397353],[80.25107407821346,13.502787486864797],[80.24177825326292,13.470665481610363],[80.2409390893453,13.47332777155089],[80.23516248099561,13.474021760994471],[80.22585286690544,13.48508898283696],[80.21387853706885,13.486106600970258],[80.21456360667754,13.49029039781686],[80.21056896030582,13.490495113919478],[80.2099163270654,13.486296827675666],[80.18649445833945,13.490669073769492],[80.17708734021,13.491190809300852],[80.17077847017303,13.488923231652103],[80.16301064448646,13.488246522124523],[80.1538070199217,13.49090502167107],[80.14517355876275,13.49143049450523],[80.14549961846477,13.49950610513525],[80.14457953879796,13.501346660128174],[80.13917917004208,13.504292982539063],[80.13167440341005,13.50145433432202],[80.1267047516801,13.504653547429045],[80.11880270691029,13.503712603048315],[80.1127382873267,13.505966800105897],[80.11148123342714,13.493301036787834],[80.10817951782118,13.488939594714557],[80.10636451041717,13.489893032052978],[80.10512654481904,13.493372842681932],[80.10090122635374,13.489865381277669],[80.10303047252897,13.486968682336364],[80.07816579537068,13.488830870127746],[80.07676570452504,13.503856963237759],[80.07711253776803,13.5264097695436],[80.08281537377165,13.532404456074188],[80.08861172619295,13.535004629880854],[80.08122760869348,13.549770453838173],[80.0759949994186,13.546609873816125],[80.06836923870097,13.544632454235094],[80.06271970243809,13.545376181869061],[80.05690283608894,13.536656164528038],[80.04301296119839,13.537472976077106],[80.03976966483198,13.539026097443138],[80.02840674275079,13.538844479516944],[80.02386696991859,13.546055082823484],[80.02174263662965,13.544973795465305],[80.01686349285949,13.547199207757282],[80.00550133793955,13.54527658835003],[79.99969217105073,13.542330973640036],[79.9985689607386,13.534300677117653],[80.00048784932204,13.525695786564695],[80.00796103747689,13.525826776534137],[80.01762168173907,13.529578722028312],[80.0194887420222,13.519271022578328],[80.02715400435784,13.513720720250692],[80.03548848103745,13.518325530295476],[80.04839103915877,13.512270795322843],[80.04658574883122,13.493704095711086],[80.0299675386075,13.49820847091818],[80.01587252264201,13.497972065530885],[80.01440474823131,13.496136539510596],[80.01479906462359,13.49231785125933],[80.00780933268666,13.478331657573374],[79.9840453324999,13.479599735985435],[79.98236469240115,13.470477609055514],[79.97238828223178,13.46911303512534],[79.97107249019072,13.440281654099284],[79.97284006025953,13.439736894385184],[79.97330580708993,13.429694336739564],[79.97069385029849,13.427320734683645],[79.96575263563714,13.42659525322154],[79.96547818055491,13.425131351078162],[79.96193457738902,13.423400672479957],[79.95746101488481,13.423582801060668],[79.95661894312063,13.422214556706956],[79.95503559775368,13.422401828370958],[79.95569045971432,13.425230133156196],[79.95251943550748,13.425866942935542],[79.95149666403063,13.424042449263903],[79.94944635641268,13.423773895287988],[79.94814609624288,13.425050018987553],[79.93957706764598,13.425051680021168],[79.94199872083608,13.419756567188896],[79.94180548513363,13.416742391724974],[79.93453829684312,13.416475641844901],[79.9377080292726,13.41491709297808],[79.93835626615801,13.412819306449325],[79.9421788950343,13.412819113336669],[79.94134443649217,13.41017183382239],[79.94567166972477,13.407753041740952],[79.94124892671283,13.400631581116075],[79.94432315565119,13.39689027509177],[79.95620144929569,13.397159846585726],[79.96142046885699,13.395620984109993],[79.96272103355562,13.391380128421364],[79.95801417767382,13.379197605730672],[79.95386612510272,13.377142152608233],[79.94995536341223,13.379836162946452],[79.94818276277785,13.38325958624772],[79.94762220236244,13.381750863118631],[79.94501415054752,13.381799274228044],[79.947902863905,13.377551999794214],[79.94915854877205,13.377690526384365],[79.94943721695297,13.375502776119419],[79.94538404444219,13.368245298207944],[79.9456135666922,13.363761768137625],[79.94216538976232,13.363580813490513],[79.94286857300042,13.361297615893394],[79.94095769379604,13.36130000016499],[79.93797313558764,13.35554602167392],[79.9358787943511,13.356461452611095],[79.933080678785,13.351940981007827],[79.93126622384489,13.35153636597148],[79.92917128343204,13.355642501303498],[79.9252560876573,13.358381348266201],[79.91593881453102,13.359892510187702],[79.91677681513033,13.358106394042634],[79.91332662417757,13.352266748900416],[79.9148674019765,13.351587101088434],[79.91481711608351,13.348161521095733],[79.91034836944755,13.347294272191993],[79.90512395460469,13.343553461469071],[79.90377737819715,13.34045005680114],[79.8921364589766,13.335256156154655],[79.88677804603607,13.335121557859017],[79.88347124057569,13.332883278769152],[79.88286573115842,13.323343457074712],[79.88081361792676,13.32480522332429],[79.87760104394309,13.3243022560446],[79.86803171253122,13.331090597608599],[79.86275876081523,13.316946289727014],[79.85351199376066,13.320731816524212],[79.85323067105809,13.315986705460556],[79.84801648173809,13.31662404780312],[79.8456892441793,13.315161741728021],[79.8366535282159,13.315255193631051],[79.83605268374988,13.314247796929054],[79.8291563406699,13.317534479130721],[79.81732921775892,13.31857849709445],[79.80886910539864,13.31727855695282],[79.80784686931771,13.31415182265566],[79.80356666828011,13.311000276290507],[79.80473165204957,13.307469796699232],[79.80161173928745,13.30053007207335],[79.79169950386365,13.293549606515672],[79.78555514320293,13.296689979856493],[79.78019449974553,13.30617045606585],[79.77516442104137,13.306006201849266],[79.77039022654756,13.309244815039477],[79.76810864855801,13.313946255283053],[79.76079672955622,13.318505805900259],[79.7600069343517,13.317412472844127],[79.76182719600182,13.312666113077032],[79.7602474762353,13.301635071692669],[79.75671390545453,13.295314175629423],[79.75238366196739,13.29168266897264],[79.74419559810268,13.28861720230838],[79.73920883346655,13.291371712396352],[79.73367983943673,13.288843220040192],[79.7305951082944,13.282960271600249],[79.73277726074828,13.282168498752855],[79.73500322044531,13.27596249189974],[79.74021606588562,13.273790962342504],[79.74168202390283,13.270979270299456],[79.74804923322934,13.271012514795315],[79.75160877969488,13.265393436187468],[79.76115975313559,13.257547379549582],[79.77042740063065,13.255269114847664],[79.77243319403131,13.25325682968293],[79.78156253960016,13.251615529861583],[79.78717190949173,13.24520980744574],[79.79469758081872,13.24213003292321],[79.79445826603377,13.226348025357522],[79.79321274111255,13.226438018734768],[79.79305487387947,13.229330431559287],[79.78474702865483,13.227930964751442],[79.78140409924194,13.22360005271313],[79.77792121769768,13.223612263303835],[79.77544273798102,13.215336176828622],[79.77288254930275,13.215484266371032],[79.77390971084635,13.21919067075086],[79.7697309340959,13.217733692589736],[79.76880756659517,13.219333109483472],[79.76752114856558,13.218085219422512],[79.76421770999089,13.219141314160108],[79.7609212351563,13.215289261134725],[79.75980856567571,13.20747006064772],[79.75451824233878,13.206486780050403],[79.75004759307103,13.208021266085476],[79.75096125337683,13.21645046803815],[79.74793742262086,13.221701224521729],[79.74243567000202,13.225283192442784],[79.74273698920283,13.228320079497177],[79.73904242235682,13.229523894361735],[79.73728332160451,13.236561520236451],[79.73260560168063,13.236902362140366],[79.73277925231325,13.2333002801022],[79.73024169219698,13.2325601829116],[79.73136755523414,13.22247226739583],[79.72584542702803,13.22168806499947],[79.7216113203443,13.223483790159102],[79.71835182286173,13.216543049279043],[79.71192643055261,13.21780170641239],[79.71183009432322,13.219293142553678],[79.70790512577649,13.221540589626875],[79.70267424216526,13.222423434420469],[79.70217227077102,13.225270870875478],[79.70606407980566,13.234222757346881],[79.71403176177834,13.235761316967322],[79.71120615596789,13.242527946222392],[79.71251258756368,13.244692348658301],[79.70893364647117,13.248110219423781],[79.70909151550087,13.25107034618036],[79.70324148335142,13.251130928811792],[79.70094905371326,13.253052378034518],[79.69967970187746,13.25094208338305],[79.69821717452633,13.251019388030596],[79.69630948703613,13.24327797982793],[79.69303397798197,13.243319567506598],[79.69590217830988,13.238582438638572],[79.69265033357524,13.240675805581667],[79.68910236908866,13.239858579157293],[79.68424096704537,13.244456009287081],[79.68020598811401,13.252790639591689],[79.67826093430129,13.261680638689645],[79.68022655055088,13.26226776337135],[79.68053619623605,13.264586138836243],[79.6876743999265,13.266731279990477],[79.68948228099535,13.263770664487232],[79.6890986051476,13.260964225954337],[79.69109178081183,13.261008937327956],[79.69168303845709,13.263575794091597],[79.6932654639492,13.263118939153655],[79.69571661152504,13.267303241047443],[79.69422721736039,13.270530460853898],[79.69078443661039,13.26771124062177],[79.69032369070118,13.270165371087533],[79.6887735821014,13.270893361632842],[79.69363283896779,13.273504357925363],[79.6939022149754,13.27982236439275],[79.69042789257918,13.280351999862821],[79.68939963868418,13.283059349687022],[79.68315319437289,13.288217365021177],[79.68122436413418,13.288018921014936],[79.68237055155463,13.295941123489138],[79.67811172233594,13.297437901106615],[79.67421398621708,13.281792594941264],[79.67130673612374,13.280148052744691],[79.66853841498066,13.281165361343302],[79.66535423494646,13.2787434628696],[79.66468108328662,13.281965869836348],[79.66661049473532,13.28600589994668],[79.66384251944365,13.28979352925937],[79.65887706374437,13.286711966154778],[79.65780156116031,13.283873930457872],[79.6545487354654,13.28565943623498],[79.6517623761514,13.291860276585819],[79.6424504282381,13.290175239729976],[79.64123593202513,13.275613901521476],[79.63944574776737,13.27702402898409],[79.63843580153784,13.28751352295661],[79.6380157376329,13.284277673308749],[79.63323071125338,13.282411310509735],[79.63458722931617,13.280797866654547],[79.63433333307748,13.277453539313102],[79.63152333100355,13.277214063311321],[79.63402860387187,13.271596442261512],[79.63201227772448,13.271325316924194],[79.63160620687671,13.269725464320649],[79.62764742574274,13.270181940494833],[79.61951735531615,13.279586597738477],[79.61408634592425,13.28272279352342],[79.60605786597314,13.279576736564637],[79.60865507871584,13.287521998969893],[79.60575723667847,13.2882267782208],[79.59602604681872,13.284881397452445],[79.5948551413549,13.276077517591888],[79.59262666996833,13.275091991621487],[79.59456500348443,13.271770518318194],[79.59381361934314,13.266433039365833],[79.59128128652348,13.261456852400228],[79.58253421902381,13.257369915595252],[79.57923531244974,13.25782123868358],[79.57345856755612,13.259392802537738],[79.56540084295095,13.267801492373422],[79.55837707294958,13.272748369873957],[79.53999030451028,13.272390145111775],[79.53457231260515,13.275425221996828],[79.53363426393769,13.279112676038615],[79.53512240495252,13.285119460055594],[79.53875284196872,13.287882094187252],[79.54120145360051,13.292465577363688],[79.537066227175,13.29446168333036],[79.53823315220382,13.295930891429672],[79.53504838467143,13.298044802660975],[79.53483486770483,13.301398087474979],[79.54213668604953,13.310267644426991],[79.54407729409994,13.316812318505658],[79.53932679626502,13.321908526032765],[79.54181700348771,13.327328085965627],[79.53727627394969,13.338674575127765],[79.53553648428105,13.338217490245007],[79.52590649502795,13.344414319560846],[79.52176298164396,13.341841106989953],[79.51105533115523,13.341999075916927],[79.51031575985992,13.334632208605894],[79.49523437125458,13.345232134222458],[79.4804582238946,13.34002765427917],[79.47454178738104,13.341114612746377],[79.47277799562633,13.339271316129187],[79.46541183455106,13.338754225815306],[79.46403761069405,13.34175107947958],[79.45622740428898,13.338599076303687],[79.45308021238664,13.339910621476667],[79.44763601572635,13.34634330067234],[79.43760297486315,13.349771597634488],[79.43540184370227,13.351738084475187],[79.43570102131943,13.348167649916274],[79.43256649296762,13.345420479671223],[79.43164143304087,13.336743428853723],[79.42096161685119,13.33631605327168],[79.4146931422559,13.330062181487069],[79.41287940327307,13.32995398027095],[79.41251524422317,13.332982039243294],[79.40533428521677,13.335066366644767],[79.40244931963069,13.330257922384911],[79.39833258502534,13.330231210388776],[79.39873332347358,13.321703012451657],[79.40187150437534,13.321512908103408],[79.40199565783578,13.317382084466413],[79.39780066559615,13.317391466811792],[79.39572848579765,13.315746552450806],[79.39343965750545,13.317626804202437],[79.38778183787736,13.318079004754978],[79.38346674986738,13.31328852016567],[79.38186066544563,13.307517289059486],[79.38863051764876,13.30981291512579],[79.3898112677498,13.297456688323535],[79.39408901459004,13.299960254230736],[79.40214602144131,13.299742709333549],[79.40527445652056,13.297595635877057],[79.41377007209749,13.300179745822408],[79.41574046379112,13.29960998922602],[79.41955588189063,13.2952617545436],[79.41838349959647,13.29355357383816],[79.41880275861095,13.289779743080551],[79.42000702031788,13.289576162332041],[79.4305116542474,13.30027633321484],[79.44539387647274,13.301280652207364],[79.4462816967394,13.291644916169538],[79.43572858522559,13.291308624574421],[79.43469441233118,13.289094334092505],[79.43370358135259,13.275016402159563],[79.41755836556698,13.271797078505957],[79.41392631427823,13.26643748452244],[79.4113930660753,13.264679790341827],[79.40838951838015,13.265299362647507],[79.40844010790369,13.263943473094782],[79.41304913545441,13.262980216684044],[79.41614002185308,13.260439878337497],[79.4168305981345,13.251712650716836],[79.42260670342762,13.251346159013657],[79.42211284921031,13.24943417310154],[79.41701424072802,13.245882659444954],[79.4196346380899,13.24574666057182],[79.4184670015954,13.242990034800364],[79.42140558223089,13.242162519734647],[79.42456142850274,13.243373179400441],[79.4276566932901,13.24158289812377],[79.43239973331156,13.243290220037373],[79.43764977080126,13.242918515434217],[79.4381011724349,13.240057586275448],[79.43134673262706,13.238314511939501],[79.43146150498103,13.23609550104355],[79.43975627163347,13.235890261090994],[79.43504521253448,13.232262213461329],[79.42984118855023,13.23124187575199],[79.43097569877031,13.229745714461421],[79.43996712150202,13.230634043955423],[79.43878709005322,13.234385514937122],[79.44156488303267,13.23659931482544],[79.4414637578845,13.238023046650223],[79.4531218825377,13.238381398983437],[79.45377018859342,13.216972509815694],[79.44849714345267,13.215722117907994],[79.43967770138548,13.217667784586293],[79.43942913395308,13.219846192736277],[79.43734859083929,13.219584517430116],[79.43618907242002,13.212769415031103],[79.44116062049358,13.208298564529493],[79.4438220403212,13.207805215768921],[79.43953164430343,13.205917196651399],[79.43563178636386,13.19724519810884],[79.43235215583914,13.197001850130313],[79.43311677306289,13.19254994534676],[79.43726311434341,13.191089250293725],[79.43839703347203,13.188205542503466],[79.42616989076504,13.190517632501148],[79.42535328264587,13.189568649171022],[79.42143294671112,13.190631432097673],[79.42113285999885,13.189248523853422],[79.41014154220464,13.190542687588493],[79.41024813090635,13.193991051949359],[79.40915499259668,13.194068009069744],[79.40080603417641,13.19168710331865],[79.39903445312987,13.187836672591708],[79.39616558265871,13.188709090443695],[79.39577381478689,13.191854726748344],[79.3921299012448,13.192465045435274],[79.38736506899289,13.18912987122307],[79.37400280880468,13.189288193957173],[79.37278506518192,13.187751507781389],[79.378107847345,13.184737146980401],[79.38557520992524,13.183078333178372],[79.38769654912934,13.177560047561686],[79.3853074481902,13.177447091179557],[79.38225422276149,13.179648151163992],[79.37551568133759,13.177731872046827],[79.37266526136405,13.17887078140948],[79.36949218540508,13.172945632438793],[79.37920534158549,13.171544757077461],[79.38056591913505,13.168986724023128],[79.38000775991644,13.16295765523576],[79.37008275763581,13.162840043013952],[79.36339065192554,13.165985354083261],[79.35608536159224,13.164610841946784],[79.35743270516105,13.15597421692676],[79.35993253693367,13.15199721031179],[79.36110937576994,13.138538233641897],[79.36335510648806,13.13900387980464],[79.36549045042744,13.133964769794698],[79.36498798316318,13.130832764502186],[79.36172321167157,13.128780717839813],[79.36047389046996,13.123569580372251],[79.35356651877323,13.120559036489277],[79.34521564514479,13.12143488266001],[79.34511321923607,13.129158695308707],[79.3435267001212,13.131047691228437],[79.34462802926967,13.136841813188521],[79.34113711948171,13.136868491282971],[79.33959324429169,13.130486662257702],[79.3289871052267,13.130557204087033],[79.32674227462047,13.126109514152013],[79.3186408793161,13.123504541992292],[79.32420763043564,13.118570494072598],[79.32127069641203,13.11705132145649],[79.31189178987412,13.116601648334182],[79.31886453736394,13.113498419962157],[79.31611677596277,13.111658319223485],[79.3098779305005,13.112045389554954],[79.30927503248576,13.107846602071895],[79.30715928349767,13.105554691318089],[79.30531456341733,13.106787981918924],[79.3039315998509,13.105838433106758],[79.30166241591735,13.10781735734166],[79.29811687239044,13.106989181289837],[79.2942751085003,13.109631860895343],[79.29581427292496,13.112402874758684],[79.30151310064578,13.113697155407612],[79.2987412122927,13.115743655275468],[79.29923372712193,13.11869055090405],[79.31243349016009,13.12617409167437],[79.3043681999436,13.126655447211078],[79.28870988272008,13.122027053666285],[79.28563817894602,13.123788519403906],[79.28398771146101,13.122802703447155],[79.28243092658207,13.142552302712954],[79.28035466483892,13.145082424595795],[79.27983683907823,13.14864360201399],[79.28031022248688,13.15290119610606],[79.2773296321371,13.156248959786375],[79.27450736536458,13.155705469221314],[79.26972575348147,13.153782736085326],[79.26736634455739,13.149700647450242],[79.26205850586904,13.149074546406851],[79.26164219063376,13.151903601294144],[79.26024467885131,13.152174071179584],[79.26033804704703,13.159595196835493],[79.2592499554726,13.15890314735554],[79.25742740850842,13.16076886624977],[79.25324460281388,13.160287753449726],[79.25218055554636,13.157756336395032],[79.25467515732745,13.149220291466289],[79.25387894186358,13.145803114711555],[79.2452440236372,13.138308825015642],[79.24015571433968,13.144398878126017],[79.24240786531715,13.147986334711648],[79.24493088979379,13.148852916406947],[79.24336402761398,13.15118122245579],[79.24343712083369,13.149802699619515],[79.24205358414213,13.149663225190878],[79.24224817180907,13.151583908716999],[79.24417648282156,13.152771695585386],[79.24309550141261,13.158615834120505],[79.24108521733382,13.159647150261424],[79.24265861745226,13.171035588075812],[79.23948126551258,13.17199960558976],[79.23490094452507,13.170876212654887],[79.23205865879643,13.167939703556597],[79.2296624782345,13.16202014278326],[79.22557963796315,13.158889751774904],[79.22729390020635,13.155648642661811],[79.21808397395988,13.155389851767996],[79.21808456235638,13.156885836738818],[79.21465801865519,13.156990880133792],[79.21000170738114,13.148491322118382],[79.21596444845436,13.147843040016586],[79.21918718507882,13.1456499941434],[79.22194517469785,13.146272659947604],[79.22312008215624,13.14359218492371],[79.22826051440153,13.140015338339296],[79.23284412951118,13.139403340555987],[79.2293361723941,13.131617682374818],[79.23034847220966,13.126406327757747],[79.2383823258828,13.11858427154797],[79.23423981591696,13.11469469284437],[79.23439708846533,13.105262416119377],[79.22458331468489,13.100832660656238],[79.21273986219867,13.092475629726307],[79.20961396126685,13.092752364132053],[79.2008340468688,13.08886821154961],[79.1982638114324,13.081375524911854],[79.19306807350834,13.082321511401913],[79.1906585071504,13.088766886562754],[79.18852361147036,13.087931320229606],[79.1889470970582,13.085205878694891],[79.18762799831862,13.083497889593955],[79.18062950151946,13.084276703144955],[79.1813384950608,13.079937846873554],[79.18321088145527,13.081966666158909],[79.18529886441624,13.07970651195536],[79.18561584933731,13.075259230535618],[79.18397862930779,13.07276483920742],[79.19076977248149,13.073386938723889],[79.19209130206227,13.06746603471403],[79.18806157917363,13.065695305303722],[79.18728578690772,13.06069237553074],[79.18004421317922,13.064345707367263],[79.17826822320129,13.059220920464913],[79.17984910718435,13.057575493572578],[79.18471252414884,13.056837836152955],[79.19131450997145,13.058598951516919],[79.19206990958209,13.056180829486307],[79.17963178675085,13.054533950684728],[79.18040968197279,13.048884348090391],[79.18267734775353,13.04735625293817],[79.19186034071116,13.048389166876472],[79.19296622431807,13.046730200543564],[79.18846594861225,13.041981249935517],[79.18480292610744,13.02988780527753],[79.18217133304219,13.031908590105958],[79.18109225426502,13.02977566066962],[79.1763903876263,13.028886175639695],[79.17579542712541,13.027132724579488],[79.17182677799802,13.027314167465954],[79.1710609642183,13.024015086232243],[79.16828161176353,13.024300192542432],[79.16309076696284,13.020305715221395],[79.15953703798706,13.02036942859263],[79.14828146009077,13.024691235908067],[79.13731163538804,13.03484722894127],[79.12751159594997,13.035606634200423],[79.11445250189878,13.039307728076864],[79.107436600241,13.038312998660045],[79.1058557926147,13.034566169306974],[79.09980397908953,13.029322880827719],[79.09827861548257,13.02610029603555],[79.09111100364467,13.02610388172739],[79.0867870717207,13.028042080153549],[79.08087802924024,13.025763390431655],[79.07391185382502,13.032884613887505],[79.06283776166727,13.04067376675281],[79.06449489824493,13.050092852684392],[79.06336932087201,13.053143262528772],[79.0555498528364,13.056648364957649],[79.03865729892155,13.061171614470952],[79.03624932976814,13.065491437416924],[79.03692052579562,13.070630355598212],[79.03456956193354,13.070014892465977],[79.03153063588755,13.07207012059216],[79.02971460260747,13.07102090654807],[79.02866279937727,13.072656570329451],[79.02435706372772,13.071909134797956],[79.02296401118232,13.073829372869238],[79.01653231269991,13.074581389479237],[79.01663756201353,13.076447988963999],[79.0153048798485,13.0769807476211],[79.00946804844216,13.077262840533482],[79.00814318251842,13.080742299718306],[79.00366064045464,13.08324850507854],[79.00388972792007,13.084636156271337],[78.99497450747731,13.086644830615988],[78.98248907576992,13.086446815321331],[78.97227575111404,13.083842928315697],[78.97016262071502,13.079690263902373],[78.97141101665184,13.077041434572168],[78.9702529454185,13.074750430779966],[78.96876036942109,13.077892005836748],[78.9621079036694,13.078766544272414],[78.96070079967635,13.076154652835319],[78.95542182655304,13.075876132250126],[78.94954957996492,13.080207510418525],[78.94916800168338,13.084031123892272],[78.94145323588735,13.078555475322293],[78.92747059377405,13.081866766338175],[78.92391572753112,13.080846017643694],[78.92171386783654,13.066130824530969],[78.91946384047641,13.064897369866019],[78.91654608638244,13.067351920780183],[78.91257185153059,13.065969473463785],[78.90364918046087,13.047743190551314],[78.90609212731647,13.045162359339482],[78.91748721267805,13.043660359658634],[78.92172415444485,13.047049373819128],[78.92913649521392,13.045796126471814],[78.9337124647622,13.039296060541037],[78.94078292919201,13.036447179611748],[78.93707999813239,13.030464174969495],[78.93572118307746,13.034825816193687],[78.93152185377161,13.034722797458794],[78.92909765834924,13.036531077954379],[78.91560024662654,13.033600142254597],[78.89161664877699,13.033096243460347],[78.8912639495352,13.068850355002581],[78.88892681703358,13.073397089094549],[78.89216888630129,13.089793764897964],[78.89566416908804,13.095158163574173],[78.89155610412348,13.097124395051406],[78.88139409572818,13.098218480616087],[78.87507277324472,13.09685360470928],[78.86977520589333,13.089554439336066],[78.87094643385237,13.081920958699365],[78.86108915106945,13.083701236854385],[78.84201168058458,13.078650880666146],[78.82077417237146,13.08779910103617],[78.81311572465557,13.089180237788842],[78.7976009959437,13.074885092169692],[78.79427963058923,13.066622341327298],[78.75175202588798,13.054980790599013],[78.74873361287146,13.058569436668828],[78.74026527912974,13.06403453702793],[78.71449313195625,13.068717472793415],[78.70524724345401,13.015278565951776],[78.65619150253134,13.031209601277451],[78.6554968811362,13.015288488520323],[78.65206086559866,13.013631493718787],[78.64510549511965,13.006269133477204],[78.6345929533207,13.000842239255242],[78.62998462915085,12.994540802059156],[78.62087328132871,12.991281446343239],[78.63999691803268,12.971020638878331],[78.64714489180015,12.966278267810463],[78.63803420513807,12.964800567329297],[78.64609055981245,12.945936262965699],[78.65698861451386,12.932147878432806],[78.65223807535644,12.92914223952064],[78.6334106814736,12.931787739324925],[78.63342045783885,12.926155231165344],[78.62683386195364,12.907359132049862],[78.62283053785629,12.904289668941752],[78.61665940919671,12.888621466551017],[78.6130672251403,12.867979314562925],[78.60153247780312,12.850845842361775],[78.60773081822927,12.821946007133006],[78.6003610064007,12.818466292286647],[78.60113630908475,12.803722739082643],[78.5930396308339,12.798276751748787],[78.59249357821035,12.782719673383],[78.57602131906748,12.771953449307018],[78.57653340459352,12.767424639834818],[78.56835898344302,12.76697677039624],[78.5655561220773,12.759405923492126],[78.56150299807551,12.761498247696576],[78.55560062648436,12.75582982295686],[78.55823532592385,12.753755524269831],[78.5583146148241,12.749985914788898],[78.56313093491484,12.752264455633227],[78.56316799670853,12.751365006950477],[78.55966891494644,12.749237391060298],[78.56009385580505,12.743827524345635],[78.55613455095323,12.742759777853847],[78.55528829932805,12.739320136764505],[78.56382944421853,12.73766814040645],[78.56052634610533,12.727204339615758],[78.55439149141696,12.719320492889777],[78.55601315801563,12.715235135902594],[78.56155736681143,12.710057092868578],[78.55485050627264,12.707564988206823],[78.55659177097498,12.703651518253672],[78.55584692836557,12.70020274935658],[78.5458406608911,12.694984142912613],[78.54087962759796,12.690720543431096],[78.53487677495072,12.691170439618489],[78.53127472110425,12.697062817513018],[78.52958032420521,12.710264017696135],[78.53271951660996,12.71163015425238],[78.53502287874514,12.707364383773573],[78.53771027425755,12.710497439958042],[78.5399346304618,12.708270052570475],[78.54425194359874,12.710983248717536],[78.53694506145078,12.713362684864498],[78.53749170426745,12.717032784497734],[78.53320661369973,12.714030246362896],[78.52504365774723,12.715464419286633],[78.5269978869523,12.721530565653143],[78.52268506539178,12.71925993642632],[78.52089639928685,12.73617626295899],[78.51914217908148,12.736329248777755],[78.51852019815516,12.726376739213698],[78.51666561008142,12.724418887482651],[78.51160944070814,12.726839236633717],[78.51380217441778,12.734514584050405],[78.51171196093993,12.734364516698207],[78.5071158278068,12.737151021451012],[78.50524371270356,12.74300763434834],[78.50044121229512,12.743629026897692],[78.49313826297144,12.747194740112791],[78.48906110454426,12.742025974709659],[78.4969339109482,12.73138343132962],[78.50162597876378,12.731159938437314],[78.5042440054716,12.724982869794763],[78.50641271823054,12.72438726963131],[78.50594398809507,12.72257020262999],[78.50924421609093,12.724280122212877],[78.51654839251326,12.71874674595311],[78.517781581769,12.720161909640558],[78.52021299784961,12.718730151095876],[78.51979996146513,12.715620542422984],[78.51750306270843,12.714738240609705],[78.51998560999671,12.712059094498882],[78.51897808742181,12.710399968935397],[78.51444808107335,12.710420682078505],[78.5145918420615,12.707957518498896],[78.5117515092703,12.707743867859348],[78.50304169041387,12.716815289367016],[78.50393290721063,12.711279188104077],[78.50190597645133,12.704494203248062],[78.49666260895259,12.704324422795546],[78.49654797943079,12.703298401972138],[78.4992879156075,12.701654639141546],[78.4993811445643,12.699295427078278],[78.50395731982678,12.6986874619575],[78.50288330215795,12.691952693269748],[78.50741327077716,12.691453073404562],[78.50711454231761,12.690327577262133],[78.50333078084873,12.689955217502995],[78.50402894879261,12.683510523472139],[78.5024958345214,12.684201294841829],[78.50383178296079,12.681960216510575],[78.50009502134756,12.679951650275457],[78.49975627294212,12.676186679425557],[78.49309554987633,12.673972026715203],[78.48481446007406,12.673338183247257],[78.4844731299105,12.671706771312643],[78.46787173255565,12.675938732313181],[78.47048614713772,12.650609651278103],[78.47474702182033,12.647679460222328],[78.47053455645006,12.64463919886656],[78.47169431382125,12.632087614338777],[78.4649401192535,12.624076566412478],[78.45842986399778,12.629691996643212],[78.44577870120528,12.630581301425032],[78.43479748496644,12.629598583079275],[78.42703937276306,12.635290335108678],[78.41258229980545,12.626904080673192],[78.39248010760124,12.627430100051058],[78.37939149670646,12.625062175072404],[78.37139757674097,12.627154656097296],[78.36282796244252,12.634385783990217],[78.35562059296676,12.636504981522402],[78.35209468481536,12.641625460431372],[78.34356551626422,12.648788156121489],[78.33218335855786,12.64931069364826],[78.33104586682934,12.653075335626516],[78.32578464082279,12.655284479664648],[78.31834061827028,12.661972030563158],[78.30599932214854,12.666321378881142],[78.30096853826684,12.665917650762392],[78.30129941383711,12.667630691035063],[78.296446896132,12.671091335278058],[78.29556639354166,12.675312419579269],[78.28642916256123,12.689058169224595],[78.27591475406315,12.702201993696423],[78.2710614404507,12.705106153129343],[78.26081411635792,12.70466792878655],[78.24453675480075,12.706374686239911],[78.23926330451981,12.701057266653027],[78.23768219236464,12.68580868386502],[78.23209452038047,12.687252643053972],[78.21056483512118,12.686125680544832],[78.21232399695892,12.688529571526463],[78.20983886701423,12.690455789418777],[78.20333982812313,12.693173980779658],[78.20125866247686,12.691646864374606],[78.199611127093,12.693116261877488],[78.19934021586454,12.695502642128671],[78.20416935311776,12.695944257976194],[78.20713045451744,12.699572721065064],[78.20866323281875,12.69896665125691],[78.20991588766836,12.700552652033727],[78.20934105481975,12.702568547373676],[78.20710370628154,12.702261942548317],[78.20769379342201,12.70487403951938],[78.20572389400515,12.706451996544152],[78.20737260887702,12.708403992872222],[78.21214630211091,12.707674867130411],[78.21343645982701,12.711032605417993],[78.21804855602277,12.708852631815725],[78.22709713496273,12.714874078165652],[78.23114750562817,12.712603657552135],[78.24098415770226,12.72999398548896],[78.24085186460701,12.732761862425363],[78.236066016269,12.738146740297974],[78.23577003934919,12.74589351407163],[78.23092787652435,12.760710107975598],[78.22386187222992,12.76593292545806],[78.2181614464062,12.766427586175466],[78.21283803182912,12.765082482543006],[78.20286153542149,12.771060381117103],[78.19514014544858,12.773896297728955],[78.19205966872741,12.774335380084755],[78.1889369765778,12.771963322828585],[78.18423185354617,12.776271546776796],[78.18236653329974,12.774305891209062],[78.17737522318826,12.775997261901864],[78.17160952936926,12.773837877936092],[78.16763961631224,12.770132403513443],[78.1451232601725,12.780981834300247],[78.13627721898975,12.781904215246637],[78.13570165401416,12.783138126069348],[78.13421424422798,12.782017298073104],[78.13123483336616,12.783852273218306],[78.12983033718237,12.787585510306766],[78.12592992498227,12.79172998404667],[78.12496744034245,12.798238190333485],[78.12185884365798,12.799304769576057],[78.12033441699386,12.801763388006608],[78.10933681728083,12.8045424514025],[78.10470798996295,12.809129405198107],[78.09013979181145,12.817412144763685],[78.09015279582351,12.823554351490131],[78.0875088356517,12.824927856452826],[78.08810720166582,12.827924456419902],[78.08617669157753,12.831987316161864],[78.07383792421334,12.830565838086615],[78.07505729917665,12.836247248410656],[78.07724015680802,12.83815496466653],[78.07650286992846,12.839700503930823],[78.07118239733398,12.84245184499884],[78.06684353540999,12.842012484544293],[78.06018733985321,12.843877425747054],[78.05902471236475,12.851221416783583],[78.05331224462464,12.853904538816527],[78.05141028030114,12.852480266500635],[78.05044863019623,12.84878744101032],[78.03070979394803,12.852500496809792],[78.0306293884419,12.858073076110294],[78.02384494041199,12.85655189975727],[78.02404915801883,12.85256569376282],[78.02968396280933,12.848961241652797],[78.02896689431189,12.845236816884155],[78.02431148674304,12.841795590095652],[78.01912877079735,12.843994535015142],[78.01827747692847,12.831104293236828],[78.01464400360658,12.829873371872054],[78.01059962470411,12.830960831378363],[78.00389610320325,12.82564721421979],[78.00577687087929,12.822222256644249],[78.01275140062668,12.81887185509624],[78.01529124156544,12.813842655781642],[78.0097314919152,12.805790807538862],[78.00644189997234,12.808627615480212],[77.99667002451505,12.807924407425405],[77.99559601582935,12.80591818251525],[77.98850015063654,12.808244311915809],[77.98976342087789,12.821599209263276],[77.98677446182292,12.821876148500625],[77.97925091680821,12.827094750002937],[77.9803734192479,12.835107567028773],[77.97403098905019,12.834883962712336],[77.97267608256503,12.832868709482995],[77.96429800794976,12.83289416772993],[77.96255392882563,12.837423368346276],[77.9653305288424,12.84823334298837],[77.96297747010905,12.85022725023894],[77.95275632202535,12.8501806147435],[77.95231623557105,12.857168031086449],[77.94362891142762,12.85787086063558],[77.93997490980492,12.85319395778685],[77.94055789037314,12.845302605158732],[77.94658963733153,12.838760660615238],[77.94215254103797,12.831259826431289],[77.94065824207186,12.82339607018204],[77.9343207409301,12.823148906588305],[77.92849529656833,12.826829032385307],[77.92649248826935,12.830336617930538],[77.9205367810048,12.82820889773221],[77.9180547888754,12.831400121804512],[77.91722695630678,12.838902784971008],[77.92422117353192,12.851172380868006],[77.9227940703457,12.855615387084768],[77.9313354928156,12.861859893468022],[77.93557360418887,12.862799085475881],[77.93639908856136,12.8667173916013],[77.94119484441862,12.868266512938003],[77.94175772967397,12.871687707721982],[77.94160599793426,12.872786004724865],[77.92770372359786,12.87496741226749],[77.92712462285328,12.881570638242708],[77.93461040988002,12.880710425942093],[77.93608526930336,12.883656877945572],[77.93598939121476,12.887295164545325],[77.92930560390406,12.890966442741178],[77.92507167239178,12.890140143547052],[77.921855072159,12.884789504951673],[77.90873946958483,12.884890766924107],[77.90839318431418,12.878857155906895],[77.89490018511616,12.87862442004123],[77.89032514442587,12.869706406595466],[77.8847328200668,12.870276063022384],[77.88251702390889,12.868612894352571],[77.87724716060089,12.868667152475407],[77.87592508843767,12.866854785050222],[77.85746206920041,12.869534056546804],[77.85093033073468,12.866161828598207],[77.84736915742012,12.869370337771514],[77.84258765333485,12.868741499466124],[77.83599545286062,12.870381119338248],[77.83214025376708,12.867573795088834],[77.83244523000941,12.862096102454705],[77.82577096843394,12.859988709226155],[77.82305867701177,12.855893394108875],[77.81552740109571,12.855841973434147],[77.8079015721061,12.847722830955535],[77.79908884225071,12.851589080309731],[77.79672797715759,12.844827037392502],[77.79487605708022,12.845671616495867],[77.79244518897194,12.842177180211218],[77.79587909706184,12.834585358226793],[77.80986340824498,12.831583859961038],[77.8079450541591,12.823095532064563],[77.80987680392249,12.815584458074843],[77.80214364062945,12.817055713277732],[77.79971544141587,12.805267854668646],[77.80337683078352,12.804857643061567],[77.80508227246895,12.799651531556295],[77.80726062145591,12.799439709405242],[77.80851856738256,12.796777995195747],[77.80663576412408,12.79411091360709],[77.80401076828625,12.794286447082703],[77.80219113545687,12.796310712990866],[77.80035420197338,12.794484248629837],[77.79854415776131,12.79517068531968],[77.79290053420966,12.788036954222102],[77.78951847957289,12.780216893827767],[77.7787661387971,12.767815722103714],[77.78448249983562,12.762434953371114],[77.79425954060578,12.757819203395439],[77.7934012003518,12.749489766617172],[77.79160180566743,12.746741244866335],[77.78353703916876,12.741265192269884],[77.78003753430019,12.742072923727855],[77.76943471990002,12.740346776015384],[77.76331264194992,12.73694541533832],[77.7610700607252,12.727548113453702],[77.77443207567335,12.72426793877944],[77.77030039489829,12.717925228239999],[77.76953379149944,12.712578182804315],[77.76572600907987,12.713796888687977],[77.76468188015714,12.70113240964885],[77.76173260507815,12.697637441565217],[77.75426596294679,12.697394502637572],[77.74065729038455,12.699926498022624],[77.7374431443491,12.697799081731741],[77.7349318348021,12.692055628490372],[77.74098701521297,12.685820550137665],[77.74115731243464,12.67551116147368],[77.73990879612354,12.673043956964857],[77.72460317993846,12.671242046484888],[77.72274677457288,12.679703496490447],[77.71157159948778,12.683191861013476],[77.71099550630282,12.667174387600634],[77.70420912420012,12.66145902778967],[77.69216811511492,12.660897207118534],[77.68990769514531,12.65904015566731],[77.67863588828509,12.660443597308726],[77.67712377572687,12.671494444326445],[77.67507577408426,12.673144482636415],[77.67636586083347,12.67952601076466],[77.65989193711238,12.683894433004356],[77.64396459512253,12.679001029498176],[77.63786535144865,12.675760711976341],[77.62389055791594,12.673957474517307],[77.59885555389157,12.667212498298946],[77.5961050068147,12.650335751300133],[77.59962676115626,12.642747638294768],[77.60070830311395,12.643082209539319],[77.60472669195863,12.637649959956738],[77.60330937052754,12.635376433454695],[77.60621392387841,12.62896780088484],[77.60460333710044,12.62681177322297],[77.59405590473588,12.621115815864956],[77.5910009347789,12.615298576410309],[77.59140442566519,12.592148822705417],[77.58930143814402,12.59274059890257],[77.58377773698781,12.575935524352785],[77.57932423476223,12.573141568292398],[77.58073349740692,12.565765686551382],[77.58033110516024,12.551646082461735],[77.58637747938639,12.545776017262344],[77.58544033622073,12.536853974705785],[77.588482781866,12.52667607239021],[77.58718265824018,12.514811636866535],[77.59390793244563,12.516141389458367],[77.60675180093455,12.514190237033281],[77.61239614493505,12.514999670852472],[77.61630650597695,12.509237248722883],[77.615046302584,12.504220303506395],[77.60238321106286,12.497205348748434],[77.59177754630832,12.485235942300543],[77.58873253237964,12.485687416316942],[77.5836601681784,12.4788528392406],[77.59567000751986,12.474859112203267],[77.59838361587225,12.476233442902483],[77.60740325199207,12.475181197919726],[77.61646849018896,12.482901513356571],[77.62606789270495,12.496366007567193],[77.62945790821179,12.494553642996836],[77.63460487659904,12.487656429595134],[77.63237841294715,12.479177526707453],[77.6331232887942,12.470508637067963],[77.63074083628648,12.470327862245888],[77.62922295564584,12.466829639356762],[77.63057516988009,12.465166320352779],[77.62939766898545,12.460709905538069],[77.62715323363798,12.458508773719268],[77.6291262214628,12.446409468000722],[77.62696003566477,12.44117561278301],[77.62606325739812,12.430820909870706],[77.62907072174792,12.425184788548592],[77.6295948770381,12.418382547101311],[77.62330891583746,12.412321524987911],[77.62055968928406,12.383069600743223],[77.61806767554934,12.38115767928441],[77.61678543648249,12.368258272627251],[77.61300189869407,12.361180118019039],[77.60759528035877,12.36111195106685],[77.6008143654029,12.358485323166844],[77.59866825964643,12.350051216196823],[77.59152077366414,12.340197285331044],[77.57855312990552,12.33572511899969],[77.56598248490857,12.306303270840958],[77.55788349888577,12.3057905595699],[77.55787954899347,12.30327305784214],[77.5550210387925,12.301649725290552],[77.55237927500161,12.297508865247922],[77.55131467527016,12.291266724187727],[77.5328147226983,12.291518437793767],[77.52720278452335,12.278829445249768],[77.51416532190422,12.275443436441828],[77.50836036362244,12.276060164410827],[77.49996032789343,12.282628074970658],[77.49671901500719,12.282242199567005],[77.49325669410317,12.278935240563479],[77.48757660434083,12.28055557973168],[77.48507410726675,12.275110270737697],[77.4790381490063,12.271333985558126],[77.4770133634239,12.26452339934426],[77.4781787433504,12.259275473739113],[77.4734989537081,12.255674891941798],[77.47109658195727,12.243571385424744],[77.47847097699042,12.240120176473146],[77.4822915298601,12.233158297130085],[77.48260253469628,12.229497141053374],[77.47201668228533,12.207954992265371],[77.47542057855993,12.205648750332768],[77.48642426795224,12.203868405669514],[77.49268868216247,12.197393522182413],[77.518660736826,12.194540655473178],[77.52812844632135,12.198955605569413],[77.53582921816185,12.198678052770077],[77.54014235682766,12.202439963023707],[77.54586667424468,12.204710668140917],[77.56529060876495,12.196372278861451],[77.56941126631317,12.199799220894876],[77.57383563168253,12.200948164094829],[77.58039735142084,12.198156211487959],[77.59671275573197,12.199329204025736],[77.60531809243604,12.205590000993627],[77.61073070073765,12.206205165071065],[77.62093580401206,12.199945718120512],[77.6298172972075,12.202296094212965],[77.63534917842266,12.19749600480017],[77.63996212891625,12.196460809828979],[77.65605276216687,12.199609988167664],[77.66521428988075,12.198271116227176],[77.67719602542856,12.19259693434065],[77.70225682906788,12.184193572507954],[77.72767209624021,12.1815912450574],[77.73331717506264,12.178140614601931],[77.7354040512992,12.169647005604237],[77.7451850796909,12.159351442005295],[77.74743779031877,12.152954986942271],[77.74675871786289,12.14458906963491],[77.74978062173258,12.138523969519726],[77.75718449767675,12.13050014313365],[77.77377071260499,12.120581390121522],[77.77614204217288,12.117377661699548],[77.77667625589928,12.113712334073295],[77.77416538742504,12.109449180029236],[77.76772693900158,12.10669854307659],[77.75565924995247,12.079795916430513],[77.74267938461439,12.070085727880784],[77.7275075733892,12.062100409496564],[77.71486314257147,12.042506506897428],[77.70887779269921,12.036081034400791],[77.69634133758198,12.015830764493368],[77.67470182878768,11.966036776517393],[77.67446557366459,11.954000340988078],[77.67564961788776,11.95207918942064],[77.66902967564093,11.949173961533823],[77.6573426216423,11.949934695899245],[77.6561541280635,11.95356426554258],[77.6520136752397,11.9549206268982],[77.64867166570166,11.95376829515734],[77.6471749107416,11.950590885938785],[77.64227699397863,11.950125665944556],[77.63939863639976,11.948146000054786],[77.62881779838472,11.946473835279324],[77.62396124634566,11.947409472268635],[77.61249015812113,11.942509390028423],[77.60691301079882,11.942120332492827],[77.60341101310529,11.937758306604362],[77.59353718515149,11.94032459091868],[77.58834568817387,11.93944243227349],[77.5859224835933,11.936974258007297],[77.5752732927683,11.936583703682452],[77.56102863723942,11.942018050972317],[77.55813684355883,11.941651212441839],[77.54248049903569,11.938265929469363],[77.53794264500492,11.932488103387339],[77.52820190425706,11.933885926923097],[77.51829922511128,11.93832520414894],[77.51227244853138,11.937915988610381],[77.5048761435884,11.941235003436608],[77.50036906044939,11.940080378461294],[77.49615056558696,11.944013118102962],[77.4941398071977,11.943399323708942],[77.49282607229864,11.941365885624457],[77.49184441401741,11.921288859089167],[77.48856363544577,11.912440197454739],[77.49084403754063,11.910785058869774],[77.49054933083862,11.90859302513925],[77.48302790584793,11.899678061053505],[77.48615772073944,11.88751382212378],[77.48405147862204,11.888115770232485],[77.48059767554352,11.893513847486068],[77.47717290781162,11.890559044115637],[77.47411311479989,11.89449238867751],[77.47473399349333,11.898108110155455],[77.4734815497478,11.8992837269353],[77.46260941683222,11.900950423308496],[77.46158563834392,11.900087487189793],[77.46393355781554,11.894129539118893],[77.46218307011016,11.888064334493214],[77.46309980714582,11.88447525043135],[77.46043247909853,11.881307549915896],[77.46581336249758,11.87430009422264],[77.4627999459107,11.864908612814002],[77.45989473499307,11.863553492544671],[77.4630091761168,11.858951247287669],[77.46136474890378,11.85379453278268],[77.46620012316002,11.85012293839098],[77.46657085338619,11.847184835893952],[77.46329740866055,11.841707718460162],[77.4603163898144,11.831941000517787],[77.45692471871249,11.829080811454423],[77.4539994915337,11.820335533092138],[77.4520521317456,11.813149323854878],[77.4528077119176,11.808131976363692],[77.44975008833728,11.800661323560242],[77.4497581075978,11.796114252354947],[77.4465773124156,11.790410879621502],[77.4404568792808,11.788938762560125],[77.43955238628247,11.78571170419023],[77.44215756708178,11.783392407943765],[77.43377495866928,11.778205234171512],[77.42801554317579,11.767078108104373],[77.42890458245627,11.762702635295433],[77.42723914993698,11.7609537333848],[77.42255112903172,11.761822280637423],[77.42218129262926,11.7724804748923],[77.41361228289696,11.77477772668363],[77.39440991334996,11.787738136447707],[77.38797805227244,11.788570057805716],[77.37020986733101,11.786762041884685],[77.36915928491132,11.786866005851003],[77.36899404071309,11.789618625835729],[77.36480082084952,11.790508841440106],[77.36037888362637,11.779574809543313],[77.33510264421898,11.771336725675313],[77.32765194179399,11.775457649632955],[77.3126283472008,11.793642815913637],[77.29380917829273,11.809105005259582],[77.28793007576238,11.800542435559429],[77.2743856309463,11.803105080793433],[77.2733708257294,11.805450537969541],[77.26153618571612,11.810720619172384],[77.24983086627284,11.81312017365265],[77.24955045176699,11.804288142115249],[77.23855598807265,11.794760407485793],[77.21747895669857,11.795436086480603],[77.1891899070671,11.79263003278934],[77.18197009322971,11.786429195122889],[77.14704842791936,11.782024010638846],[77.13803168617139,11.772750836506798],[77.13053808829326,11.773810190270941],[77.12271834267821,11.77255723942441],[77.11560422551548,11.774829481852537],[77.11070002054556,11.773582283515912],[77.11261353450867,11.765694258702604],[77.11129499092787,11.763777222859309],[77.11258425841356,11.761970900365398],[77.11240869167445,11.757043003416392],[77.10979338237034,11.7555929653798],[77.10849894508019,11.752709791165579],[77.11133335707535,11.75050721955799],[77.11169292663244,11.743181506090691],[77.11478869178141,11.739040255941935],[77.11414129392246,11.734579587821399],[77.11749109904052,11.731898116374174],[77.11530233229122,11.728276092901519],[77.1173392639946,11.72857566939129],[77.11597610109364,11.72574582849479],[77.11809211238979,11.726223835061766],[77.11765843361839,11.721181703494356],[77.11477316440175,11.721858077681398],[77.10496213856776,11.732908099185934],[77.0801703273554,11.736092274084529],[77.0827174868688,11.739873602511864],[77.07104690976912,11.751418840104897],[77.05638000293757,11.769886522884818],[77.05986274254802,11.771632552970177],[77.06121229866734,11.776028697534088],[77.0670555718926,11.778422936045589],[77.0697101887786,11.78218696227529],[77.06687369179363,11.788090644329957],[77.06289640805974,11.790507397527783],[77.0577426843415,11.788962282108466],[77.05038082978973,11.789728159494205],[77.04642241067678,11.78772760422305],[77.04295325089849,11.78210150415666],[77.04000931091399,11.780733365997701],[77.03505482633926,11.769890133816002],[77.02881809910443,11.774785977329858],[77.03544321025743,11.78324669649073],[77.03870316228752,11.793957799588268],[77.03529362908449,11.79401222261032],[77.03262602166122,11.796000816956424],[77.03414830943662,11.80005786549796],[77.03061158916243,11.802090942391734],[77.02983411614863,11.804786254084485],[77.01684263739058,11.810825184290023],[77.01617295322772,11.807015084695735],[77.01396477568174,11.80632234657399],[77.01289466658271,11.814726624607673],[76.99349331660699,11.809272237960641],[76.985751657048,11.811983854991627],[76.98210288092527,11.81161574660393],[76.98205616134399,11.803573018407317],[76.98359992334628,11.801795346638276],[76.98015060555596,11.798638668509682],[76.9808462195895,11.795524155623067],[76.97528373546754,11.789357357633648],[76.97281545342598,11.784420363699253],[76.97267966857922,11.780487927229329],[76.96987598345834,11.776971997642793],[76.96113058952002,11.78173455427859],[76.95597295902864,11.791266918109319],[76.95388499313566,11.792168475586104],[76.95056505161091,11.791988534537063],[76.94510394057217,11.788415252910822],[76.94234019365051,11.788137766230715],[76.93204189286033,11.792901965323269],[76.92212951460439,11.791888337919714],[76.90795728754192,11.795358759405845],[76.89656386855516,11.776581136006724],[76.8978766799861,11.770715437896321],[76.89619814913165,11.759909617754698],[76.88804938925557,11.741815878926486],[76.88830135770964,11.733756756905947],[76.87416492042638,11.724224287135902],[76.8625842323473,11.711124979411142],[76.86111683792394,11.707332590867884],[76.86366232926585,11.705488596968122],[76.852711257793,11.692483829489559],[76.84849333875064,11.679804845783902],[76.8439769912861,11.672920385404865],[76.84359693025908,11.668319000824928],[76.84136393136347,11.66606325185673],[76.84179091948263,11.662243969321024],[76.83865466007728,11.660205022927775],[76.83772883658254,11.656322161001802],[76.83495472400082,11.655530754088979],[76.83620684345453,11.653994161545809],[76.83368551140386,11.649071517562597],[76.83788212869588,11.64205255314254],[76.83457655572407,11.639615822928695],[76.83835989947634,11.635494123557853],[76.84046906830498,11.635535116895477],[76.84413756783809,11.632683430802416],[76.84507736822033,11.6342611020959],[76.84479377367842,11.628267517302863],[76.84270767628121,11.627164356392038],[76.84955339929495,11.624430605143186],[76.84855404240598,11.62294339031903],[76.84950331013303,11.621180665538484],[76.85206164199361,11.621782047022032],[76.84878832752368,11.618672011924655],[76.8504804049726,11.616073140758472],[76.85595474460223,11.615752744421378],[76.8580730537889,11.614143753906212],[76.8576835568581,11.610270126438017],[76.85561608063846,11.607698037216075],[76.85718877108783,11.605587325455406],[76.8564189607034,11.599394921530719],[76.84688360537223,11.594584842800884],[76.83268428871405,11.600598852487838],[76.82278742885467,11.608190248817156],[76.81751751524098,11.604835805076581],[76.80918332422567,11.608490509364064],[76.79629400008507,11.608527838203463],[76.7914753452729,11.61285168898807],[76.77471216403029,11.612457696169539],[76.7701410480795,11.61580512503859],[76.76477165413294,11.614243855666063],[76.7568670850972,11.618552579277772],[76.74702105550985,11.613899324443498],[76.73678817453022,11.615426197963863],[76.72177572623305,11.614506943566044],[76.70265908650684,11.615959746748697],[76.694708185962,11.614956470539688],[76.69391938159922,11.613226165378421],[76.6942510899078,11.614579979693643],[76.6884879356261,11.615304508693306],[76.6845342632111,11.614080439053822],[76.6714201563319,11.61602332250957],[76.65014800099661,11.613569673200661],[76.63041491935614,11.61390484596384],[76.61393507573732,11.607673260655947],[76.61059487450795,11.610966283525718],[76.59755576617522,11.610761713146614],[76.5964135861392,11.61637089825523],[76.59328200875312,11.617057588957007],[76.59223700307467,11.618774610117525],[76.58373679351338,11.613874144549369],[76.57903238823569,11.615853113098302],[76.57669432687602,11.61461426407002],[76.57516224207411,11.619305560287456],[76.5696054083553,11.618179104341662],[76.56694603938146,11.618874674137968],[76.56261461550802,11.623025561062814],[76.55990628026636,11.622589703974073],[76.55962245575573,11.625313974026938],[76.5617994833209,11.62898022036827],[76.56137212419755,11.632794854147534],[76.55953337342227,11.633287220262886],[76.5586792588434,11.638629620886817],[76.5538537579704,11.645833281442576],[76.55435095032736,11.655687003333698],[76.55001153953273,11.661213744519685],[76.5492630560515,11.665100756491178],[76.55135223646674,11.671994266437505],[76.55050785423563,11.674312797671627],[76.53717610173278,11.69091972209814],[76.51162569470402,11.705098568139624],[76.50454243646796,11.699246771344615],[76.50146959542667,11.699277066599556],[76.49354661182593,11.693099449795772],[76.48837743079665,11.691469710480694],[76.48162735859773,11.692638389172057],[76.48304293370391,11.689836539605373],[76.4825740068374,11.686228730675564],[76.4743816571105,11.681345460819676],[76.45816085348362,11.66445016849655],[76.45508888829978,11.665897336380409],[76.450300989108,11.664284910999248],[76.44908155934746,11.665718101244028],[76.44338568528731,11.663712531422071],[76.44083626471435,11.664422709311355],[76.44035507943744,11.665927962552077],[76.43527845542512,11.664817129119974],[76.43334487489521,11.666923228594577],[76.43133537055408,11.666481118384091],[76.43635372265055,11.653548539707518],[76.44109460402039,11.651400624591032],[76.44403746602653,11.64727319720974],[76.44340840727409,11.643702824102222],[76.43452964405881,11.635844074365368],[76.43246081856958,11.63136966897424],[76.43003975018273,11.630868373185967],[76.42708872608392,11.633525846742835],[76.40659822182677,11.634338572812139],[76.38807684174046,11.629747244125733],[76.38327159967378,11.624124514010356],[76.38391319711094,11.61212870228909],[76.37825549695877,11.608589287963257],[76.37796207664428,11.601990364911536],[76.36708277607103,11.598409918207851],[76.35455837903989,11.589391723591929],[76.34738376752927,11.58924634565412],[76.34037905079512,11.587279254212012],[76.33993812711095,11.593209480860539],[76.33586040454172,11.595815545912588],[76.32119352645628,11.58627262413921],[76.31590535099117,11.576675866488957],[76.31051857554219,11.57747436691935],[76.30236480486347,11.571306998869511],[76.30046605830532,11.573186274953311],[76.29910692255179,11.582886398246911],[76.29598747242204,11.59022601154958],[76.28607589097176,11.590277170241382],[76.2789878321388,11.600891232321787],[76.2755977950724,11.597523711525303],[76.27428340889476,11.593758082072144],[76.2649083740957,11.59397143662103],[76.2645836906127,11.591024247994026],[76.26130452721193,11.590435915686024],[76.2534924765656,11.585482868887212],[76.24905653999707,11.580029570400631],[76.2341379422909,11.571160994607832],[76.2334053536003,11.567909180814693],[76.23611369513019,11.562934671152638],[76.24066230648647,11.555025932918687],[76.24420901243336,11.553307360057865],[76.24225337377163,11.550161241711768],[76.24609531193494,11.545501479547385],[76.24479388665021,11.541644356369874],[76.25010851929706,11.535786110936575],[76.25148013085325,11.536925642701922],[76.25023547100963,11.527031072934557],[76.24444755556547,11.525220529676854],[76.23974677948152,11.52673150309296],[76.24649610068886,11.515576380636656],[76.24801734102864,11.515671559293368],[76.2514166055896,11.502397608592112],[76.24847099114541,11.487785519164872],[76.24722594592458,11.467987698647654],[76.2646734403944,11.481328161728834],[76.27346353360292,11.477119326792229],[76.284414711077,11.483003598940762],[76.29456754228335,11.474150162926582],[76.29151937347139,11.469893884047815],[76.29483743392393,11.4658322001459],[76.30513237411665,11.467872026209776],[76.32601222528592,11.454063100160791],[76.34220449482609,11.467675752100961],[76.34757555784245,11.46366706864471],[76.36865137289766,11.456295285661321],[76.39790351802334,11.43636016756541],[76.41868184609073,11.441866009961204],[76.41559944517824,11.423255076386527],[76.46035580872693,11.388889462120371],[76.5177257774044,11.371646340713179],[76.51509193585596,11.359771595855715],[76.50815900619108,11.354208716200233],[76.54783047134538,11.35896837110648],[76.54741733255298,11.345552719495437],[76.54994046572578,11.331075533056229],[76.53727212175518,11.314126046727093],[76.53932677721912,11.30470678698461],[76.54572606807936,11.300396525879169],[76.54219764284849,11.29670326400567],[76.52679273318014,11.288647323998859],[76.52166340321345,11.270664462945895],[76.48708527971893,11.258369930001809],[76.46627370679947,11.245205038624906],[76.45306208869451,11.2394545086324],[76.44893268245373,11.205554602497617],[76.43933147881559,11.203043489753883],[76.43859358826819,11.19904787721422],[76.45161286808766,11.19947487685367],[76.45841393225535,11.187765637059615],[76.46659657568561,11.19340450107203],[76.47344132672221,11.195016119935286],[76.4723380706875,11.208833542459193],[76.49580969799536,11.211453654399605],[76.50937006994138,11.208279143944479],[76.51570288187733,11.194647053275036],[76.53384183477418,11.185680250525456],[76.60084907894,11.197600322414283],[76.60791038145226,11.194050961492735],[76.615478767671,11.192351260065024],[76.62465763017497,11.1958038936027],[76.62891880669147,11.194251381096308],[76.65237157746321,11.2098107898031],[76.65529493165467,11.209909946884956],[76.67146414593307,11.218961540672645],[76.6763529106599,11.220249954184222],[76.684346650064,11.227947003729875],[76.68264546998628,11.229929007273077],[76.685288039566,11.231316481041938],[76.68424724518962,11.233866182680115],[76.6981870673083,11.239575199856272],[76.70700608537068,11.238310447068368],[76.70580407484184,11.240444064160286],[76.71928889847244,11.227453298429161],[76.72293741408375,11.225073602786965],[76.72519106884101,11.225717977257638],[76.7255466840142,11.223371646498027],[76.72949469255133,11.220796318376138],[76.73157207090034,11.217279033330946],[76.73454195512859,11.21807401762112],[76.73551976143386,11.215652279481978],[76.72692429272321,11.207481749109126],[76.72689474354026,11.201571371163983],[76.73017544306015,11.193687017932682],[76.72862158129914,11.191436136207859],[76.72275286419179,11.187172948585388],[76.71991748201609,11.187789246473244],[76.71651307100684,11.186426432638926],[76.7143447562016,11.18768896615629],[76.70720694237998,11.17988708213261],[76.70509584936,11.179991919541823],[76.70246146792412,11.175847668643298],[76.69797454298008,11.174204692786512],[76.6949643944642,11.166808360807101],[76.70019005527033,11.153631351836916],[76.70407364741509,11.149362901361005],[76.70630922447555,11.14162505810126],[76.71209973784751,11.142321928187556],[76.7119829577589,11.143980074865098],[76.70826979937976,11.146724125786438],[76.71177924231033,11.148205131076697],[76.71204553529992,11.150928473443248],[76.71890432161449,11.149461950441504],[76.72368218303129,11.138907484588202],[76.7313655877424,11.131710591838175],[76.73451871301724,11.136296960887366],[76.73812606872052,11.134460068055317],[76.74308017330787,11.134390312692963],[76.74625360769461,11.137476566700458],[76.74806348661669,11.135479816017911],[76.74677909428804,11.132688963644089],[76.74985498960126,11.119149822851824],[76.74863301401521,11.11285653688664],[76.7442558865551,11.108338315895491],[76.74340625367117,11.102598114502706],[76.74782182543218,11.093372622646323],[76.75162918923687,11.093268967018192],[76.75447945020859,11.084238912076025],[76.75461893341938,11.07909507176706],[76.75265175769445,11.077534725286863],[76.7500929569133,11.07902533667073],[76.74966885687778,11.075639531103084],[76.74383627090944,11.07313317541177],[76.74380952986009,11.067560960870269],[76.74648747779064,11.056751507188222],[76.7606609562063,11.052401413131015],[76.76198970195375,11.048067091056305],[76.76890538845673,11.043517912739885],[76.77812140348419,11.042178632962937],[76.78775711590397,11.044785368578683],[76.79619185445074,11.055943529291689],[76.7980906351449,11.05667183773438],[76.80077283210672,11.053978576918693],[76.79729683255584,11.047549898804883],[76.79311114865918,11.043480554181572],[76.79381163425649,11.042007158545433],[76.79180419783714,11.037445810586725],[76.78240674198693,11.034545491405986],[76.77361276176813,11.033624938276473],[76.76656342212057,11.029179068227158],[76.7492292141912,11.033963458275739],[76.74179377593951,11.0382171696703],[76.71815228260134,11.041000446474293],[76.71584879560037,11.040534221929056],[76.70815423740666,11.031841825249595],[76.6997058516541,11.026658177893516],[76.68909067553734,11.008571459862853],[76.68845763724818,11.001439964288092],[76.68537067019909,10.993586959302425],[76.68600113391663,10.989292612284412],[76.67385236472659,10.97448647385281],[76.66674702230758,10.968425819197236],[76.66744578583446,10.959679214195175],[76.66355644806518,10.951023476182513],[76.66579279049026,10.947515548572099],[76.66468993061257,10.943574007639468],[76.65576055272093,10.93909542162447],[76.65905766535936,10.930588113269302],[76.6620260224516,10.929733420120467],[76.67671126569473,10.918146250933734],[76.69517395614861,10.910318372105527],[76.70803061485053,10.910193326067853],[76.71259899273633,10.907665271013588],[76.71486331229262,10.908699864104143],[76.71779407938179,10.905552930913245],[76.73853620803823,10.895271793955198],[76.74074814593199,10.891062695353854],[76.74900970815658,10.8925624886928],[76.75247142898601,10.895795784865197],[76.75533062549985,10.89393013460133],[76.76131262555441,10.894190158919328],[76.7653518274659,10.891913540697823],[76.76796020087774,10.887764883299102],[76.77134887340318,10.888340192864991],[76.77444417771645,10.890836391471264],[76.77667174809278,10.889901471739043],[76.78149170366548,10.89115062038335],[76.79098777477095,10.885186818156326],[76.79186226583546,10.881837623031588],[76.80128804376994,10.880782424465998],[76.8081989197946,10.877529591896327],[76.81152796754138,10.878610654906065],[76.8119263407255,10.876558549338165],[76.81440499022375,10.876721798968564],[76.81675627298773,10.87347679473768],[76.81940388840442,10.874268396897696],[76.82619545468462,10.87205025162335],[76.82838585187616,10.872638198008037],[76.83082362443574,10.87065872572868],[76.83200956320586,10.860854545551426],[76.83916210580487,10.857067642247541],[76.84174626782313,10.85280542600807],[76.84848686099915,10.850116577432768],[76.84884843649427,10.847079068139148],[76.85385616421586,10.839684388747225],[76.85326215413257,10.833645341653197],[76.85091212451837,10.830300168105385],[76.84861670349031,10.831244663122837],[76.84742819194526,10.827054219550298],[76.84647248778919,10.82804862889112],[76.84515578755139,10.826823492599292],[76.84749258498141,10.823768064055253],[76.84824284263537,10.819528153062825],[76.8499713458708,10.81797334203666],[76.85185498007093,10.819275373997046],[76.85882328449335,10.817386489942677],[76.86055609604887,10.81919922479662],[76.8640357373699,10.81799698903727],[76.86532984946989,10.81361698300546],[76.87013074189395,10.80904720112731],[76.88482572646801,10.809101547607902],[76.88905959689485,10.810299291563624],[76.90075956417569,10.808025012328178],[76.90070425041208,10.801592758042144],[76.90728614721,10.783407270025698],[76.90761022972013,10.7787061624851],[76.9053877923173,10.772147483488949],[76.90265390180242,10.771505780035998],[76.90365879051693,10.761832364246876],[76.90115783944341,10.757086280736337],[76.89627986348314,10.752516607326603],[76.89599385965961,10.744781208112489],[76.8898873899376,10.73655230712993],[76.88816689967452,10.7317856533655],[76.8884769918224,10.727987515107431],[76.89290272802087,10.720987202130997],[76.89217887544639,10.718474247936467],[76.89115685585946,10.716523556338641],[76.88716114049252,10.717700178502929],[76.8821928245574,10.716794665950458],[76.86750057086181,10.694280944315857],[76.87061359444401,10.69223756602226],[76.86604445388853,10.684785170613921],[76.86704736541105,10.679165901625032],[76.86982167472382,10.67632024356768],[76.8773150004124,10.676320595790905],[76.8782262756911,10.674403438788131],[76.87790173593854,10.666930147203203],[76.88110780791618,10.66076902235623],[76.8806300263559,10.655868268403266],[76.88410873342906,10.64798809885171],[76.88250165097904,10.645923277499158],[76.88212093597846,10.638965535985793],[76.87315102699952,10.637166130789169],[76.86761451137578,10.6327428784689],[76.8595584594337,10.631683304690524],[76.85294583486315,10.634379758907661],[76.84655446894034,10.635135986485368],[76.83940902482868,10.633573385786722],[76.83086294998395,10.636917989748017],[76.82080581271154,10.633568569627915],[76.81427234229395,10.635048105047817],[76.81488056552166,10.628961161568528],[76.81012200440875,10.623840723749995],[76.81166426712282,10.61963762578962],[76.81671322122774,10.615929539217854],[76.8166688013336,10.613037270571517],[76.81853219289714,10.610644671953972],[76.8160223763501,10.607228769658974],[76.81747601127823,10.602736865086452],[76.82632151347183,10.596069158410483],[76.83241129878404,10.599242754810097],[76.83746688335411,10.598273242129642],[76.83860189752906,10.596327759920065],[76.83715755387591,10.586212303627656],[76.83798363023814,10.581484540239],[76.83392512802274,10.573395449241103],[76.83472626625439,10.569847447933759],[76.83969989033454,10.563631265057857],[76.83899409030401,10.560141678453078],[76.8356209011408,10.557426954320539],[76.83526184721667,10.544611390169043],[76.84200416425973,10.540192900105538],[76.84308859699598,10.536679351345192],[76.83032883597052,10.497251770739558],[76.82802766482631,10.449745552019586],[76.81603791900115,10.423003113104613],[76.82288563627479,10.416623200184524],[76.82221825179906,10.414118539425203],[76.82432399624983,10.409591430183188],[76.83024759233622,10.410796109698037],[76.833272493884,10.40734390256771],[76.83212279764405,10.405122281905793],[76.83370268180222,10.402830890102052],[76.82332847696378,10.394582747961252],[76.8304892948432,10.388784078339494],[76.83400047781048,10.382639902233766],[76.84369494813467,10.376971187243322],[76.84861912624666,10.367415641613002],[76.84489179065568,10.362280113938905],[76.84590973368788,10.356828115930957],[76.8416518162592,10.353046900430794],[76.84149290518376,10.350060322828922],[76.83603448459927,10.345440737438347],[76.83580003329327,10.339638843403918],[76.83739841555976,10.335869420191418],[76.8326814159018,10.317347441677738],[76.82839177536717,10.30712561525263],[76.82992965969254,10.30315321540764],[76.84030216491847,10.299076513749661],[76.84443693769472,10.294375169912653],[76.84181926492313,10.291538224761297],[76.84232730264047,10.28943819009926],[76.84813001064244,10.286725035174795],[76.84856899127064,10.28452150124193],[76.85207254394788,10.284329841023848],[76.85098690387589,10.289117792886497],[76.85494275380715,10.292118791195762],[76.85769029512106,10.292966326188763],[76.85955101509492,10.29120208718608],[76.8620469391961,10.291151618569291],[76.86439027905634,10.294645393355575],[76.86828189225824,10.295237634180687],[76.87013772719362,10.29807879028203],[76.87315101711805,10.297546227649867],[76.87437009743391,10.292996992548012],[76.87326407997803,10.27567536990166],[76.88394995260933,10.270072614242093],[76.8912820190263,10.26225648207278],[76.89738239996734,10.261434542481824],[76.90067690928808,10.251771836434958],[76.90139193321994,10.250492030645939],[76.90333503948517,10.251154110482808],[76.90479006859861,10.247249811157813],[76.90256797525055,10.239575083855183],[76.90774630562105,10.24030861417228],[76.90954211243415,10.23846315736082],[76.90973542090015,10.235691605560788],[76.91187581337142,10.234259902237332],[76.9219064781907,10.231588762547368],[76.93962575435647,10.238154604674655],[76.94407045039735,10.236031141045723],[76.94720600642185,10.236215819370903],[76.9483636132262,10.23301826431941],[76.95072347310452,10.231702543391469],[76.95857701064563,10.233467821348775],[76.96527642055746,10.230051535648522],[76.97066750252993,10.229047429225037],[76.9727410872935,10.22498552992213],[76.97983384162046,10.223265935120134],[76.98176439123462,10.219706553096088],[76.98359357405383,10.219659293726579],[76.98353874448215,10.221860558688284],[76.99035597922327,10.22501424646835],[76.99031768763597,10.227658287267204],[76.99567234112703,10.230350708660975],[76.99854197247123,10.229619111695591],[77.00015421574255,10.233380564544493],[77.00326170300768,10.234407927380264],[77.00536843201199,10.238960757020061],[77.01104037585131,10.241182459797706],[77.0150960789163,10.245613900689543],[77.03122739776444,10.252108128198135],[77.03963854206025,10.252879054184396],[77.04843174343966,10.259426909772941],[77.05160732569827,10.263767206057102],[77.05099490733816,10.268225976676323],[77.05284560929998,10.272306260564594],[77.04946776057538,10.278363039699453],[77.04361949900537,10.28406357385063],[77.05535861127302,10.287077064290921],[77.06016416236014,10.29111940084965],[77.06316746661186,10.291716708404792],[77.06338137434564,10.294695672268752],[77.065978024743,10.298167886199414],[77.07846607144616,10.302893942849593],[77.08878684718643,10.310986397509643],[77.0887264121274,10.312591693936536],[77.09142847623006,10.315060116029677],[77.09568781928509,10.308748303613644],[77.10200032480405,10.315610826958837],[77.1094273943505,10.31543960573847],[77.12015477363953,10.31803481324859],[77.12837172822209,10.32631631118783],[77.15118857801092,10.33819968965468],[77.16125606207876,10.348636448351616],[77.17599452062097,10.358574913364139],[77.19539245699863,10.354656969536682],[77.20175746724931,10.358063899123003],[77.2041169543268,10.354279868961816],[77.20862283551999,10.353555530704126],[77.23525271029641,10.352869869019992],[77.23567741130486,10.340013822071002],[77.23284203272244,10.338780634000285],[77.23253975951083,10.336018839966183],[77.22876276594927,10.331128984237404],[77.22897470277931,10.323037419522025],[77.22717091263829,10.320999249061922],[77.22734294720168,10.316573766283017],[77.23056023015411,10.313553194829328],[77.23141682138821,10.30879294330985],[77.2348496631779,10.308959140127403],[77.23566019599079,10.303154648980108],[77.23952030797061,10.298773144711793],[77.23909020179909,10.29566774647486],[77.24680895162336,10.283690643690434],[77.25088350583457,10.281475569717584],[77.26355594702116,10.263896088071743],[77.25729564350168,10.259481886309125],[77.25911824975468,10.23045950223318],[77.26431999650964,10.232658299280452],[77.26463410861841,10.235122015895074],[77.2677969060539,10.234585238328759],[77.26945725590535,10.237008740286404],[77.2720364520367,10.235083841245133],[77.280355963682,10.235488886750051],[77.28093978148009,10.236741185955493],[77.2881699358247,10.232322311327675],[77.2952790897955,10.218546066864459],[77.2932903338425,10.21505125264928],[77.28913319121901,10.21460258811314],[77.28705359133629,10.20972449370948],[77.2829423265727,10.20860223287302],[77.28569984008458,10.204439791778386],[77.28348859209694,10.1976901952891],[77.28023600984548,10.194506832122244],[77.27851570463532,10.194506269813521],[77.27748141855317,10.189488290739428],[77.2745943967234,10.1849353629334],[77.27515832312615,10.176532016711631],[77.27208636962041,10.165957754286477],[77.27131857415718,10.155899585430905],[77.27271936389211,10.155723780758532],[77.27280744280739,10.151433949688956],[77.27172171020892,10.150940850334838],[77.27303624011701,10.149286827141646],[77.2712317528833,10.142356348519643],[77.27453091637554,10.140834052251012],[77.27485322740789,10.131305088444217],[77.27236770579772,10.128619229377524],[77.26812058611875,10.127808609979578],[77.26694431950934,10.125434965175975],[77.26771637837689,10.122207643029055],[77.2554205459917,10.124757311221957],[77.25365900092349,10.126280013688525],[77.2518982302031,10.12556508196432],[77.24453557704899,10.131863816774489],[77.23853582179285,10.130844223014716],[77.23359351657676,10.128138607104898],[77.2296827450048,10.123686717728106],[77.2304533593814,10.122294167054912],[77.22746529954001,10.122661223359968],[77.21772397039567,10.118586511025281],[77.2163547762059,10.116430585843096],[77.21100422711737,10.119279872412287],[77.20750044626803,10.119140602793522],[77.20614887522753,10.114163841794843],[77.20361207688262,10.112830917521645],[77.20118377975268,10.107203462288817],[77.20366811917994,10.09898478243332],[77.20404877309507,10.088492743930303],[77.21054251192595,10.083169322022734],[77.21852938999794,10.079353521555952],[77.22304055059006,10.070677527262854],[77.23162566531873,10.066876466631822],[77.23579550652708,10.05852457987415],[77.25089596187429,10.045755161489783],[77.25657779526658,10.03677131373123],[77.26164522412364,10.033562375965825],[77.26389717657342,10.029307110386844],[77.26271226727262,10.02167914529145],[77.26109354265651,10.019168056804762],[77.25825436509878,10.019140301103883],[77.25787888817462,10.014364463760257],[77.2553387561817,10.014060677692234],[77.25472824853821,10.01244661221902],[77.26492640783546,10.004276030240817],[77.26519460794839,10.002202714131183],[77.26074047869874,9.99586031497293],[77.26102916309506,9.991828232158129],[77.2667619525235,9.990392716686001],[77.2643369719736,9.987272703589333],[77.26703776226518,9.98390596325027],[77.26789635674237,9.98000507462913],[77.2726035432042,9.976435396349874],[77.27080858080744,9.97101027402831],[77.27211300287196,9.970246746490593],[77.2727897980986,9.964293512469489],[77.271773848428,9.961431754396962],[77.27098009165307,9.962529965110697],[77.26847261431905,9.961010255507585],[77.26094725201249,9.952586013663714],[77.25289895522626,9.953550432614515],[77.25014576081423,9.951275504222412],[77.24938364989012,9.95284380702635],[77.24664028035235,9.952017253500593],[77.24799737513355,9.94746460774829],[77.23632542091654,9.935991079022985],[77.23442706422722,9.931199910858803],[77.2357342001022,9.926986425021322],[77.23179871947,9.924659601641872],[77.23046176940909,9.921278705155482],[77.23015827359035,9.913083174101168],[77.22448587610181,9.910282100183162],[77.22267473774174,9.906571252556853],[77.21834772998623,9.904908890535514],[77.2181813898434,9.896984500916718],[77.2208404632715,9.885094908356772],[77.21761736462595,9.884960145510316],[77.21536346462864,9.878003697656705],[77.2125414844187,9.877498074020313],[77.22142250599859,9.863744458719104],[77.2262355894594,9.861464790218285],[77.23278173780061,9.862154496874512],[77.23640510866876,9.860214044099514],[77.2360023418246,9.855124131208113],[77.23728223269532,9.851990989022642],[77.22823317674992,9.849751555269549],[77.2264226681089,9.846944831584622],[77.22303085417485,9.845490259054234],[77.22762359796444,9.838703617219252],[77.22552990980311,9.833903490001203],[77.22664588418563,9.831331021217093],[77.22387855388428,9.829311100101366],[77.22394550801738,9.824456048022265],[77.22187122885606,9.823059737693281],[77.22440534303492,9.822611529871116],[77.22512051249383,9.820914426928832],[77.23281914634397,9.822093760327213],[77.23271496512722,9.818013996226217],[77.24128353648163,9.816212454052827],[77.24691881109102,9.808570940863525],[77.24522601948144,9.803350312344888],[77.24679666985682,9.798458529415488],[77.24185549831459,9.796367235526116],[77.24028804324671,9.797493350492964],[77.23613845096318,9.790632555883066],[77.22278883815588,9.788367107662763],[77.22510937607927,9.776144316762824],[77.22835477001185,9.77179841019484],[77.23252664680263,9.7691431251048],[77.22759899490543,9.764777713329218],[77.22527143844474,9.753336926806499],[77.22020175301967,9.745111638041148],[77.21980911018876,9.742159870319139],[77.22264286910871,9.740061577030648],[77.22180365488546,9.737467000577768],[77.22387498667432,9.730446063265012],[77.22063493502272,9.729714662319006],[77.21834648671788,9.72615756906282],[77.21560815493224,9.726750456721728],[77.21159767305869,9.724341955240142],[77.2075013733294,9.72483112072706],[77.20352284722546,9.722183017835748],[77.20567765945367,9.720288426986691],[77.20606897547289,9.717648293261714],[77.20467440477469,9.716635997661516],[77.20526591843982,9.71316868150707],[77.20191031289998,9.703970107888695],[77.20454336033768,9.70165952490282],[77.20668323358272,9.694728998866912],[77.20051680401042,9.686073530260437],[77.1945367640798,9.67419917252935],[77.19407597684808,9.670632517685567],[77.18678125070251,9.666488509776864],[77.18747282231728,9.661515779549877],[77.18111262254492,9.65928355901443],[77.17954947310218,9.655617686673391],[77.17923344578523,9.644935613300147],[77.17401170971856,9.637382487232788],[77.17411587566394,9.632943249388012],[77.17622459443662,9.629552544544696],[77.17456597384209,9.626655111082275],[77.16907196559933,9.624051916645783],[77.16774081955343,9.615092302811407],[77.16582739901511,9.61294070168897],[77.17023413494701,9.609777700879125],[77.17402408221494,9.611291698707474],[77.18860863599281,9.606208400267521],[77.19075001211935,9.609327248095463],[77.19699079434939,9.610948976458157],[77.19813035040642,9.614461238638398],[77.20888475551077,9.61355033919148],[77.21043515246974,9.610939675652315],[77.20980157788635,9.6050611308383],[77.21436590437025,9.600814569073316],[77.21706721658303,9.601722603797915],[77.22214711225962,9.597790980480765],[77.22245544999772,9.592854419819606],[77.23424929302239,9.581648071167141],[77.23705690647597,9.581166481987994],[77.24270154961549,9.585323624800546],[77.25299506418183,9.583071783168927],[77.25828467874804,9.576604245693062],[77.26137326366293,9.57693134446129],[77.26377907236805,9.573849110058228],[77.26964118955304,9.572874617524327],[77.27194011670564,9.576559605980087],[77.27685473314972,9.575851343598867],[77.28040624957495,9.579685845667447],[77.29026579251914,9.584878164507971],[77.2899960742534,9.588792906993355],[77.2944869463948,9.58934550850186],[77.30373576969309,9.598845471316883],[77.31529576418127,9.600814249323632],[77.31774607812049,9.602609345833057],[77.3223336152747,9.598392455717091],[77.32492994317687,9.597787154079265],[77.3280770874685,9.600255913666803],[77.32986041129243,9.599069788017328],[77.3244955134139,9.593413745542447],[77.3261451301943,9.588703562564044],[77.3237862656493,9.585231389177288],[77.32557655770489,9.583527355221284],[77.32531294798308,9.58013422612942],[77.33243438282214,9.578914890912317],[77.33942423962488,9.573424915282233],[77.34183084872892,9.57656085938216],[77.3421537706157,9.581113061205984],[77.34540520212528,9.588066091189276],[77.35451365018567,9.60417371941568],[77.36105476167307,9.602365849241547],[77.36269914486864,9.600304584781828],[77.36573276995615,9.599848164593677],[77.36607000559869,9.59605996694169],[77.36231674462861,9.595666448539303],[77.36077708343562,9.597940256164506],[77.35740206979406,9.594536020478381],[77.35489740598348,9.586787590251262],[77.35822260175435,9.584030261704177],[77.35981705119654,9.577484528650148],[77.35806370056036,9.57401265327909],[77.3528988655804,9.57296353118935],[77.3501893697154,9.567185998199164],[77.35283144791667,9.559686570280562],[77.36118892506077,9.55804164022462],[77.3650102397018,9.552834035162052],[77.36548900312067,9.53519478813165],[77.36866775194068,9.534882971862066],[77.37288486788911,9.529991777340573],[77.37326288435058,9.526953936085619],[77.37685144280654,9.524933281800065],[77.38005741866448,9.52546671362294],[77.3851030741557,9.519336810032256],[77.39587774165959,9.523409562428602],[77.40043192706221,9.52746881084054],[77.40323686712955,9.523106266951942],[77.40034025398745,9.517961914005753],[77.40823623692575,9.514864822819677],[77.41232049024705,9.509082635352339],[77.40963786478882,9.505664907192168],[77.40232756095791,9.501042193354156],[77.39915625378175,9.49646975013189],[77.39888516289024,9.4814716248728],[77.40200397431785,9.477728363778697],[77.39719520816033,9.470432394745155],[77.39152665096964,9.468850659858653],[77.3925367067936,9.459456056981326],[77.38689078535145,9.455753823897078],[77.38085801521197,9.4551616823778],[77.37711998248263,9.452883276506926],[77.37415142865937,9.453592972241282],[77.37281280683368,9.456734770705824],[77.36592394492337,9.460188301875416],[77.36021915059241,9.455545349699737],[77.35630857125993,9.447674712822288],[77.34928227250104,9.441200231004384],[77.3484922769722,9.43461854879498],[77.3454424112427,9.429360778710901],[77.34452322180628,9.424523622629769],[77.3396341067365,9.420825221897775],[77.33644384510784,9.412367180132899],[77.34381980770114,9.402201197481862],[77.33969953822516,9.393779275625883],[77.34132172764333,9.38991337801236],[77.3394100767861,9.387517228496181],[77.33651948055982,9.387430988543422],[77.3344763172433,9.381323356799921],[77.33457228426512,9.378905265883123],[77.33679383682737,9.377336902555164],[77.33724581607774,9.3650901133938],[77.33566929611031,9.364032128671036],[77.3357077583775,9.361147927740584],[77.33325038098519,9.356432584821391],[77.32595538265011,9.346657917816561],[77.32521031456356,9.337223226160404],[77.32002156104085,9.337633759269274],[77.31553881326286,9.33497031052506],[77.30572528831574,9.337897754831738],[77.29997996289751,9.336804627972164],[77.30091602808481,9.330225183529828],[77.29721153665153,9.329334214770611],[77.3017592829302,9.324697051897965],[77.30262524718603,9.319096251190915],[77.29942733460607,9.314330089548138],[77.29945927330768,9.311021161307833],[77.29360341288867,9.304871701722846],[77.28968513050262,9.304138379691636],[77.28841598617765,9.301760194243059],[77.28296704371773,9.301419846029333],[77.28313586410908,9.291922041556427],[77.28778391447572,9.281978147236213],[77.28845019671861,9.274283688061708],[77.2827296064117,9.273336509808876],[77.28354679484252,9.268338692055789],[77.28155581286426,9.26135600984532],[77.28246183210025,9.256109061882125],[77.27898643981052,9.251998815371676],[77.27932326492294,9.240953706531165],[77.27528876209865,9.234843703930592],[77.27703276756094,9.228075039588091],[77.28209594109852,9.220914084255424],[77.28221741937607,9.216893150524893],[77.27577732164573,9.211742232987213],[77.27070234244871,9.205152713163617],[77.27067666769958,9.200882944509123],[77.26642945998569,9.200554976252942],[77.26368196897745,9.198455602787563],[77.2563019271344,9.19942665356135],[77.25673062654417,9.19643313428964],[77.25247415809805,9.189546390942395],[77.25919246407189,9.186495110199601],[77.26428277571418,9.186162688434855],[77.2682456855052,9.17533717823435],[77.26583570771886,9.16492337071547],[77.26779965130542,9.153421294028597],[77.26205964032039,9.149598820814644],[77.26083565610136,9.144556966438044],[77.25339670274201,9.139641657767928],[77.24693209178419,9.12388342675543],[77.24144225801255,9.124269739224458],[77.23095199263602,9.116764951823617],[77.22806620149821,9.116240331564782],[77.2260796149766,9.10745876075623],[77.22072431380022,9.105326810855049],[77.21865584584049,9.10092890921705],[77.21206627114182,9.099888866730586],[77.20906998812235,9.090077792350055],[77.20567553763297,9.084505235099373],[77.20879007307983,9.07415400203438],[77.20533416075702,9.065842984418191],[77.19671144255052,9.056634893988091],[77.19520267891173,9.049451953319462],[77.19717519062944,9.046550661534809],[77.19245217854724,9.0435511550065],[77.18692886276833,9.0427751547668],[77.18284811826649,9.046771682017907],[77.17265130644215,9.04669655717645],[77.16701279699942,9.044890538208623],[77.16384518010243,9.038180308416113],[77.1605168483129,9.035680435122362],[77.16203787934523,9.033351384879206],[77.16093707301631,9.029217952922114],[77.15366253021857,9.02207069251071],[77.14700999349995,9.021366285015706],[77.15064367792587,9.015011331028395],[77.14926840303997,9.009693892210198],[77.1526705152604,9.007303400733946],[77.1567730097719,9.007618419634326],[77.15607356172875,9.003943903379403],[77.16159106001788,8.995159140869584],[77.17348586110406,8.991342464601434],[77.17812079606757,8.969217450167667],[77.1854686045616,8.970301412868384],[77.1906193557545,8.965734678300285],[77.19141845121717,8.959274421665912],[77.1946098914355,8.957483674131757],[77.19620524368457,8.954698625123994],[77.19688668679446,8.95180523401392],[77.19380257818463,8.943433368419644],[77.1970563578904,8.935544113918873],[77.1923726488985,8.928498196442654],[77.1927129127618,8.926313512430124],[77.19464924303485,8.924233644267888],[77.20096406710553,8.924675540602967],[77.20294134977573,8.923143711185617],[77.20626561489196,8.929646991678023],[77.21036716617242,8.932000017402112],[77.2213048859852,8.927519190106208],[77.22379541480474,8.924266442295595],[77.21816840289932,8.91665910407752],[77.2211487048899,8.904065647688624],[77.2278630421068,8.903702299510265],[77.23846253004545,8.897858591391177],[77.24015261053954,8.894589601660705],[77.23830851568663,8.891958891359241],[77.23757246488891,8.885792980883378],[77.24490300686483,8.880189610050467],[77.2553310809759,8.879340102790419],[77.25833876990457,8.874972032966614],[77.2600483438403,8.86526587431989],[77.25727493104617,8.861650015163885],[77.26251184145464,8.85527372686652],[77.2628581267253,8.853265377671155],[77.25979898948371,8.851429679461678],[77.26399115562349,8.84206893499998],[77.2531315012055,8.827776811335818],[77.24707721910994,8.823721590957268],[77.2464839240856,8.820632731747128],[77.24788715274649,8.817038293156473],[77.24230703020396,8.809366299470366],[77.23195413070911,8.807153885202998],[77.23265731933711,8.801753497088889],[77.23045159958176,8.797866289140686],[77.23120453152029,8.79093569065813],[77.22971675791639,8.78466360073648],[77.22402111562158,8.783228456942737],[77.21971899119946,8.778572130795073],[77.21304194754158,8.77862477685658],[77.21442666372113,8.77501309323136],[77.21834299945795,8.771110780211119],[77.21753311882196,8.76768967091441],[77.20937222540135,8.764876837935025],[77.20380025866328,8.768971890995186],[77.19884280515657,8.769439022529316],[77.19686125369213,8.768312686031987],[77.20005484537556,8.762787291259109],[77.19824447777,8.753551663631981],[77.19104904151447,8.741642236905557],[77.18822041377143,8.74259844267307],[77.1832086337496,8.741497538157377],[77.1769811564672,8.74379282919942],[77.17294190245343,8.747480967542113],[77.17246905084744,8.749632328748504],[77.1703871225315,8.747120484788084],[77.16999157904053,8.741850180160423],[77.1787115084355,8.732019693545976],[77.17719002824552,8.72496950680398],[77.18053448209942,8.721177943641441],[77.181328240671,8.717236273351682],[77.1843240314137,8.716143480822105],[77.1847991647405,8.713497589762447],[77.18989575650495,8.712483068830092],[77.19494266245104,8.707880387798715],[77.1956650453817,8.702954914130517],[77.20674320690772,8.684534695318167],[77.20789330379631,8.679285978991057],[77.20676568365442,8.679830264420918],[77.20085477716975,8.668967151607596],[77.20824329821077,8.663775783856389],[77.2077705301481,8.660897717028234],[77.21229052656933,8.656972749144765],[77.21160690504486,8.654916486206313],[77.21417618557211,8.649261488072668],[77.2200554596807,8.645056160607734],[77.22474258945716,8.639203602574126],[77.22933222058431,8.639914279584179],[77.2297846894165,8.637190276877671],[77.23210362654208,8.635771420222625],[77.23456320929841,8.62697158137469],[77.24399388844111,8.621942651262913],[77.24511152830019,8.624213662417459],[77.24835490461663,8.624261305880536],[77.25144280681191,8.620337841286961],[77.25198069015629,8.608350636354823],[77.2463520882328,8.603589690871823],[77.25066638572534,8.59885369685465],[77.25508189460432,8.597507978987021],[77.25680882668628,8.594841289134653],[77.25708722177937,8.590641550687945],[77.2616075002716,8.58809323221337],[77.26351494701328,8.588744809313813],[77.26633663257583,8.58526457406955],[77.26640155561803,8.580897552951846],[77.26895922003035,8.579013088433456],[77.27056465497016,8.571775743731743],[77.27494905069926,8.565768914310782],[77.27420600561872,8.559764954319883],[77.28226547744713,8.550612402211843],[77.28375606367617,8.54685140048988],[77.27456159743573,8.537748603615583],[77.27417206277572,8.533842519835408],[77.26682337033945,8.519997590247788],[77.26524526394725,8.512081139640436],[77.26161393400568,8.50627529103725],[77.25728593451011,8.5071690825439],[77.25605586240839,8.505306087024868],[77.25120577105287,8.505539598079848],[77.24371963637812,8.496954742481327],[77.238725936748,8.496029892456802],[77.2293596964556,8.508198883370302],[77.2224871982565,8.511302020228634],[77.21351972281364,8.512028502525766],[77.21027899113737,8.50615192402747],[77.20127547528531,8.500969788757327],[77.20109780469177,8.497662777479821],[77.210424206498,8.491866360994857],[77.21252268627305,8.485771792126343],[77.21049868671652,8.483460478228443],[77.21011431108117,8.478939083149022],[77.21298840884894,8.470381766709512],[77.22517214945302,8.459625204407711],[77.22699535039071,8.446731115514014],[77.20597543749562,8.44399788947335],[77.20240634283692,8.436290430587356],[77.2032492141017,8.435084160774403],[77.1960286708323,8.428892305671754],[77.19685899532755,8.419615802270112],[77.18257455521133,8.404911647134016],[77.181713313399,8.396144702134563],[77.16766810003286,8.383723029823733],[77.16571879000232,8.38665191913425],[77.16056963870889,8.389355478942917],[77.15372334077338,8.387151319951544],[77.15067447307214,8.384458134764637],[77.15164927990271,8.381063954913865],[77.15477164147228,8.380919726895781],[77.15589923556301,8.382451276463899],[77.15937104806633,8.381189724133518],[77.16080124235546,8.373644706778098],[77.1597306230133,8.36803382680806],[77.1565948001892,8.367156104581461],[77.15517767998072,8.362780084229957],[77.15297157844137,8.360919569795362],[77.1523848465085,8.35507467547309],[77.15594991671472,8.356507215519162],[77.15704257173077,8.359753670951996],[77.1591081066911,8.358966881702997],[77.16285786872312,8.361556707328093],[77.16582004899946,8.360172093174395],[77.16760376718379,8.3633676782322],[77.16914900152484,8.363339461809579],[77.17188468687364,8.358779309838068],[77.17388001759619,8.358523387673078],[77.17507657984284,8.35001897508674],[77.16654339492412,8.342540308394897],[77.1695575876554,8.337904219729152],[77.16928724056895,8.334717382953304],[77.1802919477525,8.323434005256969],[77.17283108358504,8.318757080693052],[77.16898641005167,8.326686688960983],[77.16987603683036,8.327576593097495],[77.16848117956958,8.332553534658402],[77.15848857097902,8.327742394396497],[77.15332077066029,8.326934361277125],[77.149958134905,8.328502632842213],[77.14822419416721,8.331711641557535],[77.14509004849768,8.328569590157068],[77.14128500234648,8.328888270767308],[77.13534414692855,8.325259523795191],[77.12868901857033,8.324564705561729],[77.12911704514197,8.321532792013883],[77.11859329865648,8.32026435942262],[77.11951316632089,8.315340875732717],[77.12393073773177,8.311868747388875],[77.12211477721523,8.308617698915054],[77.11615852018177,8.309400726362368],[77.11228687652864,8.30400225952254],[77.10297102453711,8.306402047633503],[77.10149493352353,8.298648444799316],[77.09949689348205,8.298319998935332],[77.09779810741458,8.29248867977566],[77.15217541238482,8.251886970989768],[77.17288781489017,8.233598895575117],[77.18616871825637,8.217086644819577],[77.1953171126008,8.213015954925563],[77.22367193148747,8.1957501989268],[77.22857490307054,8.186192943741583],[77.23287029551794,8.183532791660973],[77.23046027101918,8.183899440766494],[77.23309356279864,8.183036218641565],[77.23283058728744,8.180333981283159],[77.23553363504534,8.18046960801829],[77.23991802628287,8.176557930426947],[77.24464430733438,8.17496081145949],[77.24785268618568,8.171437912494111],[77.25471979628969,8.172238347135275],[77.27443499876105,8.163167278544053],[77.2986519654467,8.146527842247911],[77.30407232171761,8.137269292325563],[77.3037185157514,8.131611456833234],[77.31552378893974,8.122106266017648],[77.31736405517289,8.122098370772378],[77.31827988221517,8.123727824091585],[77.32231413261282,8.122502371820683],[77.32367535245778,8.126563552719617],[77.33138495653418,8.127391928010914],[77.34703443613189,8.123354742630532],[77.35697128449617,8.12238591393962],[77.36845504076284,8.116506040981095],[77.4390421836253,8.096297613214574],[77.48361352476817,8.088138198574748],[77.48373113669676,8.090338494498997],[77.48711975622162,8.0893846158656],[77.48661152356985,8.087820142974888],[77.4990244136231,8.085863539876902],[77.49900852871393,8.084829227857472],[77.5290111821235,8.080493520072478],[77.5309682131739,8.079458897227047],[77.53087457368703,8.076657941525232],[77.55503670091947,8.076579218513244],[77.55828712002776,8.078556204560487],[77.55870491119508,8.083883740916985],[77.56135227238852,8.088087117945372],[77.57115911117496,8.093323419759152],[77.57045735356321,8.09704900652598],[77.56592707143199,8.101511199250822],[77.5650306704577,8.107156909366275],[77.56658223163329,8.118432619550843],[77.57842677377594,8.129392960699077],[77.5827568187354,8.137331571516285],[77.60450908765748,8.147188041581977],[77.6042896382167,8.145755406675413],[77.61690121854281,8.14464358489079],[77.62129333978335,8.14552932940269],[77.63513555545484,8.152570476530942],[77.64216530015115,8.154261079431764],[77.72955638351557,8.164139602758144],[77.73646827104322,8.161794407324601],[77.7421779225649,8.15543078829863],[77.75015096927645,8.150873847213987],[77.75360722295905,8.14622868410581],[77.75796443297273,8.145306632942306],[77.77387542203113,8.156230080349747],[77.79369050907727,8.162315164094085],[77.80045960489895,8.169247446039233],[77.80607597536152,8.182823970385241],[77.80255107601816,8.192889832170872],[77.80445356405946,8.20276495594488],[77.81131210154074,8.211120633914343],[77.81598111948448,8.213115296056309],[77.83255706217743,8.229070670084385],[77.84108011859135,8.251660829583424],[77.86867369432649,8.260896989734205],[77.89088375190381,8.270485888983497],[77.9147152973151,8.291845613587862],[77.94913075567462,8.311583545041724],[77.97038643680594,8.334645295489114],[77.98030158277125,8.343565443171418],[77.99145729405907,8.350114034109472],[78.02782667350152,8.363611399852712],[78.05633099810265,8.370206765808181],[78.0671057401667,8.374524683323232],[78.0671050367858,8.375744922255063],[78.06138275584956,8.375822570042095],[78.05842695091681,8.377858709733147],[78.05670702659236,8.384604130899136],[78.06366501655872,8.412436416973339],[78.09627133441136,8.449141583758417],[78.12582564045925,8.474698741592972],[78.13078444503216,8.480720411177954],[78.13002943169712,8.485112904704446],[78.14327432519684,8.501672382616697],[78.13571035329939,8.537001683679696],[78.13062196405178,8.5479137061099],[78.14043160378527,8.57596580000665],[78.14470092802144,8.598022916658392],[78.14215508004835,8.605244551068779],[78.13497572543308,8.616160984434158],[78.13443307652612,8.623383230108848],[78.13906931314851,8.66196573273179],[78.13852612794734,8.680180243669145],[78.1408860893353,8.685252615453766],[78.15179267623529,8.697162220239816],[78.16360938767212,8.72391016628957],[78.19541844262531,8.751649139790947],[78.19682204229044,8.757168257890099],[78.20197365496772,8.756025789339905],[78.19977928632429,8.757358559029443],[78.20283603494552,8.763714366346496],[78.20083174173135,8.76542725246463],[78.20083170220548,8.767990090653715],[78.20293442921522,8.775584213083393],[78.20303600980924,8.790107561005868],[78.20045982123744,8.792860091743327],[78.19768789156186,8.7910561067291],[78.19778364119135,8.78678444430725],[78.1995933368571,8.77900078404369],[78.19959382733724,8.781089077368883],[78.20207487623559,8.779855786130716],[78.20150203315534,8.777103050533565],[78.1994036306354,8.776248304891508],[78.19892302297522,8.77150179631748],[78.19129007034543,8.767233341939132],[78.19214921998146,8.76599509323869],[78.19796912263627,8.769793031025355],[78.19940033561494,8.767325436291593],[78.1970108717564,8.762673804406488],[78.19138188984554,8.762577601798592],[78.19214901247064,8.765425694334503],[78.19100415545512,8.766378794644952],[78.19071777254254,8.76846705421101],[78.18737762970365,8.770649723406613],[78.17831251098269,8.772170866261796],[78.17496871649216,8.767993291235063],[78.17649952838131,8.772645070475026],[78.1746861891488,8.773213962916818],[78.17172437448679,8.770555373950161],[78.1739226849377,8.773403373361544],[78.17296852768054,8.774257333635404],[78.17039232204075,8.771793547077458],[78.17143908572221,8.766853215778779],[78.1690543721549,8.76324974904831],[78.17086608453845,8.767327444537901],[78.16972490971726,8.772647438254072],[78.17172775933875,8.774162492365317],[78.16991484231444,8.77577991947471],[78.1680056474512,8.763344486565396],[78.16561927110229,8.763818606160514],[78.16571380081966,8.766381220172338],[78.16342381909062,8.767709796860496],[78.16428581997941,8.774069660168623],[78.1605633200196,8.77473315897191],[78.162950700685,8.784415846835435],[78.161807526214,8.794291843414461],[78.16314340548314,8.795051879314197],[78.16028211319973,8.803024483164865],[78.16142785056422,8.802834894331975],[78.16075894793569,8.805207848150518],[78.16543731554488,8.813942467246257],[78.16820422633295,8.815932138604039],[78.16562680706922,8.81897357119272],[78.16563041650005,8.822485617183547],[78.16753704038491,8.82770718573689],[78.17078616052933,8.829981934139914],[78.16878069681034,8.832549213765882],[78.16696544326794,8.841186936267201],[78.16830413426389,8.846123230126754],[78.16753959519359,8.852767824365039],[78.17059550658497,8.8613124086371],[78.16964270488565,8.87156428261579],[78.17174397662458,8.882861339132429],[78.17775651939881,8.890647268252252],[78.18233782943149,8.891118715262449],[78.18176644611356,8.902704038222748],[78.1933213076282,8.929188345827956],[78.19026715962971,8.928428244749519],[78.19341650030225,8.930802191387329],[78.19303547448459,8.929472810932952],[78.1939898778801,8.92975772130447],[78.19867020471493,8.938777458273494],[78.21920279594144,8.964498404753522],[78.2182473738564,8.968394667218263],[78.2199673089606,8.965637401929229],[78.22713171381297,8.973328033442966],[78.23391032099687,8.978165915829878],[78.23190580500054,8.978454994782108],[78.23591538586383,8.979400330051192],[78.24739743622978,8.987997496524999],[78.24623269770039,8.988509805620565],[78.24842866803999,8.988699603538999],[78.2542578044776,8.993731370419123],[78.26151950675667,8.997144461007196],[78.26639471500755,8.997714201111988],[78.26926949010507,9.003214719636524],[78.2722204665932,9.00350100328498],[78.28199297446444,9.012618919291553],[78.34583038648779,9.060395538162643],[78.36933815391782,9.08003587172534],[78.37549133513632,9.087172100960482],[78.40684630967965,9.109893389467308],[78.42188862157012,9.116422791604418],[78.45542945142296,9.1250379113218],[78.46698072237143,9.127037207850693],[78.48179787602749,9.12693162806045],[78.48705688319531,9.128972109536495],[78.48718373878816,9.127451949564461],[78.50171865525671,9.132888177235785],[78.52432664314873,9.13651748088563],[78.53599671180194,9.137645860755782],[78.55595316492771,9.136731767349316],[78.56379472163785,9.135226957604349],[78.57484417839727,9.130378288548176],[78.57846525137495,9.130437321947527],[78.58662987909219,9.137716846794433],[78.60614013003317,9.147776618349447],[78.6261782355267,9.153430872289936],[78.65741197703254,9.157726936823646],[78.65760112360383,9.15958912828577],[78.6538745659539,9.159119473169305],[78.6505059105879,9.160778759426117],[78.6466422439745,9.16692310743042],[78.64303721400948,9.169247485269901],[78.64278209067217,9.175857460853907],[78.64721159709988,9.184279086318002],[78.66412753416161,9.19353003197226],[78.67870844077942,9.195743362486963],[78.68540172238438,9.195317946612823],[78.71655176695688,9.18908671281804],[78.71944500872169,9.191985035470182],[78.7164982767733,9.198454674346223],[78.71741211584386,9.20087694825564],[78.72744896107228,9.209288752121957],[78.7325723810227,9.211591054333065],[78.74049482383766,9.212007919405966],[78.74560525414904,9.214495342002335],[78.75526231592987,9.21560538118706],[78.76434640078145,9.221336796789139],[78.77258980446088,9.222868871660822],[78.7793321763012,9.226795067837934],[78.78405534918181,9.226823058940303],[78.78984434979084,9.2293718554976],[78.79309654397014,9.228819182000038],[78.80486005178595,9.236059112918507],[78.82209041177353,9.238812235210537],[78.8239326758599,9.241119358791854],[78.83259812692445,9.243445152529944],[78.83256157537384,9.245705738581664],[78.84452169386263,9.248214404045347],[78.85225523983797,9.24698742289401],[78.85379702375,9.24854006530007],[78.85605381811914,9.248331677916479],[78.85634092237892,9.25296087821141],[78.86097403735566,9.255538302519641],[78.8666874123942,9.25399777302631],[78.87210058124454,9.257134152761646],[78.87577810255807,9.257276113243421],[78.88858837405532,9.254328394902362],[78.89752249235674,9.2505478486444],[78.90801564671521,9.24967965078281],[78.91257066934767,9.253693904738098],[78.91619297391561,9.259857743020158],[78.91246084311766,9.2615249772666],[78.91191471503566,9.263660183031408],[78.91802679653325,9.261558466990309],[78.92588984902983,9.267124923968982],[78.96461919525011,9.274044347056561],[78.99557681170565,9.273386904503392],[78.99940797727206,9.27136555842735],[79.01659448060913,9.269681133037762],[79.0513652253585,9.262732561152703],[79.05898333332821,9.262500057730295],[79.06427150250511,9.260396769000195],[79.07188775635213,9.259761600006646],[79.07527348689503,9.261289654526353],[79.08967027121896,9.26015576057193],[79.1130399837595,9.264833421696702],[79.12705038561175,9.270038065476685],[79.13390263039442,9.267861657922479],[79.14486496314768,9.268539559958057],[79.1528751525013,9.276273652339974],[79.15639076056968,9.275232688319216],[79.15439178268703,9.276310248075985],[79.1903956852511,9.281653876071553],[79.20862433492906,9.281686862971679],[79.20428647013505,9.277256239168727],[79.20300433257779,9.267679531244593],[79.20509323721022,9.267419835837003],[79.20762104431748,9.270961017939872],[79.20575253325515,9.274534520650144],[79.2081549481251,9.272931052213915],[79.20941315366487,9.269016157856589],[79.21290531390768,9.268105123119192],[79.21470501222265,9.265829885604056],[79.2183730796661,9.270086050911576],[79.21655824384031,9.26481566316821],[79.21683667845926,9.255279170895179],[79.21826571931156,9.256658136323395],[79.22828957939255,9.258615174178285],[79.25649766296912,9.258898267566302],[79.2726025991957,9.255525903139288],[79.29987015475467,9.24580707230792],[79.33915656155399,9.22515985353993],[79.3843864423603,9.194399062328761],[79.41575384958718,9.176529476476267],[79.43284080252278,9.160938065639547],[79.43267169646717,9.165260541938173],[79.42341387294807,9.177128221137409],[79.39216405429359,9.203204342681737],[79.3739704559797,9.214864255915936],[79.36146006278551,9.227895952282596],[79.32633105013792,9.258821582757351],[79.31568967824917,9.274055369821552],[79.31377009347133,9.27926171468355],[79.31460004157246,9.283690096773254],[79.31986886193643,9.285538936355664],[79.31577125336179,9.284511190771026],[79.32061887884188,9.286756792398283],[79.32137882841941,9.289218166721845],[79.32648497197027,9.292889939112438],[79.3281405418861,9.298847663905692],[79.3329613257055,9.303835534426192],[79.335200549926,9.308742453551735],[79.33480742020821,9.313328606097171],[79.32940653312441,9.320220470158636],[79.32192051343404,9.32452895530813],[79.3108236013731,9.327669769489098],[79.30035230212721,9.32213537713628],[79.29101631529691,9.319499867327844],[79.28140613569248,9.312592614013372],[79.27371687845728,9.303327135516382],[79.27115157926335,9.295771064475264],[79.26705404794382,9.292841365485941],[79.25088501063351,9.290896761521646],[79.24209550222821,9.292394815998257],[79.2209036787372,9.291165786229373],[79.21354696434548,9.283747230410032],[79.20967550664359,9.282859872923463],[79.15994914461524,9.283989332596358],[79.14119326291726,9.291862440271808],[79.13046780512462,9.28809595273081],[79.1249261816802,9.290498870392646],[79.10632917512503,9.290710037731635],[79.06650321501321,9.298000072856583],[79.0327946553238,9.319113334144568],[79.01560101666846,9.331613686076976],[78.99844331691264,9.3475362369703],[78.99643089843673,9.347509254467937],[78.97792118477098,9.364546209149779],[78.93606029979215,9.409172109432106],[78.91827278490244,9.43490835267207],[78.9027209225317,9.46348282149052],[78.89838754572084,9.477292893264405],[78.89839641119435,9.489583157285223],[78.8994666424643,9.491579151660975],[78.90436251555997,9.493716820113104],[78.90957279541185,9.49172036505506],[78.91440868260614,9.493012006839614],[78.9153677985636,9.500312639580406],[78.91326649897688,9.505589839805497],[78.9198472135919,9.525371986490098],[78.91908222805887,9.541951019893398],[78.92680635430014,9.58510893445714],[78.92987230705977,9.589384824868684],[78.93038726360146,9.595279901399842],[78.93735592735001,9.608052512838064],[78.9463122555985,9.619129400704958],[78.95491731023158,9.623894004772653],[78.95999804134136,9.631203338679619],[78.95926725377291,9.642058001128072],[78.96387460416899,9.640640788978493],[78.96595609590372,9.647545655371852],[78.97090199258432,9.655786804995197],[78.97032741216229,9.665085193081147],[78.98026362002777,9.689639449117838],[78.98935264202012,9.699249641290395],[78.98977190911943,9.703024799718293],[78.99429150758702,9.709331082286695],[79.0046388671715,9.71878421209807],[79.0077993604283,9.724844736512777],[79.01598281683388,9.732539195852814],[79.02060604315596,9.741490604995779],[79.03727832297666,9.762892240372546],[79.0411295901442,9.766328611537068],[79.05896894321567,9.773037837392518],[79.06110636406002,9.780982237379597],[79.0695503857969,9.793115739988187],[79.0786850053748,9.800511540915444],[79.0789053459443,9.805838214934424],[79.08169511795805,9.813799000468594],[79.08792728534452,9.823197645082919],[79.09655421664971,9.832792527272758],[79.10584652200097,9.838980509338084],[79.11887246731986,9.852361083483792],[79.12385863457635,9.865195155725178],[79.11838110952073,9.86660804942837],[79.11918689383899,9.877179267009257],[79.1246041042098,9.88463951205272],[79.12583994529226,9.890853785617269],[79.12887620154524,9.894946869864794],[79.15145728130125,9.916122909629813],[79.15330990475945,9.921123596922552],[79.15271622795112,9.928311719654115],[79.15510314508582,9.931596888215166],[79.16882918613317,9.943748293084758],[79.1810071595531,9.958011356660165],[79.19836857385913,9.973366383050603],[79.20517065222481,9.984841362213116],[79.216117524972,9.996786978763316],[79.21478325997546,10.000128939801758],[79.21649055668195,9.997626933878438],[79.24431368520985,10.027288515971032],[79.26601433963062,10.039305979968105],[79.25545256656083,10.045098214272077],[79.25183976886359,10.051052965460615],[79.25334833846627,10.058650463036539],[79.25195749397987,10.06568747224309],[79.2460197979368,10.073770855883225],[79.23819304007263,10.075022042449305],[79.23661503069847,10.076619086522637],[79.22852714515761,10.090271897864758],[79.22580145266804,10.10108043134753],[79.2291718040533,10.104272035072578],[79.22925964222007,10.107536877470748],[79.2271771955762,10.111338124984112],[79.23020423152111,10.118397597595886],[79.22708003020182,10.119189889798879],[79.23057683742962,10.119337070711268],[79.23136018632367,10.124368073968139],[79.23555716563675,10.127994975456987],[79.2275663745034,10.13376003137971],[79.22822211501641,10.147380711379094],[79.23028939360668,10.151493775553417],[79.23680426710126,10.1542859368398],[79.23476367925467,10.157092036740094],[79.23729801262246,10.154655249341113],[79.23871030079302,10.156333353557272],[79.23982558976097,10.162507819497819],[79.23813394979156,10.169799012111003],[79.24090644630408,10.175751035444504],[79.24110071237415,10.18080248965916],[79.24407661441647,10.186039132796022],[79.25525542408522,10.190737341506196],[79.26477778079423,10.197268430552388],[79.26968180071124,10.206551135107064],[79.27860153967991,10.215525920730101],[79.27717676313026,10.223363916499034],[79.27617404384719,10.223891709855586],[79.2768037952007,10.222528424301295],[79.27582680366736,10.222550056250673],[79.27125971127072,10.224862885849706],[79.26689931313611,10.22897921955983],[79.26887731535685,10.234305295914634],[79.2787098962661,10.24548395398103],[79.29684731753538,10.262396167384876],[79.30393206248327,10.266844638307694],[79.3090229274878,10.268052658696886],[79.31933801509568,10.277858338834566],[79.331683629419,10.285752574566407],[79.35432550625511,10.289461320938642],[79.36658650377022,10.293957341453263],[79.3695025016578,10.302928997346934],[79.37692617108092,10.313127847659697],[79.38111710024057,10.316373322087422],[79.38908624916208,10.317356366192016],[79.48478411055262,10.315464041803503],[79.50397478044141,10.314191489367893],[79.51227891562394,10.312297982868767],[79.51662304077716,10.313406049891277],[79.52830617812117,10.310078197594272],[79.52959311358035,10.307865910002787],[79.53256608531818,10.30673181885199],[79.5723957473873,10.303494799657495],[79.58365540722825,10.300759108480953],[79.59084698072805,10.301419322418676],[79.63629498865501,10.294621387880715],[79.64848987106352,10.290951662890905],[79.65373762952736,10.28796081006455],[79.70600070635733,10.277638420660502],[79.73229919621869,10.275322087955287],[79.74092331759365,10.275759272118242],[79.75125899458787,10.273388393487243],[79.76845831957898,10.271864587511248],[79.82362107999265,10.27545120568362],[79.85863813740302,10.28207486924388],[79.86819828623605,10.286641829713929],[79.87644841919527,10.295354242562759],[79.88138712665864,10.3057622861661],[79.88217250215199,10.32316649119898],[79.87401451298469,10.352341812320688],[79.86989194921145,10.374521775502732],[79.86865492774272,10.375563616904639],[79.86985550905196,10.376240488991131],[79.86707494027829,10.40162849827304],[79.8672238755625,10.413079882709951],[79.86558117041987,10.415137621952859],[79.86763482246565,10.416438165704939],[79.8675621271996,10.423268203915535],[79.86623275442807,10.443502125812289],[79.86570750858313,10.445906126582317],[79.86434422890122,10.445750487011647],[79.86564653004332,10.446558106563915],[79.86395469783444,10.45564424414729],[79.86394763258474,10.467797466800318],[79.86229429049085,10.47124383438846],[79.86332095975771,10.471930168633564],[79.86257860458333,10.491595532608988],[79.86110379097404,10.49454334800999],[79.86234130831284,10.496721293940395],[79.85809556664951,10.54742382556483],[79.85891808927646,10.560848068036108],[79.85339419498253,10.626713712483044],[79.85392214834971,10.695542278170818],[79.85090419167737,10.753348699347487],[79.85173736023879,10.762738594312447],[79.85063810889358,10.763675593020254],[79.85184857346758,10.763850543554517],[79.85077995108033,10.809267538539741],[79.85272333941651,10.826937417467077],[79.85061557465468,10.825885523452905],[79.85069566934374,10.827838747558312],[79.84128673482081,10.828006528052562],[79.8309799692057,10.827444928275833],[79.82800606321996,10.84973619689436],[79.82518221720916,10.847000507720551],[79.82099717740454,10.845624801550654],[79.81935115388525,10.849197229014152],[79.8136766920682,10.850022575679732],[79.80785451038753,10.855679066423402],[79.80740655199635,10.86550545240716],[79.8095730962222,10.865729239164335],[79.81161824930703,10.85971672449786],[79.81788911431931,10.863511303901568],[79.82482439307866,10.864891002659135],[79.82472230673314,10.869098022718289],[79.82323663608533,10.87010964416383],[79.82232529882285,10.874302691826658],[79.811024755755,10.875636332322069],[79.81121934611694,10.880398125603062],[79.81922548856015,10.880018063296173],[79.82093045773176,10.881420117365993],[79.82458133681057,10.880451669581172],[79.82847131687528,10.882154425878616],[79.82849837413163,10.883846012287604],[79.8231928405203,10.884330263698052],[79.8112659057981,10.888503050545483],[79.8070331888081,10.887556953764028],[79.80425068057173,10.891117345376736],[79.80100169966622,10.890151943377603],[79.79970564091697,10.887413065230476],[79.7946091767133,10.887602264276365],[79.79519803765339,10.89091010271929],[79.7902724698477,10.894937721614031],[79.78988282110163,10.89040296702327],[79.78357626961636,10.888535101430374],[79.78203075859423,10.89048770067696],[79.78247692754135,10.895384089896954],[79.78944478999269,10.896796507095207],[79.79118417631774,10.896023365816708],[79.79377874172532,10.898755559500326],[79.79191570409802,10.900298298303795],[79.79127993582871,10.904896550496796],[79.79532366884254,10.902795876794086],[79.78924416654532,10.908502744131951],[79.7820437509282,10.906305032519585],[79.7798275029177,10.908876073305873],[79.77733849494592,10.909010332360076],[79.77698564029555,10.907180311319756],[79.77916421925124,10.905333033222002],[79.77662068084678,10.905468110693521],[79.77691765848981,10.89662405032671],[79.76506885653609,10.896339768088941],[79.76520972584736,10.894434389444314],[79.76786336177305,10.892526276348839],[79.75620825995075,10.89181501883275],[79.75577921648625,10.89466203759601],[79.75773421734414,10.894842845685325],[79.75859334991219,10.897271903049491],[79.76230459577809,10.898049460477237],[79.76348857083099,10.899798672119497],[79.76128443570377,10.901813279908458],[79.76086658614598,10.900716074772006],[79.76243143789618,10.900486685561358],[79.7616692757681,10.899305417463129],[79.76020654719436,10.900538255300834],[79.75694633105958,10.89653350878518],[79.75780705813725,10.901970427424082],[79.75918841910921,10.900991426802687],[79.75941336264626,10.901922092603936],[79.75748504534558,10.907915349285584],[79.76293715257023,10.913668538067407],[79.75888841504198,10.916665147776905],[79.75431868788662,10.916275700798913],[79.75368621014618,10.914103444008548],[79.74304346563167,10.914739357834252],[79.7432562657427,10.916063254752201],[79.74477634276421,10.916083389554785],[79.74527291438527,10.919336960616814],[79.74304001969423,10.917547816807245],[79.74165536639678,10.918011383861023],[79.74341838919362,10.919110923459344],[79.74256252559488,10.92462460284429],[79.73928153142755,10.924627090184217],[79.73836901737205,10.923324068738895],[79.73909788164752,10.92634204787667],[79.73726321191856,10.92565881493078],[79.73809628076695,10.924781918232224],[79.73523584098477,10.9247280497059],[79.73553755903755,10.927503816261211],[79.73066852760257,10.928364247226412],[79.73012224231535,10.927272099772024],[79.7300043384343,10.928435149624846],[79.72476320324908,10.929025896149748],[79.72546093461169,10.934142456638952],[79.72675641843912,10.935113417901333],[79.7292271043724,10.934042930936622],[79.72908372786316,10.936418335029087],[79.72302066922724,10.934950364376455],[79.7230267571099,10.936108118578417],[79.72708610374168,10.937839183066009],[79.7249459286627,10.93830630902385],[79.72398886086405,10.941888252417208],[79.73061991706759,10.944325699815534],[79.73134970840441,10.947492901413737],[79.73686716716767,10.948976641177447],[79.73727915072665,10.95246196996678],[79.73627814722576,10.952883310180955],[79.73651969162924,10.957196642676147],[79.73450289027309,10.957545637884737],[79.7331535479528,10.956792434989355],[79.73342395522639,10.954995487955202],[79.7324050195558,10.955398536576],[79.73235698394261,10.951224309165664],[79.71977008123565,10.952248607913566],[79.72119670202659,10.955570422975702],[79.71953138538994,10.956682420045414],[79.71946563589769,10.954515931700922],[79.71870431728765,10.955994200863165],[79.72064921389523,10.964415756622161],[79.71922800814882,10.96846608521418],[79.73089621369617,10.9705037300592],[79.73158692113158,10.969306336557196],[79.73493319676889,10.96941183764044],[79.73486340395955,10.967408746366146],[79.73843900421755,10.967400342664122],[79.73912044553082,10.964597054887228],[79.74159302690931,10.966521319757664],[79.74463058482115,10.966158020828361],[79.74615807563869,10.96505138085056],[79.74504398681995,10.956648387741188],[79.7462971249632,10.956321452350382],[79.74930102479797,10.958518074649117],[79.75568225053784,10.958464169039496],[79.75878780373016,10.960647034108783],[79.76388244974372,10.95982109923778],[79.76161983788478,10.965060734441881],[79.76272261691409,10.966588792974328],[79.76050080473873,10.96815119472653],[79.75936783692595,10.972245835804252],[79.75469712206467,10.971938507179566],[79.75471454938119,10.975231260829581],[79.75276878320442,10.97694576673812],[79.75551588973374,10.97802717931886],[79.75562877382897,10.979563941904532],[79.75836814945697,10.979858299976485],[79.75848742326882,10.983543952356332],[79.75282129871594,10.98292524497807],[79.75253225229854,10.988073777025708],[79.74728712410185,10.988357435999324],[79.74850748092376,10.997953610983142],[79.74671818959136,11.00263015096566],[79.74862565160443,11.003240394929872],[79.75429551135228,11.002619908825551],[79.75626907589553,11.003790390458736],[79.75998965705385,10.999072698780914],[79.76206620985114,11.001409949360538],[79.76319022146052,10.999156695029795],[79.76661051648058,10.997389135684877],[79.77978684247299,10.99866188452325],[79.77886679784048,10.99692078298301],[79.78351270303025,10.994839736199967],[79.78348132218241,10.99673912273409],[79.78646840016516,10.997294248470467],[79.78897667340655,10.99196240990125],[79.78607364090348,10.990851067641655],[79.78633258028412,10.989664601527783],[79.79384733887704,10.983145302030062],[79.79770790720104,10.982551333598064],[79.79939410248153,10.982904505352822],[79.79900334970596,10.985959494298175],[79.80176087399765,10.988143559283774],[79.80403967709127,10.987141665712977],[79.80375004137905,10.992158817359908],[79.80619431774127,10.99300586811094],[79.80317665122476,10.995255511639083],[79.80419637561616,10.997692726242219],[79.80807174368447,10.999938946976467],[79.81309433223579,10.999207811092583],[79.81516529930867,11.003769568529703],[79.82060145425052,10.998214921410293],[79.8229172122383,11.000817420661653],[79.82785212611624,10.998190718204382],[79.82890673298844,11.001849192715353],[79.83186963281531,11.002878543255541],[79.84019704604181,11.002115741134297],[79.83936279680714,10.995896988286894],[79.85118366295217,10.994342240338268],[79.85059271253073,10.98744336555267],[79.85186471439663,10.983904094017689],[79.85436081546587,10.983316684627638],[79.85575417613342,11.001509760137738],[79.8549506582646,11.012893945508594],[79.85694964063877,11.02607694033886],[79.85557039969089,11.042692493982669],[79.85824668304325,11.119234307402577],[79.85654115242458,11.171405784474958],[79.85318961535464,11.204621655965974],[79.84841258487947,11.236239162344342],[79.84056016933418,11.274005806828706],[79.83462975413649,11.321802220629591],[79.83630708484172,11.333769884240471],[79.84309174667064,11.351165542234812],[79.84106367864419,11.35336030368035],[79.83212047747695,11.356564582395801],[79.83133125090599,11.358892889911681],[79.83646102643702,11.358255950040679],[79.83231655275401,11.360597528447164],[79.8221675214213,11.382110153597791],[79.81138041584401,11.432210487308456],[79.80741765068169,11.444139500545079],[79.80274904955625,11.455397051286793],[79.79322957554099,11.470985483952157],[79.7784912086269,11.499982111838355],[79.77974785558966,11.500880155880361],[79.77835680808401,11.506888662141467],[79.76864865641802,11.514847873651505],[79.76021194067933,11.539374576992147],[79.75724974423329,11.557507073112781],[79.75770340782482,11.594309499039227],[79.76095905243314,11.623803905198484],[79.77654856229913,11.698754568868864],[79.778717294821,11.702012878062144],[79.7819628127211,11.718341136708307],[79.78721328679204,11.734161379967329],[79.7862889500091,11.734812118058821],[79.78977938907983,11.754761069997205],[79.79539645933001,11.773939203999653],[79.79576112682633,11.785499854197658],[79.78436888283596,11.787385003758775],[79.78117689554365,11.784346522028512],[79.78042103869053,11.781155180721042],[79.77187396671582,11.782227843289782],[79.77015772728066,11.783470178081608],[79.77060040357793,11.78955871030806],[79.76879757912585,11.789169302588203],[79.7687556664296,11.790773866935604],[79.76584659994275,11.791871071733961],[79.76193132601459,11.790834010831844],[79.76089844310091,11.786983006486698],[79.75753258329208,11.78349219698919],[79.75503592167408,11.775278385334389],[79.74971863450556,11.776134813076908],[79.74020689857814,11.780941221948035],[79.73183910158804,11.780808736145417],[79.72611445987923,11.78256457412142],[79.7217990287128,11.786909652677958],[79.71981651155943,11.784993806868252],[79.71229475598875,11.791554512491723],[79.7138469675446,11.796345203164028],[79.71669143617937,11.79650709284713],[79.71695330137288,11.79760084881537],[79.72275657621182,11.796532293929364],[79.7230570429114,11.802900787934734],[79.7252364159778,11.80319379289528],[79.72446303748508,11.810489004291881],[79.73565812013521,11.809368831004537],[79.73472971308571,11.816899409245398],[79.73294543884417,11.818174731196452],[79.73269070986726,11.823847337022437],[79.73159890825076,11.82444435491314],[79.73232731348708,11.833443235615086],[79.72938288931063,11.837001482757605],[79.73814227630614,11.836962122159786],[79.73666780944656,11.844252974808008],[79.73958073779083,11.842412537720843],[79.74861604322415,11.840737992580713],[79.75070405942279,11.838673058848196],[79.76436613054045,11.833779305655689],[79.76492521143058,11.824170162339673],[79.76775216381562,11.822747505505987],[79.77297363308266,11.82271334191354],[79.7746415647151,11.82868930927104],[79.78015567725392,11.831886871658838],[79.78642374850567,11.831030197776956],[79.78732360170557,11.829398793913585],[79.79229796150594,11.827592382011407],[79.79573895191355,11.828542597579839],[79.79500564007911,11.825730983147581],[79.79747448087278,11.82460172006767],[79.80063874525713,11.830686439861658],[79.7986190971398,11.83334811497425],[79.79357667558362,11.832392937913141],[79.79377820812604,11.833595300908328],[79.7980772791745,11.834694899782749],[79.79822296345573,11.838744799520326],[79.80036151168572,11.837701296500692],[79.80218875683885,11.833932174371496],[79.80699829015762,11.833580813060266]],[[79.68566703716903,11.812551303564646],[79.68811959689646,11.8122010139211],[79.69053892345,11.808500117569116],[79.68962616415442,11.80214088188235],[79.68388877445341,11.80215513133827],[79.68130823803561,11.79631914646354],[79.6745722595052,11.803559799588259],[79.6758675061774,11.8143479122054],[79.67934641357483,11.814627230293421],[79.68566703716903,11.812551303564646]],[[79.70034787597231,11.821662258286088],[79.70259985986314,11.813470708321622],[79.69195776033897,11.814165203650468],[79.6925612701064,11.822476034298996],[79.70034787597231,11.821662258286088]],[[79.69944277571285,11.868191974518695],[79.69908703118224,11.861265302900318],[79.69597923848993,11.86039426285556],[79.69714846500247,11.874040847061398],[79.6997260181152,11.87417300465838],[79.69944277571285,11.868191974518695]],[[79.7925147842728,12.018006788598147],[79.78831721386827,12.019235012965627],[79.78928976233419,12.027686726614663],[79.80531436761481,12.024543899860484],[79.8053875398863,12.021803137807565],[79.80092050454093,12.016965065395308],[79.7925147842728,12.018006788598147]],[[79.65359292261319,11.842968712592583],[79.66172425517273,11.839308530713282],[79.65943703216998,11.829465258080294],[79.66357131805935,11.825131881601424],[79.67126195959838,11.823577284266769],[79.67122518885886,11.814853842946473],[79.66512535499184,11.814949392071483],[79.663436075795,11.813039913858724],[79.65962007199391,11.812841046592533],[79.64796268395925,11.815417815927333],[79.646286532742,11.816257312716079],[79.64697405385311,11.819722359358199],[79.64499285093501,11.820188117026278],[79.64432771853572,11.822218069139554],[79.64094715689896,11.82285239487423],[79.64579732910286,11.835045117556929],[79.64593690933174,11.842271111205472],[79.6471758972126,11.842252041448633],[79.64731887307323,11.844217656888707],[79.65359292261319,11.842968712592583]],[[79.61843855591502,11.885260934429406],[79.62117169094675,11.890557673692129],[79.62491051149861,11.890772093462099],[79.62493149794027,11.88921149693809],[79.62974906489262,11.888620380225019],[79.62966890911815,11.881312969382174],[79.63449782718243,11.880979043030896],[79.6347784321311,11.888769088455376],[79.64111825901112,11.886605746214917],[79.64046941755949,11.880584870815216],[79.64841646882336,11.880314311567906],[79.64853786355759,11.87052846559789],[79.65768658129554,11.870135003525554],[79.65922365174727,11.867775398057175],[79.66266529253514,11.867300430137107],[79.66336199981838,11.861293368392007],[79.66159065862199,11.861230358176668],[79.65782681819285,11.852701597457623],[79.65277895643929,11.850546066118474],[79.64707049788032,11.850207493479463],[79.62685282814465,11.85427776543606],[79.6284905440442,11.869791067147641],[79.61914904425302,11.870148934718152],[79.61941706829614,11.862668465814144],[79.61220869899547,11.862583205128],[79.61043007964868,11.860284473516087],[79.60197174505434,11.857802793463547],[79.60293245911474,11.87005838503043],[79.60270125521849,11.87171008618118],[79.60130288644325,11.871196045492843],[79.60000559161222,11.875828656985314],[79.599327116536,11.88294503783985],[79.60484195491357,11.881160840132189],[79.60817028310983,11.876873368013356],[79.61843855591502,11.885260934429406]],[[79.68696048721065,11.967854873498524],[79.6838470270472,11.960390393218841],[79.68349739195882,11.954431710457962],[79.68460721916986,11.953355434689147],[79.67654181846059,11.948477647565884],[79.6724841921026,11.947980737734719],[79.66379580165896,11.950888253755652],[79.65877631319366,11.950019887876705],[79.65817671469097,11.95248734740777],[79.65465913392221,11.953452880084777],[79.65279250303378,11.957802681829747],[79.65379351192455,11.960602174090964],[79.65433826648254,11.959419814524418],[79.65998298418221,11.958358228747505],[79.66047978936525,11.96252912677997],[79.66189974465678,11.962509480172224],[79.66216470454643,11.969087497871596],[79.67666011490539,11.968094037736353],[79.68030226864786,11.972847429633745],[79.6864862288429,11.97320707881271],[79.6878190664165,11.969551957620727],[79.68696048721065,11.967854873498524]],[[79.63730376976962,11.980977229746337],[79.63637099780617,11.9778152707414],[79.64027146749845,11.976211088574221],[79.64133353038747,11.970426406990759],[79.64832302247422,11.96732852196303],[79.64727889085655,11.953428664625996],[79.64221953875224,11.953894720867055],[79.64268776852607,11.942117436605766],[79.64708085186231,11.944502304714234],[79.65195378917215,11.943589711279136],[79.65287075797313,11.948166661902405],[79.65735676933055,11.948055218855774],[79.65661691237098,11.946887951583973],[79.65858528734681,11.944571564574986],[79.65857731300201,11.941921633259335],[79.66038459399628,11.941407495108269],[79.66069358301297,11.937078625278787],[79.66418387655663,11.937026262793996],[79.6641400342792,11.938337448781136],[79.66928783450642,11.937477283118863],[79.67053784381753,11.929824890438839],[79.66899935582428,11.926010889942845],[79.66885208960989,11.91841386138678],[79.66099942073967,11.9162891417479],[79.66266920649483,11.915145639293371],[79.66262360621437,11.91309317156384],[79.6560421576758,11.912897450103602],[79.65588542591321,11.907937644981384],[79.64106127348278,11.907674661659211],[79.64062185896826,11.902195934874419],[79.63209952479986,11.901271158528562],[79.62526614463812,11.903048180058962],[79.62832332714562,11.919575779820669],[79.62671288589475,11.92198434726589],[79.61842499315087,11.92608663835949],[79.61787474629324,11.936051358806303],[79.61890409164135,11.943223697498915],[79.62475910674569,11.943106741024737],[79.6284881167963,11.945184480085846],[79.62866134072917,11.959514150240121],[79.62661533424479,11.964049141191882],[79.62746999320274,11.968075016351921],[79.61852220972922,11.9699423167374],[79.62449831503888,11.976001860435897],[79.62435013703447,11.981776904059455],[79.62077976946301,11.982421556258199],[79.6197169798369,11.984854360651008],[79.61795257363451,11.984898320208522],[79.61710683225242,11.989568650680587],[79.62359135257185,11.989278273460618],[79.62613748441257,11.999608023555385],[79.6196275786015,12.000414865422949],[79.61883580800165,12.001939539691378],[79.62126345654794,12.010416275542807],[79.6209744469615,12.014301948750518],[79.62514162556332,12.01466343787379],[79.62924499413556,12.018692001060877],[79.62527057153582,12.030362312329983],[79.62638953640993,12.031895199523003],[79.63520382663897,12.029680575416712],[79.63754202813581,12.026739136084277],[79.64400529790889,12.02759611186825],[79.65136154248174,12.022298628969834],[79.64845030207191,12.019508886391536],[79.64602375036854,12.00566050794049],[79.64432330331609,12.00550050096896],[79.64232797708512,11.99929137736799],[79.63644698180444,11.99803783307227],[79.63610508480394,11.995705695341966],[79.63998666562077,11.992681759018492],[79.63998518789211,11.988525290319542],[79.63730376976962,11.980977229746337]],[[79.6964898983896,12.03537025770059],[79.6972281994671,12.033228020035693],[79.70072002553664,12.034057145435343],[79.70476546175622,12.031984926332758],[79.70527736043266,12.027582277512895],[79.70280772822323,12.011071047207638],[79.70902931794724,12.006899072490254],[79.71144538810783,12.001411408512553],[79.7174951435927,11.997749823380694],[79.71801358200445,11.99291790135748],[79.71960396656995,11.992169296445017],[79.71582855853491,11.990455056943999],[79.70558304724238,11.994555810767675],[79.70221817737699,11.994146393001193],[79.70143545999859,11.991862661469346],[79.6946702188478,11.991948960586415],[79.69351707667039,11.989896158692517],[79.68541354517224,11.991621194089102],[79.68083491301746,11.983344830655234],[79.67763660697544,11.98676445156702],[79.67384995382965,11.995053008405657],[79.66252889503737,11.989499115006614],[79.6569393329978,11.991563719272545],[79.65955000789334,12.002428778714451],[79.65831595445833,12.003768167373336],[79.66136068002781,12.012296084743092],[79.67222553030139,12.009695395932832],[79.67647713976014,12.021572551666354],[79.68417671055307,12.021704186545598],[79.68655323687489,12.02677064698826],[79.68934871139406,12.029063566028698],[79.69117942853576,12.028648543473413],[79.6927597151392,12.035293215053818],[79.6964898983896,12.03537025770059]],[[79.80909705110535,10.880671147213771],[79.8099463264598,10.878428397259336],[79.80686714241435,10.877670292611738],[79.80596658403694,10.879701536943784],[79.80909705110535,10.880671147213771]],[[79.72200160240261,10.936063633957827],[79.72162485256574,10.935038759760003],[79.72017983248118,10.936117667124279],[79.72162365870473,10.938308857106673],[79.72200160240261,10.936063633957827]]]]}}]}