{"type":"FeatureCollection","features":[{"type":"Feature","properties":{"shapeName":"Uttar Pradesh","shapeISO":"IN-UP","shapeID":"1811400B11231190780494","shapeGroup":"IND","shapeType":"ADM1","displayName":"Uttar Pradesh","coverage":"context"},"geometry":{"type":"MultiPolygon","coordinates":[[[[79.39525978620489,25.032085651947433],[79.40180683825128,25.035127951100186],[79.40409189182263,25.033766302350042],[79.40705849809841,25.035072739826738],[79.40960104116955,25.03386462460269],[79.41355825115012,25.035622841075625],[79.41393805975055,25.03816881966805],[79.4169456363898,25.03777334075747],[79.41638352638053,25.041068098300023],[79.4220414026025,25.04157672692654],[79.4238576559698,25.04500365605195],[79.42465545606183,25.053002424354816],[79.42245428627336,25.054851913372445],[79.42591071422916,25.05859109295065],[79.41938254027845,25.061733724638533],[79.41848127852022,25.060776301358377],[79.4073881115357,25.064782460311854],[79.40468949786205,25.068301440321502],[79.40503350680179,25.078534318409627],[79.4023719252774,25.07869055541879],[79.39821008805824,25.083097640031603],[79.38718989571582,25.08569854578783],[79.3893602865277,25.091771108140687],[79.38685762146866,25.10210567049914],[79.38036848291033,25.107602697382653],[79.38040443887789,25.1114213621757],[79.38260919653759,25.112727640917896],[79.38089451837439,25.122435169617262],[79.37770378513021,25.125181439515206],[79.3713147979463,25.123456230270012],[79.36381591977093,25.12564768741783],[79.3741956321804,25.142605891303145],[79.36874917625718,25.14423508081586],[79.36030437568091,25.144263387207697],[79.35819804912184,25.143290896370797],[79.35413738196662,25.13021523304863],[79.35051768790292,25.12636140233359],[79.35506144117016,25.12446572181038],[79.35256941485902,25.122978263630664],[79.3505835317183,25.116986496954663],[79.35520928769625,25.112567687010802],[79.35638794831591,25.10939576581229],[79.36192888904073,25.106227928784595],[79.37393750487676,25.10406760512263],[79.37969052346708,25.10122428230135],[79.37945482979103,25.098976285547337],[79.37251240583194,25.091987701854286],[79.37956704284476,25.085611205354322],[79.3746634828652,25.067728143069456],[79.37983298189813,25.06694713672013],[79.37980538205933,25.064794018395393],[79.37102103447535,25.06293592610415],[79.36908261022938,25.059083997869305],[79.36534171007764,25.059027601971003],[79.36001459713655,25.063255388167068],[79.35740211572897,25.06827214885377],[79.35113246703561,25.068884299853327],[79.34919758215185,25.062499972140788],[79.35842896825214,25.05878076595814],[79.3560368274141,25.057672524495818],[79.35976800240456,25.053446814546586],[79.35610641450924,25.04047070320837],[79.35980388021869,25.039278163653215],[79.36417686015716,25.040979438488847],[79.36747610898935,25.04607396157347],[79.36202349511487,25.04820399002146],[79.36903812296157,25.054317427122186],[79.37532982349855,25.05075259890594],[79.37402274062417,25.044820384652958],[79.37726277251282,25.045202258491305],[79.38141318136493,25.041824863154442],[79.38428631793538,25.042364279759926],[79.38414134332324,25.038545519129936],[79.3941964108772,25.035741063646473],[79.39525978620489,25.032085651947433]]],[[[79.36252561473113,25.17112643163983],[79.36625989519753,25.171585742252084],[79.37255518989396,25.180018400295662],[79.35951991646918,25.188555376772474],[79.35446513768791,25.175894063907098],[79.36252561473113,25.17112643163983]]],[[[77.57602127409129,30.397443669214223],[77.58468606938567,30.38534598997638],[77.58561061098452,30.379557401302083],[77.58772329761581,30.378985829585094],[77.59150910005704,30.372665979047742],[77.60433801069813,30.368549713873545],[77.60171319991326,30.361642814885943],[77.5919268624782,30.354990544135102],[77.59083956321788,30.348936039253744],[77.58671703447895,30.341032012173045],[77.57827046691654,30.329875543312944],[77.57840339961227,30.326665715363962],[77.58674947533879,30.314808727263305],[77.58354008678108,30.30742285480559],[77.57027411610987,30.300331606716817],[77.54533726381008,30.280804034437224],[77.53824339467383,30.27857914975263],[77.53056946988393,30.252600934810047],[77.52667174095157,30.248081274489625],[77.52047102088825,30.244715280434015],[77.5046085893642,30.22525260366273],[77.50103718962849,30.219516534078483],[77.49973901804171,30.213370102893407],[77.48326752426347,30.193216419417684],[77.47723718047355,30.18243722108132],[77.47402559822996,30.180226195569123],[77.47180894507926,30.181950022788833],[77.47013728454009,30.17911857216352],[77.46879653550383,30.180180184362218],[77.45579645088532,30.16283621789999],[77.44953872463239,30.16583614448506],[77.4406982009021,30.165037923698968],[77.4358331525971,30.160752634117443],[77.43479573498786,30.16404847234665],[77.42801648820345,30.162826621966257],[77.42407327756827,30.157145609339484],[77.4257881120383,30.15488603755656],[77.42068176995977,30.147997815172577],[77.42117415632993,30.139692081023025],[77.41834481712117,30.134972560364513],[77.42349162291339,30.130931119825412],[77.41763913027839,30.124101962363728],[77.41307717983844,30.113767740103963],[77.40483315632144,30.113962022293897],[77.40253467293657,30.111711741783715],[77.40931815617583,30.10506607928048],[77.41820130766126,30.105350870748147],[77.42256760323572,30.103460668229566],[77.40507374042585,30.089119540050884],[77.3914044225988,30.090814218939702],[77.38825266545818,30.087886552591208],[77.38253912782459,30.092541569497357],[77.3787797762769,30.091431712587827],[77.36948091322404,30.085061206834727],[77.36261930619948,30.07643089015777],[77.34520641932596,30.06937351506849],[77.33428643585013,30.05379104355064],[77.32843800000695,30.053378657053642],[77.31888044011859,30.056554713662543],[77.30296304876713,30.055356031613933],[77.30018077768601,30.052535391840202],[77.29690851514326,30.053372428139888],[77.28492560639572,30.042449096682695],[77.27815524844107,30.04203376782871],[77.27618736753864,30.039844691118496],[77.28225219046575,30.029461364383003],[77.27953901510134,30.020830714157245],[77.27924145445168,30.012210858541145],[77.2755415641893,30.006393948918415],[77.27770824136577,30.00061304137114],[77.27600008497157,29.99609125053441],[77.2669559248445,29.990039227348802],[77.26722960468061,29.987601641852596],[77.26467919506254,29.987035910507906],[77.2611189443178,29.982061034483866],[77.24692204412774,29.976733755136515],[77.24700032511825,29.968745395332775],[77.24464939359551,29.96093068540785],[77.24126761294488,29.95719438942147],[77.2367382219424,29.955281281214884],[77.23633978497793,29.951050620882274],[77.22919506490841,29.939170929770885],[77.22537282949419,29.933887342521537],[77.22104774952334,29.932916215443598],[77.21747603088568,29.923450937100974],[77.21118554217603,29.918696550434344],[77.20162061789895,29.917037977548556],[77.1993558851176,29.91425617568498],[77.18991108086539,29.913255212582225],[77.18575518510353,29.907560211501192],[77.18630853923372,29.898159732761194],[77.18830942244303,29.894094773743554],[77.19362352238893,29.890785813004072],[77.20012947022283,29.889523901588547],[77.20202881236403,29.868936115696254],[77.20134205212597,29.864213842675436],[77.19911059473938,29.862898064309004],[77.19732737152675,29.85876266795884],[77.19313442564933,29.85678470825614],[77.18944597812704,29.858505069342904],[77.18693062795785,29.857865744738003],[77.18321838496198,29.854561100252884],[77.17824605984575,29.84583046643707],[77.17919567252584,29.81269906945768],[77.1724795225087,29.807793947948348],[77.17366780857664,29.80507807377871],[77.1725903602417,29.801668335113238],[77.1642907588564,29.791751947384068],[77.1620823154091,29.79101736237896],[77.1587782471154,29.79233978940766],[77.15136656930301,29.78823665578455],[77.14744462179058,29.778868619594082],[77.14661583071955,29.77186353040596],[77.13891173151924,29.769649791919342],[77.12529844251479,29.769528523830406],[77.12219639365038,29.767106211364602],[77.11980291791582,29.760105476854218],[77.11997893381256,29.755432339832925],[77.1224500527338,29.751264479414694],[77.12718504744355,29.7473272293385],[77.13549143649917,29.74411084523148],[77.1368503449789,29.739649637456367],[77.13905197021319,29.73824207503434],[77.13906661544728,29.73229694829518],[77.13360337090973,29.728503776857966],[77.13288452015473,29.72241428954093],[77.13422259310978,29.718458247131586],[77.13778300555127,29.717578281129633],[77.13974622150242,29.714727335310027],[77.1450065303291,29.713689195931064],[77.14573452503534,29.710996304332753],[77.14953204420281,29.70952052852993],[77.14940198970923,29.705727127469668],[77.1555951423646,29.69933402289008],[77.15482429622267,29.695942115075923],[77.15654885495566,29.69261279253482],[77.15110301617504,29.690484895913926],[77.1473352959222,29.68324122297771],[77.14243761900941,29.680472270509604],[77.14339224698375,29.674928377464013],[77.1465425713115,29.672257492486494],[77.14256457431527,29.668383287785954],[77.13805531365998,29.666651630296805],[77.14100772475761,29.65499542445439],[77.13715451812739,29.64944744541511],[77.13239298269251,29.647273527989196],[77.13151473307693,29.64186513408259],[77.11880214977353,29.635545336914383],[77.11476930074771,29.638305743593868],[77.10620406124468,29.632354884482993],[77.10469306708903,29.62314353078973],[77.10168875672416,29.621541737235937],[77.1015755600152,29.619854635586],[77.10378111358224,29.614081144934296],[77.1086182862657,29.613463859255923],[77.11302199218014,29.61065417822025],[77.10862030298351,29.600932741514885],[77.10951893177968,29.59746403192506],[77.10201494578361,29.594156468949315],[77.09513979306286,29.59541803240049],[77.08812086857414,29.59408999902449],[77.08417372870791,29.590940251572608],[77.08394810873945,29.587268356041776],[77.0861942221399,29.584422673180207],[77.09006984173648,29.584726006897288],[77.09578341530268,29.58248104065756],[77.09922126070849,29.579170863884418],[77.09970700134218,29.57659969471438],[77.10500240465207,29.572234091769914],[77.11022981896963,29.571391303212312],[77.11238697490245,29.569284905783867],[77.1158699759226,29.5693484191317],[77.12098357549036,29.56649783449102],[77.12077729624997,29.563746279637073],[77.1268296173233,29.55947905338521],[77.12625681466723,29.55620876963721],[77.12190758708317,29.552031574942735],[77.1083449567725,29.547857918842293],[77.10357480559578,29.539047397701765],[77.10217686980852,29.53884418455277],[77.10247753952738,29.532362060740805],[77.09752707491357,29.527367582629086],[77.09636351317718,29.519522791519556],[77.10122299282575,29.51493166560828],[77.10355564632742,29.50728167504208],[77.11300299730348,29.506628853960073],[77.12116601793467,29.498234951711627],[77.12150146053986,29.495386004010726],[77.12923095062166,29.490291719972955],[77.1332962090663,29.48310400318032],[77.13070306569185,29.475955395453806],[77.1226624108737,29.46892843101976],[77.12319840685764,29.4554155109076],[77.13391182542885,29.44755364988918],[77.14450629807324,29.44535630291054],[77.14841006727757,29.434124545047887],[77.14434341644426,29.426578800423183],[77.13310573568337,29.418816836161824],[77.13182766569771,29.413025094343396],[77.13423792465676,29.404815353961382],[77.13324339261919,29.400886518390053],[77.13567469910532,29.39975862205903],[77.13664796083359,29.396812967190108],[77.14259121924492,29.39077243503817],[77.14736027447698,29.38789840238126],[77.1508883161272,29.387212260245423],[77.15102507474775,29.38997252550386],[77.15345929986024,29.39071686206333],[77.15739362436067,29.387355460115874],[77.14255498569793,29.377531963565897],[77.12701491820684,29.375810271898306],[77.12328113450879,29.37038784526473],[77.12343752940312,29.36728241151671],[77.12893691316455,29.357073315606986],[77.12442754201649,29.35146367170427],[77.1295163651504,29.342621371975717],[77.13527238860533,29.33994148394075],[77.1517327935797,29.34114881763354],[77.15974287783041,29.33682545289854],[77.16114708655331,29.332403955419892],[77.15651367872579,29.32282651660364],[77.15662370078851,29.3187268419884],[77.16029792348827,29.315856111777293],[77.16054424333582,29.313442330381893],[77.1582763242302,29.302921741385024],[77.15064468134408,29.29474861154682],[77.14946488974543,29.288149109875487],[77.14500550714801,29.283349401136757],[77.14383571469679,29.276669904724066],[77.13893642171483,29.26788050261214],[77.13993691676927,29.261424550589798],[77.14266862797128,29.258342675526873],[77.14538006060403,29.25759550238602],[77.14944453931098,29.250008950133747],[77.14873149257107,29.239646027862513],[77.14998278557472,29.23279631615304],[77.14768861769647,29.230372673600893],[77.13347037084033,29.223509352479002],[77.13139798532765,29.217524189054252],[77.13431779297035,29.21004576257371],[77.14217782173768,29.20411375591044],[77.14327641461774,29.194375593203358],[77.14016657376659,29.192165732120788],[77.1437477058501,29.183166340103345],[77.14713973987136,29.180545122893335],[77.14354524624632,29.1693499067796],[77.14287690596313,29.156269335022262],[77.13619394510249,29.149561480757608],[77.13593792255155,29.14200032519542],[77.147434431302,29.133559603315188],[77.14906645278096,29.117682478638585],[77.14606895793416,29.11055743133877],[77.13894867653194,29.108049997970177],[77.13395977660038,29.096041158168543],[77.14266757604408,29.083625032900503],[77.14674707907415,29.080585348245734],[77.15667918253709,29.079264625151914],[77.16224686341295,29.080941655213834],[77.16375123698496,29.079466111282887],[77.16803457853283,29.05457778473446],[77.1721241256261,29.046508494380276],[77.17013443632351,29.04015895551439],[77.16688487869959,29.037409112122845],[77.16695490057934,29.033849390598377],[77.17774355395392,29.029669921853305],[77.18510809177346,29.031522692935212],[77.18911555620596,29.027704065940867],[77.18902622234421,29.023584649281105],[77.19310159581897,29.013196398559664],[77.190743475079,29.009425366650365],[77.190957238184,29.00595097423879],[77.1980140823575,28.98976231235846],[77.20232862868336,28.98724508118872],[77.20006386715598,28.97129044272581],[77.19496901273325,28.967153036690746],[77.19278576433476,28.958869302574154],[77.19726789047856,28.946518509824088],[77.19554564041582,28.942358713258702],[77.19665200551974,28.93767976124808],[77.20284505217391,28.933347012889016],[77.20712095117963,28.934843388067133],[77.21343846660292,28.93316623454851],[77.2222775970462,28.92816114406214],[77.2249466372824,28.923062197283958],[77.23044826054384,28.921356661835237],[77.23287692508474,28.91873124874986],[77.23421405840199,28.909154231312755],[77.2323179789419,28.8975848263249],[77.22756611836266,28.894022561926175],[77.22808214210289,28.881227037056593],[77.22349976846499,28.878589163570588],[77.22054086254784,28.878826627653396],[77.21303922744288,28.88657989651214],[77.20597468919901,28.88836626052908],[77.19823114317792,28.88753850382455],[77.18927375132412,28.88091011188892],[77.19209752816464,28.875786940992178],[77.18930409731274,28.868032809146865],[77.19314359565176,28.86559505533044],[77.20769872960406,28.862058200249063],[77.20984478864816,28.857866895645454],[77.21422202031289,28.855848005682308],[77.21730667599672,28.851365216048315],[77.21663513950779,28.8415356219629],[77.22298440408815,28.833412408404257],[77.22437969433692,28.82535188189652],[77.22024304767497,28.819172353956002],[77.2189497242958,28.80826833016189],[77.20146696017127,28.81237137216281],[77.19939122394258,28.798060813237427],[77.2026064686176,28.793200977911177],[77.21332498243306,28.785546707825027],[77.22852170034784,28.786562628867078],[77.23413416493558,28.783748060890307],[77.22185450042883,28.777420215443488],[77.23143621691352,28.77444442475166],[77.23177835106928,28.770820680930182],[77.23586840211742,28.770762822868885],[77.23554905552548,28.76094489623176],[77.24876924176162,28.755308612928715],[77.2563553247915,28.756229718450527],[77.25916887341421,28.75003318428781],[77.25618205953613,28.74390556336057],[77.25454467421663,28.743593101822572],[77.25518075150637,28.739770166980392],[77.26080884318677,28.73419390235524],[77.27289611371248,28.736299332467237],[77.2764262178946,28.735479052330433],[77.286263500586,28.724607911955893],[77.29075440866004,28.722414047536986],[77.28881812240446,28.719597430127443],[77.28907578258413,28.716850134179516],[77.2862280575565,28.714563733885026],[77.28735133434394,28.71029475906557],[77.29150379135491,28.70618263927065],[77.2967689403043,28.704469478511037],[77.29861482819452,28.709765664138168],[77.30621662455532,28.71328673160453],[77.31508507421285,28.712744972027668],[77.31782548649669,28.714116116923233],[77.32205080226707,28.712132439137214],[77.32443871114182,28.71333275643449],[77.33106534314261,28.71313178586936],[77.3254132179351,28.708905105468915],[77.32443966245772,28.70652691871677],[77.32572492255892,28.70288408054536],[77.32325789815874,28.698605073483268],[77.33028946913004,28.690417071269124],[77.33290973893112,28.68198992390251],[77.33008284044502,28.678250643417126],[77.32358848536983,28.676743046535364],[77.32370869522617,28.66898941362393],[77.3207428974342,28.663518445506316],[77.31986639683844,28.651115476711666],[77.31625271519894,28.641243957564257],[77.32368520248488,28.634346566283394],[77.3306156662743,28.63142165928252],[77.34255049718784,28.622002448703498],[77.34146170852078,28.617007627892697],[77.34240405203359,28.60891377569186],[77.34166408008969,28.606085095936958],[77.33675482658785,28.60184287835565],[77.32834459677699,28.600183969008388],[77.32515707411163,28.59808018138607],[77.31338693852561,28.59661654440138],[77.31015583139931,28.590474959799376],[77.29836433028261,28.58016575818577],[77.30003858246137,28.575813400190963],[77.29708211996181,28.565997212060815],[77.30122161697817,28.562723231909963],[77.29996047215077,28.55978439327714],[77.30378224672924,28.552458945464807],[77.32088456175451,28.540925648016056],[77.32471198224452,28.53494372646922],[77.33015537311599,28.53231004747018],[77.3345397113529,28.525029715682262],[77.34736061800483,28.520573512598936],[77.3454328208287,28.513265547953917],[77.34760692347933,28.51048042472645],[77.34773024869313,28.504206636663802],[77.35246570423863,28.49961056895573],[77.35561591987023,28.49921786825268],[77.3580992846254,28.50186025011556],[77.36269172478443,28.49884424189634],[77.36777185851453,28.500258648628083],[77.37173240663473,28.498453408587526],[77.37005968159194,28.48571610263588],[77.37474814087503,28.476492950698447],[77.37834229583521,28.47455607400742],[77.37818644352332,28.47254149875319],[77.38046640095209,28.470289671114017],[77.3873361089839,28.468025967446223],[77.39193725561464,28.47205041268692],[77.40577920268984,28.465788208610874],[77.40809433724684,28.46718807675916],[77.40005478106829,28.455658624363792],[77.41900267945489,28.452255108586893],[77.43343833927105,28.454931332111656],[77.43826517863378,28.438694734407008],[77.43596365714663,28.43772817424408],[77.43921147563216,28.43506229254371],[77.4355215369065,28.430967427434368],[77.44212069752757,28.43085332400276],[77.44125576902928,28.428742674303837],[77.4522455390263,28.42690260799085],[77.45160847089475,28.424765609865318],[77.46249982685913,28.424375187481992],[77.46114126333245,28.417696142886278],[77.46354911121325,28.41516680389701],[77.47036235294294,28.417422461578326],[77.47274072709928,28.416899128575846],[77.47527791710966,28.419377981836053],[77.47762753978704,28.419069929391533],[77.48376857937612,28.408101572013383],[77.48130219457644,28.404912419552637],[77.48021255340815,28.398751497603186],[77.47566570544477,28.399587950101804],[77.47344550125375,28.396997054887695],[77.4828096206238,28.387835672586927],[77.49122176833781,28.385174150748014],[77.50278594448366,28.369934496925012],[77.50482622600472,28.370008525022644],[77.50005179255903,28.365659433694],[77.50520171820021,28.362659333991825],[77.49630292165578,28.3491602131878],[77.49014754136147,28.34347265751815],[77.4781795437493,28.33935532198554],[77.47122017936059,28.33484241604158],[77.47318005357887,28.332565420651648],[77.47174532189926,28.32812824385993],[77.48194556169473,28.325073271815548],[77.48485838763104,28.3257124473809],[77.48570873108235,28.321646583064005],[77.50707516101346,28.305701031724766],[77.50293932103864,28.289103228306637],[77.49849665429198,28.28561709833899],[77.50173228263914,28.283882139321605],[77.5002926380732,28.28153469855154],[77.50343334413924,28.2800849609721],[77.498772348151,28.278429226610253],[77.49466677601137,28.27276964876648],[77.49414079624283,28.27485160948251],[77.49079530303813,28.271343239470056],[77.49268732840133,28.252002028067608],[77.49887411020472,28.24703327086177],[77.50121329984836,28.252120929944798],[77.50949587187084,28.24947355234808],[77.50825047900196,28.246785271855835],[77.5133332465925,28.24716788714375],[77.51882170324684,28.242476305191236],[77.5222506553313,28.24229398683955],[77.52471807139695,28.24575274587518],[77.53235986434744,28.244977089542953],[77.53742105440489,28.24829560282708],[77.54234264447051,28.247585526366613],[77.54461375618868,28.248882908329453],[77.5504251841371,28.2423838474094],[77.54675514399328,28.23801989963147],[77.52583679642086,28.229030953104893],[77.52128697323724,28.224476199294536],[77.52143309140472,28.22024488789288],[77.53289179545474,28.214459683130908],[77.53524761111767,28.210297194942257],[77.5346072353893,28.20384004584156],[77.53036989746545,28.198739916407458],[77.52333036203088,28.19602142469979],[77.5174840677713,28.20462430876807],[77.50587868051348,28.209560235614045],[77.50206426942543,28.209624980408044],[77.49729090766988,28.206043728801756],[77.49970567257839,28.194847371955113],[77.49847881824202,28.184638411636186],[77.50325345291033,28.180802970446727],[77.5062132427697,28.181516340875277],[77.5088402364607,28.186630475427236],[77.51556937701517,28.1929161086425],[77.51994058098433,28.19239664146542],[77.53062148503382,28.185897224737154],[77.53542988737365,28.18951153002225],[77.54358543671663,28.191293679212666],[77.54794783809433,28.187142884161503],[77.54963768502643,28.179790096399596],[77.54627979057922,28.172342635940943],[77.53695455388794,28.16567144616747],[77.52228626904075,28.16123667395135],[77.51574783722783,28.16344286968324],[77.5111936051128,28.166890981654205],[77.50209658452115,28.161222111899153],[77.50048914184669,28.154841476592555],[77.50467838846178,28.1497691932358],[77.50427785123615,28.145578231933886],[77.50236129737414,28.143240144847844],[77.4921864637315,28.138720983388076],[77.49134939558347,28.136565045276388],[77.49376292620676,28.1328767653033],[77.50907405894603,28.130254834941486],[77.51234932096348,28.127184737064148],[77.51235145176734,28.12488375579316],[77.50937403786043,28.119937017755152],[77.5017859488925,28.1148143826943],[77.49842814427684,28.108928204205647],[77.49789375987054,28.10448929431409],[77.5005309718979,28.09704695451645],[77.49937317734565,28.094634146610566],[77.49216953498001,28.09512771732116],[77.48979962385192,28.10558813279358],[77.4826114217294,28.10721365836645],[77.48181017031006,28.099688532192975],[77.47884488276112,28.0954766909663],[77.47872409977963,28.091632670596113],[77.47425340559613,28.087462508119792],[77.47824021776024,28.080421163512195],[77.48658615694286,28.073552121474666],[77.48965752025545,28.072620207263455],[77.49978468839078,28.06333505380154],[77.50123377784357,28.058546639861255],[77.49859707336435,28.052277549392304],[77.49305271275328,28.046854585258068],[77.48533571015221,28.044668166373118],[77.48363300563342,28.040478003632707],[77.4884040335659,28.03672478879869],[77.51010969160278,28.03337690001548],[77.51273512312349,28.031921327830432],[77.51190487229015,28.027787408158105],[77.50818480945975,28.025271233592367],[77.50836500342089,28.02280754264234],[77.52130350493343,28.014166263486498],[77.52491945841227,28.006948642151375],[77.52587977721392,28.000192155620073],[77.52805905955047,27.997903524292866],[77.54240535406386,27.9892591779279],[77.5418161077465,27.983478816298533],[77.53778666243731,27.979239073042184],[77.5294777518107,27.976369145622368],[77.52126880301398,27.97683895371991],[77.5193690629191,27.975169049202705],[77.51690941189081,27.971159317654838],[77.51884924200016,27.962390043016036],[77.54405635424985,27.96240977591629],[77.54589952383797,27.95822828263277],[77.54500349656288,27.953589455022428],[77.53689637809184,27.938072429871],[77.53662522162331,27.934178380466957],[77.52938329036532,27.925510543016355],[77.52617284718548,27.92551280906676],[77.5259983710011,27.927529456837057],[77.51658959817493,27.933338209751945],[77.50769193440607,27.925994456805302],[77.50179491048578,27.92541622130461],[77.49223286980076,27.938501420678296],[77.47527653729739,27.92927649369929],[77.47589481446978,27.927732985446134],[77.47749560961114,27.9283047518657],[77.47566853962948,27.924768762552695],[77.47964197318409,27.921689821599223],[77.47708297207865,27.916357478635735],[77.48048413837307,27.91505135236947],[77.47883526270275,27.91090572276185],[77.48069638152862,27.907917424120377],[77.47804132356981,27.898538957097095],[77.47948805763994,27.897883710285857],[77.47874846119181,27.894473168575058],[77.47325992189248,27.88454177146566],[77.46090891677915,27.87622530911847],[77.45002939971192,27.87118710433542],[77.42828340013224,27.89094551022082],[77.42783445269598,27.889867842887195],[77.42012707733981,27.890466043056243],[77.41606204616893,27.883816639336548],[77.41038389317438,27.879834501143094],[77.40931408321431,27.874194922520523],[77.41281240949328,27.869807545275844],[77.4117449630007,27.86641509615269],[77.42232183675038,27.8578165372166],[77.42184823055956,27.854401121549852],[77.4104251950162,27.851783016779628],[77.39702390482552,27.853373845101025],[77.38996820780066,27.857336247527098],[77.37700761761363,27.85888002449813],[77.37703296537599,27.857097787208],[77.3652498284729,27.853805583063117],[77.36088825893516,27.850795355504843],[77.34832495317413,27.855569924177534],[77.33514916796753,27.847440486286914],[77.33515114066789,27.842021527543377],[77.33198548928476,27.837481472066997],[77.33320357696226,27.834162387107874],[77.33528836012418,27.833796819533852],[77.33117091764635,27.831074154344034],[77.32069294481622,27.825358161788394],[77.31249508123005,27.828016663852985],[77.31080131135514,27.82579141662555],[77.30647107595283,27.82754446933067],[77.30355410159655,27.825548693076303],[77.29647098798918,27.825238508454845],[77.29855721833704,27.81521339591578],[77.2901419606555,27.810457288641395],[77.28369488032048,27.80108255520394],[77.2828948326436,27.799371018668236],[77.28516860606994,27.79862354934776],[77.285779351767,27.79621452523716],[77.29541416227823,27.796743859881072],[77.30081358510812,27.795397794163605],[77.30579882440492,27.791050858963846],[77.30445995913578,27.79007102683297],[77.30595263035457,27.78846551497386],[77.30882007519938,27.78689678010573],[77.31042763914641,27.788084212297605],[77.30866928219913,27.784469265431486],[77.31047630897018,27.78287730492688],[77.310494865469,27.777196663488002],[77.31273897652468,27.773958094295676],[77.3104368549629,27.772422872596408],[77.30783312224786,27.766434140222206],[77.30929307053582,27.75944118615511],[77.31168789643826,27.75804360140101],[77.30796320369089,27.7528078080369],[77.31094836466883,27.746867651839015],[77.31413104002492,27.74464361254396],[77.31216009766399,27.741942287331906],[77.3185103791373,27.73810900967421],[77.31936755427635,27.73348762729724],[77.30298285841577,27.725910388570227],[77.30392385804895,27.71078989696807],[77.30969633684325,27.706627883396038],[77.31174449658938,27.708692173753867],[77.3220929745764,27.706625490295234],[77.32928630607918,27.707602835773198],[77.33022364328096,27.709064918749917],[77.34114225143607,27.703368483145827],[77.33844735229613,27.69841580374306],[77.34139072724028,27.695085602408913],[77.34081570305052,27.686355402306386],[77.34454428550309,27.68120286387084],[77.34095589323545,27.676759869384536],[77.34567101541447,27.673433749843472],[77.34477398292461,27.660916914732645],[77.35257474803602,27.65123820097058],[77.34618348182622,27.63950287399807],[77.32720000835769,27.620396335252675],[77.31876844984704,27.610795274571064],[77.31705098421155,27.60675141466631],[77.33452030504785,27.591299623136624],[77.34410044229422,27.597077814564628],[77.35324842431197,27.593257697190605],[77.35820991754252,27.588960946121407],[77.3501682170854,27.583440597981546],[77.35142863248078,27.581222418372466],[77.34723005955638,27.577725813264145],[77.34721069187887,27.574734254675583],[77.34525668815094,27.572373961860542],[77.33958559232126,27.572611691831845],[77.33726463578294,27.56976076393624],[77.33836841104389,27.56907429021838],[77.33680337513904,27.566680323800814],[77.33624421609552,27.557666342972375],[77.3380725059893,27.549740979551398],[77.34915566663985,27.543151936022035],[77.34597438636743,27.53873559707752],[77.34004703801808,27.53889056280932],[77.33868396494869,27.531341675165578],[77.33998487549874,27.526618896803207],[77.3573438625569,27.516571488579288],[77.3678939296802,27.515469309963567],[77.37402270187576,27.511864260562575],[77.38282837456627,27.51568473834352],[77.38738306302548,27.51289248454784],[77.39163995817135,27.508136418085137],[77.39055771462947,27.504698082099615],[77.39897058279232,27.50019049158165],[77.40099047345474,27.497273236355124],[77.39878728784679,27.48283269740077],[77.39893403303834,27.47944653490784],[77.40011721128556,27.47959567070556],[77.40154089548383,27.476504052221756],[77.41575448008365,27.472642866751908],[77.41906160444596,27.46996008476433],[77.42222576642233,27.461253716262533],[77.42569343948884,27.466888245039836],[77.42708388871651,27.464174378942797],[77.42608040047558,27.46293726121778],[77.43366477940134,27.459996101692035],[77.4378064099165,27.456318136605006],[77.43661704407357,27.453309752776],[77.43865636619391,27.449050222218442],[77.43619586625768,27.446464145579938],[77.4326325280033,27.447126496196525],[77.4293371562999,27.444544820535935],[77.42665114598965,27.44510968842547],[77.42583497265512,27.43631277171883],[77.42109442815354,27.42201717120503],[77.43220775962122,27.415391853216942],[77.43805046780614,27.408948384612327],[77.43996924230358,27.390329542663977],[77.47024680264796,27.383481795113227],[77.47268970728273,27.377081388214787],[77.48461569967222,27.383531812201678],[77.50718117838665,27.377089867004212],[77.50952400351227,27.374051363579525],[77.50843735732714,27.371817122332743],[77.50989863512173,27.369805620700927],[77.51325390828491,27.370111088185542],[77.51583965672796,27.36793180790735],[77.51609738877288,27.362522575935085],[77.51968531211993,27.36117740860213],[77.52256086336186,27.357244927049372],[77.52992490980296,27.352684641545544],[77.52951240162785,27.351664313646957],[77.53342677274915,27.349213860298523],[77.53653382882294,27.349656389081495],[77.53956147472391,27.34794591616134],[77.54555515018225,27.349569471290703],[77.54793792428686,27.336893383636617],[77.57704213664816,27.327941668432832],[77.57725954960817,27.323580951457668],[77.57877659391728,27.322664068931008],[77.58378780710218,27.32129570995928],[77.59116440839766,27.33045945513852],[77.59964199478684,27.33217442991709],[77.60128966401972,27.334290308755406],[77.60451973269356,27.3320521577563],[77.6125301762704,27.331921064848956],[77.61198517557403,27.3362348108437],[77.61469497596794,27.336584511246414],[77.61635738206306,27.340426490702423],[77.62270291324512,27.33618645775736],[77.62080724790837,27.326405397257705],[77.62230454275597,27.320702783214447],[77.62189174622165,27.313048916255372],[77.6187194455088,27.312271262571215],[77.61448318107173,27.307169469762172],[77.61015427517603,27.306135649745393],[77.6079994153371,27.30057399206333],[77.60050859864312,27.300726711578896],[77.59866066798396,27.29720438653222],[77.60570203059186,27.29054765114536],[77.60628473986885,27.292100140060015],[77.61179577028796,27.2907804556535],[77.6168222197984,27.286450241142408],[77.61468888449198,27.278924312681987],[77.6217699813815,27.275045890456365],[77.61819936407841,27.269659280476155],[77.61709372211831,27.270863473942708],[77.61317934381046,27.265822494712104],[77.6160114848646,27.261711483402284],[77.6164229006883,27.257802376341417],[77.62115641766943,27.255193575741906],[77.62730075407563,27.25950017655697],[77.63317018624194,27.258129149691104],[77.63736057551407,27.250978856067917],[77.64300352712593,27.24789125184411],[77.64553681844794,27.243275205318668],[77.64292978891581,27.234895097322788],[77.65281478562356,27.23484283746096],[77.65254559646554,27.226090266834767],[77.64831484768432,27.223525490337316],[77.64505567898514,27.21687664323174],[77.64670793321922,27.210218192728075],[77.65028377602235,27.208074435530836],[77.66353071947752,27.207277054545504],[77.66563748261784,27.20900741497999],[77.67552757906147,27.19806614174685],[77.68112422970692,27.19440391650266],[77.67300821971118,27.18196366603684],[77.65839625563903,27.170105536389563],[77.6489963536763,27.170322762537683],[77.64410894271059,27.165545253714573],[77.63786494181687,27.163841072473378],[77.63433180941395,27.167879101443077],[77.61995037999317,27.17354950102507],[77.61825093186731,27.168859344562765],[77.61004674054833,27.162854405741328],[77.61056765561527,27.155812230283654],[77.6121672856417,27.152842769446078],[77.61414476144967,27.152491369672365],[77.6136814436638,27.150601863748935],[77.60554163999112,27.143560124488918],[77.60031581658988,27.142295569456884],[77.59896057323651,27.14344771315979],[77.59753521907014,27.138897947121787],[77.59896244352893,27.134551628263537],[77.60281737851778,27.132761201234974],[77.60298477687604,27.124545585507484],[77.60445383677593,27.124249760056795],[77.59783861248094,27.117998135835283],[77.59265646067723,27.12022571347184],[77.5881065880863,27.11651449493821],[77.5812205055635,27.119237862073216],[77.56247479189618,27.110163829477543],[77.55027761698705,27.11128011705],[77.54903782511397,27.10750315144615],[77.54328164355555,27.10422152022481],[77.53991908864863,27.106229164658632],[77.53756054210726,27.098328681889434],[77.52664340898582,27.10117517505181],[77.52038787013059,27.10437011884511],[77.5177343985966,27.102456677918866],[77.50543640666145,27.09229473728136],[77.50761129803288,27.088876145046832],[77.51057966770155,27.090417549476943],[77.52264810414898,27.089171732095824],[77.52635223535783,27.084616257091298],[77.52636398891501,27.078232568234313],[77.5193392505298,27.06661631843959],[77.52554603691621,27.063747002166455],[77.53161549694683,27.06456784440803],[77.5416369558311,27.06260650608539],[77.54469723033979,27.071903803506316],[77.5476622340211,27.071536562731175],[77.54969909835083,27.07431049295389],[77.5527648193451,27.074184122204315],[77.55358812081144,27.07602504666182],[77.55685927303648,27.075335946628154],[77.55886961011588,27.07195757865587],[77.55933323243065,27.073125485223652],[77.56581884420318,27.07215234817941],[77.56673886727611,27.07318946069772],[77.57168335719497,27.07186578061729],[77.57721329176094,27.068323848161004],[77.57275680982355,27.06451181546853],[77.57534192585261,27.05986528219756],[77.57530297939347,27.05641151902822],[77.57303175897916,27.05274919416242],[77.57289651042662,27.048829622144254],[77.56713312887119,27.046868855108936],[77.56320137804407,27.02936764721288],[77.57918518094615,27.03820419522538],[77.58208361676992,27.035767689603734],[77.59680553373452,27.032699784453797],[77.59604749307697,27.026565188693166],[77.6018110210578,27.02252524997288],[77.6149634312024,27.02353063810775],[77.62345118292735,27.02199057821912],[77.6285251308584,27.018684928372778],[77.62796138232208,27.015066611107176],[77.6298960201691,27.013840431791408],[77.6300219621753,27.0102050987444],[77.6341466684305,27.012451578962597],[77.63647912520108,27.019417870859417],[77.64220878220416,27.02566392544872],[77.65629599989464,27.02098086212476],[77.6602240793072,27.021032716261022],[77.66557742754614,27.017250189638972],[77.67340529752464,27.028864243809437],[77.67563059875657,27.041376344375134],[77.67976047481622,27.047082079402394],[77.69305572337917,27.040853264005694],[77.69290112062384,27.034422778973898],[77.6896165790095,27.026667466603616],[77.70572655388648,27.01445740618626],[77.70648905198448,27.006894216031984],[77.70525840406268,27.003783860294366],[77.71193513241191,26.997103238529178],[77.73005334500547,26.993887014462032],[77.7292934699881,27.007516448448335],[77.73284525141634,27.02352752118373],[77.73768088259075,27.029750220095455],[77.74110551557536,27.029038316613136],[77.74848330354534,27.030876684416615],[77.75098762689441,27.029036425745286],[77.74953285110585,27.021211676347423],[77.75951243412482,27.01798381131623],[77.75685333554385,27.01008479435534],[77.75985043153868,27.00629342982097],[77.76295161442715,27.006844718022776],[77.76137335172807,26.99997875881933],[77.75799894894088,27.001789685203917],[77.75028879868881,27.00186819323051],[77.75195297805831,26.99777789826358],[77.75857293198324,26.996959795803175],[77.75325998637251,26.992749734989488],[77.7457167251339,26.995044290236855],[77.74749191201799,26.98959249861346],[77.74346861388028,26.983164925360636],[77.73906070205369,26.98421883024104],[77.72947118280246,26.982956036284172],[77.72239452269208,26.987845048528005],[77.69948186667989,26.97511968924256],[77.67624095099153,26.97321784307795],[77.67691631071034,26.96555914537184],[77.6735971013125,26.96377604335957],[77.67216134375685,26.959967562334864],[77.6709154289668,26.962989027044664],[77.66856613866608,26.96174256254138],[77.66819676130275,26.96376853714877],[77.66544609564826,26.962773628717088],[77.6638073960935,26.964258351783627],[77.66376868678957,26.96722514432933],[77.6608770215681,26.971215986307953],[77.64957073287569,26.962877921486818],[77.63495640623435,26.955740717466043],[77.62989887411678,26.951721240895417],[77.6229405194344,26.949780506170796],[77.60213204929595,26.93327016294191],[77.59749842766935,26.93515107856152],[77.59732523697414,26.938297299449477],[77.5922362216008,26.94027266356697],[77.59108788361357,26.935967084236022],[77.58850600960433,26.935521160468603],[77.58788298124239,26.931056721706184],[77.58319061069456,26.924157125214293],[77.56722414527745,26.92103740310791],[77.55341077181481,26.920039213953846],[77.5450565528602,26.915308765201775],[77.54291351125714,26.91626202086161],[77.5234837251111,26.911139041242638],[77.49967023044715,26.90206927642041],[77.49024986486222,26.900486191059475],[77.47631170372853,26.893160619109658],[77.46832822128833,26.88720980980514],[77.46030852236912,26.885838665509908],[77.46189001271503,26.877481858646327],[77.4589575846409,26.87283375338908],[77.45443107273888,26.871826945513337],[77.44841525380883,26.875325632639154],[77.44539219201074,26.86825103716492],[77.43806784391869,26.86311049290705],[77.42727708579142,26.864080309418007],[77.42663236311537,26.858994648246064],[77.43115766678332,26.85267098456212],[77.42967678595261,26.84707191072586],[77.42129299535718,26.83982412352735],[77.40519223719502,26.834775655663904],[77.3978652345813,26.830360633031493],[77.40815729387688,26.816706461411858],[77.42060544999154,26.810579974638017],[77.42515608435389,26.80151427440516],[77.42908107895173,26.80156301017899],[77.42825963789635,26.793184719003463],[77.43228445688186,26.787023811115027],[77.43379647062535,26.787362383213903],[77.43415025772697,26.785715803716464],[77.43707773518555,26.784280491041514],[77.43383282185164,26.779563470796013],[77.43523606129236,26.77523597514748],[77.43318696460341,26.77481052298525],[77.43362421956795,26.77343611271358],[77.43133618269152,26.771071550614877],[77.43427840240226,26.769708743082067],[77.43267914876994,26.76783067733924],[77.43663468788405,26.767630819747595],[77.43830919338775,26.770107773683797],[77.44183283239477,26.768597545964983],[77.44664861619128,26.77390833591447],[77.45150355665275,26.774046085490316],[77.45344606284335,26.77786957363933],[77.46690180980487,26.773727222348473],[77.46744184102108,26.767474813273672],[77.47036325574979,26.76464991041004],[77.4671319195531,26.762982784168706],[77.46366312179586,26.75668448984114],[77.4622517517035,26.757396542741233],[77.45622097582395,26.74973147999483],[77.45455710816988,26.7418659982537],[77.46139985237012,26.74197693031847],[77.46629193906689,26.744645725232495],[77.47803365016068,26.745694019701258],[77.48521974393721,26.748007478575186],[77.49462095744029,26.757044942985296],[77.50255648870895,26.768727637646286],[77.48893995588797,26.779029702963946],[77.48885544328438,26.786034050189894],[77.48745970926785,26.788147693702143],[77.49323736145993,26.79766587581633],[77.49365163302791,26.80155250643564],[77.50068029166103,26.81700643109689],[77.499115497403,26.824112857643843],[77.50139317670423,26.835185353208082],[77.50116596222615,26.844448576418735],[77.50781519494114,26.845702973580813],[77.51767723699845,26.844223829056094],[77.51770446223975,26.842837749819118],[77.52070651962987,26.841515358417034],[77.5208573252065,26.838171507077465],[77.51760375750314,26.837750050281993],[77.51697709815085,26.825773018248356],[77.52010168305077,26.82178280772715],[77.525679946979,26.818866034622072],[77.54196360482796,26.822410103509394],[77.55759157157128,26.817632527520132],[77.57447413532185,26.82085816804269],[77.57803989273927,26.827201072138692],[77.59242178838568,26.827907208341273],[77.60079987198411,26.835601348020372],[77.60836447899048,26.83911641283605],[77.60761133235457,26.82779093802589],[77.61033278569435,26.828572762876117],[77.61822655698037,26.832035582928288],[77.62039235201128,26.842797153603364],[77.62975556947275,26.841462075108254],[77.6747383758467,26.85754203200981],[77.67457514207808,26.863484558178676],[77.6764244498546,26.8684799205979],[77.680279340826,26.870033362924175],[77.68231650429475,26.8693967646837],[77.68664548475057,26.87524647073834],[77.69429784458379,26.873955119029407],[77.69614154148302,26.867693592929914],[77.69759543602427,26.86737244489483],[77.70123350961872,26.86774516744311],[77.70650470333166,26.876841811167033],[77.72260435656607,26.874315705065282],[77.72787756609851,26.885259356171975],[77.72589166409317,26.888757476931758],[77.72697024161042,26.890215328512653],[77.72299382025916,26.895133439048422],[77.717638360081,26.897256927704504],[77.72491256331556,26.91037960338733],[77.73237276272972,26.920145455783885],[77.73778222333458,26.920581182325893],[77.74399353723004,26.918760948075477],[77.74570805818804,26.92101341497257],[77.75317010453843,26.91687307724876],[77.75890466364798,26.926481157000126],[77.75895652608428,26.931448012662504],[77.76059343799166,26.93261989519863],[77.77474891686393,26.932151715959357],[77.78046306804687,26.92985230544998],[77.77948949280659,26.92686097536595],[77.78687142470497,26.923856314304903],[77.78646017237462,26.922333870574562],[77.7929834603885,26.917052629887635],[77.79541895751545,26.917562880559498],[77.7981974691471,26.915999614570374],[77.81020576338626,26.92418561318406],[77.81499234654616,26.919753279792282],[77.82149539282173,26.917767370103824],[77.82382693600569,26.91993129638631],[77.83192988090396,26.914267289043828],[77.83637574565297,26.91676332076962],[77.84184067902326,26.912567404126357],[77.85023721581427,26.912828386966897],[77.8578146040505,26.90626239901348],[77.86770671361866,26.906278353140863],[77.86895191155311,26.901635310540307],[77.87755619004179,26.902368100194476],[77.88081570459234,26.89944627492794],[77.88451936328734,26.890976931365323],[77.89247184037548,26.890158449188398],[77.89379797022882,26.888921829965977],[77.8918697912687,26.887066524426352],[77.89648408294698,26.88399731242614],[77.90431944397665,26.883334335284147],[77.90889687149063,26.89061775728623],[77.90671876325214,26.892858459755473],[77.90882630343516,26.90638372674722],[77.90685937025535,26.912653307743767],[77.90354858885155,26.914602190147907],[77.90635508030937,26.91777900206955],[77.91557424123695,26.91418584910775],[77.91301390433667,26.908862662111066],[77.91561607128814,26.907388022216473],[77.9257616971076,26.909821384876896],[77.93968315317031,26.90678015079232],[77.94299364262164,26.89710646247026],[77.94840042085707,26.893578103223764],[77.95812209935458,26.896833779523142],[77.9695779045412,26.90596759892113],[77.97133471728445,26.905871400424928],[77.97344205085497,26.90294369845159],[77.97138619793678,26.90031879219455],[77.97340768760041,26.898214576160527],[77.97231372373898,26.896067274703682],[77.97644731523067,26.892210582991403],[77.9872065874072,26.88934856507149],[77.98872856077226,26.891692392671768],[77.9930256492389,26.892495740077862],[77.99868316882969,26.900359375775245],[78.00223298025251,26.902904841357714],[78.00564049673768,26.902075977627337],[78.00962430493551,26.904048051444615],[78.01458171801808,26.902912543082312],[78.02132025495041,26.900324520954083],[78.02339899245047,26.89099493306263],[78.02637929084776,26.890035939099423],[78.03018727987987,26.88603133049954],[78.02997014180436,26.884103742005898],[78.02721986422205,26.88396706282862],[78.02777720327882,26.880441411729947],[78.02576858826986,26.87890316656998],[78.0242235713211,26.87256708419412],[78.03118883494633,26.873631366114235],[78.0354716006741,26.87079637106875],[78.03527095387052,26.868366256238737],[78.03226341585885,26.865158851317922],[78.02095302815383,26.85750735552226],[78.02223462492529,26.852680804738434],[78.02646955266921,26.84953512538121],[78.03199667640662,26.85180427230388],[78.04465696698067,26.86998000409535],[78.05596943159067,26.868393110729016],[78.05171417048028,26.870722097272086],[78.05018960367902,26.875783763833844],[78.05211403127448,26.894215042770362],[78.05125172495855,26.901706019139645],[78.04804488042973,26.907473286522265],[78.04880208385747,26.91013452200696],[78.0558425283871,26.906910590099493],[78.05951940650687,26.908856248083747],[78.06409188699855,26.90652315370666],[78.06694948540954,26.91139405727564],[78.07172092746532,26.90637598120053],[78.09603984125756,26.893782053768817],[78.09866072640466,26.896593362617452],[78.09437500971121,26.90329864362668],[78.10020333227519,26.904900704010515],[78.10433103620849,26.903433322324034],[78.10736477538204,26.896379335589852],[78.11119321815481,26.89587953624163],[78.11309582926536,26.89997941374304],[78.11235451793331,26.903579543766583],[78.10839240584626,26.912196280875648],[78.10163378258414,26.916985853371703],[78.10516171194496,26.926820123392073],[78.12018222711335,26.9214924750665],[78.12181276277883,26.922581610265553],[78.12107909880481,26.93204542216591],[78.12320075870748,26.931836827513077],[78.1227736106882,26.9345189453614],[78.11374364933248,26.935991954942452],[78.11177020426518,26.9397614665247],[78.11375671712493,26.9433163631053],[78.1185523678793,26.94697568009278],[78.12450608896872,26.949288048519552],[78.13279139905619,26.94736834199245],[78.1444779248454,26.949887335769212],[78.1512837419993,26.948012353105426],[78.15645330391426,26.943212914698908],[78.17198746588068,26.948176444492],[78.17748736437676,26.9426007933682],[78.18127293684925,26.94084515989157],[78.19155077940718,26.942465873124156],[78.19765544082054,26.940934825874756],[78.20516541318962,26.93263014410856],[78.21013200705437,26.931229646802834],[78.21642823150712,26.935084560225693],[78.22150613741533,26.944720885649105],[78.22495978149206,26.946304354633824],[78.23128936757784,26.936584600910702],[78.23738030722522,26.93597289607733],[78.23861652380346,26.926648903915353],[78.24190927332458,26.926147275493932],[78.24789325416434,26.92865140835447],[78.2546112151851,26.925810841229655],[78.25566498123416,26.928663373178384],[78.25318945607651,26.9327369322966],[78.25363832266441,26.935203335847355],[78.2549550570382,26.93531459042382],[78.25855925516325,26.933711637133644],[78.26485063679829,26.926753712272195],[78.26530357994099,26.922591151242354],[78.27159027057363,26.92122911978014],[78.27225358568109,26.919190043851422],[78.27077095133896,26.915102747684948],[78.26369446101019,26.908314300308156],[78.26228721867658,26.9019510955841],[78.25913048936087,26.896748955020023],[78.25080349205433,26.891780073150183],[78.24689451082472,26.893074836059025],[78.24370920969304,26.88869123250035],[78.23707148888842,26.8889763816444],[78.2342050115292,26.875991700038057],[78.23264079309125,26.874279583371163],[78.22663637737541,26.874884780283413],[78.21921714023988,26.871876399465258],[78.21257364057303,26.871372837731347],[78.21270078093183,26.869820897867555],[78.20861732441615,26.868865764580725],[78.20840306094954,26.87197436175367],[78.20260452472375,26.881726571039803],[78.20005550749435,26.88302232650237],[78.19697625068534,26.88217934082489],[78.20221749277013,26.866338108367152],[78.2117582954852,26.850692924971188],[78.21272370593785,26.846136421626856],[78.21701857556576,26.84336772751564],[78.22016773837187,26.84378083006296],[78.22080117102142,26.840121414177407],[78.21858084196455,26.83449881129721],[78.22295373746142,26.830628482261844],[78.23573252390628,26.827824062047487],[78.24540115329303,26.82324558527307],[78.25187621525085,26.817138570952622],[78.26228832899426,26.813121062940045],[78.26814798479536,26.81283474049077],[78.2729935450486,26.81625134439697],[78.27481702985393,26.82272771231652],[78.27328918869345,26.841998388096812],[78.27951607488436,26.851332153069087],[78.2835090647627,26.854455397510268],[78.30562766396268,26.86244838138546],[78.31691673195107,26.862839963782555],[78.32997920007448,26.861223722701116],[78.35237936452212,26.86872677595683],[78.36145596640738,26.86906487719031],[78.36974572944372,26.866193386948602],[78.37425678044136,26.860864733769095],[78.37931705421717,26.842035299983483],[78.38232446376976,26.839986348251188],[78.39523211983035,26.817103716940082],[78.40601959461523,26.818767014631057],[78.4281503300547,26.825878643246558],[78.43354157641889,26.825743542698895],[78.4405523981037,26.818789932562886],[78.45108843354228,26.799255456315546],[78.4606670140083,26.78763923204377],[78.47976092276456,26.786758420179382],[78.49158366279526,26.782239647836942],[78.52101678880629,26.78058178902914],[78.54450470077362,26.763890605202995],[78.5646181120374,26.76163118110045],[78.57230317144526,26.75130068999811],[78.57624323528202,26.74879711865969],[78.58181297958808,26.74852341116229],[78.59221313406013,26.7522236625301],[78.6082793798474,26.749706174468155],[78.61503497129542,26.753804729196705],[78.62032482930505,26.766791336704202],[78.62568935348446,26.771619996807164],[78.62997558491256,26.773231001377095],[78.66146554210714,26.76380496884435],[78.67287885787911,26.764496318096224],[78.67481679972974,26.766228076369085],[78.68064596221849,26.785862364935355],[78.68246317229159,26.787660548435813],[78.69690764907227,26.792360040724898],[78.71082739294602,26.792529160569565],[78.72150442435832,26.796357953403486],[78.72653995314131,26.795507488076872],[78.72927794805875,26.7926257072355],[78.72551730922525,26.780493132238423],[78.72996580334315,26.77508597326498],[78.73755132312934,26.774958116824344],[78.74615310340316,26.786170318339412],[78.75164980838841,26.786901797247122],[78.77189864966444,26.770102292578624],[78.78643062774368,26.76457182935692],[78.79368521446742,26.764197814521054],[78.80333727083544,26.765878933396174],[78.81586386784072,26.762358462754015],[78.82038033478122,26.757897298294015],[78.82912915399571,26.74286518035429],[78.83722292080674,26.733037998358306],[78.8437223181256,26.72783170875893],[78.85913444036738,26.70869632331915],[78.87174219926027,26.69811648514395],[78.8823528775124,26.696875381008585],[78.89320824157659,26.697472626798053],[78.89780671392273,26.69897398005648],[78.90621741534915,26.706100970518225],[78.90966866900887,26.707016539380334],[78.92270777554499,26.703845879346865],[78.93702393427552,26.697042380551714],[78.95556571420364,26.691782055860596],[78.95837817496654,26.687372318889622],[78.95749504210903,26.68284056027195],[78.94777134869032,26.67358593899869],[78.94263372278202,26.664135270960625],[78.94250516488171,26.65818318083401],[78.94549151073748,26.654831692555973],[78.95028236628488,26.654111821430856],[78.95668670028714,26.657457660468033],[78.97233507855034,26.672050739925737],[78.97986312142969,26.67584056380471],[78.99332638459519,26.677346533329846],[78.99857559024494,26.676493243156592],[79.00732633724407,26.671401494115734],[79.00913818796816,26.66782889071867],[79.00838885557896,26.66386600643162],[78.99362803168107,26.641036506920287],[79.00836918516919,26.623774595601493],[79.01653987292133,26.60066203262563],[78.99688450812934,26.59710760216537],[78.99166400994113,26.59381194855973],[78.98912523350596,26.59561932423846],[78.9875900647877,26.593070373937852],[78.99050880613014,26.583908968410512],[78.98985446609068,26.579002840496305],[78.99108636985724,26.577441315056532],[79.00020388371546,26.578422965938724],[79.00723863202792,26.565468197671784],[79.00628139085443,26.55937512640972],[79.01440401514562,26.550676445606644],[79.0126895130522,26.549127246111713],[79.00701500272615,26.548603573131334],[79.0077423569336,26.54387925677975],[79.0099154831155,26.543231192449632],[79.0145639035881,26.54619535106476],[79.017117142001,26.541503995768203],[79.01886872654931,26.540963784297336],[79.02637475082277,26.546804336995912],[79.02833673967524,26.546697358568885],[79.02915251864935,26.543177886819084],[79.02659492879721,26.535720945965966],[79.03980431548702,26.52987187934574],[79.03829768534699,26.518462540743663],[79.03965963462396,26.51512377246487],[79.04183200172946,26.51458357989958],[79.04620373121307,26.518223493199937],[79.04861676866129,26.518008196859835],[79.04492997493743,26.510307157868382],[79.05380305541021,26.502549879958575],[79.05632037378821,26.49509214914247],[79.06601389818638,26.497307919424244],[79.06812575746928,26.496627393708017],[79.06780068052417,26.484609436225313],[79.07169479014425,26.478875158523284],[79.06159767874003,26.465323238898343],[79.05778869886616,26.462356481664763],[79.05261460674721,26.453743323931008],[79.05729308934076,26.45247754584096],[79.06204519066847,26.453761399595596],[79.0638627906104,26.44866710097586],[79.06802009762559,26.44601532614704],[79.06753975586675,26.444092633147033],[79.06991706731611,26.441877774766265],[79.07702534992107,26.44240385899494],[79.07866533316839,26.44071663580432],[79.07976767112488,26.44200764896449],[79.0809960624787,26.441385265432352],[79.0816620958882,26.443326026226234],[79.08373807466205,26.441720038069704],[79.08718059310395,26.446261046770687],[79.09093615465946,26.444077740283895],[79.09341753413784,26.44449801009388],[79.09517769041061,26.442363799046632],[79.09721746079026,26.44488696143363],[79.09607321193418,26.449995300328748],[79.09971734466522,26.452595464759764],[79.10787504906655,26.44814707998086],[79.11650809700048,26.446933969767045],[79.11812745223394,26.445530498004974],[79.12179203062081,26.447083131888572],[79.12316068582139,26.44401441342107],[79.12707596244451,26.44286816327632],[79.12935174360553,26.44043562137438],[79.13517684481087,26.440137533094095],[79.1293865712891,26.433007360110228],[79.1243188361065,26.422618734994437],[79.12372742305267,26.41155301424753],[79.12528111143884,26.41238338433289],[79.12598266243808,26.411259664117466],[79.10469367626763,26.406384123257293],[79.10025312505348,26.408179536449744],[79.09950055962757,26.4120153340767],[79.09520534324999,26.41264175649943],[79.09435378168317,26.410859035423538],[79.09609350038488,26.407984639368145],[79.09437447168078,26.408331804493702],[79.09186430479078,26.40595284769857],[79.08900071821016,26.39647950596967],[79.09639529479446,26.383082389066768],[79.09684170808332,26.381033611540758],[79.09430770978716,26.376181614818893],[79.09691316906418,26.375509756613237],[79.0954005453646,26.373762888001913],[79.09637788274932,26.37235960592427],[79.09479036380955,26.36971012420188],[79.09135310680026,26.37116256704752],[79.08731093955001,26.36846274261462],[79.08424702147445,26.362355841305416],[79.08561500024365,26.361124226471084],[79.08446884606084,26.358140845439625],[79.08906859042142,26.354662587344027],[79.093877635955,26.35396424509497],[79.09818027690841,26.3554635144487],[79.10309487987776,26.35323043704404],[79.10541981056292,26.349295465761166],[79.1092664118809,26.352161699908063],[79.11094953671972,26.351593322542712],[79.1108545677262,26.34964364366931],[79.11427583023185,26.348831634244],[79.1162844308678,26.349833682929557],[79.11629948393698,26.348330891210697],[79.12284631948941,26.34696831523911],[79.12779503418504,26.342243203890963],[79.12844109085927,26.338912685279652],[79.13221243311938,26.337211167978086],[79.1341309084778,26.33917870397093],[79.13883375158524,26.337549243244567],[79.13722585077,26.33555009142255],[79.13262802610916,26.335351786275854],[79.1321470770892,26.33288322640331],[79.13497103269444,26.32477330272271],[79.12742394103948,26.321894255437545],[79.12515040746334,26.32707511094013],[79.12492499590402,26.322444820928553],[79.11553027183055,26.320512858645536],[79.11625167020767,26.31668138486444],[79.11983236750662,26.31261089812524],[79.12489991224635,26.31162717592148],[79.11752937907058,26.305204942337028],[79.11860117520575,26.300371622488946],[79.11741962021422,26.298940922602288],[79.11368412253061,26.301986885978028],[79.11331341655894,26.30467212737009],[79.10952774617009,26.306553612203686],[79.10193168914562,26.30685040653219],[79.09790226539599,26.300960201542537],[79.0970875949429,26.29456062377664],[79.08989502431312,26.287757949404966],[79.09652073464241,26.278521321521456],[79.09107586065242,26.27255838767395],[79.09065114077937,26.270062572066024],[79.08690142096816,26.27142453338921],[79.08775178687738,26.27334281214468],[79.08570018388878,26.274059937619313],[79.08544820555325,26.276257548501466],[79.08361627658425,26.275525944097513],[79.08443081229002,26.279723311129192],[79.08069671238499,26.27844048144407],[79.0770114565769,26.280655147988895],[79.07447954416882,26.277856165083524],[79.0646882291688,26.27709863248474],[79.06191271701185,26.271853291462104],[79.05351362361556,26.262728459285817],[79.05693371022652,26.260284135169538],[79.05565821930405,26.25889797064679],[79.05152424063849,26.2584311009905],[79.04564689431453,26.260341424818794],[79.0459732953764,26.256491735832178],[79.05210219692935,26.254635910018983],[79.05241440999963,26.251535679578186],[79.05432077337308,26.25026831349048],[79.05859189064654,26.248835844503546],[79.06437212010513,26.249307816419485],[79.06969392130796,26.24570409403056],[79.06893442897288,26.24318105283991],[79.07093694172616,26.241530018099038],[79.06419736274809,26.23883755846383],[79.06243217680806,26.236503531282892],[79.06534799323596,26.22978040867651],[79.06344347949366,26.225911874763142],[79.0533246180798,26.228050787990114],[79.04710233934797,26.22417987971464],[79.03786321515985,26.22733813206759],[79.0349425415412,26.225327966217634],[79.0306681606883,26.239292974981247],[79.01944089229985,26.247616149912236],[79.0114812206046,26.24480291030007],[79.0090268902977,26.241826836139904],[79.00371951424174,26.244417425516087],[78.99683506126284,26.241900686211633],[78.9939393419445,26.238748502702986],[78.99172759179861,26.23897135912705],[78.98939172681985,26.234983708224423],[78.99659040240026,26.228045858748455],[79.01363144423833,26.225520463208916],[79.02582009144045,26.220104802414546],[79.02480937715137,26.20840181329536],[79.02783758809265,26.203327407224595],[79.02082922060515,26.20021221520423],[79.02008565989168,26.198230462528155],[79.02653978032359,26.191325645640728],[79.00914051280812,26.192594213454214],[79.00687539195458,26.19167620729728],[78.99771528357883,26.19849808779732],[78.99370153273595,26.19689925408481],[78.98303303442054,26.184317373567886],[78.98664411723394,26.18242696939219],[78.9947425175552,26.17292054595816],[78.99977529749343,26.169917172674275],[79.00446733656293,26.16922168437921],[79.00528433634754,26.167444233187286],[79.0041301215817,26.166382662614378],[79.0061431284541,26.163929262312088],[79.00475917584257,26.162632848842147],[79.00822605659495,26.156407705078852],[79.00427719375999,26.14982432972493],[79.00489402554311,26.14805578697021],[78.9985044113351,26.149991015531974],[78.99430013231205,26.14620353401784],[78.97957931488536,26.151186598936267],[78.9669912362837,26.15014964953998],[78.96441969739185,26.148463407388743],[78.96568429624146,26.141417712338356],[78.96375849512188,26.140407915039674],[78.9629355718463,26.136536204018963],[78.95160926599443,26.13432207286579],[78.9489057816553,26.128686616948396],[78.95851147686986,26.127977713251198],[78.96240216480702,26.125325941211905],[78.96347469576406,26.12216612635619],[78.97686259387054,26.11604219372835],[78.97749822829083,26.111149541974488],[78.97562846587532,26.10521155348913],[78.98703986823573,26.09950770643168],[78.99361686292717,26.093716749352897],[79.00209916726821,26.090172918448495],[79.00865847503003,26.09321116766497],[79.01256519879331,26.089915229511522],[79.01206186285813,26.083190296715255],[79.00841154432808,26.080145501157592],[79.0081413643283,26.075429070748765],[79.0027482593498,26.066651002790895],[78.99072343521108,26.068833733361252],[78.98946327853055,26.062845753719944],[78.98633304412579,26.06043817464424],[78.98617672648655,26.053682134097453],[78.98191783887738,26.05161374593835],[78.9801860522996,26.048126354218045],[78.97693333709745,26.047948163657487],[78.97658631161498,26.051044386160495],[78.97343832739854,26.050739671396254],[78.973983023566,26.04483613399277],[78.96965723931595,26.045809256139663],[78.9605313567525,26.03491113339469],[78.9545805336282,26.03338900477541],[78.95305423936661,26.029341530294467],[78.9482976249029,26.027755324969675],[78.95354428921871,26.01522406729777],[78.94826688365558,26.010519644265372],[78.94824543637814,26.008222413242642],[78.94452842602307,26.006283539044002],[78.94663295954486,26.001164562199204],[78.9512957422822,25.998531114904857],[78.9560647759547,25.998014006081597],[78.95681783096244,25.996546838339526],[78.9555432302704,25.99492282664061],[78.94830598192998,25.99319800617488],[78.94932349736412,25.99123427824088],[78.95298383839778,25.991006760636058],[78.95315727433307,25.989065937276774],[78.94354348350116,25.978880017770763],[78.94068714003666,25.978515684963906],[78.93611511948235,25.9818484199644],[78.9331827300358,25.979340305710156],[78.9349481198934,25.974988853385813],[78.93781349591809,25.97378266858719],[78.93761386421083,25.9645351776405],[78.93473307399418,25.964432591459353],[78.93484136679997,25.961377127591092],[78.93050163800174,25.958941628463812],[78.93483855058157,25.955870991470473],[78.93429800912229,25.953149738304116],[78.93710336690623,25.95276041800127],[78.93329711072428,25.94819014383427],[78.93714390697667,25.944338797077542],[78.93885603841603,25.9442794533132],[78.9389600031388,25.942695271920744],[78.936258924488,25.94167635912335],[78.93159945653404,25.94745064233605],[78.92671714799918,25.94681606580146],[78.92154303971054,25.940661722931715],[78.91671097844106,25.940053857280674],[78.91569188556531,25.937982601835255],[78.90824859873298,25.934509298639945],[78.90968524202754,25.93153927815767],[78.90575660116795,25.929536222452956],[78.90566067457033,25.925623319419504],[78.89858689445879,25.917947555236825],[78.88728763688013,25.91460005009451],[78.88606504594811,25.9153447535374],[78.88463755558797,25.913936741417253],[78.88329482307158,25.9091753480589],[78.88733658069005,25.906173825201805],[78.89166182325603,25.896989007643146],[78.89503955879289,25.895079464967093],[78.88697490458364,25.883237560107606],[78.89188895149582,25.880317005482308],[78.89009204604311,25.874472575027763],[78.88731269448667,25.868601013337702],[78.87651242320054,25.875921956364305],[78.86455929540129,25.87160679910666],[78.86197087447023,25.865527200307316],[78.85236471662333,25.8565355280874],[78.85059476781565,25.85215730997592],[78.8514850674325,25.839804658826658],[78.84913328969677,25.829049123032913],[78.85087003946649,25.822672153138928],[78.85057321453706,25.811217374467045],[78.84629469963721,25.812611173056936],[78.84758547090266,25.815545066669543],[78.84557543565721,25.81755760241332],[78.84688660945939,25.81863203173955],[78.84521115623308,25.81864968441337],[78.84537533952096,25.821524879285427],[78.84237202179446,25.821966480515503],[78.84368493473505,25.82336695383074],[78.8398496719526,25.82269759460065],[78.81817498603007,25.829146475844187],[78.8145592382654,25.822411395428848],[78.8055432528989,25.813561887308516],[78.81412902339775,25.807110371673446],[78.81974083760521,25.815960849434124],[78.82332261917064,25.816315205036474],[78.82801011186652,25.814387295943785],[78.83284386646031,25.809624348249148],[78.82873459326167,25.795582327437998],[78.81420921151158,25.800496353584833],[78.8134071884394,25.79918710588129],[78.80831079610093,25.80094049427905],[78.80292662666459,25.79198801233364],[78.79786377831715,25.78835210561096],[78.7909137303562,25.775011392362035],[78.78602305670938,25.76920430934166],[78.78639003557093,25.765056796329464],[78.78294694759714,25.758161253187986],[78.77899422470142,25.757740450594877],[78.77410853490778,25.759546955541598],[78.77214660893738,25.75734308015484],[78.77353883593099,25.7553221168404],[78.7703796928421,25.748901460306737],[78.7587674478454,25.754507507662794],[78.7546249037436,25.750523337740884],[78.75292235643002,25.750938677750003],[78.75570135854181,25.730471089846784],[78.76332997769872,25.719929559562583],[78.77478190216328,25.717004315905655],[78.78363171896518,25.708719156632004],[78.79284536423692,25.70571429391379],[78.7999100246517,25.705068294455145],[78.7999810373732,25.702937986702207],[78.79511107708021,25.699780554130957],[78.79556642591123,25.696720760744086],[78.80453063418138,25.692279729541355],[78.80692233933654,25.68438610220245],[78.8125014925969,25.68104518039301],[78.81670253499,25.67632148970938],[78.81878279333785,25.66920467359998],[78.81569839726707,25.662329531266895],[78.81987294295257,25.648569869617155],[78.81612461642838,25.635813573853376],[78.8116854028057,25.632079016395096],[78.81176103915597,25.620782074519923],[78.79798395044426,25.616424346028538],[78.79672123895506,25.613819489659264],[78.7939394664389,25.61241877721374],[78.78235561359506,25.612709686985024],[78.77880780361869,25.61090651178798],[78.77396332673369,25.61204958045265],[78.76620943571379,25.61020243168458],[78.76101577110144,25.6068495332358],[78.75608797367718,25.606687533430904],[78.75032258618371,25.603035837294875],[78.74912994148998,25.59872103266659],[78.74425456794911,25.59849744311378],[78.74215266020292,25.596991678040872],[78.73531760378488,25.601004883135303],[78.73177823527723,25.60625206354299],[78.72457713514385,25.60215430542802],[78.72065754121749,25.6055419945552],[78.71733233197187,25.605327455163664],[78.71598207247169,25.603599688292444],[78.71634738765333,25.599523831153025],[78.70420143558002,25.597910493535526],[78.7001878868581,25.595069041391422],[78.69941880590571,25.59090353590646],[78.69508208017547,25.587832007628396],[78.68731368944856,25.58889163673509],[78.67886611307809,25.585302216767342],[78.67419938044846,25.576926912100088],[78.66677354428887,25.574036028087495],[78.65827982236054,25.55985079225363],[78.64629854764847,25.560748145921742],[78.62419601481739,25.567375247043326],[78.63079979547393,25.578929557357654],[78.6181392120491,25.583659491137897],[78.61596440871257,25.58352396778639],[78.61078434998349,25.57796746737255],[78.61169590643489,25.569865892754258],[78.60288817390744,25.569056847720486],[78.5979415828291,25.57050478590564],[78.59243491642566,25.563187327753038],[78.59113760362834,25.55833957798608],[78.58774466410527,25.55659648264715],[78.5822697818932,25.561374711414807],[78.56921677213143,25.564615327259933],[78.56675470194006,25.562560734463286],[78.56316200404726,25.562739822577928],[78.56063126304234,25.55904669679927],[78.54465747994891,25.561575165617874],[78.54248212145355,25.562950590644206],[78.54218688115226,25.565342570090742],[78.53673643670916,25.567776575859153],[78.53269292108766,25.57166012241583],[78.52870083850776,25.566832642193763],[78.52741602486928,25.568036834268838],[78.52405805406528,25.566919694494082],[78.51939759257465,25.57029242262606],[78.51281000225444,25.569285459656964],[78.50897516617175,25.572635967141732],[78.50672200099636,25.571537349681957],[78.50566002165063,25.573612649066234],[78.50180190572735,25.575026689215054],[78.49984700907402,25.574271185068085],[78.49766009195586,25.577786970265212],[78.494031977983,25.577627470520895],[78.49334131725995,25.578697714636146],[78.487105558409,25.57315106397593],[78.4863502486299,25.574356671316124],[78.48266580400049,25.572224581548994],[78.48332645380653,25.570797832351207],[78.4822718496293,25.571263508118108],[78.47864583322259,25.567407028188136],[78.47833005923054,25.564681168953403],[78.47537423992473,25.564656111529217],[78.4668562949248,25.559322206556928],[78.46567488007044,25.556366595195524],[78.46657311630281,25.553369137326314],[78.46983216552607,25.55347539966106],[78.46626798375362,25.551175833522993],[78.46469649345347,25.545507901076416],[78.4563001156643,25.54805829542929],[78.4509591012942,25.551757616250917],[78.44656534781475,25.559432655024786],[78.44762103536026,25.560718421415533],[78.44647699940488,25.561459244935246],[78.44937410662038,25.56329030826153],[78.44360198894877,25.563202792217588],[78.42831531374146,25.55043138361502],[78.42858223555173,25.546486597804005],[78.42616271406379,25.542669004880505],[78.42107216975785,25.539917473258335],[78.41935813209345,25.532840828322488],[78.42024025883784,25.52380908715899],[78.41905925720854,25.51813608426559],[78.42885021198414,25.511543234474573],[78.42853116632782,25.509931961309064],[78.42247821014558,25.510024306079124],[78.4205924451416,25.508124737276635],[78.41881717112095,25.50901439571334],[78.4191145853452,25.506270073395942],[78.41679034097294,25.501770849019664],[78.42868536663792,25.487850960989995],[78.42741109023773,25.484845471122057],[78.43130432579703,25.473628038485817],[78.4278078338779,25.471196523073427],[78.41648321775709,25.476476330050005],[78.41410923007425,25.469792419219228],[78.40385630049413,25.467100119948565],[78.40031053687999,25.463548644461014],[78.39712538397033,25.456278254994086],[78.39495761354415,25.44420450313167],[78.38530866355035,25.440585542708533],[78.380944271506,25.440346552849167],[78.37765839140184,25.436807974290694],[78.37642572766057,25.438645066167616],[78.36945670548418,25.438324421370645],[78.36218370868704,25.445978793335556],[78.36019469581586,25.451462443372552],[78.35454217085808,25.451976326160715],[78.34901023035411,25.44241086981357],[78.34991117770198,25.440958033672906],[78.34697475302318,25.435274949039893],[78.34179155827543,25.43097248726773],[78.33889873602385,25.431016894638308],[78.33939215725324,25.426377085345447],[78.3430916819013,25.420013866776387],[78.338836267179,25.40697329289671],[78.34090971809364,25.40282583337537],[78.34052802123448,25.399517351586056],[78.3313729604923,25.39074498191583],[78.32601196399702,25.389818000850536],[78.3223709933358,25.38740189900172],[78.31684498440765,25.378666092326164],[78.31178205611015,25.379160415365146],[78.30794038205153,25.381194266814237],[78.30530965316557,25.37674716175745],[78.3061104572239,25.37517682297039],[78.30079886447598,25.35992736857417],[78.30498116441898,25.36049819981206],[78.31605037513152,25.35754676723783],[78.31909162152587,25.354952668283964],[78.32759166400055,25.352599603424082],[78.33729764084522,25.336389799019656],[78.33754284498518,25.33024232986333],[78.34379095746793,25.328451979277744],[78.33870187651756,25.3240589930728],[78.33369649519548,25.322599769415692],[78.33054447664512,25.318996922758416],[78.32934744637616,25.31959685666702],[78.3249590495508,25.315970972306072],[78.322734272935,25.316322255590837],[78.31125925907266,25.305187109044926],[78.31173194988021,25.30329609583989],[78.31659361512989,25.301831264373217],[78.31969814693774,25.298826418767433],[78.32990713991731,25.29648740660415],[78.33396985972296,25.29240387203689],[78.35458367122756,25.292250326764254],[78.350108401026,25.277323111765547],[78.35708867819456,25.27313552629703],[78.36054369579534,25.272720659979637],[78.36637179737373,25.26672255778233],[78.3687645248117,25.261378604148675],[78.37251203386899,25.25990274966535],[78.35979790905655,25.24218426187385],[78.36738617768751,25.236845295286805],[78.37295912897913,25.237184095851273],[78.37475553946014,25.239224290748286],[78.37853705154757,25.238691639978907],[78.37713736314717,25.227831790579465],[78.38205460177358,25.222582295974686],[78.39672105495589,25.216902833116222],[78.39796171100828,25.21820715112523],[78.40250158355349,25.217588013976577],[78.40489252334403,25.214924532727935],[78.41094995762793,25.212657404726354],[78.39901165113257,25.208371730510862],[78.39828669632524,25.20537477969929],[78.39134040781377,25.201177896722413],[78.39156330858187,25.198902955810617],[78.3947430599217,25.197128738419433],[78.39527729341107,25.18790279158614],[78.39927503358064,25.18589357304586],[78.41663587206658,25.183520210590643],[78.41635567495302,25.17643384539261],[78.42474146250333,25.172138804567314],[78.42340114016682,25.169304660822977],[78.44336709926492,25.165469394400088],[78.44608161581405,25.168221444418727],[78.45155255621866,25.168918385641536],[78.45824535902157,25.164599778678006],[78.45758946669328,25.16276305071534],[78.4518643749285,25.15997215832486],[78.447852844721,25.152702574155967],[78.43205432024459,25.155160263446472],[78.4272978701726,25.15397934216175],[78.42691782621353,25.146473223676832],[78.44202882508725,25.13092663514701],[78.44794735647206,25.128102843861107],[78.44819387933885,25.125904578583597],[78.44569740187545,25.121283686375186],[78.4344375291338,25.120132985300742],[78.41543706313338,25.12841735442379],[78.40681994322773,25.12892494272069],[78.39972875825757,25.124105560486733],[78.38785746069249,25.105713513302963],[78.38345018217815,25.10171010513042],[78.367850693826,25.096573408325643],[78.36083682056413,25.095719749592792],[78.33863296854874,25.086570972844953],[78.33550220593463,25.08112655282977],[78.33548707471198,25.066551689618965],[78.34018249144695,25.04026932590359],[78.34737079597741,25.02152067784391],[78.34536180008276,25.012068400153783],[78.33591918861815,25.000416084952477],[78.33397455611528,24.994906474682196],[78.31864260132608,24.990771123644016],[78.31281083192634,24.98608348315771],[78.29459098933141,24.9630451448768],[78.28665728523607,24.95812505363063],[78.27914769734592,24.95606201033571],[78.271874903568,24.94947590157795],[78.26595115925963,24.94100375357659],[78.25600963696093,24.936513782968753],[78.25060885767498,24.93063959000438],[78.22380402252224,24.91529755309564],[78.2105865123673,24.894793353693316],[78.19017676485763,24.887494817782915],[78.17347383362114,24.879017863105393],[78.16905512494314,24.869322532497772],[78.16896864592736,24.862605870248334],[78.1732667225408,24.846679648108985],[78.1775047647438,24.843319959020288],[78.19346732877766,24.84250565555635],[78.19759618974102,24.83976835701101],[78.20102568440794,24.83413333860011],[78.20403183811575,24.8243908467213],[78.21667687709294,24.8085805728599],[78.23174305272893,24.777122382415598],[78.23574298209282,24.771734443513424],[78.23504876044798,24.763799471271472],[78.23177489441248,24.762348312036316],[78.22556817450139,24.753013165550243],[78.22614158172364,24.746897998497644],[78.25034378369925,24.71146177112513],[78.25752070567677,24.70415499321115],[78.26533465176833,24.679325150740322],[78.27669510168583,24.662978931418987],[78.27522202990991,24.658161576295186],[78.26404553430132,24.65108467261821],[78.2626720461645,24.645987378376994],[78.26531723702823,24.631400128375134],[78.27618100303528,24.619468163994505],[78.27798208834902,24.614743180049224],[78.27329669950754,24.595740554057787],[78.27289031245279,24.579399473148015],[78.26733009208536,24.575933324706604],[78.26481994495829,24.5674811402877],[78.26645573037831,24.559379678350126],[78.26446816379473,24.552187312130435],[78.25610276889971,24.547125134214248],[78.24350698544788,24.544184503881365],[78.22944188427967,24.53751846078957],[78.22573528180547,24.530524137652954],[78.22582073225024,24.520096638305937],[78.2332066104477,24.514065297908175],[78.24442340178494,24.511402650140983],[78.24601515717963,24.509523549749307],[78.24774270550587,24.50011559457761],[78.24405696640417,24.489031860751442],[78.24588914330818,24.48612339359325],[78.24957257463795,24.483566911569092],[78.2680142517007,24.479026570804677],[78.2749752079041,24.47391124697036],[78.2737895907309,24.46721718354553],[78.2641578569495,24.455685868324903],[78.26452006665522,24.453085969465487],[78.2696883538608,24.446923459223218],[78.3069951809978,24.423078999596534],[78.32189025003002,24.408779793938205],[78.34074796654524,24.40205489497014],[78.3438492545366,24.399121358332277],[78.3449102259726,24.393853591237995],[78.34889921475467,24.387421731977945],[78.35619910172153,24.38541401152781],[78.3657854328518,24.385961269932917],[78.36966970681786,24.37491981084988],[78.36232682288822,24.371411847124474],[78.35792647038474,24.367560785150946],[78.35693165717447,24.36280268277089],[78.34680229714986,24.35239594620941],[78.34328603510798,24.344603684712173],[78.33128204379904,24.33430371022181],[78.32908239216339,24.327112022198584],[78.33146297527702,24.323912109560844],[78.34368689482878,24.317292915851553],[78.34586988091925,24.313889725964376],[78.34559088664989,24.30622453408562],[78.34790263276159,24.29948427829174],[78.35816302734176,24.292295737639513],[78.36626986374182,24.291055115460917],[78.37033331208119,24.28402218057919],[78.37633169381324,24.284830387505952],[78.37927178002518,24.28296594455222],[78.3818665780964,24.27310234295227],[78.3877856035546,24.268064927068696],[78.38838624679796,24.26331611866979],[78.39176324032643,24.263084584230374],[78.39498577213503,24.268994423735716],[78.39665891309781,24.27015777196286],[78.3981262167913,24.26942179093729],[78.40001269056606,24.27200814982105],[78.4061924709001,24.27057158217211],[78.41360910561623,24.272650984421862],[78.41408343944245,24.277909876952847],[78.41861154226082,24.28504574657555],[78.42420146182987,24.28556767043905],[78.43108569202656,24.284016979367433],[78.43387501398433,24.28790724938267],[78.43393566194412,24.291256768993833],[78.4401535955249,24.296228896477945],[78.43761821112827,24.30856277360063],[78.43868909277847,24.312525768091753],[78.44589764623377,24.315881275304296],[78.44388965375727,24.319330999248756],[78.45526719502139,24.32405640264079],[78.45639299248151,24.32816372761692],[78.46366099105245,24.330114383092397],[78.47801443974875,24.33898479308537],[78.47421268592304,24.347758376803217],[78.47438695729151,24.356271942933677],[78.48578595751111,24.36932368923198],[78.49361810796192,24.381370656916378],[78.50201817423367,24.390307421166675],[78.51862086067098,24.387810333204833],[78.52582240547042,24.382983178934722],[78.52705074921353,24.3793204208246],[78.52982576909366,24.378897929926456],[78.52723132046708,24.375239753439143],[78.52990957023158,24.37237044633289],[78.52988317233864,24.36808650412896],[78.53837363877237,24.367936912061563],[78.5594524703703,24.356686115475608],[78.56330518921534,24.357969860967916],[78.5731879994237,24.350981191530597],[78.57515228437005,24.35542832382844],[78.57982344210077,24.35596695956794],[78.58610191853845,24.353707249174604],[78.58330410750123,24.350650330694112],[78.58430077393592,24.346339544451943],[78.58926980852328,24.33765561419063],[78.59597587405304,24.335327788894297],[78.59651848073915,24.331987420141765],[78.60104220067726,24.326539570324222],[78.60364541236946,24.314491652576756],[78.60961851191617,24.30849599694464],[78.61581784228574,24.309626700023966],[78.61821192797642,24.306963404615743],[78.61914271556141,24.31031748716408],[78.62341347620372,24.30709004573902],[78.62625559215076,24.30715324877247],[78.62851148730628,24.3038352536694],[78.62816158721492,24.30043614018003],[78.62001521416258,24.292879178913708],[78.62012770659237,24.290049533541158],[78.62457452086066,24.28643125710197],[78.62570364927386,24.280636789453798],[78.63154269862065,24.286405967178904],[78.63852805396553,24.285227237955485],[78.64565322579614,24.278518422798037],[78.64928137121004,24.271624678375357],[78.66020277671899,24.26744173523244],[78.66429577603789,24.25608824216585],[78.66388572116185,24.251677984602324],[78.66711815420153,24.244756593444208],[78.66663476266228,24.241948911999383],[78.66863295541735,24.240029803873725],[78.68252026202451,24.23822414769606],[78.69075464931348,24.234753934610033],[78.69565529605656,24.230016407627847],[78.70305720648686,24.226916080223603],[78.70870828425878,24.23430292079219],[78.72557081108695,24.236432630418335],[78.7236437954451,24.2399910794358],[78.72637767158693,24.242025192452715],[78.7278941310928,24.248217726382116],[78.73428352431523,24.252456875995478],[78.7412603995638,24.247332544964777],[78.74180967713924,24.24500724013247],[78.7389972657837,24.238075478771584],[78.74041715729481,24.23497768221218],[78.74180024572708,24.233517953982982],[78.744588946949,24.23436840942671],[78.74864693532803,24.233042632980546],[78.75972825443228,24.24418929000466],[78.75994775777194,24.25740728214976],[78.76193024707752,24.25945824663573],[78.76820464336717,24.25185184188641],[78.7684238870937,24.242864031149622],[78.76442655745424,24.23105191374199],[78.76735909691945,24.22686485410137],[78.76737458477328,24.220156653371667],[78.77134648131045,24.214539192177234],[78.77697022514486,24.211067017786174],[78.78109853813594,24.206013712590103],[78.78066512796079,24.19981085032723],[78.7818268454559,24.199382696258883],[78.78288743420957,24.189149526514036],[78.7854848014625,24.183463124646117],[78.78713885232717,24.182633487652595],[78.78936681886056,24.17707770370989],[78.80636707359145,24.17836848994087],[78.81233476797509,24.180741143101972],[78.8141978397384,24.184840812446538],[78.81204333742893,24.193132671935167],[78.81300266988045,24.204034970041995],[78.81514718921211,24.206997197363968],[78.8215910041711,24.204264068671865],[78.82405009465066,24.196243121581436],[78.82649150179387,24.195399759983577],[78.83833868678009,24.207614236365707],[78.84707859291034,24.213863895603872],[78.85250273198696,24.213878409189224],[78.86042300716713,24.20921171432111],[78.87582865255574,24.21348757164494],[78.88233586072599,24.217450901488174],[78.88801712638302,24.22701635170192],[78.88401135437645,24.24343937906776],[78.88457805657346,24.250463526651984],[78.90546208311217,24.26451836852752],[78.9105690019091,24.26664800467905],[78.91397629022221,24.26626803688387],[78.91674452333041,24.26902104706337],[78.91865997226462,24.2829739478683],[78.91160908571811,24.28799551249055],[78.90963697554734,24.297985903620912],[78.91888256491058,24.300222677189723],[78.92365276369802,24.306482504656483],[78.94124693508745,24.31527865617902],[78.96301040959433,24.344203701256053],[78.97145320513087,24.347597896997335],[78.9706427783192,24.35094783361392],[78.9724748303574,24.356183147131297],[78.96979321909713,24.369112907590498],[78.97430257227889,24.376148761483233],[78.97693091254452,24.388740914762412],[78.98435281498146,24.404770062885763],[78.9840469431188,24.410250388336227],[78.99245030171603,24.41890682968898],[78.99364689091216,24.422742871832604],[78.98576040047152,24.44167654684132],[78.96521615001093,24.43871971112954],[78.9609564655961,24.43953013887998],[78.95479628021333,24.437023617453995],[78.94743444272954,24.4365849087413],[78.9427196861648,24.444075969739963],[78.94177667610207,24.45106419860101],[78.93992378764084,24.45344389320234],[78.92827373524875,24.46018341890983],[78.92107844901189,24.46010444794306],[78.91511553007227,24.458192171530577],[78.91420855592713,24.459609790336426],[78.91485053694493,24.462286505358243],[78.91270127810179,24.465568774007394],[78.9122104125794,24.4734369962361],[78.91634156784002,24.482324234815614],[78.92057500348226,24.499711353681437],[78.92494575649715,24.49961970131373],[78.92718822094089,24.494513507179136],[78.93180411970522,24.491370124415948],[78.93714121292913,24.491043053494554],[78.93613891765088,24.489124951465882],[78.92823974569335,24.484649911354577],[78.92722250155046,24.482059135927685],[78.93774629115507,24.47881801628407],[78.9634674373766,24.48352775717111],[78.9701178747324,24.488629126041772],[78.97152068298175,24.49423482392745],[78.96561358176062,24.497908323322328],[78.9564583844745,24.498915611867183],[78.94725018029844,24.50240437748088],[78.94804666166367,24.515041495538497],[78.95138021086834,24.518744876626577],[78.94646927122871,24.525850803653643],[78.94367633085695,24.534514625605564],[78.94814270683891,24.544136481918542],[78.95320271471341,24.54689660771623],[78.94710520838127,24.5507094871089],[78.94833617700162,24.554252450582254],[78.94643775473527,24.557146807644394],[78.93500897895727,24.56075843277523],[78.93379138355654,24.563959336309516],[78.92919766150162,24.56572526829947],[78.92492145257715,24.574985766525536],[78.92342526265736,24.573501150949646],[78.92014322285105,24.574811158538477],[78.91260558326952,24.59074326815166],[78.91256400384827,24.600168530968794],[78.91112729228178,24.60012375346989],[78.9100221821243,24.60297232747896],[78.90204930699099,24.60616076775711],[78.90205948849642,24.60779039533844],[78.90059789808811,24.607217319198554],[78.8991427306341,24.614250390869046],[78.89699495850276,24.61479240732771],[78.8947839898912,24.62130192575326],[78.89618707841494,24.62572095017334],[78.89216793229046,24.62928298541509],[78.89146655556439,24.62845694936188],[78.88939765102343,24.62962181813908],[78.88998056062476,24.631138453990076],[78.88559196527171,24.634879947191827],[78.88642827164838,24.637190688035567],[78.88230196729033,24.640410655145818],[78.8832206635516,24.641290879139277],[78.87719543027737,24.642207428957956],[78.87703739236437,24.640808015652826],[78.87445937931423,24.64177405674762],[78.8680045249587,24.639986244535663],[78.86860225406728,24.636799410679373],[78.86622252345487,24.627428154005997],[78.85975463903618,24.617636680787765],[78.85716232031513,24.61755061155961],[78.8570930718848,24.618737804878318],[78.85554271535004,24.61784830233495],[78.85251956192377,24.624691107439933],[78.84872269583154,24.62212649668022],[78.84329066415685,24.623285539827958],[78.83774741925333,24.61579547270949],[78.83460076005194,24.604550194169462],[78.82636043939054,24.60459732559344],[78.8238235745703,24.60243878274408],[78.81677878488962,24.6009871448223],[78.8124286473122,24.602095780272883],[78.81143542052675,24.60391903926318],[78.80321511073659,24.603527011712963],[78.80319283700914,24.599279321102358],[78.79898940240244,24.594365968905137],[78.78377814166153,24.588552346376712],[78.7765606041551,24.588728261779885],[78.7693237762262,24.59415821202828],[78.75202907350814,24.600171165082962],[78.75456814548902,24.60380700736441],[78.75108909615777,24.617201687211466],[78.75481440065784,24.61995385143716],[78.75208189983671,24.621915206579175],[78.75270224672752,24.633999717221382],[78.75000787040705,24.64183827915452],[78.75196310752189,24.642399656132095],[78.7494794903401,24.646749062347663],[78.75063837634542,24.648555585806907],[78.74918668447326,24.648166219475034],[78.74863179422393,24.65112341955181],[78.74540132759641,24.65158988978852],[78.74392685085536,24.654051234941793],[78.74718413399071,24.656499669002468],[78.74677026576632,24.66267068065743],[78.75050439262081,24.664182884801143],[78.75406923195999,24.66860154893011],[78.76113849983386,24.67020000644525],[78.76520987760219,24.68086015252441],[78.76361759309987,24.690295294629067],[78.77115166187814,24.691403698233522],[78.77352149575108,24.69661083021357],[78.77793651774317,24.699475642624382],[78.78098512583132,24.70606794281458],[78.78113126016848,24.70892090548002],[78.77683838569882,24.71363067803453],[78.7732761892032,24.73116497876233],[78.77228289773903,24.74310369414259],[78.77659575523214,24.751822379309406],[78.77000158744744,24.758073217995765],[78.77134715504691,24.768826330939145],[78.77035353659598,24.774693780116596],[78.77289634467012,24.783195137313538],[78.77039645181205,24.788393486207237],[78.77429262755729,24.794616365713807],[78.78703066911582,24.80130059699305],[78.78983785137807,24.810971036084073],[78.7834149006899,24.816113012408014],[78.77593042789846,24.830710657228792],[78.77357273655319,24.840928486422875],[78.77476760637384,24.84974485745622],[78.77003550064606,24.859013107636887],[78.7621881201579,24.860009326827786],[78.75390255584723,24.868827404045554],[78.74675561783727,24.865213394797806],[78.72912408551518,24.87893965640824],[78.7221691498208,24.88165714732177],[78.71461652364535,24.879391347585557],[78.71088573672709,24.87965076628831],[78.7050320448412,24.887246230033913],[78.69668243783725,24.893177084111684],[78.68365337985591,24.894979153893576],[78.67655844980932,24.898624416771394],[78.66723984807473,24.913784751905112],[78.66339185257145,24.938435790588613],[78.65576362687669,24.940364863728696],[78.65186213939316,24.938370498078253],[78.65018942962175,24.94113776498423],[78.65275445662611,24.943823023964462],[78.65216125143333,24.947971330016966],[78.63613132363467,24.959266789200584],[78.63172952484355,24.957687213432116],[78.63163563652333,24.96160969964823],[78.6339431659431,24.963383598759844],[78.63299764059755,24.967112023769293],[78.63479509581921,24.967193199122462],[78.6400247379587,24.972076711935525],[78.63892578844744,24.975769100063708],[78.64139713015085,24.97777750345033],[78.64143235758473,24.98196180573865],[78.64400788769143,24.98428610337039],[78.64470425361483,25.003309380057228],[78.64706243544022,25.00611665417606],[78.64571735023608,25.018588444605257],[78.65335895633702,25.03144696987935],[78.6519139632019,25.039156728810127],[78.65261511265422,25.050585471604293],[78.63601831018202,25.07715990255135],[78.62814345112766,25.086192214586042],[78.6119803211387,25.087979011874197],[78.60216510107061,25.09492886181844],[78.60568230364862,25.10886781440025],[78.60312259556903,25.146859315411255],[78.59510896926116,25.167521478781307],[78.57054175214121,25.20518541711536],[78.57020100139101,25.223871882129675],[78.56818610625987,25.22473765589476],[78.5628088484613,25.221476577357294],[78.5557533310995,25.209207523825196],[78.55914272587046,25.220269863728863],[78.56779617634112,25.230808345022346],[78.56807444836498,25.240837845395287],[78.57800495911495,25.25328711434187],[78.56210722829181,25.264140799238778],[78.55956607221944,25.26372891534733],[78.55692914675468,25.265998073170387],[78.550371192754,25.26738956862557],[78.54506131399165,25.26532400563116],[78.53461573710555,25.268125314055357],[78.53197361848011,25.2764287741815],[78.53333042041051,25.2808890510775],[78.53173953368675,25.28398440202497],[78.51248915817092,25.276658717532623],[78.50808115741111,25.281696998116473],[78.50871401513889,25.2843830318254],[78.50344161409018,25.289582937195327],[78.48697395432156,25.280994252557292],[78.483639684668,25.27735872718765],[78.4728843542989,25.27373265153705],[78.46495154043399,25.2665880700035],[78.45048937313044,25.26210496536079],[78.43828550128087,25.27458176351092],[78.43658693170737,25.28269340456917],[78.43502884876283,25.284160950332097],[78.43892835456282,25.288654947646826],[78.44033696682722,25.295465345401595],[78.44518498756604,25.299304206113543],[78.45379070335913,25.301263434202045],[78.46708433764954,25.29075719752188],[78.47115510007193,25.290343846142832],[78.47294343380021,25.285499597345222],[78.47755382319691,25.289482061747165],[78.47692934225917,25.296627506660084],[78.47803319118199,25.298517943317844],[78.48434090957878,25.300896657818562],[78.49477472931443,25.313075325564032],[78.49828747984188,25.320068585669823],[78.50433951165769,25.32038000664922],[78.50237424125947,25.31422631135018],[78.50334526079281,25.301539421095306],[78.51038171770091,25.29534798429808],[78.52092329304982,25.2999055426692],[78.53299267183002,25.300942857499578],[78.53492175898687,25.310928151249836],[78.54163393216227,25.31263829410312],[78.55308183756426,25.319677208437508],[78.54878799830402,25.322856463355315],[78.54666800657283,25.32211513617917],[78.54364259208701,25.323706784634762],[78.53986053562055,25.327888634134155],[78.5375179260906,25.33969480719213],[78.54202415403347,25.34500539934678],[78.52962361132381,25.35337887054569],[78.53644067628336,25.35953583613978],[78.55238356451751,25.356028619632806],[78.55883302359143,25.34339374421062],[78.56221185147969,25.340912735743306],[78.56711415202123,25.340558242193776],[78.57029186598199,25.34292458797217],[78.5781887678968,25.343771462384346],[78.58498252337132,25.346820201120615],[78.58458333631357,25.35223630686096],[78.58811430287837,25.354764912565],[78.58914399677279,25.366667429680152],[78.58724940132954,25.372633885797686],[78.57778676282399,25.381671730625943],[78.56507034101939,25.37602508257452],[78.56189443716393,25.378357233547955],[78.56537421682552,25.384555800909553],[78.56649906296978,25.390753387868948],[78.57270518550122,25.39066093452583],[78.57285841832574,25.392430355688987],[78.57665534819837,25.390757193189653],[78.58070649141494,25.386425457042204],[78.58403962739463,25.38861551066854],[78.58598800677055,25.386657188793095],[78.59137418304323,25.38586868304],[78.5919898658811,25.387732951169532],[78.599476704835,25.392392440964038],[78.59900828641494,25.39671221487933],[78.6023274356256,25.39986746142413],[78.60199279791091,25.408935060652297],[78.60609722469857,25.41159414977651],[78.60777151730153,25.414943417816122],[78.61058924758186,25.416017954380987],[78.6136458650491,25.41431664995995],[78.62310333824178,25.41344155659622],[78.6253048889159,25.40174254038876],[78.63117471813756,25.399322042041437],[78.6351814091206,25.400673189372732],[78.63948753014742,25.405054872330435],[78.64480140371786,25.41461848590203],[78.64110794898619,25.433327582950707],[78.64333850626083,25.435393865777158],[78.65002125871236,25.436387876154253],[78.65405139123276,25.438703531577396],[78.65615318938447,25.437008210567257],[78.65818230933812,25.44102031791889],[78.66913251214011,25.439419769685173],[78.67647248373159,25.43491746556963],[78.68209850389695,25.433498235319608],[78.6891184587533,25.445681863223204],[78.6976612224079,25.441660987962337],[78.70221383396216,25.432739972027075],[78.71148549872318,25.428081441204778],[78.70565014684209,25.420402665230043],[78.67450458126962,25.399802795313985],[78.66785899481634,25.4087326201676],[78.66568649296354,25.41535426636611],[78.65852961329834,25.40874923888328],[78.65911677911748,25.405706249032878],[78.66289720693837,25.401737962085218],[78.6614545961354,25.396665070660873],[78.66478272490565,25.39327459634275],[78.6599664515273,25.38844177172801],[78.65892235853718,25.386108441508153],[78.66012420467433,25.38395073612581],[78.66272211271308,25.38219431587325],[78.67782556753504,25.380637132684914],[78.69469917238729,25.373747131204706],[78.69702872220961,25.38122948971205],[78.69976672431355,25.38192328593873],[78.70257968723469,25.3755035744703],[78.70518157840337,25.373267954307817],[78.70968679484326,25.372082971763664],[78.7147150733236,25.37298719849538],[78.71527549450012,25.37168698530294],[78.70861673515154,25.362063388964856],[78.70947361474488,25.351311604538633],[78.71664292170372,25.347014974506727],[78.72673782235401,25.343415653067623],[78.73155044318241,25.348729248807807],[78.73852864434438,25.34812833328861],[78.74030374499019,25.344863697451082],[78.74593760115975,25.346240350701105],[78.75277719856157,25.34590312118796],[78.75478305035277,25.35146297642014],[78.75996507818894,25.350440609568874],[78.77463096722924,25.353046797166805],[78.77455398250771,25.356052810536486],[78.76587418804301,25.36915844624619],[78.77371270305761,25.376119503177335],[78.7688661339963,25.379063435664655],[78.75985612152812,25.38165639863045],[78.75692113684867,25.385440841902042],[78.76134265096533,25.38593636674537],[78.76516896742585,25.390904199072963],[78.76798324548056,25.400028187260062],[78.76480622412087,25.401898893165153],[78.75676268032078,25.395059090379128],[78.75359844647917,25.39404092844553],[78.75253899948422,25.395172952920507],[78.74837291592871,25.391613132480423],[78.74688334030435,25.392670590477948],[78.74518148020196,25.400155354178516],[78.74768534091868,25.40445478468388],[78.74826219407838,25.409784718864802],[78.7566786761636,25.415067569344817],[78.76618588817524,25.414592068126794],[78.77494364113525,25.41986567528567],[78.7791686838178,25.419245643695948],[78.78251201028603,25.415671973442173],[78.7877861549647,25.419846844748985],[78.79580492772084,25.416443775524854],[78.79976909335666,25.419271382974127],[78.79812309858347,25.420841214601072],[78.79909588600125,25.422886288467335],[78.81973819027006,25.419903286858077],[78.8214168432954,25.42252625150395],[78.8104636535951,25.430348196825495],[78.80951214277478,25.434215837259387],[78.80513757730985,25.43511652706279],[78.80296416905695,25.437142054659223],[78.78514024005885,25.435773458970424],[78.78211936476018,25.434196345362448],[78.77847490144913,25.429170402112767],[78.77328778016529,25.426851404262507],[78.7706918151825,25.422805469831047],[78.76235810566419,25.426897490106647],[78.75798425166492,25.432080104650836],[78.75610930147865,25.438239570766125],[78.75775271000215,25.440249403307412],[78.75382779625265,25.4431708990308],[78.75231790522817,25.44678499913484],[78.74475360364897,25.449808989135267],[78.73775364349426,25.449354173807503],[78.73572688880473,25.45637862627172],[78.73213359892215,25.457590937802646],[78.73277875278953,25.484170452841667],[78.73804983780636,25.494831923716877],[78.74492714378884,25.499421248221434],[78.74759768690649,25.494363944279744],[78.74764708885724,25.484316854980385],[78.75719645880515,25.48068543490484],[78.75621389771707,25.478594897903353],[78.75820588221521,25.475531835296664],[78.76788729822168,25.469364862940957],[78.77103747702236,25.471903722326257],[78.77280877060804,25.47625150442763],[78.77492717411776,25.476108487176894],[78.77631749847966,25.478402301041204],[78.78680353997771,25.479496824834705],[78.79155944926391,25.48341737101358],[78.7967462507475,25.482761289486334],[78.80509952197947,25.475282278913717],[78.81830255937683,25.471650186960474],[78.81797139365072,25.467506634926362],[78.81046200338993,25.46141479468703],[78.80632951592774,25.454471045059798],[78.80916878421532,25.45345683780563],[78.81247800255052,25.45659975960319],[78.81426301161396,25.45614008628715],[78.8159257437975,25.46176016330307],[78.82060639133088,25.467787534039147],[78.83122894890437,25.46112926247238],[78.84089373978988,25.461542648695485],[78.83517852410336,25.454784423918785],[78.85488636577927,25.447648215117496],[78.85206814951037,25.44549028685617],[78.84825523681221,25.445945462338052],[78.84563123990098,25.44330907126571],[78.84183825363243,25.44381826288927],[78.8404568872706,25.4417011285411],[78.82576230963336,25.443348745673184],[78.82502711313344,25.442156914574205],[78.82339639241505,25.442607670296248],[78.82072377059582,25.438688959641865],[78.82432946261919,25.43419928208662],[78.82348574154815,25.43126969053234],[78.82803205321731,25.428187303269542],[78.83163220533034,25.43157034906334],[78.83755811278193,25.428033385186904],[78.84414884451071,25.42775061901631],[78.84806999252253,25.42973735741394],[78.84845125369877,25.436385896740777],[78.85644746077497,25.446759262489106],[78.8606979644076,25.44499503589153],[78.86387882247188,25.451237536125745],[78.86297862521722,25.456134596748925],[78.86546413335266,25.458933202721365],[78.86616964143074,25.46566733783858],[78.86030705173195,25.47125457690616],[78.86029616235406,25.479247973283336],[78.85743635678246,25.48423505582803],[78.85535772258864,25.48447401124191],[78.85564551765285,25.488369174157334],[78.85306918804555,25.49084213361924],[78.84008917179048,25.49331293722267],[78.84232053036239,25.49901848332331],[78.83281648940368,25.49950347649578],[78.83495789876788,25.505819439474045],[78.8415360855237,25.512537149114056],[78.85215980911038,25.513870836156986],[78.86647970393419,25.512049019184165],[78.86908089441698,25.513687600397738],[78.8710654543393,25.513195699636196],[78.87610899160306,25.51747005792725],[78.88438057992457,25.51557870826832],[78.88705771937136,25.526844153713895],[78.88644149484936,25.532427327455526],[78.87790509575852,25.53680574993425],[78.87429343622674,25.540949040277006],[78.87749254715925,25.549434351366603],[78.88264721770179,25.553961266039863],[78.89523552627213,25.555345840730894],[78.90005116005,25.55219923235847],[78.90564334696681,25.55123234853475],[78.91120206085951,25.555162314975792],[78.91242055906709,25.55351009155851],[78.9171070088189,25.552285752289084],[78.916452855629,25.545547332643718],[78.92099701852803,25.5372954310718],[78.92336446557724,25.53593611578878],[78.92794742851001,25.549795446977985],[78.93086841204742,25.550900185085787],[78.93309461518791,25.55533598749573],[78.93936476603952,25.557220046177875],[78.94412592418193,25.556270114835016],[78.94330354259046,25.55377906729043],[78.95178854097905,25.54878760821886],[78.94754484298302,25.54085953913893],[78.95284601257868,25.537530511026585],[78.94685146844948,25.529458930316668],[78.93642000499483,25.519791150915896],[78.92710068909962,25.524827246951144],[78.92247690133044,25.515906020232983],[78.91995402327917,25.515260993325814],[78.9271180265846,25.50739614124229],[78.93499006223402,25.505258386677315],[78.93300281365406,25.49935904610056],[78.93664124118469,25.495503107672622],[78.94117651884726,25.495031742350687],[78.94005678771022,25.493700745685246],[78.94223907041982,25.49213360175469],[78.9371901055351,25.489332913991976],[78.9269272334014,25.4919411182112],[78.92666788528729,25.490063590010767],[78.94390478231516,25.482925321962174],[78.93612674997034,25.46164303423707],[78.92398497057155,25.459489986487732],[78.92521697315279,25.457115468946107],[78.92351036365748,25.453834714519168],[78.91540948218942,25.446258920171726],[78.9089665978851,25.44507796898268],[78.90887138005822,25.44241948307606],[78.92165273927809,25.43242316257228],[78.93264152112826,25.430298013734554],[78.93151196960852,25.42756327423833],[78.93237013648768,25.42398822143158],[78.93826377735255,25.4222481765057],[78.94677575843735,25.435933857070857],[78.95039525577002,25.437340249329264],[78.95088444773103,25.4406123141509],[78.95348314898216,25.439013183370665],[78.95800247975178,25.44028355033502],[78.96029676620765,25.43715445998692],[78.96723073252836,25.43435864631833],[78.96974179054712,25.431660314535137],[78.97000348595905,25.423147567584497],[78.97633767141906,25.419956850286383],[78.96841868082976,25.404643012522133],[78.97203920493678,25.402980084689787],[78.97379490197248,25.397891890396327],[78.97329501916126,25.394182109303877],[78.9699278226593,25.39011309895152],[78.97503762235336,25.38640857717231],[78.98749916336575,25.38129486943456],[78.98610017115975,25.378140929505985],[78.98933064407547,25.37404025811137],[78.98160128065608,25.369536937827345],[78.97896328889107,25.36953880307866],[78.97523439741806,25.36606590687074],[78.96540164043901,25.370675951674194],[78.96353737571302,25.368903227983672],[78.9591972291982,25.37152817055887],[78.95181282064456,25.360672522002478],[78.95046668620816,25.36064609972624],[78.94492681178357,25.35041654337342],[78.93871111410957,25.346975458388716],[78.9269462947534,25.351678557000486],[78.923823244176,25.354830074437665],[78.9232486071601,25.358793205950633],[78.91452534591375,25.35762220292884],[78.90502798033593,25.359479439668736],[78.9013376319785,25.36161496063851],[78.89967992497064,25.368611309396705],[78.89657057459962,25.371856970028464],[78.89641692855004,25.374109284428304],[78.899075662415,25.37769271586531],[78.9125841827045,25.377116724319595],[78.91593420521488,25.381439919509315],[78.92102631438605,25.38001665600346],[78.9286080828076,25.380212779179],[78.92856746638034,25.37833508185411],[78.93829355740257,25.37482431046926],[78.94211857579751,25.382942574304415],[78.94540436786673,25.38560852511819],[78.94736649056821,25.38488096068332],[78.95103133665302,25.389690550359155],[78.95237218180904,25.388543437130625],[78.95754811816927,25.393681620139816],[78.95648533123811,25.397273712101043],[78.95375488755899,25.398085203548995],[78.95309733873732,25.400089490479232],[78.94423953321758,25.399280639285728],[78.94019526840115,25.400374690221966],[78.9359737282499,25.3951272712581],[78.93474149929322,25.395177430034106],[78.93506141990859,25.398973172195735],[78.93165791889274,25.399881714271906],[78.92968840485315,25.39589243195346],[78.91775288313512,25.396207749281242],[78.91376389255642,25.38425243134015],[78.88024132724998,25.38589102650679],[78.88144846715907,25.382257571929955],[78.87463677143002,25.379693895255844],[78.87177992041737,25.38094868666418],[78.86786033277922,25.37244037605323],[78.86287246950346,25.37117169456047],[78.86153634409595,25.369370686839158],[78.85833767243962,25.36440089810196],[78.85952513654907,25.363114638656292],[78.85700655873308,25.36291576356084],[78.85161268659331,25.35745356194757],[78.84574159164542,25.355552251858487],[78.84731246839625,25.350510901179135],[78.84359231483599,25.349462887399866],[78.84104049755787,25.344966826753378],[78.84129934890358,25.342642414798796],[78.84483091015309,25.34201576688077],[78.8499382260054,25.33493500361597],[78.84615568444868,25.326976787581728],[78.84715655769386,25.336776047007913],[78.84261226543742,25.336549316754716],[78.84207187489511,25.332613427445356],[78.8393605213141,25.331795765604003],[78.83444659657279,25.32321860903255],[78.8218955662901,25.316101108804286],[78.82128672771638,25.311506008288834],[78.81718647180658,25.308769213078445],[78.81929766633617,25.30693755891991],[78.81437127028379,25.308510756273606],[78.81033467348661,25.307809435430674],[78.79823513916065,25.313932952579567],[78.79337264656262,25.30995558169689],[78.78778032220356,25.296003516821308],[78.79117138604431,25.295888197243922],[78.79392514549664,25.291163969400355],[78.79881167162178,25.289167144330154],[78.80458762420133,25.292811786841174],[78.81715271132157,25.30667938569373],[78.82272883366616,25.306794331992936],[78.82856459158575,25.30273410851848],[78.82779557082044,25.301406907247717],[78.82098832714193,25.301350328567683],[78.8184472950371,25.29894812398646],[78.82042964151054,25.29609174855281],[78.81740333409932,25.291103060917393],[78.81807732478565,25.283123262052758],[78.81292582799102,25.280056393019436],[78.8137411622991,25.277619312838105],[78.81087785958609,25.275582475180688],[78.80945583367782,25.270530136462348],[78.81865114702958,25.26354890006839],[78.81808191248179,25.26258628262922],[78.8229041713349,25.256196775125858],[78.83273782752752,25.252516901814328],[78.83513805859303,25.24291100600573],[78.84279962076802,25.227688368705966],[78.849652134147,25.228782096600355],[78.85216764691125,25.230813666019948],[78.85213665772889,25.23731778330325],[78.85392247078447,25.24106889539453],[78.8573760861151,25.243971718891764],[78.85750934220432,25.24966336407206],[78.85563785771842,25.25253093965367],[78.85628734416039,25.256647427467012],[78.85993027045402,25.257699517484404],[78.86499737501924,25.264696140525647],[78.86660449430022,25.280385648135645],[78.8728049125296,25.280422006709337],[78.87497430890645,25.27837737663355],[78.8798848326261,25.28575381049186],[78.87176691460867,25.299453560667356],[78.87103397467679,25.30334745406027],[78.874420951183,25.308664420629057],[78.86405626309667,25.310205442772066],[78.86270517445148,25.31445922741447],[78.86502935234843,25.31702881595028],[78.86757209304895,25.325540011363497],[78.88125164178878,25.32492163588655],[78.88036799509491,25.332111833169954],[78.88200256509434,25.343634918404547],[78.88656716286943,25.34339094978782],[78.8926607884795,25.338642148234307],[78.89601346371491,25.33970238532657],[78.91184015935866,25.33255898005027],[78.91389209472389,25.33497319131152],[78.91619157613702,25.33494098338413],[78.92090814729865,25.343587709631453],[78.92254190971259,25.342896629831277],[78.93221407217337,25.335942363450492],[78.93005564871771,25.329502221184338],[78.92672223605695,25.32724206936493],[78.92793267907135,25.32412728952379],[78.93213463954268,25.324880335119627],[78.93276744965975,25.326876578222173],[78.93773725769657,25.327179247341984],[78.94631286285964,25.333896146555087],[78.94771339926967,25.34213277994189],[78.95318079941372,25.340469017447095],[78.95770420314484,25.345900959249107],[78.96061431706731,25.345082399987593],[78.96150719844229,25.34345245792503],[78.95726786266523,25.324940118267456],[78.95747543458133,25.31624685424043],[78.96028484286887,25.307366990993952],[78.95742622756501,25.30223662171263],[78.96386400584527,25.29935776615469],[78.96889829585152,25.292593352944515],[78.97560694044446,25.288134035190005],[78.97686855958231,25.282915404273695],[78.97992329957057,25.279045152772582],[78.97753852042626,25.276726838432733],[78.97352781846546,25.277158295364323],[78.95551161136903,25.282756981510346],[78.9486754796676,25.274175523333874],[78.95391431606403,25.26933874758155],[78.95459409818898,25.26135385489507],[78.94732279112287,25.261786316179165],[78.94514247841867,25.259417691113608],[78.93759319577276,25.259691782787385],[78.93292928205648,25.263300068837115],[78.92924921401915,25.269814615336657],[78.92014192837874,25.27358194608519],[78.91702446622071,25.273582802278998],[78.91233215945323,25.269232902357928],[78.90841219811591,25.256469290618693],[78.90384492246294,25.252471124862158],[78.90238927980013,25.245888917822747],[78.89975335775353,25.243127037288563],[78.8933814250853,25.244703164957638],[78.885808931769,25.25375077116525],[78.88092018321184,25.254008285215736],[78.87711329910755,25.245069738265517],[78.87175841924103,25.239219988253932],[78.8695305793701,25.231104310938935],[78.8703544782161,25.226423714290572],[78.87721707787905,25.223738223777065],[78.89058345774117,25.21442136191291],[78.88634573713503,25.209993791167754],[78.88679686478253,25.206035301525826],[78.88282735956064,25.19793801625766],[78.87398197414807,25.191361708969897],[78.87063369616595,25.187023978531087],[78.87265263820746,25.186486877781014],[78.87344132758588,25.18391405906909],[78.87285122158082,25.175703757143157],[78.8743441811588,25.172354552555788],[78.87994384116048,25.171099719294393],[78.87868396205933,25.166933620155106],[78.88039457354924,25.1576128896397],[78.88190711999368,25.156890656339435],[78.88770496182178,25.161002289648884],[78.89027886148622,25.16065452015219],[78.8980617752763,25.16861569925238],[78.90296239417165,25.170357147732386],[78.90281458267984,25.174581993603244],[78.90981409816854,25.17800197730972],[78.91189324080878,25.180836083877278],[78.91019072313959,25.183243282436916],[78.92150285447461,25.19797638362957],[78.92104748947395,25.200693686518175],[78.92521136856374,25.204452277643828],[78.9343187808666,25.211891998138913],[78.93528568162435,25.210695505665864],[78.94654046630824,25.21429256139694],[78.95156558451545,25.2128321378473],[78.95384692714636,25.21895601787509],[78.95778039645063,25.2171800179344],[78.96310982884177,25.211056504470015],[78.96497981314114,25.217175801619504],[78.97029326719834,25.216436884488516],[78.97599549863575,25.211937560366557],[78.98059934919553,25.21146043294539],[78.98059427461249,25.205506957014144],[78.99277074784588,25.196858700766082],[79.00587222890378,25.19504564799271],[79.00536451188495,25.207078614371902],[79.00612854340716,25.212188738298238],[79.00741867058053,25.211995625768022],[79.00102406353618,25.221049324103873],[79.00251073131395,25.227951912464672],[78.99923203234222,25.231510411587895],[79.0011849715665,25.233696612144126],[78.9993978478689,25.234381205155195],[78.99466074660981,25.232217135200603],[78.98288701596604,25.234252709369112],[78.98459881053716,25.239582102545672],[78.98061410761734,25.239941562772565],[78.97608052327911,25.23666322498088],[78.97471638480778,25.237291608773706],[78.97484299605885,25.240491595811427],[78.9799468219563,25.254522604842432],[78.98522195118854,25.25915430251634],[78.98682481964153,25.264136147486212],[78.99493327300914,25.26707730312027],[78.99437343304261,25.27316212282614],[79.01213225933539,25.27252986697556],[79.01322040301208,25.27404900378575],[79.02252073031885,25.26864696800003],[79.02093304878402,25.26456230691175],[79.02560072194976,25.261241630160185],[79.0242867579803,25.257205378453296],[79.01794896758105,25.249539249946526],[79.02134705175575,25.245646375026013],[79.02223408330157,25.241313972714302],[79.02479993136615,25.241135217786105],[79.02608416020139,25.242485609959637],[79.0284228422969,25.240862274622785],[79.03794912464369,25.243806709335274],[79.03993983443245,25.242941241990604],[79.0367883710409,25.236964945100436],[79.03347005097524,25.23406806088747],[79.06363762608783,25.222023396105943],[79.0630001402397,25.21213279992677],[79.06052290828295,25.209907461300332],[79.06190864944026,25.20692002199345],[79.06027437408827,25.20134041595639],[79.06237826980616,25.200546853776935],[79.06409901788572,25.201955846458745],[79.06427382824339,25.19973976026003],[79.06200189097348,25.19930542983139],[79.06093721758022,25.195445859594113],[79.06204449806742,25.193591194046046],[79.05962021730511,25.19067429462608],[79.0520172702024,25.187696137418456],[79.04854120417622,25.19372011807401],[79.05397346042972,25.201951293927134],[79.05228321105238,25.207709907928933],[79.04868214714935,25.206358450917513],[79.04445803871471,25.202004987942008],[79.04218429852601,25.196966508625028],[79.03094709207559,25.184926209537867],[79.03152579845974,25.180615992679563],[79.03464753570019,25.178252844773525],[79.0343428253592,25.17436179761794],[79.03999451847704,25.17116958715486],[79.03681337385022,25.166866119881938],[79.03179117876097,25.164263077846403],[79.036827038124,25.161571541158114],[79.03237704651454,25.15676178442098],[79.03340172331811,25.15271359701939],[79.0293618629415,25.143918323475766],[79.02937931720747,25.140555657520288],[79.03100252801008,25.138390143987536],[79.03528277216685,25.136916870760068],[79.05080438377043,25.13425340963581],[79.05280013580285,25.138434152776714],[79.05547727974123,25.139266010731014],[79.05559007580153,25.14159510706014],[79.06124607095131,25.14515903728398],[79.06298997131069,25.14825163193999],[79.06775983682314,25.14961676179373],[79.07024656487074,25.15573830353408],[79.07144034503496,25.17046687662309],[79.0738344657599,25.173902685266352],[79.07470771984423,25.173099545259397],[79.07673082198383,25.17455818438834],[79.08136093748585,25.1816099736351],[79.08857728652117,25.184613597280226],[79.08810527663661,25.187217886671917],[79.09058448309035,25.191073181778755],[79.09540327714137,25.182728508547612],[79.09456148654988,25.176892145805354],[79.09580191353187,25.174969522352207],[79.11019176196349,25.167623520529926],[79.11312823065975,25.164780169682828],[79.12594660136762,25.16129342889848],[79.11595692218319,25.139914438802506],[79.12121820119036,25.134516356103497],[79.13208648123172,25.127375595979668],[79.12871002579408,25.12514149173229],[79.123469429598,25.115418911615965],[79.1239751828996,25.111045125162725],[79.13095015192317,25.109420144120893],[79.14015593154627,25.108855283551975],[79.14386498911612,25.11513350795132],[79.15767599551802,25.111709841870667],[79.15931077392658,25.10771480422896],[79.1612694327243,25.109199373427554],[79.16225540112227,25.107641973306702],[79.16429330210784,25.109072254540692],[79.16579484778332,25.107464967995583],[79.16886885753276,25.108845366244857],[79.17315671041996,25.108094780264995],[79.17545378434815,25.109202574255296],[79.17790410277897,25.115581484137696],[79.18134013807946,25.116478448305575],[79.18599455570485,25.11493293746833],[79.18544715021852,25.120656608216112],[79.18728937657563,25.126379228480168],[79.17462236660322,25.128207477209557],[79.17726911604397,25.1377621078217],[79.17617914429567,25.140059934458613],[79.1773154143154,25.14164381097676],[79.18163922856007,25.141443644269003],[79.18315252599612,25.14335238145349],[79.1849469152677,25.141979551215865],[79.1863212666855,25.1440564338203],[79.19033771247422,25.1433133398242],[79.19224789638258,25.14624756117527],[79.19604496190081,25.142836870740844],[79.20430432684624,25.139916924004744],[79.2024550289512,25.132510828571835],[79.20523442632177,25.12914673668875],[79.20384381899059,25.12560871983301],[79.21359766166685,25.12066523378042],[79.21254639742583,25.113457481240626],[79.21714489851807,25.110705895756578],[79.21832162057336,25.113074888898364],[79.22248247323895,25.11495439054724],[79.22735156126782,25.12180748817485],[79.24038754885325,25.113073051429293],[79.244914322165,25.113678848597132],[79.24811921824795,25.115960213212663],[79.24329657671257,25.122323938409377],[79.24589070913215,25.133524828026157],[79.25464399656687,25.14362407457891],[79.26019029214906,25.14750142303739],[79.26046188160556,25.153157559173373],[79.26467902360515,25.15216681024019],[79.26649062459762,25.146130388610796],[79.26375385947382,25.140714084975922],[79.26886558874914,25.13842930673614],[79.2649965780581,25.13393200382654],[79.26415455390463,25.12829308173608],[79.26004031032754,25.12521718730842],[79.2683830838471,25.120811557581796],[79.27056007368306,25.120535118237036],[79.27286171823941,25.122542813097496],[79.2776357339685,25.12003144472552],[79.27809641070742,25.11750893851157],[79.28297520862621,25.117290587565364],[79.28811754080827,25.128085786533983],[79.2867631849904,25.131405937808196],[79.29241217507754,25.130529281920595],[79.29657464920224,25.1320065432404],[79.3069863416358,25.12927169004628],[79.31124020586593,25.135880815736712],[79.31364479555721,25.136091449909525],[79.31527437272025,25.147111430918535],[79.32319565850513,25.14976411614211],[79.31395827794697,25.1615264593201],[79.31003277490265,25.172846242820153],[79.3044196275953,25.178133416078797],[79.30874336458487,25.179073478236926],[79.31016220327045,25.182126492752467],[79.30847042945207,25.198215536073764],[79.30151502304047,25.201374861257044],[79.29901091438876,25.19157234082571],[79.29221243197921,25.184155957547592],[79.28467035921174,25.191069032841465],[79.28236804002059,25.19981310601759],[79.28199778590152,25.20990959965564],[79.2861565221363,25.22638598324749],[79.28324656991057,25.23880770376979],[79.27936515528212,25.244710334645372],[79.28500571468034,25.245941844119873],[79.29385370969884,25.240542683223016],[79.29946287028294,25.23975158282483],[79.30527090978609,25.232388624753224],[79.30812991495878,25.23198614151052],[79.30699968700766,25.224925361120157],[79.3105356940195,25.222957505558462],[79.32473339281184,25.21842537101122],[79.32869374060773,25.221341411293956],[79.32794159289843,25.21281426175534],[79.32951624257343,25.211479994053136],[79.32831298877623,25.209826596332142],[79.33845972671,25.197980763176282],[79.34934843983078,25.206527647508892],[79.35209522206831,25.212195131299783],[79.34798605217595,25.212989783002318],[79.34467131728657,25.217265272310346],[79.33533927675533,25.22387210804928],[79.33297179197685,25.22795423578319],[79.33451783480166,25.2296035353164],[79.33750115782651,25.22880792028161],[79.339027357765,25.226683704669696],[79.34386962299779,25.22727566073676],[79.34544821987015,25.23462560119603],[79.34515618745274,25.251780132336222],[79.34861442820878,25.256741266039374],[79.35086134919464,25.263922836086753],[79.3433501524218,25.268958554397024],[79.33801432133089,25.268081639700892],[79.3351776761239,25.269750759475386],[79.32850790792153,25.256885073661127],[79.32624519275633,25.255512153896298],[79.32203568194505,25.256824152032923],[79.32005099266534,25.25544674523363],[79.3165169314044,25.255959953030075],[79.31039016604518,25.25989320292181],[79.30991219673702,25.262623751401534],[79.30336116874719,25.269634860911953],[79.30291666617492,25.27429262873527],[79.29834589248225,25.280343100768306],[79.29532732136225,25.280860553071495],[79.2957232637052,25.282625524201265],[79.29379147621259,25.283585922807326],[79.29002822956981,25.28031885168649],[79.28783625493661,25.273702121844277],[79.28929143945862,25.27274613720386],[79.28257825028865,25.26206277960397],[79.27516675303764,25.26322238823227],[79.27354573771755,25.26061243108057],[79.26446992994299,25.26894696040823],[79.26282283293696,25.27339612670317],[79.26753376088195,25.284625093553814],[79.27052084605123,25.309718337488004],[79.27833321020957,25.32015469838154],[79.27895097444394,25.323978095304334],[79.28335162069655,25.323024017394747],[79.2880631469195,25.32471952881249],[79.29568187293016,25.323645129234844],[79.2991598568595,25.328779016199768],[79.2982732214707,25.33293999925497],[79.2998298500428,25.337657564337036],[79.30878663283883,25.333969856233278],[79.32694877574475,25.33474879600491],[79.33097758504674,25.331847869278434],[79.33902895137632,25.32923227885949],[79.34209315960769,25.329007325650345],[79.34444139169298,25.332320796868437],[79.35218446879345,25.329839804950417],[79.34695175711065,25.32197173637634],[79.34467706560606,25.323013862561844],[79.3413310621583,25.318928328648994],[79.33967472328459,25.311241287284897],[79.34153205211828,25.310262249573338],[79.34153292438243,25.30721560050522],[79.34658321428218,25.30508168897952],[79.34096401053318,25.299551281534022],[79.33614653161574,25.288099075152836],[79.35192993564927,25.283340622950316],[79.35830911143367,25.284239789621488],[79.35675106262512,25.278678831486832],[79.35852850967048,25.27679234772893],[79.35477688363423,25.268838776871338],[79.35527872746772,25.265905063879693],[79.36289841018416,25.26169925698507],[79.36992770751945,25.25997657177829],[79.37020957729604,25.265531798495257],[79.37389254868836,25.272505392127698],[79.37238846437387,25.272952235021986],[79.37312312727447,25.275051121910284],[79.36968782140599,25.277483831504053],[79.37002529061046,25.279776788851997],[79.36728992775683,25.28114423156186],[79.36860993109993,25.292441908265694],[79.38765902200836,25.285793107788347],[79.38664584903033,25.281518791619146],[79.38904337167526,25.279541642206034],[79.39205173344203,25.279572922608246],[79.3945691227869,25.28275476483458],[79.40761321407456,25.2739194297606],[79.40850329360411,25.26163768297116],[79.40678002485187,25.25805869337994],[79.40874002034276,25.256090306673677],[79.42589209394991,25.25354443438442],[79.4367224246621,25.254668745211205],[79.45012834387143,25.263076120861594],[79.4553787900946,25.269049428907223],[79.45742855782507,25.268524723836038],[79.46289598222363,25.271649526444737],[79.45988991385578,25.274670839394076],[79.45862262814514,25.279803565065336],[79.46115636503154,25.282523889181434],[79.46650092325544,25.279749319752096],[79.46721351095627,25.2833011063605],[79.47929243613294,25.278439211838037],[79.47844906450656,25.27299369645608],[79.48150013487687,25.270865631064837],[79.48185055868606,25.268590499952577],[79.48802883164707,25.266834668592903],[79.4945115454545,25.266865769486657],[79.49306739134583,25.262059897190323],[79.47634772808888,25.26508269909846],[79.47560970908238,25.260980325295023],[79.46247889264059,25.264658163838135],[79.46220987595909,25.256375829622307],[79.45705339081971,25.24864832328287],[79.45620018892915,25.247460995091163],[79.45340587862658,25.247888896531855],[79.450926051437,25.2438618368623],[79.44696049251418,25.244542073564872],[79.43284440566536,25.220573223885804],[79.43379358805247,25.21769394238985],[79.43556037928191,25.216949962804467],[79.44895289562723,25.21494220614256],[79.44042166723918,25.198865852677475],[79.43824988583522,25.196788588337828],[79.43008308150006,25.198825108064455],[79.42540516215018,25.19835334676454],[79.42123657858326,25.200364272335694],[79.41537836008662,25.19936799780229],[79.41222007309217,25.20025347062401],[79.41112402334268,25.196282556932378],[79.40843143287299,25.194737212954305],[79.4116540760727,25.190428675514227],[79.41180844167279,25.182642661743994],[79.40307832358589,25.176340580610173],[79.39344856250487,25.173183305312794],[79.39027695888466,25.170120733324936],[79.39249003674053,25.168921697914858],[79.39014618034896,25.166545731702268],[79.38397896295417,25.142794530601677],[79.3907638251074,25.141228910982814],[79.38764981876827,25.130344032148244],[79.39615488641863,25.128355294952375],[79.39330362921523,25.117208872194535],[79.40533943256338,25.106230769334037],[79.41195941253945,25.110297226391964],[79.41457258834475,25.10936898383099],[79.41964284689497,25.111087098070357],[79.42235116596696,25.116505008304273],[79.42625620808404,25.11905278029536],[79.4373563936059,25.109813904784286],[79.43737891526834,25.104537300465363],[79.44017624930018,25.101437549241627],[79.44146887379004,25.10390706639626],[79.44633138884596,25.104789214548955],[79.45229827115261,25.108835583152477],[79.45967626304018,25.119779067530445],[79.46972943874215,25.124638338215064],[79.47149866620266,25.12814586982576],[79.47724026990066,25.12748784816405],[79.46993197290611,25.10717931474471],[79.4682746036648,25.094319326359624],[79.46511883285147,25.088030921456156],[79.46878202334125,25.086948538047128],[79.47248928248392,25.08772113714342],[79.4753940478372,25.086083143816285],[79.47729321840015,25.08176383211893],[79.480911246089,25.081507073582955],[79.48270075391535,25.079683749484694],[79.49150789265644,25.079616926744006],[79.49529424666322,25.083467341150836],[79.50005768023824,25.083471528730474],[79.50348241563081,25.093652827865665],[79.50542869294897,25.09538769682342],[79.51015118760155,25.096858450186456],[79.51897594949185,25.094987399450762],[79.52041835727559,25.097504588764863],[79.52498167764634,25.097388366805934],[79.52588139160733,25.100390596139448],[79.5239121937747,25.107958784858692],[79.51877283052465,25.117921401710976],[79.52115066659012,25.125111733199677],[79.51802148860413,25.12681746799903],[79.52222996545453,25.127948859370015],[79.52331777855123,25.13155603454698],[79.52886129564423,25.1313070383694],[79.53318305364522,25.13374722602745],[79.53188099414992,25.13697663091741],[79.5334876328322,25.13749830387235],[79.5319959452686,25.139123287229182],[79.5337490434782,25.13949802196243],[79.53487754666395,25.142234071691274],[79.53887536049538,25.140598033404256],[79.54179927254063,25.143154460350193],[79.54630816937822,25.148735872417255],[79.5516169045852,25.160948188912144],[79.55565783305869,25.162651801770696],[79.56014195525907,25.16761327383712],[79.56039033135028,25.16997519952728],[79.56472488405586,25.170694776461442],[79.56852535957891,25.169094940091703],[79.56919323722974,25.171824951379204],[79.5753937668502,25.170035253256433],[79.5773598762749,25.164890332884813],[79.57604677289146,25.161856713522084],[79.57817004976165,25.160264127753774],[79.57712913501102,25.158855435972015],[79.58150099924191,25.15114749395945],[79.58945611917362,25.14848208026966],[79.59373066621487,25.148586918149174],[79.59340400733649,25.145910219324218],[79.59594857071872,25.143297305998352],[79.59952871285878,25.143668115635617],[79.60299867393432,25.149884072710698],[79.60648453788532,25.15240775365967],[79.60600402095501,25.14909464378347],[79.60758591194953,25.148684091885055],[79.60529073436493,25.14380898218009],[79.6024596290683,25.14166453479601],[79.60253455215626,25.138662937883087],[79.6001496831804,25.13770563595932],[79.59914444412297,25.131232743779215],[79.6001318794698,25.127807038419032],[79.6082631266894,25.12811970192761],[79.61466865365435,25.132670165127415],[79.62142178102351,25.135058248906965],[79.62151092354412,25.140388993592822],[79.62267613818062,25.14052890920484],[79.62902294946194,25.133979595006945],[79.6364404321877,25.131555396125087],[79.63599535738862,25.130383256033625],[79.64146268566746,25.126898185522784],[79.64945049259742,25.129752929947983],[79.65972255000491,25.124989038243406],[79.67061431649934,25.122593929646683],[79.67311224114867,25.120462696748056],[79.67630567383027,25.12450947128699],[79.67825848010392,25.13177685512715],[79.68327786526298,25.13515576928514],[79.6879771465503,25.132675811653097],[79.69280688657308,25.13323799220356],[79.71166517801008,25.128773264956752],[79.71377313770635,25.129783104566812],[79.71717367338344,25.128769947527143],[79.73556077150451,25.131294286170423],[79.73977407051132,25.135348928758255],[79.74850031416442,25.13967515734274],[79.76199323880229,25.13427874344351],[79.76364819696538,25.130055162959387],[79.76733787338298,25.129128150517538],[79.7726216345268,25.125110206599523],[79.80487529086689,25.113100145757805],[79.8083323108124,25.110036951942643],[79.82396863009126,25.108255917059545],[79.8265670456781,25.106270696454466],[79.82870129546947,25.09932932070656],[79.84504068659531,25.094039089775173],[79.86153151032184,25.09621722017744],[79.85426862226659,25.103388624267545],[79.85249402737229,25.102882863520964],[79.85325197999492,25.10583497815465],[79.84983112622271,25.10759920204929],[79.85038580177466,25.110235303319833],[79.8480062139944,25.110541881884373],[79.8468300318266,25.11598514900422],[79.85179157266785,25.121718511055636],[79.852767611987,25.125641097934384],[79.85161675512367,25.128556734777472],[79.8661433136668,25.141065941587744],[79.86881598758832,25.140542475282377],[79.87491012523812,25.143386334080404],[79.87973491913695,25.141449921440294],[79.88152998573828,25.142054696387273],[79.87340270458068,25.149010319930028],[79.86914293752082,25.147674165450393],[79.8664550757828,25.149827050258136],[79.86560134298789,25.161057005049937],[79.87012886279966,25.172273784604297],[79.86314988818826,25.177103006731752],[79.86543623443531,25.180050605436808],[79.86507355131744,25.188003713980205],[79.85892674184927,25.193536852533455],[79.85599978092198,25.193996846022134],[79.86177794156049,25.204807831405198],[79.86348889261353,25.212494750245572],[79.86585062637756,25.211781738452665],[79.86704126872651,25.213555743103683],[79.86575609216865,25.215302367440163],[79.86857921862888,25.216494213866042],[79.86033220102705,25.22221236597387],[79.85274492233955,25.225100062806575],[79.85115171616573,25.22702261725306],[79.8513684401179,25.235616599426965],[79.85731855357315,25.234728318049335],[79.86452388836479,25.236353991837163],[79.86808673524068,25.240782092460005],[79.87235464013868,25.242736657363377],[79.8778834140813,25.25103277991365],[79.89292008455176,25.241517104472724],[79.89630988356458,25.24255483639314],[79.9020761783565,25.2407981256466],[79.90502606608648,25.249025984959918],[79.90748819646498,25.250898638748577],[79.91652388907218,25.244631481057088],[79.91846673392766,25.237531014663645],[79.91753500490823,25.22678881333385],[79.92202272306466,25.231847244258567],[79.92313839830821,25.24232762114435],[79.9276030504231,25.24963371312651],[79.93658504892915,25.247472784507078],[79.93657337711868,25.25371218739602],[79.93879918859368,25.257999255841995],[79.94833028591042,25.2686605782976],[79.95324683373238,25.264532618171767],[79.9604935036035,25.26423077478956],[79.96848173992817,25.266545973540925],[79.98077780767197,25.26184362823249],[79.98666473452846,25.267391134061658],[79.99707719951316,25.265934099131144],[79.99773865690463,25.26715671242133],[80.00481639050173,25.267235037155736],[80.00451489972271,25.269634679756884],[80.00704605574931,25.272618055670865],[80.00146764180244,25.273981023539267],[80.00130145976308,25.276350547983476],[79.99856990127469,25.277591705158535],[79.9987354580866,25.285569677296436],[80.00206820419741,25.288957733375327],[80.00455153930818,25.287892326475582],[80.00800309031031,25.29187612229349],[80.0105916639549,25.292480699017805],[80.0121849967912,25.2955624912105],[80.01915776224735,25.298989074621346],[80.02231660440063,25.29760788577287],[80.02265682514481,25.30343520129056],[80.02094217393109,25.305343240761207],[80.0242660842128,25.3118180855126],[80.01898068005035,25.317038816997993],[80.01854245939688,25.321382768219394],[80.01955772185626,25.324558841653808],[80.022616121581,25.32540051962109],[80.02461793813988,25.32781902361023],[80.02420185287333,25.329556416625085],[80.02653027171675,25.330557808764958],[80.02597809707451,25.334764077928178],[80.02759471693793,25.334643333468996],[80.02762031353362,25.336836890310888],[80.03347951299055,25.34206063483671],[80.03799161232214,25.3388746398008],[80.03929983336198,25.33957722345303],[80.04218891862196,25.33810746091513],[80.06152794168662,25.34026342332358],[80.0649262234907,25.33821347170871],[80.06717308967934,25.33941952914809],[80.07164110688329,25.338380843736473],[80.0726598916369,25.33684434440297],[80.08191745644119,25.344409981870683],[80.08897202518206,25.35580866240135],[80.10115779328372,25.350857203623683],[80.10355947153515,25.35142222537445],[80.10531840250586,25.348554681274567],[80.10681841924877,25.348816674143222],[80.11739873085104,25.34152825372921],[80.11886384984176,25.343297658083873],[80.1266120949501,25.340269225838323],[80.13112652720646,25.334238993121065],[80.14180680872344,25.35066768722122],[80.14876707052917,25.357058006494356],[80.15811133623312,25.359055789511167],[80.1634094030478,25.363140432115767],[80.16724818093795,25.363902699576155],[80.1689917138864,25.376868070331636],[80.1821326525448,25.376809497837264],[80.18903481760613,25.379253061751992],[80.19489177396979,25.37804532307226],[80.19657787941874,25.381176934959893],[80.19590278470294,25.39910959278846],[80.19729021379462,25.40084212950086],[80.19588456237739,25.401921538776215],[80.20240207242732,25.414046185483503],[80.20758865831527,25.41136687669821],[80.20550334604562,25.406827397966836],[80.20620742490408,25.404475462049454],[80.22057810418583,25.39794154814315],[80.22085096565675,25.396753119442685],[80.23206138254879,25.402644673783023],[80.2362304889352,25.407904398931393],[80.242945030968,25.403579764206288],[80.25354350291208,25.400848965359657],[80.25556747012928,25.40438925359192],[80.25554249786269,25.409584314024666],[80.26130113182187,25.41608390187964],[80.26387319622816,25.424061295244666],[80.26803493642926,25.422110058004225],[80.2800039428495,25.42076883172041],[80.28509218746834,25.41547318572065],[80.28570719117982,25.417184193968488],[80.28847551591615,25.41704143839248],[80.31544085665395,25.3888815117971],[80.31658406166768,25.37762517119806],[80.32034025384051,25.366062896245843],[80.31130173513341,25.360575206822865],[80.30958130236253,25.35437279191374],[80.31241295742808,25.344078578001636],[80.31822147393667,25.33927401376762],[80.32269951813583,25.332099107698166],[80.31887493183052,25.322235475765993],[80.32139204539261,25.312333603131528],[80.31853519887153,25.305074643051178],[80.31120004045336,25.2982379959355],[80.31082887184932,25.286416684756738],[80.31323291446661,25.284016487854043],[80.31865964608113,25.2827097530679],[80.32022947449799,25.280277517034666],[80.32554207964725,25.278239279737633],[80.3482433396152,25.27845746249374],[80.35145542940694,25.277167139731663],[80.35499587229968,25.270934375849134],[80.356838802936,25.26180807243767],[80.36643564794835,25.250421470820772],[80.36924816350846,25.249679349774997],[80.36965521531654,25.247639202837963],[80.38360532404354,25.237298403491017],[80.3886969148868,25.237514715335905],[80.39628624352977,25.246437347674565],[80.40015729609144,25.24635101036248],[80.40337271414134,25.244043983324854],[80.4107762729802,25.22408760024098],[80.40776269020499,25.2180309498606],[80.41211764275232,25.2132499906476],[80.41461082070369,25.20565738521115],[80.42211399911429,25.197422316866557],[80.43169421810738,25.177626569005557],[80.42821859135738,25.16954382645722],[80.41991850308517,25.163191239416008],[80.4099051353267,25.1629726880205],[80.39023010192155,25.158403493673134],[80.38510686073589,25.155623455023314],[80.37658177682435,25.145838027560696],[80.3749056902858,25.14553560348204],[80.37350728737458,25.147404257304764],[80.36228064241696,25.144374936722937],[80.35784775023892,25.14250578113009],[80.35458559643806,25.138366275661717],[80.35387693078177,25.13596036432789],[80.35643604238001,25.132169212430153],[80.35232091845397,25.130778384597022],[80.35536562515884,25.128499420149577],[80.35474619095636,25.126427538316623],[80.36976943071502,25.11750984704563],[80.37390910829275,25.116544033288513],[80.37573849233456,25.117568664241816],[80.376110303234,25.116368015292647],[80.37476180802507,25.108712737639927],[80.37011205624921,25.102280560408236],[80.37050374866254,25.09972580650882],[80.36243896419758,25.09756771575924],[80.36002042995814,25.09393391872432],[80.35658126941875,25.094920988571463],[80.35406282185846,25.091563439417637],[80.35260044632263,25.0924930431199],[80.35136644498986,25.09135989582252],[80.3503705546996,25.089355627336776],[80.35214505347416,25.089067046912945],[80.35163965321047,25.08816873048934],[80.34845789413599,25.086660582467793],[80.34841905637302,25.08282389794338],[80.35156659861832,25.081231103525198],[80.34581126506951,25.06491284998011],[80.34911218746306,25.06243092584827],[80.35600042324762,25.061574409583734],[80.35418709389657,25.059384982249213],[80.356268633242,25.057408252374188],[80.35545128131781,25.05567937094357],[80.35064028733835,25.053069671769247],[80.34461424288541,25.055736141907893],[80.3437327907758,25.053442964479355],[80.34064546979052,25.05448493507146],[80.34050062812905,25.058619499733233],[80.33677904445086,25.059074447602548],[80.33421802033935,25.05636549367231],[80.33155999704184,25.047946562159442],[80.32121828426722,25.049929148686942],[80.31142521755235,25.04424237925973],[80.30718748257317,25.046862965897795],[80.30467310438115,25.050869993078894],[80.30292384916433,25.05110836999483],[80.30369646049581,25.05175421534605],[80.30074224737774,25.053436375989456],[80.29694182844855,25.0531951675171],[80.29056524071048,25.05954699042515],[80.2849251430463,25.05396914898026],[80.28552281017112,25.049744641133135],[80.28811645031394,25.04661365409823],[80.28789944429077,25.03812765600404],[80.2736503349147,25.025980991504085],[80.29240247333293,25.016707912410876],[80.29977911325597,25.01559247067681],[80.30023650395762,25.012834786198685],[80.30612804456139,25.009488454487073],[80.30828470013255,25.005851346967376],[80.31340746161786,25.00352448475334],[80.32065910905399,25.002841272542668],[80.32316238137416,24.997743399732446],[80.33101962177086,24.992207534574014],[80.3416975550917,25.011247792717548],[80.34169201607965,25.013450516612014],[80.34521812814863,25.01675537903884],[80.35202428666231,25.01751946955986],[80.35352099760496,25.013385083186158],[80.35743451353012,25.011580116648773],[80.36298123042218,25.023618959558096],[80.36924057094771,25.019877610651847],[80.37177943990932,25.020861563633453],[80.37749114138647,25.01955262722246],[80.37591084130831,25.01467323827348],[80.37852102931701,25.004359226460398],[80.38734256715377,25.004322715559272],[80.3939110646809,25.008366429532153],[80.39646760530081,25.011954559716695],[80.39146478238067,25.013092630457],[80.39093021381971,25.016162055452956],[80.38514952801692,25.01827045027278],[80.38696315650698,25.023957688676035],[80.37787912285937,25.027025330476935],[80.38332282903951,25.03527393113717],[80.38526499926019,25.03589221211007],[80.38764631450076,25.032485990478364],[80.3898626469529,25.035566869015035],[80.3853893835877,25.04184134814663],[80.37828437983352,25.040437836216302],[80.37051551389783,25.042672057036278],[80.37485583019426,25.048950800884498],[80.37267559474519,25.053342652729132],[80.37360713601673,25.055915512006504],[80.38100009653185,25.051871130855627],[80.3880312057691,25.050922847764127],[80.38849248797254,25.05503484344743],[80.39218954135526,25.058478484584672],[80.39229933075433,25.063822755567703],[80.39956424630718,25.064363439175462],[80.40065061940447,25.069581157676726],[80.40232480151465,25.06575772795422],[80.40532839322724,25.06772967608175],[80.40659600233141,25.063712184700957],[80.40414748412445,25.061681478411234],[80.40873443917033,25.0552529588181],[80.41451285493035,25.05732339410569],[80.41408722775887,25.05896199510874],[80.41684874596028,25.063028154525718],[80.41814425853379,25.06903559378986],[80.41620202632937,25.070268383213886],[80.41605433611015,25.07318430119849],[80.42313950506285,25.068686538904497],[80.42838207395928,25.0673442050692],[80.42891654101064,25.065655875344614],[80.43305947857452,25.065767189005236],[80.4372983481259,25.069349418975804],[80.43959097269847,25.07515313226736],[80.44324297826464,25.07415850358568],[80.44403313010034,25.07797676973117],[80.44967349097091,25.078502191450713],[80.44998369271323,25.07518443913096],[80.45273398556687,25.074745212305896],[80.44644275035722,25.071132815994243],[80.45149139005181,25.068981798151352],[80.45145742834418,25.062215708766253],[80.45708261936453,25.0633186198936],[80.46187788294502,25.067951546047443],[80.46359757101253,25.068036305007215],[80.4685426475313,25.06061271125403],[80.46976617540615,25.04720158689256],[80.47273816259042,25.046035135483667],[80.47001664906355,25.044330679429063],[80.47156101203875,25.04240232162852],[80.47416746036089,25.042766240149973],[80.4751742840465,25.037949389571985],[80.48176382191424,25.03802610110982],[80.48359953189228,25.040904564908946],[80.48652241895977,25.040541322081765],[80.48884390550411,25.043491577839173],[80.5019036499356,25.03725800363324],[80.49561278123856,25.029105449862023],[80.4897491764435,25.031344360282908],[80.48809340620338,25.030194605198133],[80.48487631010055,25.03368161817713],[80.48273874642409,25.031114834843745],[80.47842488371616,25.032607407507168],[80.47438052008503,25.03053831706116],[80.46466916412844,25.035757813978087],[80.46320062614973,25.03981655375508],[80.45638283445314,25.039346445723396],[80.45447720590158,25.042231756551494],[80.45054186720321,25.040062658833072],[80.44897652227795,25.040559948567868],[80.44769608612984,25.03693601745018],[80.44587805499657,25.037370203378778],[80.44142184614704,25.0334181668749],[80.43311878714619,25.023744057281807],[80.43555008285256,25.02156295331525],[80.43940491902673,25.023001258170908],[80.44413962717391,25.020859640123444],[80.44749438470414,25.014227331855594],[80.45247327470848,25.0151546983257],[80.45319542317888,25.01347068741359],[80.45127125250153,25.009914813222895],[80.4548993476098,25.00573768964169],[80.4538674106221,25.003133778990364],[80.44341694959581,25.00414093023673],[80.44291051087967,25.001938431796226],[80.4368130880909,25.001489663032352],[80.43567213784851,24.998269006492297],[80.43720709995426,24.99741529971942],[80.43705212260149,24.994531114169714],[80.44478818745284,24.994432893943458],[80.44757096698044,25.00156794747888],[80.4519034930867,24.999448806483226],[80.45629480853846,25.003901595841338],[80.46243565229481,25.002498904611773],[80.46415403870348,24.99517202942508],[80.4559447206992,24.991263167632727],[80.45945663669174,24.984833624607592],[80.45617110693054,24.981644135950503],[80.46526900876951,24.975775541260546],[80.47152785611992,24.975162316637658],[80.47646604076381,24.97646811859945],[80.47893000729874,24.973992884415857],[80.4783600819465,24.97934665578265],[80.48041602918784,24.98600757865055],[80.48831367221271,24.98989265818717],[80.49261204616855,24.98938840436306],[80.49753125929193,24.99565856415934],[80.49664788388931,24.998877602998444],[80.49839776523183,25.000406351820146],[80.49778877394455,25.005433466151068],[80.49932907743296,25.006223666394472],[80.50082174505854,25.00447809868903],[80.50546690015504,25.005407266327325],[80.50964949564379,25.00314017071988],[80.514746380259,25.002968037606983],[80.51764385039385,25.008792955795435],[80.52361439782689,25.006589955420772],[80.52505822315212,25.003566710245774],[80.53086501669198,25.001259486638236],[80.53862696110839,25.000442747462145],[80.54373187666225,25.002905676825428],[80.54950247977429,25.002475439651533],[80.5434142916666,25.01134627221664],[80.54439826041475,25.014064112736882],[80.54139465702404,25.016684934518718],[80.54169524230126,25.019050322614518],[80.54395860155851,25.019809907096604],[80.54747752710522,25.024934942416],[80.54818285192697,25.029936572210268],[80.54609556516034,25.03242706077419],[80.54084401939927,25.03246024978914],[80.53232850164721,25.037925798721574],[80.51513785078846,25.041908626099207],[80.51418029520462,25.043370365283167],[80.50059629307503,25.04157205772884],[80.50321858498384,25.045298099915144],[80.50068416268287,25.047814656172616],[80.50099265672785,25.051471055798196],[80.50647559772635,25.053854322850718],[80.50914181365926,25.05876740564203],[80.50186047061482,25.070700341209296],[80.4988472175213,25.070819657713557],[80.49644142588419,25.072957087602926],[80.50340931618331,25.07306231573463],[80.50674407811363,25.08401084499657],[80.50049582549366,25.08724654462025],[80.49260774323834,25.088188272318202],[80.48861039922579,25.090949243469492],[80.4868996700566,25.090187710343052],[80.48503275170727,25.09209839850689],[80.48079057905059,25.092950031590785],[80.47952429585978,25.0960337943593],[80.48161598796457,25.09593302124935],[80.48068152627005,25.09868705505463],[80.48274991697467,25.100220249281108],[80.48520654157878,25.097948060112287],[80.4876312885667,25.098839975753826],[80.48794161876813,25.096718291766646],[80.48963853094993,25.09849992339694],[80.49237429714712,25.098023865267162],[80.49313425840275,25.099634666520238],[80.49782532998672,25.09646226096989],[80.49975398505394,25.100304122792092],[80.50485048429191,25.099581668531947],[80.51815920129594,25.094712618244536],[80.52094180655035,25.091165775994916],[80.51926038671392,25.08220586755038],[80.52150563324011,25.076213226040867],[80.53344422270483,25.070163722260816],[80.54030831267286,25.07190574273259],[80.54406075887093,25.06825614587019],[80.54537169821282,25.06445325708995],[80.55225572449193,25.062830412603525],[80.56472756828235,25.07045791690457],[80.56766114081016,25.07335889151767],[80.5681901083753,25.07736681380856],[80.56669514465588,25.078043778061588],[80.56838478138219,25.086913867625622],[80.57586125647269,25.08150461892384],[80.58276013729335,25.082111636643024],[80.59538933717543,25.07941106316797],[80.59622760906596,25.076441191909964],[80.59730771641411,25.07784066599015],[80.59993028949562,25.073828434604987],[80.60354844294864,25.071924228569117],[80.60429228483481,25.069094221919993],[80.61320797419816,25.065682873577146],[80.61455087110627,25.06655865170967],[80.61402528479984,25.069975516863884],[80.61125915913934,25.077445512798825],[80.60941532389954,25.07887165829208],[80.6100148900629,25.079945994827572],[80.60625311755553,25.080171224871417],[80.60669327048518,25.086738773507864],[80.60283740394338,25.085302849265403],[80.59819779414708,25.087292604939055],[80.59792580673694,25.084430845185196],[80.59976506056879,25.082210424549665],[80.59810037365116,25.079321326194332],[80.59604344994116,25.079844515264895],[80.59697969748645,25.08194810595141],[80.59236326781776,25.09019823769954],[80.59774640508988,25.088908436976304],[80.59791240117795,25.09117552795889],[80.5937351641399,25.09451367222448],[80.59626698581812,25.09924459236129],[80.59362463722398,25.100408579008697],[80.59235491438396,25.10320680603517],[80.59513537985136,25.105197967399732],[80.5975624768321,25.114004726853327],[80.60721427718029,25.1179151550518],[80.60550322012602,25.122112681877407],[80.6017995030405,25.123105137882316],[80.60067356903645,25.12561457326735],[80.59679587972144,25.127920362950356],[80.59502600547393,25.127206836069544],[80.5977003044478,25.141263058557925],[80.59682208447657,25.143655150043852],[80.60114490248962,25.150015746701516],[80.60657000186524,25.15036863115794],[80.60862804128284,25.150003279433943],[80.60958563639255,25.145823702560342],[80.6127099526962,25.14320155920362],[80.61036526087143,25.136358552164292],[80.61133019072547,25.127931449862285],[80.61599201046882,25.128265984269614],[80.62228259799316,25.135016339534264],[80.62887075694695,25.13350063588378],[80.63474569039604,25.12870995400478],[80.63254963830978,25.12256980365969],[80.63757071230157,25.118971214947678],[80.6382556597394,25.116744354675156],[80.635833373237,25.113216402402095],[80.6323240641554,25.11316192178044],[80.63083279520677,25.11624530423642],[80.62710600579152,25.11709360271498],[80.62455731644718,25.115077148449146],[80.6248373599488,25.111088276705132],[80.6194907158368,25.108195817481015],[80.61875998486221,25.106426823213877],[80.62085220158312,25.1050381419285],[80.61880594716371,25.10020749871925],[80.61258032490241,25.10078977681816],[80.60752301466869,25.09817383786365],[80.6148410943167,25.092773610286322],[80.61580735457567,25.09378312984294],[80.62047849164514,25.08955995039792],[80.6238071962355,25.088822031987565],[80.62525011066903,25.084486023647315],[80.62724648343732,25.08329960353143],[80.6277846551409,25.085380905304465],[80.625843806342,25.08673365287004],[80.62840122371759,25.08723310849287],[80.62885801883621,25.09045886026284],[80.63414462943608,25.089852536411758],[80.63384761226718,25.087646548398446],[80.6393277469287,25.08722993556525],[80.6410502359433,25.089248475314896],[80.63949769021416,25.090830285018566],[80.64043413089726,25.092515916501945],[80.64180417758821,25.09214117355794],[80.64095864192029,25.087333839140364],[80.64260269094255,25.087312854714302],[80.6426714102652,25.088790452814454],[80.64769468782434,25.087353825311965],[80.65150063139255,25.08390114256167],[80.65519990720729,25.084961844000098],[80.6590952645873,25.08350423447925],[80.65749622834724,25.080882348639776],[80.65850087900819,25.08090685060472],[80.65884062095034,25.071046086819937],[80.6617391205545,25.067611538875795],[80.66991328388848,25.07433440657186],[80.67297598384846,25.082612492622644],[80.6775207405339,25.07780396297249],[80.68462861889698,25.077057196152957],[80.68380660381813,25.06724043425082],[80.674060668113,25.06051617465624],[80.67598331704427,25.055969708878866],[80.680344305372,25.057973837848767],[80.68118669693642,25.053047078289218],[80.67958674890637,25.048552389527078],[80.69109121044204,25.051770645292073],[80.69266899344076,25.053981561751662],[80.69757795678677,25.055623386065577],[80.70817453148894,25.05684352037867],[80.71228494554798,25.058672597646282],[80.71946525058085,25.064537414688512],[80.71925379345116,25.06719843653708],[80.71713636820678,25.06911069592152],[80.72906745224726,25.067193077480308],[80.73246258006635,25.063717547978626],[80.7343337483453,25.05595251047458],[80.73693252774986,25.052967043642077],[80.73777643387385,25.054672544158613],[80.74271298178729,25.05589655338982],[80.74254748426416,25.05382486517049],[80.75126534483906,25.054171485216667],[80.75232874981111,25.05694660178624],[80.76188449240769,25.055945498954454],[80.7663276469395,25.052769846193023],[80.77125724099433,25.054820261149715],[80.7762202622592,25.054836897386487],[80.78481920924663,25.061584508117473],[80.78752378054725,25.06171414359655],[80.7837804935718,25.068792154768868],[80.78342517843589,25.075895425066218],[80.76931823733504,25.077251617434758],[80.76870574351643,25.078939118508963],[80.75714755913353,25.08202821604356],[80.75502491916889,25.086657455899058],[80.75733364783959,25.09044948572884],[80.75373251925782,25.090218870990192],[80.75214052760627,25.092487389856647],[80.7396258799909,25.093196398475342],[80.73658275881253,25.094872211525416],[80.73641982508121,25.090532785878125],[80.7348455796481,25.089073049351015],[80.72547816705422,25.091441203798293],[80.72323538550516,25.094642920587532],[80.72326365009728,25.10508312179181],[80.72634209482929,25.11117012061981],[80.73058217710631,25.11285082809148],[80.72740016830014,25.11853975757449],[80.72410980021286,25.121595061976656],[80.7229931359242,25.12025135240967],[80.71098097623437,25.11966817226065],[80.707656967138,25.117663247680262],[80.7041301130606,25.122278128778255],[80.70441664599181,25.128385069774133],[80.70697341119055,25.130442892515887],[80.7143316428368,25.12950422613222],[80.71842109830192,25.130533959925074],[80.72014913980327,25.132206492822682],[80.71943796335576,25.134723482620384],[80.72114518280716,25.138847095883467],[80.72169548266535,25.135201313033342],[80.72337825356799,25.137218834752446],[80.7278590232557,25.137671919217365],[80.73041819683772,25.146618661912203],[80.73191910740428,25.139372379694947],[80.7326280308771,25.13872156029232],[80.73344634579526,25.140502983045625],[80.7348545547161,25.139370276697026],[80.73272738364916,25.1332719427635],[80.73677986894879,25.135369692682023],[80.74203235434764,25.12350759368936],[80.74582806340982,25.129289075777542],[80.75387228723459,25.13281654205175],[80.75894944843944,25.13331148206853],[80.76046612893086,25.134713421839855],[80.77179488448851,25.13242789940815],[80.77720089196941,25.136434508346372],[80.77817051911406,25.142262818491],[80.784195469419,25.13695342185319],[80.78316131089761,25.133924049325564],[80.78202242857705,25.134218320786676],[80.78639744948782,25.129453006746544],[80.79137886465642,25.13168573090206],[80.79445240458698,25.130444589838955],[80.79709765384118,25.136577226858677],[80.8008022647504,25.13541009010054],[80.80378602166155,25.137578157999847],[80.80831840495223,25.13693030956018],[80.81321353424288,25.134684651304763],[80.81528266785423,25.131719993377953],[80.81196940710025,25.12409041473091],[80.81598616819763,25.122417569002916],[80.8172644573722,25.124237113440067],[80.82287703963921,25.12386903939311],[80.82667081552688,25.12146005190885],[80.82440718677506,25.116142106831767],[80.8276937657685,25.115289511959002],[80.82990616809123,25.10004801164414],[80.83475411247328,25.106246938989667],[80.83594213263989,25.104687263448334],[80.83885009330061,25.104729358116398],[80.83756288205865,25.105940626227547],[80.84289453418684,25.112393951393862],[80.8424847389239,25.116004204054747],[80.84060157723762,25.11631184587673],[80.8392721164312,25.121555809242654],[80.84074302596225,25.123003430603575],[80.8380975557225,25.125191712543756],[80.83651326622616,25.133871207711394],[80.83981010308182,25.14461242646009],[80.84005221072898,25.156201399408488],[80.84913133598188,25.162612752493814],[80.84623783550227,25.171729866809407],[80.84304753704268,25.176003645542625],[80.83880662562066,25.176165085395947],[80.83929659642101,25.17994772211436],[80.83817537138566,25.180561302314473],[80.84417077520258,25.186913484968006],[80.84502826834523,25.185028752921166],[80.856220483573,25.18229354271104],[80.85709859484803,25.180944056311876],[80.86421152443796,25.18241627679685],[80.86937056708099,25.174481521058667],[80.8724010839976,25.178101598215896],[80.87951903516999,25.18127478226864],[80.88059564897002,25.186885247003502],[80.88468317844716,25.18795026010085],[80.88227722152006,25.183138362975193],[80.88878441082566,25.178132721805962],[80.88926024843168,25.17549667823428],[80.89893546965598,25.166332771934563],[80.90358107480846,25.159602026746406],[80.91293932817966,25.159094498508516],[80.89457129769885,25.13819045744499],[80.89576082344188,25.135301500761777],[80.89480863708849,25.13401977167861],[80.88865515942595,25.132526406756508],[80.88713319863733,25.13465246346259],[80.87955192518749,25.13834950439882],[80.87888206495484,25.125661517036065],[80.87628402127051,25.12377032335782],[80.87497018486182,25.120272183154565],[80.86846576236726,25.115690583101554],[80.869273978425,25.112260192752373],[80.87425628202745,25.10863581983223],[80.8746132455719,25.104158179707937],[80.87861359355072,25.10211345461523],[80.87961478929107,25.099265221685854],[80.8672036734105,25.07951740041615],[80.86763019260911,25.075346782791144],[80.86918147440862,25.072846221483687],[80.87644689211973,25.073410625852443],[80.87806722651683,25.065479930600382],[80.86968261665785,25.05887169630569],[80.86377602298485,25.05652866709728],[80.85548240887091,25.047319723429275],[80.84643053221555,25.044447392857187],[80.84014597418339,25.03342794866805],[80.83180807761754,25.0328839917179],[80.8365772379525,25.022697792140576],[80.84305274098313,25.0196345339412],[80.85515226363096,25.003996408718777],[80.85223412954964,24.988740901183952],[80.84555474398381,24.98370882182405],[80.83305317494067,24.981988406295653],[80.82620225068142,24.97654076851568],[80.82548011927905,24.969486363012447],[80.82395921131591,24.967783222349944],[80.81586347449948,24.96617487980165],[80.81387528179017,24.96745075882515],[80.81373236252342,24.96947003932139],[80.81130080900058,24.970211154700277],[80.79911373474852,24.968206584763124],[80.79228550732324,24.964920641980356],[80.7953483150811,24.960120645165585],[80.7993997493518,24.958594274486742],[80.80585458753765,24.953112765124846],[80.81004881800592,24.952699995016122],[80.80583727790044,24.94355111586539],[80.808299172022,24.938515143134826],[80.820215549743,24.932987141626008],[80.82054674691013,24.930957160075327],[80.8141044321377,24.927471797529215],[80.8121656000566,24.922525926080503],[80.81471780989851,24.92086484445047],[80.82558866720642,24.919712187369004],[80.82865371895582,24.918043808929134],[80.83582378229616,24.919554684112537],[80.83825384910719,24.921599234770877],[80.83759763428372,24.92835429126074],[80.84338862016953,24.9305318489397],[80.84781369520798,24.92984355791315],[80.85116738194638,24.931563117056548],[80.85680157318757,24.931638625845977],[80.8606897808762,24.92862468755504],[80.87401820062938,24.93581347697146],[80.87805963485437,24.934208389793373],[80.88135142138147,24.93522125758148],[80.87929043818468,24.93681650135747],[80.87933624058608,24.93957589469843],[80.89263553875435,24.945302972998213],[80.89591272586149,24.944915065028955],[80.90035733386745,24.93930631091654],[80.9046525646181,24.93804325873143],[80.90682475565379,24.9351775619354],[80.905048857304,24.939004147653847],[80.89887580624976,24.9428439744318],[80.89915735353114,24.94860292167712],[80.92899083890136,24.961181245670776],[80.93646476996292,24.96194777796716],[80.94665553702373,24.966300207843343],[80.95004801750768,24.964451249787956],[80.95432536639427,24.953480374599376],[80.94769660987785,24.94098187338459],[80.95579740870089,24.940407310467588],[80.95890335715191,24.938789404194985],[80.95656316858171,24.928621552887837],[80.95754671332502,24.923155355717086],[80.95590552453858,24.921906965773452],[80.95773348564899,24.92169487848748],[80.95723770544372,24.91786110181401],[80.96001508789304,24.919237575924893],[80.96216805228673,24.92593035222473],[80.9658347983084,24.926120610492664],[80.96481517632493,24.930136655006336],[80.96822748891542,24.930065294935115],[80.97011107011494,24.933193438099785],[80.97406302764607,24.934173704736278],[80.98588982267198,24.932517218782703],[80.98259876467854,24.926755932768543],[80.98667142164784,24.923302646715204],[80.98761433109931,24.9259950696728],[80.99641204022483,24.928064022384724],[80.9970010529802,24.932476207089614],[81.00101056916485,24.936389540571117],[81.00450031383787,24.937171397664827],[81.00955716323584,24.935830693825956],[81.01314364748183,24.92796004345952],[81.01688210511429,24.93100361303228],[81.02309453292071,24.927631722340337],[81.02469898151031,24.93310359342977],[81.0288768779118,24.933273330837714],[81.02228532152961,24.936203920037066],[81.02122840778377,24.939456605413888],[81.01356249866113,24.947770012864527],[81.01589955929755,24.951300129125354],[81.02560426412776,24.94006452194509],[81.02438949752188,24.943627658269776],[81.02563649029028,24.94475607897656],[81.02849422434686,24.943607548503156],[81.02592900510301,24.94873714391536],[81.0285989741972,24.94854100736167],[81.03350600526701,24.952599934090205],[81.04992548838695,24.949819780566536],[81.05585047326876,24.95216984914332],[81.06087592025933,24.951923829433582],[81.06627884023062,24.949032780436546],[81.07052634349022,24.949851399580687],[81.07973571996773,24.948283806380612],[81.08477002883856,24.949682864383266],[81.09007751628565,24.945484132593972],[81.08706262286843,24.933223187819653],[81.09048449982174,24.92887276916524],[81.09339019493133,24.928995317399277],[81.09632736341521,24.92119152410356],[81.1033850699714,24.918627639711037],[81.11232651313561,24.907372473548172],[81.11801411191539,24.90788115337559],[81.12250727476076,24.89967693314083],[81.13963412547142,24.887529583602095],[81.1412674611856,24.8902512964656],[81.13993712721675,24.896755838145083],[81.14167995139441,24.90324211092888],[81.14514487831107,24.90672188860413],[81.14549197835369,24.910305813806172],[81.1504272533544,24.91370404729726],[81.16022724518173,24.913553138060898],[81.16082281833364,24.919114085992057],[81.15855204887363,24.923434282279832],[81.16135507552937,24.927915915116053],[81.16381041644094,24.928312558054458],[81.16374409831509,24.937638157733936],[81.16608578078365,24.938161096210322],[81.1640476444395,24.94264390979135],[81.16804234740509,24.955227283633654],[81.1722367251971,24.957297906183232],[81.17939796528468,24.94987930699264],[81.18518169547797,24.952034764867246],[81.18884161430346,24.944720832429006],[81.19226278607928,24.94501274974491],[81.19717683658472,24.94147165332764],[81.19740278533659,24.938665175495593],[81.20100147768726,24.938003206800406],[81.20356738593894,24.93265750529097],[81.20722416155927,24.93043024424199],[81.2007303957789,24.93177423835562],[81.19762425778335,24.927943582294002],[81.19165406877813,24.92717441239399],[81.19294007268437,24.925350268351092],[81.19642442566906,24.924676077658717],[81.20165304193252,24.926894331810015],[81.20353262562902,24.924758371796777],[81.21020366854081,24.922619674174264],[81.21018503568519,24.924231152486236],[81.21390478051198,24.927560175898094],[81.21966757007766,24.928617443117453],[81.22063734005444,24.934529902213146],[81.21937549094785,24.935113021999275],[81.21733386734375,24.93239243553613],[81.21526501310846,24.932876646840764],[81.21320970726426,24.945322511515112],[81.21116558814032,24.946140645438742],[81.21465766843306,24.948517395271743],[81.21445654462411,24.957955969430692],[81.20716769705378,24.964482549062982],[81.22030639351722,24.97381833673336],[81.22090362945072,24.97760505062801],[81.21645816355368,24.986269778403486],[81.2089545997658,24.992616041717273],[81.21210667670667,24.995697222995844],[81.21307062470208,24.999993724105252],[81.22083485533088,24.997389027353204],[81.22639100543176,25.00159327047896],[81.23938377956047,25.019234134763543],[81.24160886878998,25.02554058715588],[81.2451332947212,25.02753494443704],[81.25375760384406,25.038916111616587],[81.2586333277279,25.048999282086974],[81.2639859204837,25.053092832462294],[81.26209856097009,25.058158780585764],[81.26890389842359,25.067495328403083],[81.26508262959666,25.073613166758914],[81.25951999365942,25.075752940829144],[81.26701156044666,25.084526738910675],[81.26112801844216,25.089127592771668],[81.25856778844141,25.097539931392774],[81.25502266532605,25.098557171556497],[81.25207464699017,25.102111558411426],[81.25327722076273,25.107631464533558],[81.25714290319561,25.111028085789822],[81.26155014757396,25.110216815136006],[81.26494460524987,25.11733749793037],[81.26506424198111,25.122095089350015],[81.26286417712045,25.125354265557974],[81.26825194520781,25.128114197518652],[81.26854151893632,25.13157639654391],[81.26623372361519,25.13963619911261],[81.27757354641714,25.14652752192856],[81.28170008703215,25.15207304389317],[81.27515060773787,25.16360915437921],[81.27755320586418,25.166008646403903],[81.2889980686723,25.161890323574767],[81.29661031782976,25.162697980835688],[81.29923278131677,25.164486838624335],[81.31345724810797,25.163748792946084],[81.31534424739718,25.15891538378313],[81.31229075516882,25.156043409995956],[81.31307842226445,25.147711414274266],[81.31176544913677,25.137652242981225],[81.31409304242841,25.135436334508828],[81.31557829535961,25.127669323666154],[81.31792113755318,25.125098254059814],[81.31619400514693,25.123682078037127],[81.32138586773883,25.118572054586057],[81.3213749406317,25.112805716874583],[81.33119999815045,25.114713800253867],[81.3264573165568,25.119102138195203],[81.32521537501523,25.122532404832413],[81.32397688120777,25.134575848247803],[81.32516174738942,25.136594230952408],[81.31869854049839,25.143980870273218],[81.31959043462486,25.15679560565936],[81.32235054696288,25.161946733023274],[81.33457383410068,25.16925194753799],[81.34468247088999,25.162027924921787],[81.35290541633717,25.161983774221678],[81.35464343003649,25.163771044819576],[81.36058063559942,25.16052585304146],[81.36251112322982,25.153132702526495],[81.36885714129876,25.143846431416165],[81.37544863839213,25.141738595341227],[81.37561026327805,25.139243552708738],[81.37098253549806,25.134860993425537],[81.38205338024605,25.13622662028114],[81.38534628068416,25.132212343501045],[81.39276228029138,25.131080042522296],[81.39221449302102,25.13012827412174],[81.39417352461957,25.129185968278204],[81.39328553367301,25.126247615208392],[81.39542736883864,25.126175127160426],[81.39525330138771,25.12283497860108],[81.39954519759203,25.119394332259237],[81.41424048579664,25.12103121497809],[81.4085685221944,25.125085660623274],[81.40550056349672,25.12961852015634],[81.40608250920575,25.131353134141822],[81.4146337376853,25.12842972630008],[81.42146385336927,25.12880205396354],[81.42523186826958,25.13276677004601],[81.42828848394014,25.130783958828097],[81.43828665220403,25.130572507098147],[81.43658997268587,25.128053841755893],[81.43758824440998,25.124126232789344],[81.44322385049773,25.119162665118623],[81.44351310712088,25.116296081801078],[81.4451556523634,25.11609472343463],[81.44680356234477,25.11092117969483],[81.44571194128959,25.109350987637736],[81.44763040496996,25.10711695083639],[81.4445301464479,25.1059572034583],[81.43483430798952,25.107256383954685],[81.43048231449272,25.10580324963153],[81.41472052841648,25.108061606044956],[81.40729231711127,25.105137344081918],[81.40971038782004,25.103537265155193],[81.41753163272328,25.102446183830533],[81.42353683536334,25.098410109308336],[81.4295004388192,25.097876577851714],[81.43553951153872,25.09455276442829],[81.45453364980627,25.09040692486362],[81.46484314540152,25.090143850958064],[81.46723011284189,25.08841528110317],[81.46495185682227,25.083997024498256],[81.46966040782499,25.07943155182502],[81.48164202479518,25.076864891654022],[81.48652799306656,25.07350072516947],[81.49119522785442,25.072278441849264],[81.49353714029169,25.08022533615994],[81.49955501097388,25.076837225446766],[81.50158456930541,25.078154648424995],[81.50283027029643,25.09265616678443],[81.50031835438658,25.09643656544599],[81.50667884521306,25.095548056369143],[81.5181787927144,25.101045571596373],[81.51334991148103,25.101890589864027],[81.5092518160195,25.105683389682227],[81.50297934931106,25.10705037816092],[81.49827380766452,25.10521419494702],[81.49611181071067,25.10843832484235],[81.49030801754385,25.10968584296703],[81.4885035922939,25.114375555470325],[81.48416226988435,25.1159630893247],[81.48748602116424,25.123796465347805],[81.48080609211766,25.12766956928342],[81.48000675860142,25.132206428574207],[81.48515592157293,25.13487934450718],[81.49370650596043,25.13218712962896],[81.49661908935161,25.12927791904577],[81.49620875060792,25.14048129048793],[81.49955148328975,25.148691092398323],[81.50882551600985,25.147832029086963],[81.51000242760966,25.14602304158746],[81.51393022674785,25.145651379570083],[81.51550445511299,25.143052697391976],[81.51918226837893,25.143159421677467],[81.52726547369716,25.138104928980365],[81.53105852644103,25.144959244713878],[81.52678207586973,25.14737578250173],[81.52257250576965,25.146777079059763],[81.52305234267527,25.148212808992866],[81.52992331194174,25.15088045577493],[81.5318338938038,25.155715891637694],[81.53562593504462,25.158133026267574],[81.5365516130123,25.160557443762517],[81.53090323018627,25.164863241102918],[81.52499287077563,25.164576243952897],[81.525378887633,25.165650744329614],[81.51794516246858,25.170515806416255],[81.51620106268322,25.174084799874088],[81.51466387185724,25.17359170893481],[81.51250789541241,25.177354490652014],[81.51443536021188,25.179540575482285],[81.51453086100804,25.183684167883122],[81.51860628389014,25.186061364906966],[81.52478385257196,25.183872102256935],[81.52564891581751,25.181376631218612],[81.5328409178137,25.18244883818368],[81.53448749828843,25.18064047952369],[81.53985116547508,25.180718256783965],[81.54035423011904,25.185940006691265],[81.54549766543228,25.184904883377765],[81.54657136869079,25.186012659215113],[81.55308982736167,25.18614300735758],[81.55537137480849,25.185718867922304],[81.55595644934967,25.18359965414409],[81.56350724655518,25.18679996809965],[81.570346145966,25.19209308854205],[81.57865082103602,25.190843424408023],[81.59553684599541,25.181858397287797],[81.59510172991955,25.177706084690435],[81.58849019680207,25.16578402821318],[81.5945811678905,25.163740753390687],[81.6048525048491,25.163042971949245],[81.60876538117382,25.164699934956698],[81.61204871724905,25.1641135782716],[81.61557957601599,25.1691240569942],[81.61962889385592,25.16637120942403],[81.62032622906152,25.162168669451287],[81.62623301587229,25.160751475315404],[81.6242366296293,25.15632882214155],[81.62573686735774,25.14486326095873],[81.62334673066107,25.14105372794167],[81.62064435574129,25.1402998445951],[81.61448735129298,25.144441114995132],[81.6094389828896,25.13874305148204],[81.6027376990921,25.136442055248708],[81.59770775962676,25.13125623044525],[81.60235440592666,25.12708639526185],[81.60081293822162,25.124224432888962],[81.59852246331751,25.123971283560333],[81.6000248785622,25.123141083922768],[81.59806169674704,25.12230110313636],[81.59713034861328,25.11896534736795],[81.6007945937252,25.11663239844991],[81.60631745405828,25.11665584969411],[81.61013377137137,25.112433504776156],[81.60847882937796,25.11213164057386],[81.61023269474877,25.1094508516725],[81.60825372863575,25.095973431704305],[81.61154671261716,25.094999391543023],[81.61479298240712,25.100234665858384],[81.61634233462544,25.107746720972926],[81.62399415187622,25.11200283935775],[81.62042814382882,25.11575538196739],[81.62436326782984,25.11997472309963],[81.63295986751942,25.11713085029281],[81.62867111092706,25.106997725030897],[81.63235438954322,25.10646947855899],[81.63422298864042,25.102966745781067],[81.6408550644318,25.098962592017184],[81.62872521465998,25.095090552882592],[81.62881432843449,25.091289902566178],[81.62126049133006,25.08998990976992],[81.61582780747847,25.080528986068504],[81.61171987905783,25.078774124745543],[81.605441293924,25.078712878927167],[81.60014702877962,25.074228282882533],[81.61036333584224,25.068842318977083],[81.60936770247012,25.06545235783968],[81.61728198139579,25.06111534286929],[81.61675192597082,25.058984777104182],[81.61036125444572,25.061277716569585],[81.61165808035618,25.056334812675818],[81.62748001582722,25.05246723912152],[81.63353567234518,25.059350496069833],[81.64125072021218,25.05677705869871],[81.65109391202157,25.06619592755942],[81.65239830354335,25.07077714942195],[81.66018400929734,25.07118634868374],[81.66244477781332,25.074115193372183],[81.66418878417389,25.07260724161657],[81.6665684545992,25.075125276906167],[81.6685842767917,25.071725791483317],[81.66717816633536,25.06138519090034],[81.67203894225285,25.05994387932015],[81.67799127005529,25.062054424277342],[81.6823417058734,25.061208780257516],[81.68576449910832,25.05840887534359],[81.68864999739537,25.051754377293637],[81.69154135629134,25.051461040253376],[81.69356874159818,25.048831808960383],[81.68875061948695,25.03960490655786],[81.68977788523519,25.038961919896522],[81.7071261275442,25.035243159401425],[81.7133395947014,25.036088269554803],[81.72143678499197,25.03826794252173],[81.7213162652168,25.042510911231837],[81.71901177210269,25.041763137399027],[81.72370552066617,25.050002219031317],[81.73046194036087,25.04747897318869],[81.73153325320243,25.04865629905927],[81.74024050377545,25.045029823008694],[81.74238270096214,25.041633773813956],[81.7421025379846,25.038772317147394],[81.74672361553654,25.037251966913878],[81.74582809221633,25.033483762988556],[81.75497565741578,25.03482801572484],[81.75604568836141,25.029759859920752],[81.75880780573914,25.026931981808044],[81.78028174334847,25.01959727135647],[81.79270958945288,25.004456226526734],[81.80412799597761,25.001888182418124],[81.80584934952167,25.005274829397287],[81.80496708802998,25.00598874365092],[81.8107024026227,25.01294470610003],[81.81426797858043,25.010955011709626],[81.81809561646274,25.01546995494561],[81.8197964866217,25.014423476825733],[81.82336145352166,25.01752474124402],[81.83224661274178,25.012262319651885],[81.83519345967453,25.017288545801563],[81.84883709107434,25.01201283252661],[81.84892456272851,25.0083298791173],[81.85372459007498,25.00262177928895],[81.8596816448124,25.003274423015277],[81.86554146859845,25.0011350629135],[81.86676299682347,25.00259304202726],[81.87257783747167,24.999771302145845],[81.8722559190031,24.99775811739389],[81.87421725388202,24.995189855941415],[81.8771368306577,24.99597196564426],[81.87714771105242,24.999414736584857],[81.89092802561429,24.995775906823308],[81.88993199518683,24.991871557014182],[81.89133811013478,24.988883323661852],[81.8956961717513,24.989803257931694],[81.90213720911943,25.000473221802327],[81.89913981757891,25.001440984762045],[81.89510968326188,25.008042473147675],[81.8957188757718,25.00982800655547],[81.89811627085598,25.01103813143995],[81.90707741856598,25.00621314566481],[81.90790756788968,25.003258943176142],[81.90636077407333,24.995046803265396],[81.90148033583085,24.986512176108825],[81.90301003560567,24.983753936597317],[81.90595142078152,24.982737797351298],[81.90519832355295,24.981383805676938],[81.90788212400759,24.980132910004503],[81.90410663692077,24.972216512013475],[81.90780028928185,24.970351537527048],[81.90941678427941,24.960718744601593],[81.9075200203031,24.959522950846967],[81.90906946864109,24.958177554866406],[81.90878103038317,24.953754024890127],[81.91008770093083,24.95244024285767],[81.90909475980962,24.942654448991615],[81.91090580474491,24.93943567878634],[81.91038537117495,24.937391089164702],[81.91408304170027,24.93627528307068],[81.91966904371634,24.928139822509706],[81.91757841072528,24.923292562068276],[81.91904809764924,24.92191543749348],[81.91837404048759,24.919532307229886],[81.90673323086149,24.904413748269974],[81.90645503699106,24.900279171835965],[81.90354958712152,24.898763113823257],[81.90787928712793,24.896559424144215],[81.90504064855936,24.895596440353515],[81.90576518385345,24.892705088154592],[81.90286006546226,24.891689944867164],[81.90444357881418,24.891400776981488],[81.90357230641338,24.890024251475083],[81.90497196157608,24.886792035687545],[81.9089353142366,24.88575304203409],[81.90658918870064,24.883460539134102],[81.90790984601726,24.881361315859554],[81.91464912495803,24.880732281803887],[81.91652324060942,24.87721546915129],[81.92059064333263,24.877403884925897],[81.92008483343719,24.874339172913793],[81.92552667112153,24.872215958511447],[81.92803606905363,24.874047653933204],[81.93373937307949,24.8707188512394],[81.93465840081912,24.868095938651916],[81.93274426162856,24.858752999256218],[81.9377033437809,24.85286489914761],[81.93652061199636,24.852025794656065],[81.93795905012486,24.849741217842972],[81.94359685349177,24.846592634305363],[81.94241876779388,24.84521187460768],[81.9442172003826,24.841338201697972],[81.96037383016218,24.836774369193773],[81.96528923802202,24.827054200737464],[81.9679418417835,24.82903417135567],[81.96877333049531,24.83619264531723],[81.971560267426,24.838948913896036],[81.98533170753119,24.83926446084232],[81.99227454022376,24.842251936996576],[82.00313131015139,24.84146134304849],[82.01074414411208,24.846924713618325],[82.01693835408454,24.846026573553985],[82.02403595302584,24.841215275437463],[82.03134701593316,24.84021810517807],[82.04534415775349,24.828607454230045],[82.04698647123064,24.828283339203356],[82.04879527307266,24.83073981937248],[82.05131783042535,24.830610217763944],[82.07159718387832,24.819194327427176],[82.07506799116686,24.821953497805097],[82.09767681988195,24.816163686478838],[82.10572496305633,24.805390267962228],[82.11033939307517,24.800565513056615],[82.11220357066456,24.800534040116688],[82.11563158311128,24.78445127718449],[82.12034346866037,24.788148442727234],[82.12312729831851,24.786952286124002],[82.12595556134556,24.78832456270573],[82.1295995189051,24.78564779554242],[82.13011390950811,24.78810336083977],[82.13390135406968,24.787994900168083],[82.13189903625083,24.791624154900475],[82.13558833178277,24.79741073657042],[82.13868400979516,24.799477909795417],[82.14437532939684,24.797030788986874],[82.1497492733103,24.791920257976845],[82.15094159730546,24.794637466924204],[82.15329455452915,24.791594638584073],[82.16704353675225,24.78545714571917],[82.16775756085919,24.791198633374897],[82.17135203472132,24.790606278721118],[82.17825579339399,24.792888013117707],[82.17892425135646,24.79508160518297],[82.16967363232592,24.79806372253215],[82.16667306344425,24.800890308110883],[82.1699806684052,24.79939077557199],[82.17513891424255,24.80092385142423],[82.17820416002809,24.810903079147113],[82.18482057189584,24.80972702814885],[82.19112646132275,24.810703880354588],[82.1994242085853,24.81776433198726],[82.20361408222445,24.819220203185083],[82.19816219418873,24.816288890457958],[82.19164312556175,24.80577445301134],[82.18878474920976,24.805802840656376],[82.18390057038246,24.798912051222725],[82.18427974567061,24.795648329352534],[82.19544302616306,24.791883512928575],[82.19977528097812,24.793118239103716],[82.20332013370057,24.792312973517475],[82.20634380545475,24.79613916173461],[82.2121720283057,24.793657822218872],[82.21617269608477,24.794156481576962],[82.21731202307143,24.790197091314514],[82.21504616649767,24.79022178815358],[82.21194005994315,24.787139326450486],[82.20923440347767,24.778452085098852],[82.2097824656325,24.777404546916248],[82.21786001964927,24.776710385580593],[82.21406083410692,24.772888169939318],[82.21034487567906,24.7747574813287],[82.2092677130084,24.77171226663581],[82.2043022267664,24.77614819380343],[82.19652458249378,24.778106778951862],[82.19492420057743,24.775204826044238],[82.19998614162643,24.768759266915712],[82.19544202004994,24.764181581075082],[82.20372016876794,24.76050312259803],[82.20315834352463,24.758114912392845],[82.19748514294224,24.74979170425951],[82.19751798984062,24.746780862298248],[82.18665439271685,24.738642552164713],[82.1839904611997,24.738860278404506],[82.17746849191265,24.732339997865253],[82.18126704683765,24.73249720740873],[82.1852845580283,24.735697517724503],[82.18816455323594,24.734204691831362],[82.19125124719716,24.73750961700393],[82.19677427641352,24.737906339255407],[82.20298395088358,24.734089160793626],[82.20477878751622,24.73560928378773],[82.20977308272934,24.733596820922507],[82.21380623808068,24.734264663101456],[82.2158974918076,24.730427460165004],[82.21575726209682,24.72650796180988],[82.21933059680366,24.72443859715678],[82.21979845287835,24.721623472395528],[82.2211988509478,24.721980923111857],[82.22141479695895,24.72737629109423],[82.21894386578562,24.728579999332297],[82.22015685732052,24.731164417407637],[82.21756924487325,24.737475803632943],[82.21123925903717,24.73945213746759],[82.20970774915708,24.742182177622123],[82.20697544955854,24.743224241584755],[82.20698803495569,24.747348085164948],[82.2159921715436,24.754505207618163],[82.21875520520294,24.750144180867593],[82.22240545635934,24.748212827038937],[82.22216910242156,24.746567043028872],[82.2259772756083,24.74670386762816],[82.22922907273224,24.745087610598816],[82.22956933120567,24.74945459147647],[82.22690829945023,24.752743427893552],[82.22815531287988,24.754376604781594],[82.22478128469017,24.757884801761083],[82.22647625740927,24.761243356971264],[82.23128164230808,24.755997348424074],[82.23136680349532,24.759202979317237],[82.23326014938199,24.758273084551906],[82.23414454437248,24.760595176055887],[82.23527404019666,24.760062681489337],[82.23772642115935,24.755257318549074],[82.23746589265897,24.751751945061635],[82.23995636578297,24.750797561515295],[82.2424960728728,24.74448062096248],[82.2455594025518,24.74410148140888],[82.24624748421168,24.75446251024468],[82.24885647027448,24.756088494833588],[82.25027735981388,24.761457560481517],[82.24993650036754,24.763887863837418],[82.2465427101399,24.766641793045967],[82.24609473468077,24.7696934845297],[82.24670845020815,24.770801045498086],[82.25082679908606,24.76985087929428],[82.24972300585883,24.76772559674933],[82.25108067915504,24.756518288915654],[82.2533123835783,24.75162574024049],[82.25496144789481,24.75256402449508],[82.255786199242,24.75164056147999],[82.25536941508616,24.747688953958708],[82.25066915822843,24.73542289281731],[82.24791768588682,24.732964620668366],[82.24535455612433,24.732765668033824],[82.24482957348576,24.730463868468522],[82.24963809080995,24.719557544282782],[82.24914150301917,24.71456837090364],[82.25100060243228,24.71130524497142],[82.25001359019198,24.709829111136354],[82.24643360615539,24.7093598466411],[82.24526832504354,24.703376839035787],[82.25012032801402,24.697138130714368],[82.24626558795957,24.691936814829663],[82.24232065884725,24.694797293980084],[82.23941624922686,24.690226806445548],[82.23540952231116,24.6904058132831],[82.23452139751565,24.685628960524262],[82.22975031478596,24.68166445213074],[82.23365819288438,24.680758231160322],[82.23638047626747,24.676989759509148],[82.23511563127946,24.670910185707704],[82.23898175927674,24.661079903527682],[82.24139582619428,24.661127526321696],[82.24012841202452,24.669678672798128],[82.24528265407065,24.670889317371543],[82.24752727536941,24.66862632624768],[82.24919419999037,24.671368849043276],[82.25094796205495,24.668238888666934],[82.25446399233151,24.67036883068101],[82.25648882193138,24.66852633122672],[82.25703157863614,24.6642655984986],[82.25513286262068,24.6606487479952],[82.26093921868105,24.661499068231514],[82.26359659339496,24.66610449710588],[82.27287922658557,24.674610403901006],[82.27180928816641,24.67598145521988],[82.26413963576397,24.67690910718778],[82.26283210013871,24.67883208577884],[82.26867486042593,24.68340040449488],[82.28076174108277,24.675430116150345],[82.2841787294043,24.6765168009167],[82.28553627963136,24.67546432186448],[82.28555408154533,24.668018093597865],[82.28768446588602,24.666252129600448],[82.29219165322964,24.665160660549418],[82.29416441198407,24.666776747842427],[82.29653974983474,24.665547715024104],[82.29916244778207,24.66745296400127],[82.30299704311624,24.666943929330348],[82.30361270259787,24.6638701886501],[82.29610258110847,24.661387041411515],[82.3035288664257,24.653764546076687],[82.29975406295681,24.646962772943045],[82.30386460098333,24.64393224547977],[82.30091123317993,24.64258852718513],[82.3019557465816,24.639321262738708],[82.30022478645391,24.634296280353844],[82.30378805733463,24.62535154015603],[82.29963719124002,24.6115641823873],[82.29525625222814,24.608515512941526],[82.298471339698,24.604983768133337],[82.3016916670409,24.607720261093895],[82.31607768146287,24.607632112178454],[82.31966129559153,24.60617428644481],[82.32207686359388,24.612279387871418],[82.32885831664062,24.617735046480774],[82.33583920196862,24.61987683801303],[82.33717789565952,24.618870569773147],[82.33879583694473,24.620321765789342],[82.34441212655894,24.615440294229632],[82.34731088847113,24.616504267614275],[82.34977778890381,24.61499346009635],[82.35565180247808,24.604387476847002],[82.3637770264937,24.597595072960043],[82.40190590284544,24.59137241473876],[82.40450573148227,24.59415684549038],[82.4043913876247,24.596271284051607],[82.40658633747812,24.594712040099164],[82.4124558433063,24.59407120772495],[82.41610676280926,24.591154411374156],[82.41761108966891,24.594412355960188],[82.41997645981318,24.5943816460817],[82.42231736973062,24.59943582852157],[82.41090335686596,24.61372205898838],[82.4134510472837,24.616485231783244],[82.41331397155787,24.620305908933947],[82.40909219425139,24.625248863007695],[82.4096669085224,24.63536377589044],[82.41795498542092,24.6415136141569],[82.41629111956347,24.645502638806054],[82.41851276285556,24.65194084984559],[82.41211558393454,24.66006357697959],[82.41179121306526,24.666315597355776],[82.41407642114685,24.67001670122623],[82.40955114353004,24.67585815381778],[82.40695733001239,24.676899457965213],[82.4087649676378,24.679607366539884],[82.40635073093866,24.681283407921406],[82.41513514769292,24.689265537289167],[82.41553439763274,24.692189045085605],[82.42951525389529,24.70266350276361],[82.43910285075184,24.700688145880275],[82.4532560362252,24.688559031000526],[82.4536409903756,24.683282569417393],[82.44982224042471,24.674674445338926],[82.45688449515114,24.673326962602268],[82.46667972051762,24.67502658286782],[82.46877848775357,24.67399237384629],[82.46863541936646,24.67573773378219],[82.47321698811392,24.67575310362404],[82.479581016506,24.678483300795765],[82.48426727401834,24.676592173792443],[82.48955961586971,24.671366293163288],[82.49364843532763,24.67100972657834],[82.50334121142919,24.6713510501259],[82.50983956939727,24.675034644550767],[82.51794647137434,24.673316789036978],[82.52351462656068,24.67606075882453],[82.52927626897774,24.653334959765804],[82.5325737157895,24.650126600281332],[82.53910998715415,24.647770396111767],[82.579670571539,24.658767629045233],[82.59406723908192,24.66905741094861],[82.60736354047043,24.67571601405137],[82.6366047315395,24.68246776624229],[82.65842524457535,24.6954653108788],[82.6710388074833,24.696983247416235],[82.67601139580593,24.69077391426124],[82.6863151906924,24.686112176241277],[82.70159626670053,24.675086751612692],[82.70205312290459,24.672007610049512],[82.69881851504363,24.66151552234591],[82.69823207326658,24.646971215282967],[82.69944646796992,24.64370585932636],[82.7067781876372,24.63607711251467],[82.70962643638269,24.639265948133833],[82.71785341706212,24.642541786490426],[82.71786115784494,24.640994919683447],[82.7188637360925,24.641297327942905],[82.7169064957346,24.637859807933943],[82.71820275480813,24.63485740053135],[82.72269289212765,24.63839799538084],[82.72794513767631,24.63532559483579],[82.7323130340486,24.64440971866461],[82.7410719090044,24.6410370893028],[82.74651079392638,24.641842083262482],[82.75315388306316,24.63680087636931],[82.7538744181593,24.640917451362764],[82.76254292080087,24.64253251673363],[82.77380318520798,24.6417831159017],[82.77130030096002,24.634496045893037],[82.77300541565869,24.629237950497895],[82.7718525618405,24.621619192248],[82.7756967026729,24.620114676749253],[82.77512004624424,24.615053117944587],[82.77948044168389,24.614057583014077],[82.76885927829575,24.603539181401697],[82.76973859061836,24.599275106489607],[82.76567012788311,24.59770157744628],[82.76535131039887,24.59591208780747],[82.78064651960138,24.594681607194637],[82.79157189027397,24.598268206122874],[82.79601860482929,24.597156701654303],[82.8026242225406,24.59824250412651],[82.8031053260708,24.584796426528314],[82.80093174893463,24.58023244602314],[82.79743659191199,24.578191567680317],[82.79727671245269,24.576579546083433],[82.79325547774516,24.576995048384124],[82.78805876335241,24.57377762733479],[82.78664994806873,24.57460242237788],[82.77943721654906,24.571870906255903],[82.7754462829144,24.56715769895584],[82.77118350739666,24.56639518466526],[82.76752718093398,24.56385180555141],[82.76809305308767,24.562390353122442],[82.74817245531813,24.561312034323244],[82.7481184045858,24.549811835145864],[82.74303575826781,24.55165168889826],[82.74300430824971,24.546996522689167],[82.73873554905387,24.54768097684572],[82.72210419557922,24.55531444780099],[82.719251306137,24.552476443235147],[82.72163536662909,24.544499253693488],[82.72791059745366,24.539765333418373],[82.73103941521519,24.53482707227004],[82.72984822399562,24.531292256376354],[82.72057294531226,24.52875671548381],[82.72255545977065,24.525856492627923],[82.72067925104463,24.51381257837912],[82.72316929028236,24.510407293008747],[82.72964894083465,24.50848721489522],[82.73559270230254,24.501983315735767],[82.74337798854329,24.49870877996905],[82.74367923947216,24.496318974006805],[82.74330103166953,24.491788800309934],[82.7402470696223,24.488915683652454],[82.74005060178143,24.48199357913099],[82.73386095075907,24.4786730201996],[82.73454314575888,24.475978367359236],[82.72995548014559,24.47247448536715],[82.73116159687362,24.470918439397696],[82.73468181240106,24.470572326013027],[82.73644501486096,24.461758117189824],[82.73118604811734,24.451804766352808],[82.73422291073314,24.446617805755807],[82.73109223435726,24.437735824989186],[82.73506028430836,24.43531810302476],[82.73246384232019,24.431379035759868],[82.73886916626589,24.432696916090947],[82.73978645756205,24.430152727707586],[82.73796990775071,24.425490587882695],[82.7255481576138,24.419223873296414],[82.72181222245065,24.41361540543659],[82.72053239086874,24.403991047682737],[82.71344800794189,24.38034686320575],[82.71961356345341,24.378109975671165],[82.71905706971133,24.37407011784975],[82.72540488890242,24.368167858258435],[82.73200303173225,24.369428331604926],[82.73939511638999,24.367505623322632],[82.7439456034286,24.370450465889018],[82.7525332567963,24.370969055553513],[82.75588384075373,24.369838604546253],[82.75511917052935,24.374174791480307],[82.76036112857139,24.3736398090153],[82.76011744527922,24.377362733972213],[82.76439819339086,24.376112639655364],[82.76400592066582,24.37074624480631],[82.76845502563812,24.37118813215337],[82.76968305586917,24.369917360341514],[82.76866864860595,24.366413574391192],[82.76526428071584,24.365466584331948],[82.76752141554647,24.36074562025874],[82.76560621364897,24.360135235724783],[82.76696793475386,24.358291015851933],[82.76442218649376,24.354965026008387],[82.7679857637,24.353004955536555],[82.76722302485351,24.35018021936457],[82.76897959505165,24.348899658695302],[82.7688732219456,24.346968652312587],[82.77331223434565,24.343816673332892],[82.77244879166086,24.34288064921547],[82.77104254915217,24.343857578366485],[82.77064383011668,24.341902183650827],[82.7687048929327,24.342234462812158],[82.76828291831114,24.336175757987505],[82.76961576666451,24.33356175771514],[82.76662910460172,24.33040397321826],[82.77115940200434,24.328419321523032],[82.76857576999208,24.324391863730177],[82.76803018988237,24.3170793060431],[82.76551184742499,24.31608378168253],[82.76603477651479,24.31324943166269],[82.77278563833285,24.307644460715558],[82.77095984216227,24.295098654498265],[82.76195428174465,24.269716845057285],[82.75562105119376,24.26080541966556],[82.75517587757999,24.255891910438578],[82.75801396188801,24.24844925922624],[82.75883327842776,24.23675225977982],[82.7504433262878,24.226688840949027],[82.73640646994876,24.222907269941235],[82.73465774024642,24.21731595712996],[82.73962804774652,24.199905007681984],[82.74434310434857,24.165614943256358],[82.73443669988929,24.152477039194622],[82.72933667656044,24.148120379753593],[82.72811553281436,24.135596189158797],[82.71079101501198,24.13628729706905],[82.70488832721382,24.13921907121322],[82.70031195522031,24.13910740569595],[82.69596574417899,24.142148674670015],[82.69172116583398,24.150074588787767],[82.68495135674995,24.152334382601303],[82.68302710522424,24.15468723046067],[82.67801288986966,24.152908258025597],[82.67044905092285,24.14708383129452],[82.67239155711346,24.146336400876745],[82.67420422260952,24.140760376899397],[82.67074674092993,24.136895556295666],[82.6671003516309,24.13690403934276],[82.66813269196216,24.13551361712322],[82.66447267162704,24.12833096012469],[82.6655408295853,24.124281819178112],[82.67001862045953,24.121659949945474],[82.670500556728,24.11997425295865],[82.67293659104746,24.12088038743649],[82.67409509077724,24.11964556639222],[82.6773838769313,24.11995384847982],[82.678168803267,24.114840810866315],[82.68091850143594,24.11482694277498],[82.68034400276062,24.112657957746933],[82.6836227933605,24.11189819927314],[82.6832738320086,24.109338856883394],[82.68721204890913,24.108433274524273],[82.69108003731736,24.10360131646373],[82.69252556854335,24.10516345563252],[82.69610684795057,24.100045652599377],[82.70711573499511,24.096932577153],[82.70778540658154,24.09597033752832],[82.70490500174216,24.09488962530248],[82.71225611423976,24.088585781294295],[82.70990301508228,24.08475545849665],[82.71058811433537,24.08063808275308],[82.7143193926321,24.079811803744175],[82.71388922357852,24.07458417465951],[82.71694874440074,24.07600101103087],[82.7282605963597,24.07627549174666],[82.73311271341619,24.078587916267704],[82.73899135780577,24.0741125023298],[82.74012816681466,24.075449163298835],[82.74811020566219,24.070520471079483],[82.75149355566961,24.071982216045107],[82.75126281530406,24.07421979230054],[82.75361824109812,24.076868344795052],[82.76001831528932,24.077172897246808],[82.76132653992241,24.070718517604263],[82.76439285829636,24.06996430517071],[82.7679420292204,24.07577198508254],[82.77409171689074,24.07594056884909],[82.77019432033502,24.055669742605858],[82.7663061072565,24.046443026611865],[82.75867798576625,24.03617731058468],[82.74729074000213,24.026939285214855],[82.74921274034975,24.023566288851168],[82.7506155773452,24.01270605721013],[82.7691969056037,24.005545674451263],[82.78557304411288,24.004796156463076],[82.78837010595517,24.008038308963812],[82.79953467373338,24.003570823582756],[82.80384090794794,24.00357036731295],[82.80634965460146,23.99807134402691],[82.8046551130737,23.996395106076463],[82.80550991576207,23.9908052124796],[82.80860370461744,23.986163741084816],[82.80551537212911,23.9831461941739],[82.80546013741726,23.980270134512242],[82.80219495180228,23.979305136087113],[82.8103128213107,23.962879981157148],[82.81259098031224,23.959911763966883],[82.82761573552881,23.962193142831502],[82.8336325255377,23.95751174856707],[82.83700000950054,23.95682054058158],[82.84112950467453,23.950678138251888],[82.84865920045402,23.945366953933775],[82.85335905306985,23.945489277930683],[82.85829148400435,23.939275537890964],[82.86111909754943,23.938943275445684],[82.8652347685495,23.926413118407627],[82.87726351024118,23.917801739659335],[82.88472410581238,23.908856083751417],[82.90516923796113,23.8979033235481],[82.91170993622347,23.89751367940428],[82.92723170593055,23.892307005166828],[82.93066324516306,23.889473323143037],[82.93663647227056,23.877084448730184],[82.9478909605104,23.87143842218992],[82.97458773552101,23.871648284507554],[82.98285100723959,23.874177038228403],[82.99723413267962,23.87260401169263],[83.00163705705975,23.87365216121544],[83.00125782607606,23.876805255403237],[83.01872316198575,23.87948159870764],[83.05248889135817,23.87954651622334],[83.06214099084536,23.873953018149503],[83.07116308295917,23.874228926070597],[83.07505899190477,23.87013398182365],[83.08189988557551,23.8704757597173],[83.09776482429753,23.873255418921566],[83.1116759533277,23.87907249792881],[83.12569563208189,23.882805951190246],[83.14149377567263,23.884935825545384],[83.14759629460403,23.888999972837965],[83.1482318859052,23.893306425716986],[83.15384819528235,23.896750877836272],[83.15278231275668,23.899486108272665],[83.1542266429351,23.904058105016958],[83.15948716017091,23.90740109136944],[83.16368563428063,23.90879055106065],[83.16476750142844,23.907682858125174],[83.1711996894927,23.90778873884707],[83.17468484646956,23.91231832043729],[83.17827975331966,23.912178700695126],[83.18130133379583,23.915111535175924],[83.1880369736614,23.914541094338997],[83.18977364887093,23.91736315828167],[83.19318304463168,23.916943648158025],[83.19465370173616,23.91435101526678],[83.19844559385666,23.914080269578232],[83.20792950177321,23.92141101202277],[83.20795248786469,23.92425132340047],[83.20382781574548,23.928694694700482],[83.20846945034441,23.930584409363895],[83.21194215217986,23.93575761446967],[83.21600354158056,23.93792074807504],[83.21552926165327,23.94552925072833],[83.22003716315753,23.94886803328737],[83.21995303323622,23.95272143847761],[83.22313969351893,23.95816179692925],[83.22283302485059,23.962211548066872],[83.21862364968493,23.96899237723501],[83.219679606725,23.9729612841624],[83.22691991023571,23.977898154825223],[83.22334362007156,23.984230024415353],[83.22362219213274,23.986664108392652],[83.23050879208517,23.988784791282868],[83.23144456172675,23.993993482173792],[83.23366761088225,23.99609026768962],[83.24244429673519,23.997194716627984],[83.24115225884519,24.00531276276843],[83.24259904232265,24.01160230351138],[83.2518924930259,24.014930593921946],[83.25768848522281,24.013126430841133],[83.25977277790459,24.009483161829827],[83.26364687216183,24.009256271400627],[83.27276350117953,24.018190818462035],[83.27502242006432,24.019193432993546],[83.27912303619851,24.018291441548662],[83.28346233560208,24.03243693228034],[83.28401512738688,24.03954424708744],[83.28212606556579,24.04975108276975],[83.28741824122883,24.055128238346736],[83.2947443643919,24.07173127882665],[83.29946901769611,24.078945906285753],[83.3056178968827,24.07965422810771],[83.31114677952145,24.0880333464244],[83.31476096242089,24.090989624211737],[83.32146512172561,24.106034099879945],[83.3298774625774,24.101694597944302],[83.34492294102924,24.110868644071928],[83.35037927303067,24.12151641121505],[83.3540760730885,24.124924152856394],[83.35482472724966,24.135603613130176],[83.35877439946668,24.14036924487604],[83.36157496294194,24.14886177002665],[83.3619901076724,24.15641232130552],[83.37178642808522,24.17430697106646],[83.37503688582105,24.18611893897025],[83.38300640305184,24.197935812009767],[83.38140824716078,24.20020700082333],[83.38186377026497,24.204619609410017],[83.3803755879276,24.205080275282167],[83.38066331921144,24.207775067631836],[83.37863117103694,24.21077546616429],[83.37938690841412,24.213264979981137],[83.38302142647666,24.214812644750126],[83.381235450826,24.2171063771122],[83.38463917013246,24.220560835524903],[83.38135013604337,24.225921643257752],[83.37858570640209,24.226676004906356],[83.37874674828142,24.230378604390566],[83.38116956748473,24.233987238511496],[83.38489916233864,24.236072392241965],[83.38525541980727,24.23912964358408],[83.39765444616073,24.243861895517846],[83.40033091276936,24.256409216916975],[83.4075484242247,24.262145521341917],[83.40911686564277,24.266346296061826],[83.4063649019227,24.28597397265696],[83.40718198794555,24.288800343598965],[83.40178915785157,24.29228970734532],[83.40150989588426,24.295557320068685],[83.3923733566066,24.296004946369354],[83.3862471751523,24.29879788362705],[83.38546180504885,24.304044444329264],[83.38310067405436,24.30849298914124],[83.38024294448938,24.310255854262348],[83.38004832178812,24.313149895400375],[83.38513399003871,24.317068562509704],[83.38778470374483,24.31621326987434],[83.39212006313751,24.32480282451746],[83.4114316211107,24.33988275522715],[83.42098478554239,24.338007004592104],[83.43347548407228,24.338797574798036],[83.43405704081081,24.34298765503865],[83.43948837269791,24.34627257408781],[83.44518173686514,24.358863284942505],[83.45728193504608,24.364568165370873],[83.44855978501576,24.370118831134082],[83.44798567171767,24.373749533247242],[83.44951835749252,24.377050895591655],[83.44538787417171,24.378252819285382],[83.44228261922008,24.38609971191529],[83.43881879273962,24.38775007570764],[83.43977297874284,24.38884601886709],[83.43750465988691,24.392112046186693],[83.43353169345625,24.393299339321967],[83.43269195551518,24.396193088430813],[83.43605295184503,24.399266982596984],[83.43443471321748,24.400771286986235],[83.43003488083856,24.399963994683212],[83.41895428038656,24.406232582478],[83.41343094933626,24.404748709320835],[83.40508647261095,24.404803091656404],[83.40333054021667,24.419833835067656],[83.40491066691996,24.436017296788457],[83.39413473907973,24.434666808876525],[83.38552889572584,24.4512855428851],[83.38543365993269,24.457037892392062],[83.39069955628042,24.465191588805983],[83.39094274909243,24.47359497127143],[83.3934830526636,24.475405548208066],[83.39354861620463,24.47794167816953],[83.39821375612125,24.48543657405247],[83.39537922644676,24.488746201843707],[83.39838349818406,24.49296716089396],[83.39610334941415,24.494488654521042],[83.39653558279626,24.49598058598505],[83.40165194198856,24.503490256640546],[83.42944679065296,24.51095220254248],[83.46895546131483,24.516753813107393],[83.48421578264667,24.522125951056363],[83.5032947551147,24.52543975680424],[83.49861541193509,24.531822540145832],[83.497127748824,24.53911596491603],[83.52228283694058,24.547680408128954],[83.5227501585177,24.555693136449527],[83.52829792554033,24.561601178704446],[83.53010006367957,24.56733966074727],[83.52881620045866,24.574601899532208],[83.53022235223754,24.582068984352954],[83.52800269601885,24.586292676885943],[83.52435248169336,24.58895804185129],[83.52266134028893,24.598567215346048],[83.52353153021983,24.603149522899287],[83.5273014441586,24.605887523664325],[83.53042189680824,24.612416776426112],[83.54192125501474,24.612766690894887],[83.54327122256247,24.61732205917374],[83.54798316201048,24.62329658554658],[83.54370365896382,24.628300326368944],[83.53153693694286,24.6269796208983],[83.52469693529915,24.627841864099388],[83.52476479942561,24.62944888770388],[83.52679889963919,24.63003254615347],[83.5298113451473,24.643043797538287],[83.52019718959934,24.641078284808668],[83.50990330941869,24.64832014608965],[83.50479774168791,24.646916791573485],[83.50288057427655,24.64781351626196],[83.5004965937345,24.65126924991081],[83.50399388964583,24.666312664219802],[83.50915137461013,24.67120537874068],[83.52038437155512,24.677519684083258],[83.51684415054626,24.68113283757591],[83.51776143465592,24.68302484662927],[83.51080786350245,24.68580027619681],[83.50701690023993,24.692839085868215],[83.49886265345413,24.69488174374839],[83.50054011082183,24.697334223398162],[83.49864665803563,24.70334971742678],[83.49526064991329,24.704681868419527],[83.49023104641789,24.70042668859385],[83.48629535108839,24.70234927252723],[83.48505064812564,24.701603911684455],[83.48554325997293,24.715731225593313],[83.4887234416058,24.724726750530895],[83.48937186174757,24.73647251959361],[83.47102205628724,24.732449106836512],[83.46265348135607,24.733223971477155],[83.46055960005695,24.7313606988296],[83.45826859604514,24.731550209438225],[83.45791901395738,24.73356039150653],[83.45355487344129,24.735004429588987],[83.45137796445374,24.738505463324763],[83.44877874128143,24.7384945183702],[83.4491448047597,24.739913288115595],[83.44225308800343,24.749692262246967],[83.44136435415012,24.756822767060367],[83.43742809378028,24.757626322225164],[83.43510459590803,24.76096347648792],[83.4281118788694,24.76304053232829],[83.42809286063653,24.768217606488367],[83.42169525860902,24.76969341764481],[83.41268970986948,24.775039340448163],[83.40811305490665,24.774153369854282],[83.39778397424155,24.778231646176337],[83.39701611320132,24.782008541410303],[83.39312431045488,24.782968256374655],[83.39340205247275,24.786918097189112],[83.39165995593044,24.790113644946146],[83.39967654578045,24.796681293168557],[83.39589229652636,24.800162927927364],[83.39401531704586,24.80513976446732],[83.39999500573518,24.809657332897768],[83.40200668220265,24.81352380390402],[83.4013593840567,24.819362617598177],[83.39522777677807,24.82632439369569],[83.3968857092631,24.832444141114344],[83.39322936842733,24.835802282989622],[83.39273746175753,24.840658149167634],[83.38689686371522,24.83989717866115],[83.38072080869465,24.84774844544422],[83.38071888989323,24.85364835805873],[83.37689453445496,24.856316517662787],[83.37702528783782,24.860035953704514],[83.36971617337637,24.862267716820043],[83.35761230378085,24.87057488954272],[83.36193185551949,24.874827252549],[83.36730374139265,24.87610265167279],[83.36955458262642,24.880106872670687],[83.36047637365513,24.885616824796333],[83.3581022045126,24.888901543410487],[83.35895866189777,24.891229049895692],[83.36501967327314,24.89081103422851],[83.36635106186415,24.892079035602194],[83.36264661085508,24.897338355118254],[83.35757359717189,24.90071988774171],[83.35471371614179,24.90546475763724],[83.35642038672253,24.90746863426388],[83.3628141134179,24.90933242292222],[83.3639851347644,24.91366534315468],[83.362456194066,24.91805702975587],[83.36304911179792,24.927905411313464],[83.36108568564099,24.932106320851286],[83.3651281098094,24.937311264261492],[83.36119406558336,24.942651755341863],[83.3617133681744,24.953684252028044],[83.36024442415719,24.95598592441644],[83.35561423589162,24.956363132436117],[83.34989434447402,24.963153456898663],[83.34377322502635,24.962198789466814],[83.34323767640339,24.963354761929143],[83.34517011786956,24.97239197646465],[83.3433681899361,24.98083278478728],[83.35053323259228,24.990440229363852],[83.35014471662178,24.992412446189295],[83.3526435827055,24.99662914625174],[83.35056591420066,25.008795399699203],[83.33420331509943,25.014117961776495],[83.32660508145705,25.012933016135477],[83.32023795297891,25.01728210271007],[83.32143364655468,25.024694175231968],[83.32482699121793,25.024749523855252],[83.32515846416788,25.026040520949536],[83.32438105403618,25.037369885142947],[83.33579677280154,25.051153830292],[83.34338789358353,25.050916458522835],[83.34278604659768,25.059907770675096],[83.33597197212973,25.06149495500738],[83.34045959236984,25.06868648438695],[83.34134330464067,25.081573431534903],[83.34414242362497,25.086187032093427],[83.3472995643691,25.08683318472075],[83.34821852922666,25.10063631352366],[83.3507259373904,25.105105351819244],[83.3501195269629,25.113315772800508],[83.36331668488677,25.111218589390276],[83.36609191407435,25.125152589469582],[83.36740077291806,25.125265546403487],[83.36819876435123,25.12992825770089],[83.36429661480938,25.130641164416577],[83.36422222262574,25.131999778432952],[83.36193630397678,25.132721773532893],[83.36382497053914,25.137926224220344],[83.36344189207105,25.153512001445783],[83.35777818308796,25.156174519545235],[83.35133092398817,25.157049239848757],[83.35166220290199,25.162998376055945],[83.3564013379469,25.177673028564225],[83.3529984971928,25.178679076745873],[83.35355821498847,25.18336890309691],[83.34981281697209,25.18492551774244],[83.35197488758779,25.188699352012286],[83.35383010897381,25.18889820232117],[83.35727623774486,25.199699871840995],[83.36341811366547,25.198256152463344],[83.36633033234067,25.195394724792298],[83.37271492676287,25.20037353113993],[83.38196241157135,25.201790766888223],[83.38355994043833,25.203316306128862],[83.38250378936216,25.2107367713414],[83.38624978655484,25.212194536375172],[83.38973751091677,25.210122412551637],[83.39040662734436,25.204999356588846],[83.39315002113662,25.204385188292825],[83.39588920811839,25.20763016230915],[83.3952702886506,25.214563275574438],[83.39763232963843,25.216350330820273],[83.39974092264694,25.215903183836776],[83.40219629949115,25.212824445317022],[83.40092639069985,25.209567980870954],[83.4020664704747,25.20910520805361],[83.40386835978062,25.21319420474484],[83.40208412506499,25.221242419013812],[83.4027943780444,25.224406401111953],[83.40930097625855,25.229361029095028],[83.40599289968209,25.23600129547592],[83.40697640040796,25.23917875093032],[83.41090627285782,25.237756057135385],[83.41259765141746,25.23498872946841],[83.41363498189011,25.235534687065705],[83.41282719073551,25.23889299092554],[83.40888245116768,25.240830273268177],[83.40993625225109,25.246648110884564],[83.41833493332065,25.250633073725183],[83.42184227329516,25.246542679762214],[83.42674559342454,25.246414694901848],[83.42743115531002,25.24793553971037],[83.42477750770622,25.251840729880065],[83.42723011324777,25.253690507683363],[83.43271293926188,25.250470230357],[83.43368825004733,25.245552957703488],[83.43625338395125,25.244261050187028],[83.43704984914675,25.248896168105677],[83.44079441442484,25.2533285532433],[83.43898523978197,25.257856495141287],[83.44216252883965,25.25917307033666],[83.44304337907798,25.254586819693646],[83.44652934453862,25.257537137741313],[83.44702710732575,25.259920072888093],[83.45011504635198,25.261060502251237],[83.4530107108731,25.256288171840318],[83.46033415885323,25.2529620739137],[83.4622085898133,25.250650012341385],[83.46794720301972,25.252366215524077],[83.47068109353461,25.25762290896042],[83.4770375401457,25.261531961018314],[83.47973792889037,25.267546788838395],[83.4768278275443,25.271827724691907],[83.48005330852197,25.276275862594645],[83.48534776860082,25.2793458058615],[83.48701483785058,25.28361449408882],[83.48997399439764,25.284063565520004],[83.49040113343378,25.28950215773313],[83.49237241895116,25.28975338489225],[83.49356188450705,25.28772130435056],[83.4933953503281,25.284932036702422],[83.49109475051243,25.28279888146704],[83.49139977706042,25.27993250734715],[83.49741202518722,25.28036998082883],[83.49737729003014,25.285330471697645],[83.50230075667639,25.287495616960978],[83.50449096432345,25.286599249853502],[83.5020178628204,25.282417550227127],[83.50548429351684,25.28106179836719],[83.50894243815313,25.288466976203342],[83.51106196096374,25.28881616163778],[83.51527569116188,25.28472554823329],[83.52696038528626,25.293002777799742],[83.523725642678,25.296164556170126],[83.52348206089545,25.302578217080853],[83.52810477248289,25.302495618974753],[83.53403694298865,25.297371963966434],[83.5383912774951,25.304379744071294],[83.54282046232595,25.304097930161507],[83.54516232984747,25.30677580867394],[83.55411885662363,25.308513643268252],[83.5537802321857,25.310242184639755],[83.54725309039928,25.314084401263226],[83.53731497181721,25.309790913596036],[83.53717363448365,25.313022540610245],[83.53993252870616,25.31580909444883],[83.54583156125939,25.31631792578402],[83.5539463648177,25.31483263131527],[83.55732488099058,25.311503157908845],[83.56172822668059,25.31360848470924],[83.57208121331202,25.314686849259214],[83.57350230946395,25.31251633383868],[83.57075862731249,25.307198272666145],[83.57374820889996,25.306147724446387],[83.57712803212154,25.310129858955868],[83.57626216039222,25.315058437526037],[83.58064117521278,25.317118036050793],[83.58576146363612,25.315332115203333],[83.58744786732571,25.321768989390268],[83.59630577525338,25.327688295602325],[83.60603448486461,25.328719053068877],[83.60811991571188,25.331540330450203],[83.61687558458038,25.332087228262438],[83.62140496120985,25.33149619583491],[83.62406201971676,25.32873840204178],[83.62846706142606,25.32854430726347],[83.62991251180364,25.33387932349042],[83.63416378978407,25.33437560291514],[83.63517713164535,25.335865100428684],[83.63373242776777,25.34323587302327],[83.64221039234768,25.339755139163934],[83.64632327587543,25.342489875780497],[83.64882590949344,25.33929391800807],[83.64935347299183,25.344525036863093],[83.65283621619554,25.348365542010676],[83.64918153364982,25.354008140931622],[83.65137287047915,25.357424507222397],[83.65455191394653,25.356900321179747],[83.65796531799013,25.359648372489588],[83.65597067268213,25.36838712828734],[83.65988896135637,25.36375527525813],[83.66441885631373,25.361935271162228],[83.66711663185924,25.362746977359116],[83.66394058337501,25.372849121001625],[83.67668498141248,25.364364272516607],[83.68073457952678,25.366398492388903],[83.68901136370386,25.367157955978538],[83.69373220006642,25.36965186663767],[83.69455284251951,25.37124922885129],[83.68940344418941,25.375733563479034],[83.68403312677475,25.37628188553375],[83.6820817730769,25.378647790218967],[83.69061027058649,25.38397026860784],[83.69657164891541,25.38249607634565],[83.69445704078773,25.38586873579239],[83.69450354118008,25.38897399653046],[83.70170788692661,25.39618311035173],[83.70398868428016,25.3963488886527],[83.70528954632117,25.394705255530585],[83.70663538072029,25.386377046812356],[83.7101479461948,25.386068140394567],[83.71364639105133,25.39352699824581],[83.71745073472002,25.397546235622222],[83.72448401338866,25.400033212753815],[83.73061368120459,25.39745173196033],[83.732373440422,25.398172641864047],[83.73409007062429,25.406228042940267],[83.74061923182347,25.410655335448055],[83.74353364059132,25.407895280117422],[83.74509166334873,25.40048276273109],[83.75548091496817,25.404494795650848],[83.76629241070378,25.40097364100137],[83.7663005350672,25.39742144120661],[83.7565369528566,25.396777477476295],[83.7550108211901,25.392276187461437],[83.75780594177304,25.38954779957866],[83.76899835013859,25.38637881360347],[83.76916117786867,25.393415557362886],[83.77280939434095,25.398184410934704],[83.77632677029382,25.399057989578314],[83.78483102047726,25.396323795309414],[83.7896754165139,25.39679604300779],[83.80786041974716,25.40912304943395],[83.81441920289284,25.421231237128076],[83.81304654839262,25.42312632062541],[83.80098262148789,25.425512841526054],[83.80008659061956,25.427778202981283],[83.8015863764954,25.42985514869379],[83.81242190306318,25.4296481084896],[83.82153066104233,25.434359404835863],[83.8291697060464,25.43623062300939],[83.83290282409283,25.435681057983107],[83.83181547812012,25.43219184405043],[83.833018713951,25.431050219220392],[83.84637850736547,25.434375438353783],[83.84654650849328,25.4388212848875],[83.84194644702737,25.446944667935792],[83.83500659943648,25.447520601053956],[83.82539308708235,25.4459288868758],[83.81961973602385,25.45028233489465],[83.81283504544885,25.448221448590225],[83.81271789525434,25.45366472444927],[83.81658138310301,25.462783562859677],[83.82491275251002,25.46581982500432],[83.83051874024454,25.4584014205631],[83.83280587790738,25.457634842214684],[83.85613579687748,25.468065955636163],[83.86362213546977,25.48443722020768],[83.87076278078116,25.487538424021718],[83.87161299846832,25.493157706941183],[83.87783944448475,25.4992781069169],[83.87744665792341,25.503946038551042],[83.87418406574471,25.509556248815827],[83.87623839512017,25.518086746856138],[83.89420489394037,25.519949643774588],[83.90211466511994,25.524051202370313],[83.91421417069978,25.54523924395034],[83.92122180875526,25.552007343564405],[83.95744055689423,25.570176312659335],[84.01738642039437,25.614796231487034],[84.04660126657113,25.627137030565613],[84.08130833424157,25.636469487518706],[84.085182053003,25.65202126118534],[84.07499047386518,25.695342838554204],[84.08917017940239,25.713427969148782],[84.10445937438406,25.72101342421086],[84.12884390831121,25.723737632497134],[84.13983255092255,25.73174555001226],[84.14208132872608,25.728316497911088],[84.14159660768026,25.722045505560907],[84.1352425146552,25.72407542229435],[84.12984604368934,25.717829779519633],[84.13885804682423,25.715864035881374],[84.14303495597721,25.71638313544456],[84.15028286911667,25.71924978422214],[84.15236413986585,25.723315178427242],[84.15565934178768,25.723943648366117],[84.15264393633076,25.727021295073243],[84.14882161647493,25.727083165172115],[84.15074227833274,25.72938682827326],[84.15465199707921,25.729316410437065],[84.15442877471426,25.727449196894568],[84.1627958701201,25.724713878007297],[84.16679413041423,25.721571488746125],[84.16986550181167,25.722934200864724],[84.17208860217116,25.720653686922322],[84.17412669090461,25.72066592531932],[84.17444089823482,25.71767785199615],[84.19891392250564,25.70222577893612],[84.20581917327999,25.669791168381167],[84.22323176550609,25.66247869543633],[84.27391907605511,25.661747692867774],[84.27645487816837,25.659351044390377],[84.2940908499646,25.660233828645303],[84.2998099661361,25.664592657645056],[84.29900017802662,25.66773601161055],[84.2909057231061,25.669766490047202],[84.28777056773023,25.672234669779673],[84.2872118865904,25.676630245441178],[84.29256123642804,25.674648462963052],[84.29759318093305,25.676453163343187],[84.29871601215613,25.670947032505545],[84.31650406603501,25.671631249268078],[84.31671851096137,25.66636918928917],[84.32396371657853,25.67036409859583],[84.32936193117435,25.708804280354858],[84.32853588894811,25.731138617137475],[84.33664057298476,25.743578470198106],[84.3645996202084,25.74185293439877],[84.37511839721371,25.73464052489189],[84.37689563405327,25.736436804840945],[84.3717168257791,25.74130203478047],[84.37366089952987,25.743613705644744],[84.37781473455644,25.738582193971617],[84.38501266543352,25.74689560306603],[84.39103787085999,25.744957425305042],[84.39377441230329,25.74355401430304],[84.39017930782383,25.73628079680485],[84.38787735155208,25.73695860553336],[84.38432305484103,25.732099131090894],[84.40000581432513,25.72884431626101],[84.39828314474914,25.725306494350654],[84.40062535722375,25.72443322070692],[84.40649391712591,25.71559964010564],[84.40097039024292,25.707925000436617],[84.40662565775727,25.69790170152352],[84.41469763143948,25.697463736966487],[84.42185778815886,25.69463008670783],[84.4229801289018,25.692386498989844],[84.4268344683076,25.693113670902896],[84.42908288049686,25.704377318421685],[84.43153184157326,25.707415896496304],[84.42965773131176,25.711055912243285],[84.44027797841834,25.710684798975027],[84.44030786536784,25.70797855582031],[84.44417100556848,25.70814521459398],[84.44421322728515,25.710308155666766],[84.45347984261596,25.71397334214428],[84.45278084373042,25.709128236389297],[84.46207728402695,25.70891385813886],[84.46399752726985,25.70039266234769],[84.46234236788415,25.69734375181807],[84.4682163104915,25.69821383021193],[84.46874004896338,25.69638960546166],[84.46595494459588,25.695326914405076],[84.4657403900751,25.691325011569624],[84.4706128072604,25.687003725458034],[84.49338373607023,25.690683855881982],[84.49181492993613,25.676138029018237],[84.49588870351135,25.67658610791984],[84.49921910142604,25.67487711905561],[84.50436891657442,25.67771361701707],[84.50518995248959,25.676767403835978],[84.50760502462194,25.68178888829969],[84.52018125175002,25.675029831478078],[84.52913595045457,25.682714344745015],[84.53456554589825,25.72427079870269],[84.53974363372359,25.72681299673293],[84.53544884584238,25.690543277114074],[84.5512341974235,25.685928724063448],[84.55651116371044,25.681861359816047],[84.5552423562537,25.68021379135995],[84.55745037389956,25.679568310138293],[84.56203823804051,25.68649554155494],[84.56453574407492,25.71728693313689],[84.56031941684726,25.736943670940835],[84.60044756213581,25.738436855491223],[84.60812708702319,25.73516867526451],[84.6119206006028,25.730973470677917],[84.62793265552058,25.72621800458853],[84.63039402682269,25.72898858773444],[84.63468220669664,25.727959668538634],[84.6342023401466,25.73377457042812],[84.62951320982195,25.74323425527748],[84.6225758254116,25.749832137907397],[84.6099950078924,25.7551677088713],[84.6029990892581,25.761983162897227],[84.60623758053606,25.761289715923795],[84.60742847171834,25.77166549183022],[84.61350211430491,25.775912467822717],[84.61816448022397,25.771377919567605],[84.6196291823964,25.772513402940923],[84.62358335427469,25.770967475739692],[84.62483848847451,25.791938740335656],[84.58136530183381,25.825187853259973],[84.5507844172489,25.840651280450636],[84.54844037131286,25.828538723931196],[84.53052344242835,25.83166152818525],[84.53066491450922,25.85348035836769],[84.52320903060165,25.860122408987788],[84.53370068657023,25.864121806182464],[84.54131309293288,25.859133373076812],[84.5438258343945,25.858918569781604],[84.53402124229454,25.876276895360036],[84.51090597845653,25.87142612233329],[84.48952113575704,25.888364065823385],[84.49018292013527,25.88649047366088],[84.47855146736119,25.885104647864228],[84.47243178521795,25.881755511740508],[84.4601841222949,25.889553049264723],[84.45955940060868,25.888190422303605],[84.45443005986223,25.88777808893847],[84.43664976293584,25.8916409418307],[84.43534665959815,25.889917465747192],[84.4275885330217,25.89127892924674],[84.42896862377587,25.89755178018153],[84.42498847082291,25.901709929961232],[84.41990328676425,25.913549746205],[84.4138080522715,25.923015761243654],[84.411899087377,25.93078799589019],[84.38739792697315,25.93737238530512],[84.35398610866986,25.958826982734962],[84.31189800741632,25.943812736364055],[84.29695490816077,25.945217309893827],[84.28232508468248,25.95882570982622],[84.24494627015189,25.975834637725516],[84.24516098367447,25.98067262436553],[84.23931805360566,25.985100290053115],[84.21770882342634,25.994773824046774],[84.21309959016139,25.994948166380574],[84.20711032812608,25.99987559429827],[84.20156065398005,25.99040095003964],[84.1963156497509,25.987921276951948],[84.18651612504748,25.99349505834761],[84.17607028675165,25.996558995724513],[84.17466042942226,25.992885792583827],[84.17569849651346,25.9914140616432],[84.17005906989078,25.987719670776475],[84.17252861137037,26.02462750359797],[84.137650396672,26.052099445812075],[84.12120931445938,26.07656109553835],[84.10390056748012,26.092732298105954],[84.08873666592103,26.100320270814215],[84.05595483253322,26.100082524353763],[84.0489339694801,26.108737421193208],[84.05025149257473,26.120142743616334],[84.05184662743147,26.11963576224153],[84.0519180812258,26.121276346499613],[84.04974247210045,26.130612871668685],[84.02757924190222,26.142383139783405],[84.03445267794245,26.151298694004314],[84.03375565445226,26.160356046793677],[84.01887399457229,26.167397495895777],[84.00945124396027,26.175468549011033],[84.00803391983422,26.187388677368254],[84.00900460878752,26.18974522456124],[84.01625206737945,26.19600381494931],[84.02399087209247,26.196007230177045],[84.02897074036218,26.199230669612007],[84.02593966199846,26.20449982033527],[84.02761288021635,26.213980664894482],[84.03110722156869,26.2175799331806],[84.02836809297739,26.220423567673926],[84.02273939583247,26.22006757631574],[84.01632807293734,26.22205540254178],[84.01228321433449,26.23204637608238],[84.01552665532968,26.233759355853078],[84.01903244391364,26.238868495303198],[84.02454057906262,26.237886371727566],[84.02691345912265,26.239837601023705],[84.03816526499307,26.237100997900537],[84.03814660159475,26.231832038198757],[84.04258904196591,26.229866972477623],[84.05208965315688,26.22873483851243],[84.05685993099604,26.22609029034268],[84.0565579389571,26.2247136750146],[84.06205515149047,26.223461589687158],[84.0621934776712,26.2221371167403],[84.06363848068779,26.22415050554654],[84.08032146124009,26.22233803306173],[84.08022490133023,26.2197068863679],[84.08651204291714,26.21869555018201],[84.08828948187762,26.222987880959057],[84.08747681287103,26.2295271384378],[84.09023871555138,26.230412326810605],[84.09116852576938,26.233763504850668],[84.0932225227682,26.234664326159233],[84.09423859281301,26.233446023513544],[84.09822941236165,26.23334082445613],[84.09956971583355,26.237348609694795],[84.10611283775056,26.236679480274844],[84.10714800058841,26.241267128001937],[84.11733457880506,26.240083376340106],[84.11972886392171,26.247778176680768],[84.11691366509383,26.24987886196736],[84.12069947831482,26.258629285584277],[84.12732630794497,26.25811491319102],[84.12926824550198,26.25570945167567],[84.13231646372128,26.259143756400803],[84.14757646076129,26.25510304790112],[84.15119575776964,26.25781926301552],[84.16323263999443,26.24183428673569],[84.16628757491709,26.24109102238951],[84.16173147969616,26.249976146417232],[84.1616511370721,26.256918974855616],[84.16732827586871,26.260559464225267],[84.17369044115489,26.26183014018711],[84.1769303356013,26.265024189718826],[84.1747549420716,26.292454961925024],[84.1781696935881,26.303808443650063],[84.1841958413473,26.30889223846421],[84.18616089075995,26.31299373750065],[84.17278954590927,26.333541827633375],[84.17297295224586,26.35290245027194],[84.17573602992265,26.359580629899167],[84.17694334859652,26.370691120964928],[84.17553163085614,26.37323688265738],[84.16264149553687,26.375704850968635],[84.16142858664696,26.374229425887002],[84.137711067988,26.377907003354768],[84.13565730544944,26.381716094242574],[84.1247996048672,26.382925845070798],[84.12126218750039,26.385204880991616],[84.10262760621349,26.386010889166222],[84.09973668210212,26.384620421639376],[84.08890319381176,26.38687906302306],[84.08740593938836,26.38385041848022],[84.08428004654138,26.381890932828284],[84.07926429057609,26.382661103562526],[84.07929854064292,26.384755169431312],[84.07609651198237,26.385340737829498],[84.07384582975038,26.387605469716892],[84.06827853335346,26.388429203433883],[84.06823719468075,26.391073778555963],[84.06510937494747,26.39303114257246],[84.06550824579823,26.3969935971965],[84.06261088974944,26.398707250537942],[84.0637172934809,26.40090556076449],[84.05524712537934,26.402724899063987],[84.05299564274847,26.404921583112404],[84.0500747095167,26.403873082727685],[84.04981166663185,26.407582530141028],[84.04412723171849,26.409605677031763],[84.04145740096486,26.407681617987983],[84.04000685983456,26.410632284007534],[84.04123809525456,26.41302485369265],[84.03722338051938,26.413311222374254],[84.03394682941948,26.411774770819974],[84.03496862083432,26.41904568960966],[84.0225632972907,26.431131883153615],[84.024450208545,26.43434648507327],[84.02383356181485,26.44032557746541],[84.01733994784978,26.447636273907243],[84.00810178935056,26.444035296900285],[83.99997937436683,26.447206904412127],[83.99793971358164,26.446501010444194],[83.99152125536817,26.43229982985747],[83.9848809096863,26.43375821643182],[83.980203524834,26.433161464800552],[83.96336407842044,26.437333653315928],[83.94627108521286,26.43864736004281],[83.94681397756325,26.441011838203572],[83.92944999138054,26.443289454171566],[83.91075811195158,26.449739735186657],[83.91107312417228,26.447076991838813],[83.90805515402522,26.44711833944555],[83.90942076663191,26.453580500468235],[83.91164748630369,26.45582736381736],[83.90992596567297,26.46598631841838],[83.91250635386874,26.47553042022345],[83.9096129989162,26.47551760521212],[83.91058318121966,26.483040371150647],[83.91284013099737,26.48372576137725],[83.91254887831764,26.497580319761827],[83.91522896334025,26.502881339417534],[83.90693484527145,26.509169810973635],[83.90612817251936,26.512446398015918],[83.90812154311797,26.519106896366825],[83.91668865920163,26.516658675422562],[83.9219067966173,26.519437071006664],[83.92571444878115,26.519954728092387],[83.92715863163589,26.518871153787344],[83.93131794009751,26.520241485912614],[83.93465636715418,26.525019228029628],[83.940220067595,26.525287628269258],[83.94633139899933,26.519061505799876],[83.95283900153002,26.517765009558325],[83.95214257901274,26.5162363172297],[83.94923514386646,26.515707364936514],[83.94780180188059,26.51214700513659],[83.95102937593288,26.509018680276338],[83.9618877107257,26.51018675709803],[83.96274690168427,26.50834789452914],[83.97122816936947,26.507543705003783],[83.97491029724374,26.5080240683803],[83.97216335151288,26.510178609153137],[83.97380569553273,26.51264146477778],[83.97197116953424,26.514267312895548],[83.97179377741844,26.5179409077284],[83.97662124919512,26.52559593347423],[83.97526856604031,26.527704314560264],[83.97662824078299,26.533484363129592],[83.98449793901605,26.531371042510727],[83.98462434095967,26.53235926122901],[83.99246666842436,26.533102230221644],[83.99911588676628,26.527272557047414],[84.00687358304972,26.525559836873146],[84.00655038897342,26.52267132128547],[84.00860817237118,26.52171185400748],[84.01465737988372,26.52774578428618],[84.02446139616356,26.532162150381666],[84.04779252785929,26.536265428766537],[84.05644733568437,26.54456449136418],[84.05665555708238,26.548734405214468],[84.05469659645071,26.55230761615391],[84.0551344478966,26.5584047303953],[84.05944840582598,26.561308489504054],[84.05841855562468,26.563302742210517],[84.06067910854502,26.568227293332367],[84.06691460598623,26.57272337898321],[84.06614990432085,26.577016128565],[84.0756380729468,26.583441494371343],[84.07507486609457,26.58594141410176],[84.07787887101568,26.590360361546878],[84.08332427680833,26.592523701314192],[84.08491343786842,26.598314105490218],[84.08912370955275,26.603053725943372],[84.09002114808116,26.606962007495557],[84.08639973913357,26.61243056471115],[84.088672330377,26.617869090864115],[84.08523622321127,26.623861201358572],[84.08738959274514,26.625878964256685],[84.08843618305174,26.634904840187662],[84.0865361734623,26.639172878473087],[84.10062799142536,26.635977002172947],[84.10298851695532,26.633531441922937],[84.10816065434022,26.63284625708308],[84.10826134919536,26.631451823278255],[84.11199723944277,26.630662479521867],[84.11254420744959,26.634426217041426],[84.13058110005204,26.633488092931035],[84.13634591981027,26.636055477351356],[84.14519352855318,26.634745866271476],[84.15872681270015,26.636228051089063],[84.15887622948136,26.63215298346427],[84.15665526262066,26.626990892503418],[84.16032498386255,26.62453057321358],[84.16930169847812,26.622668785998506],[84.17364996216988,26.622847896080337],[84.17446396337806,26.624300746005883],[84.18330049050361,26.623548263427615],[84.19129983539509,26.625142384545065],[84.20122610609691,26.624794500227917],[84.20850515843739,26.622782212003084],[84.21110884803328,26.620032370631407],[84.22798159050288,26.6175347111817],[84.22925779289103,26.613174406400976],[84.23911794129971,26.61298640324086],[84.23959188615542,26.61003457777495],[84.265941645565,26.605909061963292],[84.26874003421894,26.60364118491248],[84.26807922002124,26.601646061931294],[84.28148429571252,26.59956165107381],[84.28469699725696,26.5995727381328],[84.28594220237794,26.60576059282672],[84.29165707221311,26.603038362122717],[84.29474970044514,26.602647478779843],[84.29602862113533,26.604503017800972],[84.30039145999257,26.603837459583733],[84.30342721588394,26.61441697996918],[84.30555096886121,26.61422406368097],[84.30735219251547,26.616318869543452],[84.31580275937755,26.61454457013631],[84.31883663419673,26.61153132856188],[84.32552888723067,26.611493223035048],[84.33132216831203,26.612361546413272],[84.3351215739416,26.615444956757347],[84.35437484652421,26.619826532412333],[84.36491370806266,26.616348323885816],[84.37952369314623,26.614525488562258],[84.38626711781204,26.621696019274413],[84.39134308156262,26.621226197206347],[84.40015546826154,26.62454185540484],[84.4095191537453,26.62304614787304],[84.4199291259051,26.62689725927527],[84.41359594386324,26.636935482088862],[84.40994344152871,26.6469322538125],[84.41142593393707,26.6502216352527],[84.41061880753574,26.670190825545365],[84.40647000397304,26.67090937187216],[84.40540563061708,26.672985445467578],[84.40372763785346,26.671848557959084],[84.37635208683108,26.677510353145443],[84.35029100642794,26.678040658675222],[84.34326764516003,26.68092732114522],[84.33633017271477,26.68120540999309],[84.33033654486715,26.683976007414195],[84.32604839733251,26.714190316147334],[84.32443989105276,26.715313477954655],[84.31822087410377,26.73203521422651],[84.31491242742136,26.735111493380668],[84.31446312155727,26.73892462050049],[84.30611865920501,26.749566236713168],[84.29046657988282,26.74898004880765],[84.28603743817109,26.750150604668264],[84.27588079631131,26.742043604706],[84.26626787235368,26.73977106192419],[84.25603318037044,26.726788835541765],[84.24965319520398,26.729211142719734],[84.24070685172985,26.738755416819824],[84.23262426355427,26.753715697755414],[84.24850183797906,26.770937923067223],[84.25700517277923,26.788585342561568],[84.2599258787372,26.80443179784601],[84.26003895237695,26.806968016058462],[84.25423969929558,26.81254532101866],[84.2569496703694,26.818224477919813],[84.25031958793963,26.81931538021582],[84.25383881532028,26.82547372190085],[84.26097121409735,26.830398442504983],[84.26018288045178,26.834120775371552],[84.26176889740839,26.84276380793186],[84.25735117238564,26.84854537721967],[84.25409777087062,26.85658865273496],[84.23562125264952,26.867775630532105],[84.21953317600422,26.871663538014698],[84.20615134781416,26.861780108136337],[84.1979083959873,26.859613992355634],[84.19307402245428,26.860816778415494],[84.19016958139282,26.858534699560572],[84.18334654802656,26.847571939479682],[84.18683467303711,26.841704013526446],[84.18178487451583,26.833538268142252],[84.17764447648923,26.832452275474008],[84.1661360731461,26.833827922570116],[84.1562578093114,26.83762101805586],[84.14921143500258,26.842640427339077],[84.14587725338393,26.848159892724112],[84.14064580832566,26.852713838128675],[84.140411571717,26.86766425330396],[84.14236443548283,26.87159002764117],[84.14712978875762,26.872509976428944],[84.14355336384618,26.879640426473234],[84.14775084891076,26.88234285090642],[84.14644804111883,26.885456754946972],[84.14156682493532,26.887154176446334],[84.14003662210393,26.884658800209355],[84.13551232814238,26.883364057839483],[84.13131530121859,26.884483443355542],[84.12904110378746,26.893233480132313],[84.11799433119408,26.887746003669687],[84.11639886036743,26.889158381421897],[84.11590534301831,26.894970570770603],[84.11044920774795,26.89866591636248],[84.10761078746997,26.896995934506258],[84.1067967997365,26.887803656567],[84.10453315571331,26.881973024097697],[84.09816868714674,26.87600169287013],[84.09652303553001,26.876299176937188],[84.09436295019106,26.881682275807453],[84.08739314109052,26.8817573540647],[84.08423938250343,26.87750105078403],[84.08144149870263,26.877437008069347],[84.07824546899153,26.87910559556135],[84.075244461732,26.88348636764281],[84.06701389497795,26.888559910864256],[84.06029560697044,26.888168819743253],[84.06088524046167,26.895682630755715],[84.05808330346235,26.901953844964456],[84.05530457982829,26.902697097271968],[84.05240810951835,26.906445566935954],[84.0531309281319,26.909636431290355],[84.05913200391156,26.916489454159176],[84.0600007340801,26.92025787460703],[84.05623350251075,26.92317579484329],[84.05338515584891,26.92974017410099],[84.04325944927258,26.93186455430041],[84.04656206499044,26.939235511746663],[84.04313742841259,26.940569227150103],[84.03499778733497,26.938271924720002],[84.03216069836027,26.941257358392154],[84.0349318689594,26.945279907648274],[84.04203520454212,26.946872691490842],[84.04599908271706,26.952524767968473],[84.0528255647157,26.95505545556706],[84.05486191161583,26.960137709532383],[84.05302415527557,26.967577930471997],[84.05381509313715,26.97530839822324],[84.0457871512769,26.982316590260364],[84.04787590589072,26.984673359717622],[84.05402557559475,26.98524516130102],[84.05672773491884,26.989741059384297],[84.05258904548792,26.994783990833486],[84.05283441312125,26.997031380316216],[84.04593767298591,27.005035969223428],[84.04379558898697,27.006609664409236],[84.03987593936505,27.006805835918634],[84.03735019928129,27.0091102038472],[84.04428714890705,27.01675412576996],[84.04417176749533,27.02321597878961],[84.04957038273979,27.03505538658483],[84.04954478794069,27.043304248208052],[84.04717960015442,27.04579385949422],[84.03911751692348,27.044074411877034],[84.03136030662861,27.045662342502414],[84.02822247786645,27.049504888156964],[84.01804603264624,27.056054153982092],[84.01193151312097,27.057014983561302],[84.00564300160326,27.060263329857037],[84.00010474684115,27.06862019494861],[84.0038719667324,27.071547587682925],[84.01663994195283,27.07182881197422],[84.02051937399949,27.079444296567676],[84.02818200337303,27.085194205044303],[84.028815465667,27.087256869379086],[84.02516785106593,27.090340876440507],[84.02498445281415,27.092511226130185],[84.03041323438414,27.093868803856083],[84.03071305699169,27.09704129227137],[84.02821546471905,27.099313807759504],[84.02400968461116,27.100150210580864],[84.02205474124544,27.10416035409117],[84.0164869202324,27.10545574714224],[84.00880877875053,27.09927198441559],[84.00323961655276,27.101893506731592],[84.00063925341836,27.100645746620426],[83.98930212286731,27.09088560815482],[83.9784423552616,27.090794707753684],[83.96702512014004,27.087151993816153],[83.96444651060857,27.084157343581513],[83.95288226169914,27.084958384506486],[83.94681595475515,27.090272775192815],[83.9477178210796,27.11252789695433],[83.95223018810917,27.11864890960962],[83.95956013719699,27.122101262121042],[83.9628475902512,27.12772637143526],[83.95876397024216,27.136293466708427],[83.97540547288288,27.155853102910857],[83.97877868630063,27.164907160158617],[83.99397866599816,27.173924586464636],[83.99343190819712,27.181672855967996],[83.98886246490939,27.18845881856928],[83.98699958269061,27.197561873933644],[83.9789513173454,27.203862837388666],[83.97456711385577,27.205296479179545],[83.97181432278732,27.20847961746981],[83.96751024003788,27.209542937028147],[83.96756871587131,27.21309864848525],[83.97278688113471,27.218225715596816],[83.9702277659432,27.22402591664774],[83.96258782891205,27.2266706935559],[83.9633917896503,27.22839842276088],[83.96215139141442,27.230127451100554],[83.95379638733228,27.2361248188085],[83.93244439332778,27.239393096334677],[83.9233434030809,27.24181060843902],[83.91934614530665,27.244578046291952],[83.91214230531162,27.24578942766144],[83.9052570204928,27.257409400256567],[83.90473330088552,27.272430617356743],[83.90587531383487,27.27500698257506],[83.91309072413071,27.27756932530216],[83.92146428560999,27.28422353328938],[83.92924609716725,27.291641361712518],[83.93442849960088,27.29962488198613],[83.93414043953366,27.30853983644239],[83.92509755231934,27.322153291485503],[83.91688033902201,27.326592774798975],[83.90247484193813,27.326292409059405],[83.87148499572687,27.307276485307007],[83.86020304509047,27.30789072236602],[83.85307112781038,27.3172048351221],[83.84559324955141,27.315234328433494],[83.83675890533196,27.32227755225004],[83.86227661278606,27.33540090408035],[83.86388049274208,27.337620099094718],[83.86351268473555,27.344097664674194],[83.86406143679652,27.347214210414677],[83.830783081195,27.36992378742976],[83.61485865476516,27.469260102074095],[83.38815945662682,27.479408077396794],[83.39303098088675,27.476429402556924],[83.38962578654657,27.47345174625706],[83.38927131672537,27.471028684511538],[83.3957108152794,27.4691598569882],[83.39589244115511,27.466511157688558],[83.39772840984794,27.465324105224674],[83.4024634674398,27.466311500134097],[83.40011507904765,27.4612175448503],[83.40251160007105,27.45679964755513],[83.39836195748187,27.447965369933627],[83.39664714726635,27.446598452614577],[83.39210028492988,27.446486188230082],[83.3902994008388,27.44423930602782],[83.38528200185485,27.442321994354266],[83.38664725333881,27.439271621675076],[83.38495272887903,27.436090636060907],[83.3922137502351,27.42938474041395],[83.39644498141163,27.422155485313763],[83.40088435134118,27.421143976915705],[83.4002264890075,27.418734487627816],[83.40482779014847,27.418733667100202],[83.40692518835193,27.415245223829476],[83.4093571065908,27.41466706381613],[83.40970532323931,27.41262285517043],[83.406241539878,27.411667051755334],[83.40569379482845,27.40573805235757],[83.40287643734895,27.400973629263476],[83.3855598606537,27.39020056221392],[83.38496802359504,27.386559214593127],[83.38797532534977,27.383368808497114],[83.38696392384949,27.379650698111504],[83.38808050189988,27.3756888493142],[83.38407195859071,27.37138890988608],[83.37191140619909,27.36944430370911],[83.37441314779004,27.35897571841352],[83.3649730030992,27.356155161643755],[83.3593792351475,27.352427441678802],[83.36004736791982,27.343669060954166],[83.35625240356103,27.344728999459967],[83.35199796800242,27.343415283292153],[83.35266541176694,27.34082532054379],[83.34488961263389,27.338684951967615],[83.34356151906333,27.33577868478295],[83.33814581516725,27.333602379022754],[83.32805042313846,27.334452196486424],[83.3253058175189,27.336905899357767],[83.31830228745922,27.33776507023153],[83.31904075023347,27.336140983030187],[83.31612146361364,27.33387454147626],[83.31833558082027,27.331795276290006],[83.3175682246332,27.330567628514327],[83.30883086612512,27.333456124016905],[83.30458729479153,27.332619187799175],[83.30060944152572,27.33494102954094],[83.29500663113235,27.334139157252714],[83.2729955171528,27.353076539991193],[83.2658677968017,27.36597180041231],[83.27229071964213,27.383371671291965],[83.24017945076614,27.406555947616337],[83.22578007839586,27.41181933425077],[83.21764460550119,27.417514953612418],[83.21117183784058,27.42320910396226],[83.19607768058184,27.4464602512451],[83.18834369892357,27.45391816228921],[83.16212410450035,27.457311684669914],[83.0768955966048,27.452651298330505],[83.0348820519266,27.448821875820823],[83.01672901075115,27.454638718626754],[82.96880823639273,27.463706108580137],[82.95425830099096,27.468191261208162],[82.9452890154428,27.475713431079775],[82.93943485643294,27.49133756939846],[82.9292290461844,27.50105947438643],[82.91308725657329,27.50139413232255],[82.86624003545471,27.498296272285568],[82.84763405832312,27.49915102287742],[82.83284218325916,27.50232667263648],[82.80209486420829,27.496445109583703],[82.78482206601007,27.500268572155566],[82.73505325409297,27.50266695449016],[82.73465173770367,27.507845013579004],[82.7374809933691,27.508316536690575],[82.73633315664178,27.509147711733693],[82.73624639735164,27.51839328240496],[82.74296935839529,27.515567617538427],[82.74275245567834,27.52093738345483],[82.74699782004924,27.52008545262846],[82.7492782652632,27.522705049016803],[82.74708820224491,27.524047061493928],[82.74888065115553,27.524695249905424],[82.74795687851457,27.52683488885797],[82.7456533591742,27.526381162058772],[82.74450698849743,27.52865180071291],[82.74630139393871,27.531059712791407],[82.74400228532639,27.530032938799888],[82.74464253529065,27.532306540186653],[82.74137301620279,27.53258451009299],[82.74396156379626,27.53443686570906],[82.7433660211871,27.53603924518427],[82.74047132504981,27.53665077018489],[82.74297094212514,27.540529221044807],[82.74080553516644,27.541577780406232],[82.74284140056959,27.54248310344842],[82.74118327494679,27.544555549710584],[82.74198507433847,27.546409389676576],[82.73716165216706,27.54727969500713],[82.74041460542279,27.55010621408576],[82.73847245855832,27.55188108023837],[82.74657134756306,27.55538473518152],[82.74261560722628,27.55848801028281],[82.74531711527177,27.561247152966725],[82.7459430451921,27.568700741522065],[82.75380580124461,27.586483158641464],[82.75112497870515,27.59307726244467],[82.74685870065612,27.595299241788208],[82.74681886306824,27.600375467143873],[82.74058776467695,27.60381904154303],[82.735331036535,27.609526598756474],[82.73737209959039,27.61420413167675],[82.7333697402836,27.618647236319187],[82.73981374209217,27.623989007336746],[82.73415540233952,27.62923664002286],[82.73736273106026,27.629707854346208],[82.73935590582614,27.631777275946632],[82.73329386408315,27.6340562883631],[82.73916414246244,27.637345440898688],[82.73777642231661,27.642697986296433],[82.7352935255837,27.642505931823354],[82.73408077479729,27.645791748388124],[82.72950763045058,27.642835218445292],[82.73163932094171,27.646524543751347],[82.73058171908636,27.653189771969245],[82.72796620945793,27.65230733241325],[82.72423848579479,27.659728009930838],[82.72109313454042,27.655741447996395],[82.71860995034665,27.655508531667635],[82.71856702075752,27.65856324300344],[82.72116393525957,27.66138159880911],[82.71814333484537,27.660891789779928],[82.7125659863004,27.663471878560937],[82.7180367793813,27.666685416944517],[82.71744029982928,27.66853132496959],[82.71480497067076,27.66848789917093],[82.71436918534998,27.67464720570684],[82.7152531338778,27.677191459722533],[82.71869073045023,27.67875489570294],[82.71882854459125,27.685676454247883],[82.71666073284257,27.68759099446704],[82.71788004672041,27.690865962356174],[82.71106666485353,27.696239736146996],[82.70635814798679,27.70399883606081],[82.70906068999317,27.717704966971517],[82.70843097457228,27.72300704983232],[82.7055511527395,27.716367016481026],[82.70236171935753,27.71599425508516],[82.6994708635181,27.721978869924875],[82.69550312348576,27.717852355458778],[82.68099522205279,27.7136175608842],[82.67098731066132,27.714018245638744],[82.66622219903334,27.71577499519649],[82.66442984444586,27.722512021602636],[82.65554398274321,27.713494536754318],[82.63818891952619,27.709057283107473],[82.62744116464991,27.711268826265126],[82.62721800696364,27.7090668998336],[82.61890901189543,27.702203844298726],[82.60502824322691,27.70583469127582],[82.60027836343289,27.70421407535775],[82.59380648061283,27.697237021039673],[82.58503110360527,27.6990305435277],[82.55407941153908,27.6889018375354],[82.54889886861808,27.689192368908383],[82.54079121385278,27.68581255617908],[82.53876743348516,27.687638712889353],[82.53120581966533,27.68648765733709],[82.52801578351378,27.68859713532027],[82.51667922159633,27.69127338440203],[82.5011942891041,27.686215801014377],[82.4926286453592,27.685548520012027],[82.4907170537908,27.682621460305246],[82.4843649083133,27.68162091162262],[82.48293904300556,27.683706383719436],[82.47354484534485,27.67725139643645],[82.44923592171686,27.67966938766095],[82.43686348998737,27.686737490695446],[82.42741955530434,27.68956465074786],[82.41347784852019,27.69947431755425],[82.40244264083782,27.703974677803654],[82.39517378617246,27.709623520892357],[82.38302311524897,27.720534662296334],[82.36777405429922,27.743387503257527],[82.33755539738632,27.755252896617023],[82.30372241564018,27.773672663460797],[82.2524691754453,27.81112367605645],[82.23018081172461,27.821903428153504],[82.20736484947128,27.843487154729182],[82.17668105478575,27.85520966509609],[82.15327622620241,27.866785089137508],[82.14911107599649,27.858176989363795],[82.12154453775479,27.865461206145273],[82.11333881211331,27.87843275425454],[82.09108903642398,27.893886970386742],[82.08882221685624,27.899684290553672],[82.06994852649864,27.92332961296103],[82.06189294078214,27.9218822964742],[82.04698236323485,27.92436070798658],[82.02591605954186,27.924956170412706],[81.99102856704323,27.928494017181677],[81.967896574778,27.92879335257683],[81.96160410348651,27.923547960431193],[81.95878759401663,27.916311764034358],[81.95087614029256,27.9102418925941],[81.9483090462647,27.904885004900127],[81.93807707078687,27.893752638776302],[81.93731737004268,27.8871398709488],[81.93060410182096,27.88280703804881],[81.92590393030319,27.876371965849508],[81.92538525114296,27.859893424235505],[81.89986799374486,27.853556389553155],[81.88463384842207,27.856901591378644],[81.87358715398216,27.86902110715573],[81.8451091266627,27.88836966140316],[81.84050782821666,27.89016879850115],[81.83320762683945,27.897737863904172],[81.82513676886484,27.900081328399214],[81.8208234406545,27.90345012609315],[81.812305804675,27.90421803455069],[81.804591885092,27.90301407992117],[81.69880227973105,27.98770212398171],[81.68908529762584,27.989601968415506],[81.64366580671755,27.993179782736597],[81.64002181142878,27.996514463107218],[81.62826290208889,28.00202551221153],[81.62278608041414,28.002395545588133],[81.6172198000118,28.009517022928783],[81.575613256836,28.03079504383326],[81.55105562204518,28.047206255134384],[81.49856172400129,28.071517308269794],[81.47811645620695,28.082613714723088],[81.47946239750554,28.110136209688218],[81.4838703524513,28.118611349533644],[81.47382649587207,28.12522270109778],[81.46774274184862,28.12689735546855],[81.44997263900409,28.140614913811543],[81.45037845383199,28.150560875877158],[81.44594851980618,28.15622510515518],[81.44664404670313,28.15898482351485],[81.44507812865267,28.161294212530752],[81.42561597530866,28.17116130297039],[81.41413965080432,28.17442628932914],[81.39064847435924,28.17363385511596],[81.3752262325958,28.17849629964088],[81.37505213550045,28.175189859480934],[81.38146122608212,28.17093863575564],[81.38361757532782,28.167135272279292],[81.38007650810596,28.16410125964509],[81.37325272644306,28.162396700130248],[81.37136440573208,28.160498301675702],[81.37002619443646,28.153081524346447],[81.38566518620328,28.152654109342524],[81.38600187567006,28.14912042821553],[81.38402835334765,28.147149180453685],[81.37967695812884,28.145637387665385],[81.3732915740875,28.146622092960875],[81.36537046886401,28.145213930348714],[81.36406488976941,28.14319015645287],[81.36557126119463,28.141086720001105],[81.33399491930741,28.1401352000723],[81.320676998165,28.13389516673003],[81.31651581761432,28.134396137088174],[81.31510712629814,28.136887689102576],[81.3180770240011,28.145031016699768],[81.32793274730867,28.148009948104146],[81.32013321468584,28.16013019626925],[81.31197615976644,28.15568140227284],[81.31003202313362,28.160221848527637],[81.30274407926842,28.163236117486523],[81.30156484372698,28.166544020757115],[81.3211640970514,28.16860033989593],[81.32437531727395,28.17502260091643],[81.3183085557824,28.182258432978337],[81.32066796380819,28.197157787894366],[81.29928587264841,28.21983846543719],[81.29093204895256,28.22282783377631],[81.23274618002839,28.28892539257685],[81.23390400512336,28.326010126707615],[81.21948068187102,28.345390373538383],[81.21345260273394,28.35850440102733],[81.21063256737659,28.36071440168298],[81.12311817496804,28.37552202346166],[81.08909718391776,28.38576914279827],[81.08030819833199,28.38903034937254],[81.0579504685017,28.41386271903061],[81.0537051211988,28.411593287298782],[81.05077602407775,28.406980520665968],[81.04706474856745,28.410123154614144],[81.03613307980642,28.413227241014063],[81.03474049707992,28.39922095068592],[81.01665431930768,28.415845570813815],[81.0346273021676,28.427655194290455],[81.02999648508134,28.438641356810674],[81.01972091885436,28.430903310231834],[81.01293442985211,28.4371854834264],[81.01723990319364,28.450665296395986],[80.99789140290268,28.45211251982513],[80.9887301572598,28.44132352203032],[80.97735394819728,28.4423627148989],[80.97857129835789,28.434004193234667],[80.96450987040092,28.437636400480486],[80.96762927471657,28.442793174050077],[80.96428378061356,28.444586705370824],[80.980160012057,28.455047229251054],[80.96666695626509,28.457067717787254],[80.96375998644612,28.449249946669447],[80.95140387530874,28.447344552426806],[80.95114019821327,28.455573334513513],[80.94418113655676,28.45473829498094],[80.93179773639767,28.45856379135664],[80.94501523217954,28.466259584265632],[80.94226963571822,28.468811877393236],[80.93204187154245,28.463119216682923],[80.93029653657355,28.45750032528735],[80.91721330209573,28.459854504496725],[80.91955658985373,28.46437722238786],[80.91389213167567,28.468286093094353],[80.9152364919394,28.457556454409286],[80.90515085112305,28.46629468911063],[80.90232198891968,28.478393295809287],[80.90162623025742,28.485428186208114],[80.90644324294927,28.489957575945876],[80.90839152171385,28.49788445992472],[80.89997427246736,28.501268283807633],[80.89634630402156,28.50705919682068],[80.8856414796327,28.507886568998554],[80.87521801028578,28.51090499629735],[80.86145909359395,28.50453232303557],[80.86588693634177,28.489382269160604],[80.85558131248538,28.497540696203483],[80.84444748505618,28.49565159298633],[80.84369455132101,28.499913170048746],[80.82976578566686,28.512250069473403],[80.81548851320834,28.52069404035296],[80.79945530655887,28.52124924670258],[80.78861987161928,28.524272005881816],[80.78421600221145,28.529262385578136],[80.78934328671421,28.543445046196222],[80.78260273486069,28.54673302487279],[80.769406298284,28.55009034231934],[80.76866016030398,28.56591625362823],[80.73840030665215,28.57510574488887],[80.73854343971793,28.56577651982985],[80.72426743568062,28.575386863913373],[80.71442502630383,28.56861329157902],[80.70349277902775,28.57919033606174],[80.69023551931983,28.587973547791197],[80.69577813630094,28.603884700867834],[80.6770468900013,28.60431546239862],[80.67945085716009,28.62105431692877],[80.67068278974399,28.628106889490567],[80.66737520364764,28.642426057342067],[80.65163089609189,28.634348674592243],[80.64126808099294,28.643551595794705],[80.6330869431391,28.637797243532557],[80.6111280787697,28.63866587011824],[80.60625122929679,28.651959243072426],[80.5895670656632,28.647126022216934],[80.59755518071533,28.656145464216966],[80.57993307711047,28.66064193308747],[80.59043189355019,28.6798830498137],[80.56915430161081,28.68812301986464],[80.55318155696985,28.691579966519647],[80.53966474073867,28.690183202243666],[80.5064361347359,28.670991385983285],[80.50344616058466,28.66443312609605],[80.51126808641094,28.623017355138504],[80.5148912874975,28.615059083639355],[80.52153081750912,28.576221251602863],[80.52538836929041,28.57280602378852],[80.52947150061593,28.574171956554565],[80.53054871449055,28.572127459998946],[80.52307954270336,28.55342713357464],[80.52096943154197,28.554124652554762],[80.51900086163172,28.552399281309373],[80.51531220749693,28.55251430920062],[80.51525646074532,28.555957381781543],[80.50892514989422,28.566491688000855],[80.50129548869158,28.57095841772816],[80.49882803310012,28.56999721038319],[80.49646784354006,28.574730607003673],[80.48929942052347,28.580830103968278],[80.48424957079817,28.581959655239164],[80.47951829241875,28.58754657808452],[80.47649045787155,28.58471727744115],[80.46929963895657,28.582658554106814],[80.4720598447194,28.591495017834397],[80.46688465396083,28.599276169770988],[80.46201361658781,28.612186815494137],[80.4622991299312,28.621649726922268],[80.45865086494987,28.622011871760076],[80.45908977011959,28.624299296483944],[80.4533222545172,28.624053773764157],[80.45167611960684,28.62757219188419],[80.44917503827762,28.626772188508102],[80.44918275121266,28.62890435953119],[80.4442415113985,28.628959964513466],[80.43594457441631,28.634267026870244],[80.43507423806003,28.636848316196602],[80.43332218369282,28.63547491389425],[80.4153799268089,28.639435933657786],[80.40396040547495,28.63436296993456],[80.38969940959103,28.631012783392062],[80.38093594514247,28.630528392772806],[80.37763665768273,28.628728334847025],[80.35810783407322,28.640534047338],[80.36053517898897,28.64372328634459],[80.3544256019944,28.6493230640762],[80.32557204385188,28.66641744376099],[80.32586016141123,28.670723603376445],[80.32156536544522,28.681206765833938],[80.32303591744679,28.688287898864044],[80.32013990707429,28.69657267474641],[80.31684926769577,28.700289914358688],[80.30741615861024,28.705221048418505],[80.2996022268917,28.70666443950529],[80.29399422962587,28.712654640149623],[80.28533548628158,28.7105142383188],[80.27757359845903,28.710933276479214],[80.27106709097467,28.719006079846384],[80.25671599406776,28.72899501192291],[80.26361298752802,28.73386641792982],[80.2657034687038,28.74283652664469],[80.26270617777458,28.74845193154753],[80.25433069659553,28.755073198950758],[80.25031137170632,28.757334766908013],[80.2433398072977,28.754802478205274],[80.23700013941952,28.756287883829486],[80.23557810093487,28.757862594134863],[80.21605933755822,28.754641070800822],[80.17134014899092,28.781992714749023],[80.1386373817212,28.81303181043559],[80.11927950571364,28.827592506889868],[80.07548488210138,28.823649914132954],[80.06508911589948,28.836732767314864],[80.06292776752925,28.83474151199575],[80.05979334697527,28.825460400815512],[80.05179602149657,28.82043861358354],[80.05922728887037,28.81686879372543],[80.06810645992077,28.802910868789038],[80.06488287438833,28.794498762608175],[80.05867996692733,28.788453120209706],[80.0617432427074,28.783260938655673],[80.05545807382087,28.78131318281232],[80.05228078835647,28.778349962408736],[80.03013885721366,28.74869924671377],[79.95417132322893,28.72289700588437],[79.94549630869984,28.730642311199745],[79.94369494760333,28.73517761529019],[79.94649077965198,28.742424715296327],[79.94359249384686,28.748686353128615],[79.93863303350379,28.750441046673476],[79.9387242933535,28.753195212354342],[79.94315576260013,28.758042856790794],[79.94321077542813,28.759955724438125],[79.9325839059413,28.762784725450675],[79.9332349392822,28.7643408542897],[79.93057718458094,28.768084197625047],[79.92734677275067,28.768771201089926],[79.92699972840356,28.771033772307444],[79.92408478962969,28.773227348797924],[79.92852716891545,28.77908830880711],[79.93982606537138,28.78778140802566],[79.92653040627833,28.79006975641835],[79.9237839707905,28.786772930965697],[79.91884723153593,28.786564786072198],[79.9193608657575,28.784187114242886],[79.91781368386893,28.782425938209165],[79.91399371220925,28.782824056007797],[79.90982373535533,28.785459803853033],[79.90647355024988,28.782020730510016],[79.90136563522127,28.782039806858798],[79.89728276081391,28.786294717811934],[79.8842656117983,28.790065469707642],[79.88330572508629,28.794606202087238],[79.87306360942553,28.797347016794202],[79.87226838660004,28.79942259145522],[79.87473619612777,28.802419444401806],[79.87007995671894,28.80582738667669],[79.86961015309673,28.808405842156954],[79.8734850324815,28.809455893065604],[79.87849499431321,28.81489853021627],[79.90555034264925,28.80305751595485],[79.91552810029154,28.80433844669689],[79.91078210660943,28.809963157419233],[79.91070614686564,28.812530201419204],[79.91453222437433,28.81854953829337],[79.8940731943898,28.820468940007],[79.89404313855702,28.823859244976962],[79.89199681856063,28.82567532756497],[79.89391136289136,28.831521793128683],[79.88905234587514,28.83410965700881],[79.88822781461522,28.836622515539506],[79.88212841373617,28.836997396280584],[79.88340132469713,28.834046907816084],[79.8785803270787,28.83362527346396],[79.87962029141175,28.83247483058968],[79.8784777080322,28.83037484003878],[79.87573432052815,28.833171864342738],[79.87256365115584,28.831624577329194],[79.87435873482515,28.83430651978415],[79.87337994216969,28.836368258077155],[79.87461484990254,28.836406558488456],[79.8716694483591,28.84020555857579],[79.87025181161933,28.83851442311363],[79.86719363108352,28.83960745938489],[79.86470269263219,28.837833215356103],[79.86319503571781,28.840281165071502],[79.86266578608165,28.837125651582443],[79.85888319421925,28.833863005514466],[79.86061960173083,28.833102246876283],[79.85898474427056,28.831724649564237],[79.86142540311711,28.83059142422828],[79.85772393631142,28.830705411832596],[79.8538724706162,28.827054706420142],[79.85102981837493,28.828609673069295],[79.8508319473656,28.826994659452478],[79.8537158556346,28.826096133926487],[79.85407616809843,28.824178690153147],[79.8486361521975,28.825217838587307],[79.84630968898647,28.823240147702897],[79.84785808090572,28.81959687157538],[79.84662026173301,28.817501652188874],[79.85212631997702,28.815722675653188],[79.85294252834586,28.81379379798991],[79.84659234299232,28.810504491386165],[79.84890212628515,28.809563294298727],[79.85076435093711,28.810516910570012],[79.85166262939029,28.808897102137283],[79.85031964175235,28.806077865605385],[79.85289861959308,28.806196638383263],[79.85060039312638,28.80339804956526],[79.85237959547979,28.801960689810535],[79.84934672228218,28.799701267612356],[79.84547514959596,28.800809779022707],[79.84609365044884,28.80480222709212],[79.84152735485787,28.804334038562065],[79.838435581822,28.80128497442121],[79.8398693127784,28.800238100954775],[79.83832451232364,28.79759695482021],[79.83433764446396,28.798648782750014],[79.83308503542843,28.796885026429912],[79.83081122517113,28.797789834032134],[79.82693649041512,28.79503383099419],[79.82432491810259,28.798349907852973],[79.8228906221059,28.79569506484006],[79.81995607310938,28.796171229019784],[79.8145761059919,28.802670035430246],[79.81281936421556,28.802027131341454],[79.81455041776805,28.79895267366407],[79.813940917136,28.796947355596284],[79.80803830210137,28.80097135352599],[79.80723136793955,28.805721803859587],[79.81645645864633,28.816982374483814],[79.81990097853468,28.81222718679674],[79.81897593926917,28.805536934490267],[79.82159830663646,28.805424004039697],[79.8242926569058,28.807336594812554],[79.82604805300586,28.814994499705357],[79.82945238945494,28.81820847335618],[79.8291583969136,28.821454451090194],[79.83245520861644,28.823601492655595],[79.8371780554086,28.83241369288155],[79.83131679341979,28.830824291097457],[79.82790310730522,28.837018835915725],[79.82382255773783,28.839074118218612],[79.827278767403,28.84173547029253],[79.8308800352236,28.837844015746786],[79.8367853676619,28.839981566081775],[79.83634540517511,28.842999723550594],[79.83245453398163,28.84590341032038],[79.82978105247469,28.853300064836873],[79.83074476960306,28.85529396258653],[79.83288937157977,28.855381686345524],[79.83800941027144,28.848383696300573],[79.84063782240227,28.847740340317067],[79.84534792030395,28.851176986200866],[79.84505966620063,28.855437957694704],[79.84960639199316,28.859361759046593],[79.84577979435996,28.863603326650264],[79.84565752017504,28.87392981393016],[79.8432297512545,28.875944802663877],[79.83565841586663,28.875019130060664],[79.83546538138683,28.871103274253795],[79.83253116297031,28.87104959635694],[79.82828327882505,28.87834908426271],[79.82930060022305,28.884518659034377],[79.81802976713661,28.887870715526038],[79.81383741953715,28.886625976230825],[79.81470537445963,28.883750427329392],[79.79980464783772,28.88754359586864],[79.79325470950432,28.882931480414282],[79.78861630884043,28.872756158372773],[79.7862943416974,28.873470834072542],[79.78344531770581,28.871309234753276],[79.78082635405515,28.871457564197396],[79.76675628879669,28.874990240982687],[79.75925239802207,28.870918270848343],[79.74907584769898,28.871831842663457],[79.74565355123242,28.8599837592929],[79.73825240077682,28.858819377862005],[79.73652022522856,28.856323797259286],[79.72637601245901,28.86103705446788],[79.72271157061607,28.855296851648806],[79.7234037180509,28.852952657295496],[79.72058810689633,28.8503358924841],[79.71991773911556,28.84572794516462],[79.71855248852988,28.848871109678768],[79.70962574899025,28.851166388618445],[79.70625402947081,28.84451194798571],[79.70752699972057,28.844231528434147],[79.7066740017476,28.841071802926702],[79.6929228087706,28.845976431800274],[79.68996588813023,28.845391336329772],[79.69200684518441,28.847946102398843],[79.68316663406785,28.850036626164044],[79.68231022159847,28.853528783255562],[79.68367183400723,28.85538454314732],[79.68189701183915,28.856853744763896],[79.67738882467063,28.859332267685318],[79.67212784570074,28.858075534544255],[79.66743970262465,28.859759783427638],[79.66342031485335,28.862005401966083],[79.66571756035975,28.865629547562442],[79.65605343602418,28.8698320969596],[79.65557891445007,28.868476547462812],[79.65349579317142,28.869273250214693],[79.64870837008674,28.86649063734205],[79.64745290890016,28.867079590828336],[79.64486153700341,28.863488916433752],[79.63601156209802,28.86687344336665],[79.63092727276141,28.861182673315096],[79.62613581803771,28.866686567963022],[79.62138257674788,28.864369875078054],[79.61331216523597,28.852887994954706],[79.60390084029606,28.85689510131387],[79.6033913383248,28.854783701162788],[79.60123911054966,28.854722497098184],[79.59712777392083,28.851315580039557],[79.59359954811599,28.85209970818732],[79.59155321644148,28.849557072335955],[79.58751788537052,28.850047748671408],[79.58436542844228,28.84633396893951],[79.57565279246913,28.850510714117874],[79.57349352100381,28.854707733844773],[79.58097535903654,28.866216638304728],[79.58019431342288,28.87120820311445],[79.58427337268523,28.8792419062994],[79.57835402203688,28.883550517389317],[79.57917813827518,28.886239581602894],[79.57755721548155,28.888702141098708],[79.57124569541446,28.886525315005834],[79.56998922811476,28.88781050231756],[79.57061978525711,28.89259505197505],[79.55648257003284,28.899321567231542],[79.5527553709858,28.895863947864758],[79.5549431307237,28.893821491239486],[79.54945039000378,28.89013952896839],[79.54791706732343,28.891027330025537],[79.5459552859818,28.8856419603764],[79.54219627669224,28.88458853468078],[79.54046335374562,28.881995671276762],[79.54165880208133,28.880489667290075],[79.53716659324678,28.876999485722685],[79.53304440676595,28.869769579358607],[79.523511710448,28.86717994756608],[79.52178441095509,28.86480567146447],[79.51701359592337,28.8669334940654],[79.5113988963272,28.867278459416553],[79.50992071762887,28.864595201234533],[79.50252625063901,28.870606747733305],[79.49713910957571,28.872932525829327],[79.47873646161709,28.871205074562678],[79.47892073572628,28.86733636850971],[79.47721826836276,28.864627004033274],[79.47057438062369,28.865468899446032],[79.46611491627954,28.867832438643642],[79.46193874644003,28.866824460637403],[79.45164074029726,28.87168817705991],[79.44978937987032,28.870847600915887],[79.45019278451834,28.867784305988522],[79.44623386594212,28.867823868477494],[79.44518281100855,28.8638858039419],[79.44046069634331,28.861798567064017],[79.42557262069555,28.866478832953828],[79.42490607344969,28.868180357370143],[79.4250080897266,28.873724358929326],[79.42787167720556,28.87658631569506],[79.43099715862415,28.886862195719953],[79.42773528419936,28.89304477836054],[79.42293977627709,28.89355405677592],[79.42466263809251,28.897494496467626],[79.42251528906769,28.899539631029395],[79.42252565921932,28.90308930975979],[79.42532573131612,28.905282428835452],[79.4242823075709,28.908467399946534],[79.42691803198815,28.91134021576019],[79.4251121909933,28.912191541469454],[79.42764438367577,28.912750819365492],[79.4253894236664,28.91330473846879],[79.42513541783329,28.914433768935293],[79.42692371742557,28.914475691525606],[79.42479424936647,28.915509240711206],[79.42700691669226,28.915387044065223],[79.42487562145985,28.916811036281686],[79.42688867953626,28.916238511912457],[79.42794784895177,28.919845093449982],[79.42531753059589,28.923018388760696],[79.41584028278888,28.927929644761775],[79.41889611063695,28.933040193000323],[79.41901102043313,28.940092147832043],[79.41558167219159,28.941428415462376],[79.41583241175033,28.94387841506583],[79.4074797217284,28.952306975711075],[79.40540503024035,28.95156573828474],[79.40620657630711,28.949912356412334],[79.4043341970992,28.9504673676783],[79.40470986536447,28.949267904002195],[79.4028093895494,28.950071247473037],[79.39064894405729,28.947449092069675],[79.38732862524012,28.949755313148767],[79.38530066770645,28.951829811373198],[79.38631592747087,28.953253449189297],[79.382100870461,28.962299776229802],[79.38175377131672,28.969858356790823],[79.3771447329862,28.97144944715839],[79.37768815444427,28.97575794430958],[79.3723960416633,28.984657513816224],[79.37236130470956,28.987532182446785],[79.36762930857621,28.986697233096958],[79.36211248851512,28.981505382080872],[79.36309228369043,28.97804292353429],[79.36099096074753,28.971994967228675],[79.36516766777956,28.970804871803132],[79.3647037508174,28.968135182843316],[79.356270569051,28.96775834776888],[79.3503387309219,28.970136004637983],[79.3372241533255,28.972188046229963],[79.3214582906945,28.971861628709643],[79.3119039683344,28.977117997026824],[79.31105961125614,28.975322011161488],[79.31265212842216,28.975036055609714],[79.3098650953717,28.9717824250891],[79.31248744746766,28.97137373026847],[79.31268541729163,28.969032082022974],[79.31092073620479,28.970050809477247],[79.31033319848312,28.96804886451766],[79.30746833449811,28.9679300032088],[79.30726764816872,28.9665271744972],[79.29885062350104,28.972855464310243],[79.29233324730008,28.97386785606295],[79.25913366137254,28.992460397832847],[79.24775253762706,29.003403978166563],[79.25102130123179,29.01029852186864],[79.24494893425289,29.010138952605708],[79.23155122205199,29.015180331640813],[79.22202723849401,29.019506393765425],[79.21173414613583,29.0276241518282],[79.20364979187235,29.02080351911401],[79.19740771606833,29.021439230051115],[79.19426319934888,29.01977720849495],[79.19206462748821,29.023335523740432],[79.1907709061554,29.023236172005845],[79.1908929584564,29.01900792052314],[79.19384232785848,29.015647802957876],[79.18594867515003,29.017700056940722],[79.18267284360068,29.016108447984582],[79.18094402325997,29.01293512480038],[79.17105656427006,29.011927886415805],[79.17581567245699,29.015796951059976],[79.17369639578479,29.017891433160308],[79.16900984182838,29.0181104312024],[79.16843407024028,29.019475221338222],[79.1652786533632,29.017846761380145],[79.16588986887913,29.020297302094267],[79.1622030535957,29.024149863293957],[79.16235065847498,29.029268515586608],[79.16496977843254,29.028901186711746],[79.16439591037452,29.032276056370527],[79.16751037575278,29.032256700015115],[79.1688408947746,29.035825618661338],[79.16800032948515,29.038315071450008],[79.17084890252244,29.039480708003385],[79.16915669841104,29.042441371452192],[79.17191635081163,29.0426999113268],[79.17180017708583,29.045117249287973],[79.17510821413643,29.046305688082988],[79.1702912364789,29.048664885664923],[79.16799914550562,29.04743669820946],[79.16191089990573,29.049023719379502],[79.15332006470533,29.05692095067989],[79.14876373771905,29.0585072409189],[79.1473260299209,29.06232324868609],[79.14513175470225,29.06302127372469],[79.14587088402645,29.06462637912173],[79.14250347192879,29.06700620107794],[79.14422442572256,29.072088957140856],[79.14180700629238,29.077692670597596],[79.14211997754074,29.082003575408706],[79.14342392529478,29.08296789950273],[79.14327382399732,29.08673833222415],[79.14995549487723,29.09181721834202],[79.15002170790018,29.0945698809667],[79.15153062784589,29.095460416024068],[79.14831910039948,29.099198060157473],[79.15317754159561,29.101609785304774],[79.15083867354883,29.10347392341132],[79.15245392976964,29.107180418710893],[79.15127216097909,29.113331145606136],[79.1535012072874,29.115244398857772],[79.15016851777047,29.118726384313884],[79.14339732887416,29.120326868901724],[79.1408246742747,29.122321666778138],[79.14188638592246,29.124394049810086],[79.12686688225706,29.13274453281875],[79.12492301422049,29.133122812841037],[79.12273292604938,29.127397156277883],[79.11945783561013,29.125826611509236],[79.11189936858874,29.127983616067954],[79.10138881655816,29.13415890818716],[79.09056843289115,29.143449312558865],[79.0748686772819,29.15169977442188],[79.05941914110684,29.155481440065756],[79.05370368287515,29.154927606226096],[79.05050409314059,29.156989414382405],[79.04537623820764,29.164241460461707],[79.03943696112967,29.168627452656626],[79.03583915002628,29.169451128798226],[79.03212569969466,29.168485935196706],[79.02912337640323,29.16419259108314],[79.03236503064929,29.159189220714712],[79.03936776210669,29.158467333654993],[79.03594769615701,29.153147421546652],[79.03740025400512,29.144881880190372],[79.03461126891554,29.14413357756],[79.02977629979952,29.147030461957506],[79.02382271705063,29.15560992453335],[79.01908273848765,29.155776050595456],[79.01782042225716,29.15389890247949],[79.02111397487212,29.145887557584036],[79.01493732067527,29.13400351903246],[79.01692001659335,29.13083039198164],[79.01921357361721,29.129394416717638],[79.02731647719297,29.13250234709331],[79.03175246676211,29.128163278283708],[79.0406317887295,29.127725426709457],[79.03455773830777,29.117760455152265],[79.02669822427508,29.112475212043407],[79.01419245650632,29.11667615330801],[79.00816924713641,29.111968968613073],[79.00624957342536,29.118337238587767],[79.00349648950616,29.1192658635064],[79.0017100682911,29.122314312860514],[79.00423451659748,29.12595704543239],[78.99664467052492,29.130181602259107],[78.99127869107473,29.130736336911287],[78.9898351253626,29.139551113083666],[78.98234245993577,29.14310402506608],[78.98236399075648,29.141867487202425],[78.97990214604226,29.141811941967838],[78.9767620355593,29.138605480936814],[78.9775505713258,29.13666074222688],[78.97467634779387,29.136004086323176],[78.97492370699219,29.13151268669863],[78.97222002771866,29.12982731838837],[78.97278405473273,29.126878802755925],[78.96417173362734,29.1305584008012],[78.95646567879464,29.119970323898862],[78.94374791221206,29.127566589219906],[78.94283974240929,29.12617429002443],[78.93464249057587,29.129700462882056],[78.92693963913548,29.118077284357415],[78.90662280886718,29.124859090888062],[78.9066747548468,29.127034759043443],[78.91875672351567,29.135591635924953],[78.91620859112682,29.137784756357313],[78.91622828129957,29.140724507355284],[78.91104476944652,29.14449165265808],[78.91206353264054,29.147493008509006],[78.91547816198617,29.149999452710194],[78.91545053879115,29.152502502324047],[78.91286594737821,29.154434716238416],[78.9064371818952,29.151668345424433],[78.90908505782328,29.157380971997487],[78.90894618546687,29.16394842190819],[78.9016525678424,29.16960553797335],[78.90874858844373,29.17861941846857],[78.90686076450112,29.180072524465892],[78.9034218501001,29.178308825413932],[78.90316816227062,29.18096727110421],[78.898484009511,29.181862601300313],[78.89457075769053,29.18581718507386],[78.89524419501463,29.18675923683905],[78.89781530810507,29.185171367605157],[78.8997403492499,29.18594249685951],[78.89636189865405,29.193632918820672],[78.89428297610105,29.191948230274484],[78.89005809781018,29.192268071101733],[78.88674552247076,29.195079738542947],[78.89128117113752,29.198137749430565],[78.89062261350779,29.201234554322944],[78.88548984748518,29.203258214831592],[78.88103569218435,29.199981249445234],[78.8752143109026,29.205225774013936],[78.87506631525616,29.206501165866317],[78.87795656113947,29.206142475126576],[78.88326128357212,29.21153449997514],[78.8785359547348,29.21431861359719],[78.87832094566652,29.216092117094504],[78.88052784221487,29.217159575149985],[78.87946938965497,29.218872336544763],[78.87583001799494,29.21907622175514],[78.87174938578255,29.222760089691832],[78.87643146343385,29.225442461908337],[78.87401854186831,29.22732516057717],[78.87446359420954,29.230259967596748],[78.872757759062,29.230472256559732],[78.87261925321826,29.227644081191404],[78.870688939861,29.227312073312532],[78.86316357755446,29.230385958807783],[78.8630395256036,29.232147110279644],[78.85858680940389,29.23304772776535],[78.86216455034719,29.239489960484796],[78.8583368307182,29.241899052349705],[78.8553717614599,29.238577350118497],[78.85106732567255,29.23687634171928],[78.84954477738572,29.232769302670878],[78.84554244682505,29.236831690506932],[78.8433691966756,29.234896501638023],[78.83945713152964,29.23684262481164],[78.84129440367796,29.239747660204316],[78.83817460500188,29.24114853202362],[78.83815523642603,29.242604230272672],[78.83230929340776,29.236803220077327],[78.83086312437794,29.237348602232224],[78.82786768846981,29.235369816992154],[78.82561956913133,29.236096904750124],[78.8224325306579,29.2333730758135],[78.81989331943817,29.233793169020718],[78.82004619922479,29.23206919397852],[78.80762536806441,29.236566694935686],[78.79840504112357,29.24447400092481],[78.79313957327224,29.244608979924866],[78.79137261405786,29.246147931103675],[78.78994882745167,29.247671111926454],[78.7918845172259,29.252324041190462],[78.78975174426485,29.25501229583532],[78.78814968070232,29.253426353449875],[78.78509145704734,29.253705407345095],[78.77382543533757,29.26204352349888],[78.77018364541281,29.267094823434153],[78.77320976417784,29.27119182339697],[78.76501271805861,29.279363126424858],[78.7361324431212,29.296815657837303],[78.73451868169704,29.29962306040987],[78.72842494379756,29.29927338550115],[78.72675000530589,29.29785300869974],[78.7226874112644,29.299375641702905],[78.71836523464849,29.303479708985126],[78.71858479188707,29.30669765794415],[78.72298196884606,29.303504674871004],[78.7271898788595,29.305565950778252],[78.73445039266745,29.302996886978686],[78.73517571488574,29.306597173163645],[78.73134014487948,29.31358157731572],[78.73208458684024,29.31761649215974],[78.73576803703462,29.318582586139982],[78.7336657852337,29.321960961543443],[78.74066984709604,29.32047598431313],[78.74067322835474,29.31584397811833],[78.74292590933824,29.31588232160373],[78.74507653811217,29.317997902822444],[78.75031524604951,29.31741219635031],[78.74954728349965,29.32330098971777],[78.75368882238662,29.327380877431086],[78.75376109724112,29.33127599491422],[78.76080532816971,29.33298432015611],[78.7665479289977,29.33745861373438],[78.77430648047726,29.332034852530235],[78.77332707876404,29.32854983476488],[78.7774797199296,29.325785735038522],[78.78159023010836,29.325588310127202],[78.78524721503618,29.32720862872043],[78.78678413906249,29.326164587012897],[78.79051478494526,29.33064871948933],[78.79344488189123,29.328225048856538],[78.79308734073008,29.326887463912424],[78.79539636943804,29.32506987329144],[78.79053833607706,29.318945398891096],[78.78954822375069,29.31535441263806],[78.7959081450453,29.31182327121917],[78.79544435744052,29.314768901693164],[78.79819494314496,29.319068306837092],[78.8047192300854,29.319307936216248],[78.80119780452725,29.32530284156334],[78.80285475605197,29.331304966874587],[78.79989999675816,29.3346335611656],[78.8105045440085,29.340183037649414],[78.82214955864846,29.35919668739782],[78.8247304211547,29.367190007793873],[78.8302588672122,29.368071311413694],[78.82586060059681,29.36560660623051],[78.82759833941164,29.36382453505433],[78.82635441438994,29.361492469835166],[78.82833663599754,29.35972618030505],[78.82745017218697,29.35426571903296],[78.83073728837293,29.35154517079825],[78.83575731133583,29.35051824033488],[78.84023567623355,29.346033461932333],[78.84557948616083,29.34425038820496],[78.84986589904864,29.34487633724331],[78.85597374229471,29.349782327858343],[78.85112366980381,29.355582925083187],[78.851926274086,29.36039139761619],[78.86031367141726,29.358255021731765],[78.87871250872243,29.36606514891528],[78.87957574030315,29.369423961398986],[78.87660376030534,29.370277488837623],[78.8757324196326,29.372043138174583],[78.87773399364639,29.375025238026822],[78.88733484783988,29.373112717913436],[78.89216220373388,29.381023898561622],[78.9021861635279,29.385012525512973],[78.90507175074816,29.389567110185034],[78.91179005133209,29.393808959407522],[78.9114820810049,29.399670909151755],[78.91837906278707,29.40356965309868],[78.91874627431231,29.409941405257687],[78.92397434440005,29.418869314721885],[78.92571248116855,29.426012584159498],[78.93830855028465,29.43406757735024],[78.94311640195721,29.434750871539887],[78.9402383947213,29.435326094818713],[78.94037503745919,29.43761768076579],[78.94233080008843,29.438632602777982],[78.93633745071855,29.438278516192916],[78.92534322597605,29.433895489567103],[78.9187217952208,29.434320684551047],[78.91577432575554,29.436346229031365],[78.90403696699933,29.439040099750077],[78.90019884398102,29.441548471824323],[78.88086950026354,29.443445958371157],[78.84108078879498,29.457208093754],[78.8227394912787,29.45981112327811],[78.81055427114936,29.46586735259795],[78.7996701969287,29.464635178112633],[78.7775625733449,29.477203035434247],[78.7590247433091,29.49070243582581],[78.75654772604972,29.494646225212502],[78.75358716004594,29.496253072689022],[78.74918754326264,29.496024905753377],[78.74500768583891,29.50084228972323],[78.73818566397563,29.5002521590278],[78.73272360072266,29.50205347031194],[78.73058478928631,29.500440089461822],[78.72008355997174,29.50222808898093],[78.71120997913731,29.5004236534008],[78.70625337992844,29.502744234311724],[78.69971840393441,29.50626992616774],[78.65046702790917,29.54605904921049],[78.63850834313155,29.546720766386354],[78.62424098717545,29.55659743756631],[78.61772794354911,29.558086059381893],[78.58035204225499,29.586427424886683],[78.56506371055428,29.60114835346143],[78.54423563378644,29.625604514276656],[78.54080148135476,29.62714916867419],[78.53266884803467,29.638809270562025],[78.52148186908674,29.65787496568528],[78.52144032290317,29.693528784701748],[78.51870049272765,29.701826378243677],[78.5165370153502,29.719462080646558],[78.51397551153833,29.723115275174425],[78.50095874879831,29.73296520971331],[78.4885390504135,29.738195214499363],[78.47368137195834,29.73993775693208],[78.45398199959892,29.745993777681942],[78.44260822946234,29.752257378828705],[78.42849920876161,29.764515258688323],[78.40905662791094,29.763444261738275],[78.39274862392115,29.767450814878426],[78.34927997287433,29.78853516350952],[78.335651480782,29.79666482084687],[78.33315185202862,29.79272422545433],[78.33073221286139,29.793237721078416],[78.32438785847233,29.78992250758284],[78.32108792153063,29.785561786789888],[78.31319220718865,29.780871496214406],[78.3128959464012,29.77946703264451],[78.30950804373194,29.780019067387254],[78.30685873948255,29.7755659163928],[78.30362474337424,29.77481775225106],[78.30060626478077,29.77109728578732],[78.30095547945757,29.768309521817958],[78.2926687401505,29.759121129766456],[78.29093941765154,29.758652885383444],[78.2880822028212,29.76130148953684],[78.28452028839656,29.761840000878653],[78.28094162488345,29.7558152806305],[78.26829017642673,29.746509878487988],[78.26702558027203,29.742897195054486],[78.26217976579554,29.74360725131175],[78.25974395246163,29.73839408282455],[78.25563743349768,29.73830266211609],[78.25008197240464,29.734317313720464],[78.24591352807657,29.734576243181888],[78.24022597331427,29.741490700770527],[78.22957290086892,29.73675040759001],[78.22164513284096,29.74071391167203],[78.20391367731655,29.737321800538858],[78.20014694790544,29.730344691383028],[78.20357356437017,29.728312249806592],[78.2020035589852,29.71448717053015],[78.19602225243003,29.692732034171243],[78.18839239359804,29.692342327946875],[78.18050166849913,29.69688166000183],[78.17161393021586,29.69162591571683],[78.13756858404159,29.66359847779126],[78.13358521511996,29.6595497086802],[78.1305293720005,29.652591914878478],[78.11927874651637,29.650020391330017],[78.10402546887467,29.6412802125104],[78.09338798669108,29.640502660861987],[78.08145390137925,29.635195599621152],[78.08667895043268,29.625086765390446],[78.08187019056336,29.625188239943228],[78.06853745979517,29.630473840676697],[78.05746256903512,29.630739928697245],[78.05710143730775,29.626744141395747],[78.04883893185209,29.61466390887816],[78.04648307037509,29.616127710769437],[78.03431054972893,29.610430836738047],[78.03306485861938,29.611666214640177],[78.03108040379995,29.608376363049928],[78.01827425556985,29.59825112480262],[78.0152260930461,29.587301516310642],[78.02158845685996,29.580905430082346],[78.00079004605605,29.586257208290924],[77.99616338457626,29.591509048002486],[77.99515532660547,29.595847471133993],[77.99351968761087,29.591270640297843],[77.98686584114857,29.584730633937923],[77.98271425460513,29.583615488353075],[77.97996438575629,29.58519907637199],[77.97492289036317,29.585067355060563],[77.97309819013725,29.580363933434725],[77.96363787647165,29.58132015683429],[77.95846864693331,29.585308247558334],[77.94033427724106,29.59276118265201],[77.93329216723487,29.600565780085066],[77.94275862268206,29.608697569306162],[77.94841086916215,29.616965839828033],[77.9602032380514,29.611698058730443],[77.96693345209265,29.611471702589853],[77.97767993225956,29.613497181165997],[77.97595876915834,29.617431142321713],[77.97737613011532,29.631300964751205],[77.98377718526676,29.64368931606862],[77.98184988396065,29.645176938719935],[77.97944280863099,29.642709206029295],[77.96644055727604,29.65019556539575],[77.9695365443089,29.656285801088092],[77.96994899409349,29.6664831134377],[77.94935828007146,29.67985312612808],[77.94743152224612,29.68314058191699],[77.95092411098534,29.687409438161858],[77.94588204785695,29.690013735604524],[77.94566208278322,29.691876879276528],[77.93988418355447,29.69613555016013],[77.95097073085364,29.701646876091285],[77.94955732877212,29.704186422684657],[77.95300815842704,29.70739990304231],[77.94553303799604,29.71311661278386],[77.94093004532738,29.71089374988456],[77.93814015114275,29.71453683054456],[77.93455565756342,29.71116846664672],[77.92643304045879,29.714272095440155],[77.91977681076604,29.70505351620086],[77.91691150211498,29.70560861363647],[77.9157552751229,29.702265989204385],[77.92005863023695,29.699340120233284],[77.91395164128872,29.698528223029392],[77.91252274506516,29.695973968406232],[77.90206402762313,29.70124574815241],[77.89659619898266,29.702251123168473],[77.89449175619076,29.699781480598666],[77.89088750057351,29.6989072500804],[77.88263578657937,29.702479310959653],[77.87899461828879,29.700291231019428],[77.87947305921249,29.692959108942475],[77.87469915487448,29.687343956106417],[77.86959202677006,29.68903832762755],[77.86559312597714,29.687862740320874],[77.86279932412104,29.689500524308784],[77.85569320915084,29.680110020919894],[77.85371987367802,29.681595057219777],[77.85024007964338,29.68002869623443],[77.84707531579576,29.675462158196357],[77.84309275535784,29.67527542369267],[77.83860614392584,29.67053752150751],[77.83676835165296,29.671764158686997],[77.83567028788059,29.669607134267686],[77.83380608962993,29.66903931019823],[77.83193657335279,29.670458299644373],[77.83003758335119,29.66834997154569],[77.82364715437123,29.6714992718373],[77.81532623506594,29.67836299414389],[77.80922711446125,29.67991138599526],[77.7990420858385,29.686241773272197],[77.81047197013756,29.702421874112495],[77.80258544286598,29.703444313746097],[77.79183687052277,29.7099927294619],[77.78556520960318,29.710621781094456],[77.78332960649156,29.70944560838083],[77.77870733957018,29.710726138132486],[77.77171240459111,29.713897074172657],[77.76971917951956,29.71765275987638],[77.78266623568852,29.736288731809374],[77.7695173792792,29.745388942223805],[77.76930100477165,29.750636491333324],[77.77050390373434,29.75026870632104],[77.78034410684874,29.76506719805289],[77.77310797152097,29.76875126814735],[77.77784391844493,29.775027982534887],[77.77237156588873,29.78005419208267],[77.77394985823221,29.784057461956856],[77.77217556696846,29.78646169794688],[77.7746619464697,29.791073286750613],[77.76544040500664,29.795975519039953],[77.76320444975543,29.802678067202304],[77.75156707438865,29.810731098052283],[77.7560667221721,29.812887186567156],[77.75897916273114,29.81855490578874],[77.75397547383506,29.820856534887344],[77.75568797987188,29.825352622102926],[77.74020756410893,29.83478520663278],[77.7440244150213,29.839929225278077],[77.74143772694049,29.846757096617274],[77.74387675175154,29.847628703596158],[77.7418768746553,29.8518975138528],[77.72655541847685,29.854293476196645],[77.72565389441054,29.856185621146697],[77.72343318087475,29.855106980111472],[77.71650559349085,29.86323787551673],[77.71862372121784,29.865500944473222],[77.71412022145846,29.87027032687316],[77.71519901277475,29.873044237439476],[77.71955748492138,29.87439755576068],[77.72075984489487,29.876208727300675],[77.71693326163471,29.878519275976597],[77.71470117183415,29.884128919882134],[77.71600303100517,29.885934546028544],[77.71844976875124,29.88745620817835],[77.72273956199948,29.88447335378539],[77.72410280395216,29.886836298118002],[77.7232646659106,29.888593252527855],[77.72506034516294,29.890359613736898],[77.73184580739081,29.892851847034585],[77.72854613185885,29.897603727798362],[77.72925990623415,29.900564689756244],[77.73390313803762,29.899692423824508],[77.73366084264258,29.901619406360528],[77.73859165211796,29.903263216827863],[77.73651925762212,29.906711610595757],[77.7466772155138,29.909772132119567],[77.74776378174886,29.91121893291557],[77.74296642868703,29.918152790757283],[77.74287784222359,29.92498596392931],[77.73697255649766,29.929276447907434],[77.73456996286292,29.92904428821322],[77.7304589487293,29.931748024023644],[77.74060914517692,29.942247800483898],[77.74297569391085,29.94099718604645],[77.74298653208476,29.943864936868213],[77.74721341451698,29.946694490014764],[77.74491147441492,29.947890687675525],[77.74834890839233,29.951689003722006],[77.73699427326963,29.95381818143987],[77.73328462730326,29.95598729839907],[77.74060471648255,29.969617817212935],[77.7401829888977,29.97534217489773],[77.74601789251945,29.980602520677188],[77.7437010026544,29.983407404381325],[77.74766270690634,29.98605538056383],[77.75032505649033,29.985921351148804],[77.75526233563237,29.992032000697684],[77.76036262576085,29.99516090090527],[77.75537219330342,29.99905623196458],[77.7575909556984,30.00157097040117],[77.76421355067026,30.004499709352935],[77.76194612563805,30.009359065918076],[77.77166967712293,30.01503445471478],[77.77389647854137,30.01480653313802],[77.77579765055081,30.01802742783552],[77.78197197092456,30.018682617450285],[77.78274385012907,30.023902637119605],[77.78547959207175,30.027947935357254],[77.77936505727509,30.030728652432465],[77.78136169504641,30.033553584671512],[77.77004129292257,30.04260342363023],[77.77112601491636,30.048077249424523],[77.77480524662215,30.05527146435469],[77.7811170918794,30.060534885937845],[77.79082902545268,30.07508076136662],[77.79580857302383,30.079911565639783],[77.79475345321359,30.081309043048904],[77.79843325894288,30.083608732752488],[77.79673516098491,30.08533359202844],[77.79968368147902,30.087250923873963],[77.7991543644692,30.090527556710764],[77.801182498971,30.09553387647985],[77.81043906305207,30.09278019041282],[77.82165711203076,30.085738313438437],[77.82804152948485,30.085974142426682],[77.83426554466008,30.09057221300692],[77.83302075545909,30.09463572795082],[77.83660268883985,30.098494898798503],[77.8368106182854,30.103575870773977],[77.84159339708009,30.102709679759453],[77.84935266900851,30.10475257162259],[77.86040357385214,30.113250142212166],[77.8660782889941,30.11919280261217],[77.86840430304748,30.126887788958],[77.87686466783437,30.13928447621743],[77.88116516540752,30.150790129239603],[77.88891711337142,30.157378014156798],[77.90026906522637,30.1726508125598],[77.91200717946573,30.182590602669013],[77.91173558731431,30.186704881723877],[77.91481409403005,30.191621621580524],[77.91392212175018,30.196530359545992],[77.91801058906847,30.203129334893653],[77.91892357473951,30.211338633590486],[77.92313667971023,30.2133378924615],[77.93212339616814,30.214448083932748],[77.93479062090914,30.21933740008125],[77.93791657304494,30.220898096361637],[77.93837397991624,30.224403450572026],[77.9411498981117,30.227936960412258],[77.94600985296907,30.23042044056969],[77.94691321498846,30.234117098711362],[77.95799120852948,30.242296990936158],[77.96168597659813,30.242430277164495],[77.95649198499898,30.245511258995492],[77.95150300691401,30.24534209549495],[77.94980759222376,30.24236694240364],[77.94412133732365,30.239313139694893],[77.94145818015426,30.239852461759913],[77.93820503555739,30.24390107001437],[77.93698205295993,30.249223831912047],[77.93363120040624,30.249253302164753],[77.91088244561091,30.25705225262614],[77.89399165059736,30.265426988352804],[77.88573248867118,30.267043864676435],[77.88164356231374,30.262331897567854],[77.87956396422766,30.26200938599408],[77.86931794538698,30.266171685640682],[77.86565744445319,30.265875854927486],[77.85867813926176,30.271471316676152],[77.85762994456405,30.270533383134957],[77.8465132057865,30.271700836289558],[77.84716138068818,30.27665377166887],[77.84215984685046,30.27645393363887],[77.84073548711912,30.273824678961333],[77.83900970218576,30.274592404306578],[77.83281811529393,30.280235274575606],[77.81972713105017,30.28494692842003],[77.7942262589228,30.297215060066303],[77.78570063961538,30.303043255733968],[77.78423609554643,30.305709621036726],[77.76576825594935,30.31421075340917],[77.7611469780731,30.318347970371114],[77.74699314760932,30.320163317553558],[77.73207926246515,30.3281444008379],[77.72183494772857,30.330265884532118],[77.7135335488144,30.339963923215933],[77.70976169810785,30.341669584430974],[77.70895206900013,30.345059672900526],[77.70606281036534,30.34712613340001],[77.70222875402033,30.355683403721162],[77.69471024585938,30.365797583828535],[77.68958335302209,30.37687439350961],[77.68605446965043,30.379312875060634],[77.68308400960211,30.376516312161513],[77.67806657378722,30.37571460241678],[77.6762172929602,30.380383564544417],[77.67653478363276,30.387837636450215],[77.67240715605624,30.390532663923636],[77.65971715370415,30.390615730711872],[77.65666900375683,30.39836956359913],[77.65723132487018,30.400733580118583],[77.65277099185516,30.401274740048006],[77.64787250825526,30.4046879284303],[77.64088352551326,30.402852825702677],[77.635894213255,30.399072218608314],[77.63100093539218,30.39775658980221],[77.6266047349019,30.400413315386306],[77.624397665877,30.40515090397224],[77.61847871138568,30.402442875192115],[77.6122068582266,30.403113962520536],[77.60503669786824,30.401764070165548],[77.60286892295046,30.40299299456608],[77.60168837227545,30.399756928586584],[77.5996141506063,30.401095037628707],[77.59829443562239,30.404941195650384],[77.59040986038993,30.40633417027495],[77.58544106295781,30.40497459133097],[77.5819135270591,30.401396546138237],[77.58253590414245,30.39992921466495],[77.57602127409129,30.397443669214223]]]]}}]}